filename,nc,nv,sat
instance_3180.graph,9,20,True
instance_9633.graph,7,12,True
instance_3780.graph,11,10,True
instance_3227.graph,7,20,True
instance_8670.graph,7,20,True
instance_4710.graph,15,10,True
instance_8494.graph,9,18,True
instance_9423.graph,15,14,True
instance_3548.graph,3,20,False
instance_2048.graph,11,14,True
instance_895.graph,9,20,True
instance_3630.graph,13,20,True
instance_164.graph,7,10,True
instance_9264.graph,5,10,True
instance_7152.graph,5,14,True
instance_7319.graph,15,14,True
instance_6879.graph,9,20,True
instance_8057.graph,13,12,True
instance_8168.graph,15,16,True
instance_1939.graph,13,18,True
instance_3399.graph,13,12,True
instance_1417.graph,9,14,True
instance_9379.graph,5,18,True
instance_201.graph,9,10,True
instance_9268.graph,9,18,True
instance_5778.graph,7,20,False
instance_8901.graph,3,20,False
instance_3949.graph,7,18,True
instance_3979.graph,13,16,True
instance_7892.graph,11,10,True
instance_803.graph,9,10,True
instance_5646.graph,7,18,False
instance_3453.graph,7,12,True
instance_5756.graph,9,10,True
instance_5415.graph,3,12,False
instance_7769.graph,11,18,True
instance_8507.graph,3,10,True
instance_9099.graph,11,10,True
instance_4528.graph,7,18,True
instance_8705.graph,3,10,True
instance_2772.graph,15,16,True
instance_6760.graph,13,12,True
instance_673.graph,9,18,True
instance_2970.graph,5,20,False
instance_2972.graph,9,10,True
instance_9737.graph,3,12,False
instance_278.graph,7,14,False
instance_660.graph,7,10,True
instance_7294.graph,7,20,True
instance_2451.graph,11,12,True
instance_9503.graph,9,20,True
instance_4754.graph,11,14,True
instance_2444.graph,11,16,True
instance_878.graph,15,18,True
instance_1081.graph,11,16,True
instance_907.graph,3,20,False
instance_424.graph,15,18,True
instance_8212.graph,11,20,True
instance_5361.graph,9,12,True
instance_7394.graph,15,20,True
instance_9713.graph,11,20,True
instance_3085.graph,5,10,True
instance_1736.graph,5,10,True
instance_4778.graph,13,14,True
instance_887.graph,9,16,True
instance_9677.graph,9,12,True
instance_7528.graph,3,12,False
instance_6079.graph,3,16,False
instance_3530.graph,15,18,True
instance_1187.graph,15,20,True
instance_9167.graph,15,12,True
instance_2268.graph,13,12,True
instance_8202.graph,9,16,True
instance_444.graph,3,14,False
instance_1336.graph,7,18,True
instance_4739.graph,13,12,True
instance_4882.graph,5,16,True
instance_3382.graph,7,18,False
instance_6925.graph,15,16,True
instance_2636.graph,15,18,True
instance_2457.graph,13,10,True
instance_5502.graph,7,12,True
instance_8840.graph,3,20,False
instance_1851.graph,15,16,True
instance_9101.graph,15,20,True
instance_4541.graph,3,14,False
instance_1131.graph,7,10,True
instance_2528.graph,5,14,True
instance_1141.graph,3,16,False
instance_4205.graph,3,10,True
instance_4215.graph,7,18,True
instance_3285.graph,13,18,True
instance_9823.graph,11,20,True
instance_9627.graph,5,16,True
instance_6796.graph,15,12,True
instance_5248.graph,9,14,True
instance_3818.graph,13,10,True
instance_4574.graph,7,12,True
instance_8915.graph,7,10,True
instance_8423.graph,7,14,True
instance_5253.graph,15,16,True
instance_4052.graph,11,18,True
instance_5301.graph,9,16,True
instance_9754.graph,9,12,True
instance_2406.graph,15,16,True
instance_9967.graph,13,10,True
instance_1270.graph,9,18,True
instance_4941.graph,9,10,True
instance_1889.graph,3,14,False
instance_6572.graph,3,10,True
instance_5803.graph,5,20,True
instance_1391.graph,13,12,True
instance_8364.graph,9,18,True
instance_5474.graph,7,20,False
instance_3563.graph,11,16,True
instance_1859.graph,15,20,True
instance_3741.graph,9,18,True
instance_8958.graph,11,10,True
instance_4197.graph,13,14,True
instance_2347.graph,3,12,False
instance_9599.graph,3,16,True
instance_6393.graph,11,20,True
instance_3881.graph,11,16,True
instance_8213.graph,11,10,True
instance_5128.graph,5,12,True
instance_7203.graph,9,10,True
instance_6233.graph,9,10,True
instance_752.graph,7,18,True
instance_5219.graph,7,16,True
instance_4691.graph,7,16,True
instance_7318.graph,13,20,True
instance_8365.graph,7,16,True
instance_1852.graph,7,10,True
instance_6002.graph,11,12,True
instance_6154.graph,13,18,True
instance_7968.graph,5,20,False
instance_4182.graph,11,16,True
instance_1850.graph,5,20,True
instance_626.graph,5,14,True
instance_9115.graph,11,10,True
instance_3076.graph,15,18,True
instance_9634.graph,9,10,True
instance_9888.graph,7,16,True
instance_440.graph,15,10,True
instance_3105.graph,5,16,False
instance_8911.graph,5,16,False
instance_8907.graph,15,10,True
instance_834.graph,5,14,True
instance_4319.graph,5,12,True
instance_8454.graph,11,18,True
instance_3743.graph,11,18,True
instance_9778.graph,11,14,True
instance_2710.graph,11,18,True
instance_263.graph,7,20,False
instance_8970.graph,13,20,True
instance_6372.graph,5,18,True
instance_6049.graph,7,12,True
instance_7887.graph,9,20,True
instance_8663.graph,3,16,False
instance_1568.graph,13,16,True
instance_6462.graph,15,10,True
instance_4857.graph,3,20,False
instance_9897.graph,11,16,True
instance_8955.graph,11,10,True
instance_3148.graph,3,12,True
instance_4696.graph,7,14,True
instance_638.graph,9,20,True
instance_8528.graph,13,16,True
instance_4246.graph,9,14,True
instance_5340.graph,11,10,True
instance_1976.graph,5,10,True
instance_8300.graph,5,10,True
instance_6601.graph,5,14,False
instance_3034.graph,7,18,True
instance_8002.graph,9,18,True
instance_4812.graph,9,10,True
instance_9594.graph,7,10,True
instance_6786.graph,11,18,True
instance_9736.graph,13,20,True
instance_4487.graph,15,18,True
instance_7171.graph,9,18,True
instance_2986.graph,13,10,True
instance_7867.graph,7,10,True
instance_4910.graph,15,10,True
instance_5642.graph,11,10,True
instance_7223.graph,3,10,True
instance_1513.graph,3,18,False
instance_89.graph,5,10,True
instance_5354.graph,15,18,True
instance_7784.graph,5,16,True
instance_5877.graph,13,12,True
instance_9731.graph,7,10,True
instance_1067.graph,9,10,True
instance_5841.graph,7,18,False
instance_4342.graph,13,12,True
instance_1366.graph,11,18,True
instance_3572.graph,13,20,True
instance_7505.graph,7,18,True
instance_6170.graph,11,16,True
instance_1993.graph,9,16,True
instance_5114.graph,5,12,True
instance_7538.graph,13,20,True
instance_1949.graph,11,18,True
instance_4802.graph,9,10,True
instance_7924.graph,5,16,True
instance_223.graph,9,14,True
instance_6243.graph,15,10,True
instance_2539.graph,5,16,True
instance_9102.graph,5,14,True
instance_4904.graph,3,20,False
instance_5552.graph,15,20,True
instance_9326.graph,11,10,True
instance_6690.graph,15,18,True
instance_979.graph,15,16,True
instance_5433.graph,3,20,False
instance_4694.graph,3,10,False
instance_2551.graph,15,18,True
instance_3439.graph,11,20,True
instance_4282.graph,13,10,True
instance_5808.graph,15,20,True
instance_6249.graph,15,14,True
instance_1817.graph,11,18,True
instance_2416.graph,9,20,True
instance_9501.graph,7,10,True
instance_1088.graph,7,18,False
instance_5793.graph,11,18,True
instance_9036.graph,13,20,True
instance_715.graph,5,18,True
instance_2706.graph,7,20,True
instance_5813.graph,11,10,True
instance_3931.graph,13,20,True
instance_8029.graph,3,18,False
instance_6537.graph,15,14,True
instance_270.graph,15,12,True
instance_5702.graph,13,18,True
instance_9667.graph,5,20,False
instance_3904.graph,5,18,False
instance_4176.graph,5,16,True
instance_3959.graph,13,20,True
instance_2538.graph,7,18,False
instance_7681.graph,3,20,False
instance_3048.graph,9,12,True
instance_8064.graph,9,16,True
instance_7112.graph,11,18,True
instance_6099.graph,3,12,False
instance_9240.graph,11,10,True
instance_8848.graph,11,12,True
instance_2484.graph,15,20,True
instance_8721.graph,13,16,True
instance_3123.graph,9,20,True
instance_4860.graph,9,16,True
instance_3182.graph,13,14,True
instance_4484.graph,3,20,False
instance_2641.graph,15,12,True
instance_7563.graph,3,16,True
instance_6304.graph,7,20,True
instance_7323.graph,15,18,True
instance_2186.graph,5,10,True
instance_7704.graph,13,14,True
instance_1874.graph,3,18,False
instance_1979.graph,3,10,False
instance_9553.graph,5,18,False
instance_8125.graph,7,20,False
instance_5040.graph,9,20,True
instance_3194.graph,3,10,False
instance_3934.graph,9,10,True
instance_3872.graph,13,16,True
instance_5635.graph,3,18,False
instance_9262.graph,3,20,True
instance_6976.graph,7,20,False
instance_8893.graph,11,12,True
instance_7072.graph,13,20,True
instance_4549.graph,15,10,True
instance_5386.graph,5,14,True
instance_1657.graph,9,20,True
instance_9584.graph,15,10,True
instance_96.graph,13,14,True
instance_5316.graph,5,16,True
instance_7080.graph,7,18,True
instance_4615.graph,7,20,True
instance_2910.graph,13,10,True
instance_541.graph,9,14,True
instance_7202.graph,5,12,True
instance_4964.graph,9,10,True
instance_3803.graph,5,20,False
instance_4867.graph,13,18,True
instance_8030.graph,9,16,True
instance_6635.graph,13,18,True
instance_2762.graph,11,12,True
instance_4514.graph,15,18,True
instance_3839.graph,7,12,True
instance_7263.graph,5,12,False
instance_7232.graph,5,18,True
instance_5812.graph,7,18,True
instance_4202.graph,9,20,True
instance_8552.graph,5,10,True
instance_343.graph,15,12,True
instance_4067.graph,9,10,True
instance_5946.graph,9,12,True
instance_3842.graph,11,12,True
instance_2553.graph,5,20,True
instance_7895.graph,13,20,True
instance_5608.graph,9,16,True
instance_6320.graph,11,10,True
instance_9094.graph,11,18,True
instance_4334.graph,9,10,True
instance_8674.graph,9,10,True
instance_2838.graph,13,20,True
instance_8362.graph,13,20,True
instance_1866.graph,3,18,False
instance_6505.graph,11,12,True
instance_8546.graph,5,18,True
instance_7019.graph,13,10,True
instance_6663.graph,9,14,True
instance_9865.graph,3,16,False
instance_8905.graph,7,20,True
instance_9811.graph,7,20,False
instance_9938.graph,7,10,True
instance_6182.graph,11,18,True
instance_1154.graph,3,18,True
instance_2163.graph,7,18,False
instance_8655.graph,9,18,True
instance_8566.graph,15,18,True
instance_7541.graph,13,10,True
instance_190.graph,15,10,True
instance_5381.graph,7,18,False
instance_5139.graph,13,12,True
instance_4888.graph,3,14,False
instance_5454.graph,7,12,True
instance_6966.graph,9,14,True
instance_6008.graph,7,12,True
instance_4903.graph,11,20,True
instance_9976.graph,9,18,True
instance_6401.graph,7,12,True
instance_3943.graph,3,20,False
instance_8164.graph,3,14,False
instance_4041.graph,5,20,False
instance_4414.graph,11,12,True
instance_1834.graph,7,16,True
instance_1588.graph,3,18,False
instance_653.graph,11,20,True
instance_9876.graph,11,14,True
instance_1828.graph,11,20,True
instance_1087.graph,7,12,True
instance_8181.graph,9,18,False
instance_5753.graph,13,16,True
instance_2817.graph,15,18,True
instance_2417.graph,7,18,True
instance_2689.graph,3,10,True
instance_2220.graph,5,18,False
instance_5504.graph,13,10,True
instance_5045.graph,15,12,True
instance_7894.graph,3,16,False
instance_4084.graph,13,20,True
instance_7122.graph,5,18,False
instance_8254.graph,11,18,True
instance_6746.graph,7,16,True
instance_5222.graph,5,16,False
instance_1768.graph,7,10,True
instance_5609.graph,15,12,True
instance_3615.graph,7,12,True
instance_292.graph,5,12,True
instance_1314.graph,9,16,True
instance_2790.graph,11,10,True
instance_3170.graph,11,16,True
instance_8672.graph,13,16,True
instance_621.graph,15,14,True
instance_5327.graph,13,14,True
instance_4591.graph,13,14,True
instance_9223.graph,5,12,True
instance_7149.graph,13,12,True
instance_7397.graph,3,20,False
instance_7777.graph,9,12,True
instance_3837.graph,11,12,True
instance_5281.graph,3,16,False
instance_6652.graph,5,10,True
instance_3705.graph,11,10,True
instance_7195.graph,9,14,True
instance_5762.graph,9,18,True
instance_4951.graph,11,16,True
instance_3683.graph,13,16,True
instance_5088.graph,3,20,False
instance_2407.graph,7,16,False
instance_8476.graph,9,14,True
instance_9846.graph,13,20,True
instance_3669.graph,15,12,True
instance_5162.graph,13,14,True
instance_3916.graph,11,12,True
instance_2188.graph,11,14,True
instance_6161.graph,9,10,True
instance_3553.graph,7,14,False
instance_9790.graph,7,20,False
instance_2452.graph,13,12,True
instance_9340.graph,11,20,True
instance_7097.graph,3,10,False
instance_8902.graph,5,14,True
instance_397.graph,9,10,True
instance_9025.graph,5,12,True
instance_747.graph,15,14,True
instance_4580.graph,11,18,True
instance_8932.graph,3,12,False
instance_7511.graph,5,16,True
instance_9774.graph,7,12,True
instance_5538.graph,11,20,True
instance_1260.graph,7,10,True
instance_2957.graph,5,10,True
instance_6741.graph,5,14,False
instance_3294.graph,13,10,True
instance_4417.graph,5,12,True
instance_6713.graph,15,10,True
instance_3166.graph,3,20,True
instance_1932.graph,11,14,True
instance_7767.graph,9,14,True
instance_2300.graph,7,16,False
instance_5931.graph,13,12,True
instance_8374.graph,9,12,True
instance_6309.graph,7,14,True
instance_3977.graph,5,12,False
instance_780.graph,15,12,True
instance_6015.graph,5,18,True
instance_7466.graph,15,20,True
instance_1303.graph,15,14,True
instance_5231.graph,11,14,True
instance_5259.graph,13,14,True
instance_8192.graph,15,18,True
instance_5975.graph,13,16,True
instance_5010.graph,9,14,True
instance_4192.graph,5,20,False
instance_2880.graph,15,16,True
instance_4870.graph,3,14,False
instance_9272.graph,3,20,False
instance_2454.graph,11,12,True
instance_8255.graph,9,16,True
instance_5392.graph,7,18,True
instance_3591.graph,15,20,True
instance_2317.graph,5,16,True
instance_8172.graph,9,18,True
instance_252.graph,13,18,True
instance_6198.graph,13,14,True
instance_283.graph,5,20,True
instance_6301.graph,11,12,True
instance_6722.graph,11,18,True
instance_4461.graph,5,10,True
instance_8319.graph,13,20,True
instance_3037.graph,3,20,False
instance_1825.graph,5,10,True
instance_3844.graph,5,20,False
instance_8742.graph,5,14,False
instance_5590.graph,5,18,True
instance_7549.graph,13,10,True
instance_128.graph,11,12,True
instance_154.graph,9,12,True
instance_267.graph,9,12,True
instance_3674.graph,3,18,True
instance_2125.graph,9,14,True
instance_9780.graph,7,16,True
instance_8904.graph,15,10,True
instance_1437.graph,15,12,True
instance_366.graph,13,10,True
instance_9980.graph,7,14,True
instance_9783.graph,9,16,True
instance_6763.graph,13,12,True
instance_987.graph,3,18,False
instance_9023.graph,11,18,True
instance_4365.graph,9,14,True
instance_5591.graph,15,20,True
instance_2573.graph,9,10,True
instance_3940.graph,9,18,True
instance_7474.graph,9,18,True
instance_7099.graph,7,20,False
instance_8975.graph,7,16,False
instance_6573.graph,9,16,True
instance_9575.graph,3,16,False
instance_4090.graph,3,18,False
instance_6427.graph,3,12,False
instance_1746.graph,9,12,True
instance_4544.graph,11,14,True
instance_9229.graph,9,14,True
instance_8553.graph,5,16,True
instance_6831.graph,15,18,True
instance_8833.graph,7,10,True
instance_4880.graph,13,18,True
instance_8262.graph,3,10,False
instance_9915.graph,11,18,True
instance_9484.graph,7,16,False
instance_5023.graph,7,20,False
instance_1439.graph,13,18,True
instance_3911.graph,13,12,True
instance_665.graph,11,18,True
instance_9033.graph,9,14,True
instance_7979.graph,13,12,True
instance_5579.graph,11,18,True
instance_9979.graph,7,12,True
instance_6714.graph,3,10,True
instance_383.graph,5,18,False
instance_1151.graph,7,12,True
instance_9431.graph,5,10,True
instance_3785.graph,9,12,True
instance_6038.graph,3,12,True
instance_1496.graph,9,10,True
instance_61.graph,11,16,True
instance_1910.graph,13,10,True
instance_954.graph,13,12,True
instance_2169.graph,5,14,True
instance_2749.graph,9,12,True
instance_8832.graph,11,16,True
instance_3716.graph,9,16,True
instance_9586.graph,15,20,True
instance_4524.graph,11,14,True
instance_892.graph,13,12,True
instance_716.graph,13,12,True
instance_4830.graph,15,10,True
instance_139.graph,13,10,True
instance_5355.graph,7,16,True
instance_9710.graph,5,12,False
instance_750.graph,5,14,False
instance_1127.graph,7,16,True
instance_6235.graph,3,20,False
instance_9179.graph,7,10,True
instance_7606.graph,3,18,True
instance_9694.graph,11,14,True
instance_7522.graph,5,16,True
instance_4144.graph,15,20,True
instance_3843.graph,5,16,False
instance_8636.graph,5,14,True
instance_109.graph,9,14,True
instance_601.graph,3,12,True
instance_5826.graph,11,14,True
instance_1895.graph,9,14,True
instance_5031.graph,3,20,False
instance_2287.graph,5,20,True
instance_1878.graph,3,18,False
instance_8061.graph,7,12,True
instance_903.graph,7,10,True
instance_8282.graph,13,10,True
instance_8363.graph,7,12,True
instance_5989.graph,3,12,False
instance_7558.graph,13,18,True
instance_6386.graph,9,12,True
instance_4965.graph,13,14,True
instance_4283.graph,13,14,True
instance_582.graph,15,12,True
instance_4565.graph,5,20,True
instance_2936.graph,9,18,True
instance_4818.graph,11,14,True
instance_9447.graph,11,20,True
instance_2505.graph,15,14,True
instance_7342.graph,11,20,True
instance_8580.graph,3,14,True
instance_8160.graph,11,12,True
instance_3884.graph,7,20,False
instance_5625.graph,5,16,False
instance_6926.graph,9,16,True
instance_7575.graph,3,10,True
instance_6883.graph,11,16,True
instance_2757.graph,7,14,True
instance_9443.graph,11,18,True
instance_8723.graph,15,20,True
instance_2543.graph,7,10,True
instance_3066.graph,3,12,False
instance_8169.graph,15,18,True
instance_1461.graph,7,10,True
instance_5761.graph,13,20,True
instance_8589.graph,9,10,True
instance_450.graph,15,10,True
instance_4508.graph,13,14,True
instance_7259.graph,3,16,True
instance_2466.graph,7,14,True
instance_4206.graph,9,12,True
instance_3628.graph,5,20,True
instance_7529.graph,13,16,True
instance_2411.graph,11,10,True
instance_6239.graph,3,16,True
instance_1126.graph,5,14,True
instance_603.graph,9,12,True
instance_5106.graph,5,16,True
instance_4311.graph,13,14,True
instance_2051.graph,11,12,True
instance_8998.graph,13,10,True
instance_8161.graph,13,12,True
instance_4076.graph,13,12,True
instance_3330.graph,3,10,True
instance_7340.graph,3,16,True
instance_5308.graph,7,10,True
instance_540.graph,3,18,False
instance_999.graph,15,20,True
instance_482.graph,9,18,True
instance_488.graph,11,10,True
instance_3506.graph,3,16,False
instance_7388.graph,5,10,False
instance_1245.graph,3,18,False
instance_8922.graph,9,18,True
instance_6132.graph,9,12,True
instance_9055.graph,5,12,True
instance_6205.graph,15,14,True
instance_3137.graph,5,20,True
instance_7761.graph,15,10,True
instance_8753.graph,13,10,True
instance_4877.graph,15,12,True
instance_4138.graph,3,18,False
instance_6648.graph,3,14,False
instance_5073.graph,11,10,True
instance_5271.graph,5,10,False
instance_1462.graph,5,14,True
instance_3871.graph,7,10,True
instance_3374.graph,15,12,True
instance_8130.graph,15,18,True
instance_1370.graph,3,20,False
instance_3938.graph,11,18,True
instance_5856.graph,9,14,True
instance_6543.graph,15,20,True
instance_7629.graph,11,14,True
instance_4542.graph,13,14,True
instance_6669.graph,5,10,True
instance_6959.graph,13,10,True
instance_4863.graph,13,18,True
instance_364.graph,9,10,True
instance_1276.graph,7,12,True
instance_723.graph,5,18,True
instance_8543.graph,5,14,True
instance_1924.graph,3,14,False
instance_4324.graph,9,12,True
instance_9832.graph,9,14,True
instance_6111.graph,11,18,True
instance_7244.graph,13,20,True
instance_9181.graph,9,16,True
instance_1387.graph,15,10,True
instance_7764.graph,7,16,True
instance_8013.graph,9,10,True
instance_4270.graph,15,16,True
instance_9583.graph,7,12,True
instance_7644.graph,5,16,True
instance_2383.graph,3,16,False
instance_3070.graph,15,18,True
instance_344.graph,3,16,False
instance_8355.graph,9,14,True
instance_9735.graph,15,16,True
instance_4624.graph,3,20,False
instance_9276.graph,7,18,True
instance_2904.graph,7,20,True
instance_458.graph,3,10,False
instance_3055.graph,15,18,True
instance_6326.graph,15,16,True
instance_9045.graph,7,20,False
instance_7313.graph,5,10,True
instance_8962.graph,11,10,True
instance_2338.graph,15,18,True
instance_9557.graph,7,16,False
instance_4897.graph,9,16,True
instance_7402.graph,11,12,True
instance_2622.graph,3,14,False
instance_5287.graph,9,20,True
instance_8931.graph,9,14,True
instance_1666.graph,3,18,False
instance_2648.graph,13,14,True
instance_7942.graph,7,18,False
instance_6219.graph,11,14,True
instance_8727.graph,9,10,True
instance_5229.graph,7,20,True
instance_1172.graph,11,18,True
instance_1267.graph,15,10,True
instance_7373.graph,3,14,False
instance_9542.graph,15,10,True
instance_6633.graph,7,20,True
instance_7431.graph,15,16,True
instance_4596.graph,7,20,True
instance_6970.graph,5,16,True
instance_4268.graph,7,20,True
instance_3606.graph,13,18,True
instance_9949.graph,11,18,True
instance_5575.graph,7,18,True
instance_9659.graph,3,10,False
instance_2410.graph,15,10,True
instance_4071.graph,5,20,True
instance_1092.graph,7,18,False
instance_700.graph,9,12,True
instance_2313.graph,3,16,False
instance_8388.graph,11,14,True
instance_5776.graph,7,14,True
instance_1683.graph,5,10,True
instance_7045.graph,7,10,True
instance_3442.graph,11,18,True
instance_4950.graph,15,12,True
instance_1541.graph,15,14,True
instance_8269.graph,5,16,False
instance_9885.graph,5,16,False
instance_8617.graph,3,20,False
instance_9017.graph,7,18,True
instance_9406.graph,7,16,True
instance_7372.graph,3,18,False
instance_969.graph,15,16,True
instance_9850.graph,5,16,False
instance_8766.graph,7,12,True
instance_7076.graph,13,12,True
instance_8656.graph,9,12,True
instance_6323.graph,5,14,True
instance_1511.graph,15,12,True
instance_1785.graph,5,18,True
instance_3559.graph,9,12,True
instance_2584.graph,13,14,True
instance_4278.graph,3,10,False
instance_1384.graph,13,14,True
instance_192.graph,3,14,False
instance_213.graph,5,12,False
instance_1955.graph,5,20,True
instance_2640.graph,9,16,True
instance_3762.graph,13,12,True
instance_6464.graph,9,20,True
instance_2863.graph,3,18,True
instance_2820.graph,9,18,True
instance_4775.graph,9,12,True
instance_7075.graph,7,14,False
instance_4479.graph,7,20,False
instance_8605.graph,7,20,True
instance_7117.graph,11,10,True
instance_7710.graph,15,20,True
instance_1602.graph,9,14,True
instance_8141.graph,11,12,True
instance_5517.graph,3,16,False
instance_3101.graph,15,16,True
instance_2723.graph,7,20,True
instance_3239.graph,3,18,False
instance_9827.graph,7,18,True
instance_7782.graph,15,20,True
instance_3797.graph,13,10,True
instance_5048.graph,15,14,True
instance_9777.graph,9,16,True
instance_1234.graph,3,16,True
instance_7610.graph,11,14,True
instance_2925.graph,15,20,True
instance_2346.graph,5,16,True
instance_2873.graph,9,20,True
instance_8315.graph,9,10,True
instance_2408.graph,7,16,True
instance_9626.graph,7,16,True
instance_5843.graph,5,12,True
instance_9829.graph,13,10,True
instance_3725.graph,3,10,True
instance_1698.graph,15,16,True
instance_8242.graph,5,12,True
instance_7279.graph,7,12,True
instance_9419.graph,13,10,True
instance_5205.graph,3,18,True
instance_5980.graph,7,18,True
instance_883.graph,5,18,True
instance_479.graph,15,16,True
instance_9516.graph,3,12,False
instance_4119.graph,7,10,True
instance_7614.graph,11,12,True
instance_891.graph,7,20,False
instance_3063.graph,15,14,True
instance_8822.graph,13,14,True
instance_4009.graph,3,16,True
instance_7975.graph,15,18,True
instance_1360.graph,9,20,True
instance_534.graph,9,16,True
instance_3704.graph,11,16,True
instance_8983.graph,9,18,True
instance_1331.graph,15,18,True
instance_5676.graph,7,16,False
instance_4974.graph,13,20,True
instance_2831.graph,13,16,True
instance_8635.graph,11,20,True
instance_4442.graph,11,10,True
instance_4200.graph,9,18,True
instance_6455.graph,3,10,False
instance_6592.graph,5,18,True
instance_1885.graph,3,20,False
instance_9150.graph,13,10,True
instance_4762.graph,15,16,True
instance_7039.graph,15,10,True
instance_7093.graph,9,16,True
instance_6770.graph,3,20,False
instance_6659.graph,5,12,True
instance_2612.graph,3,12,False
instance_1996.graph,15,18,True
instance_4404.graph,15,16,True
instance_2794.graph,15,10,True
instance_1695.graph,11,10,True
instance_9434.graph,3,12,False
instance_2978.graph,7,18,True
instance_6328.graph,11,14,True
instance_3073.graph,11,12,True
instance_3213.graph,15,18,True
instance_4698.graph,5,14,False
instance_4637.graph,7,16,False
instance_5115.graph,13,10,True
instance_8870.graph,13,12,True
instance_5669.graph,3,18,True
instance_6261.graph,9,20,True
instance_1580.graph,9,12,True
instance_6399.graph,3,18,False
instance_6885.graph,9,12,True
instance_7798.graph,11,14,True
instance_4416.graph,15,16,True
instance_7937.graph,11,12,True
instance_4845.graph,5,14,True
instance_179.graph,15,12,True
instance_3924.graph,5,12,True
instance_3433.graph,7,14,True
instance_6948.graph,15,10,True
instance_9572.graph,5,18,True
instance_4217.graph,13,14,True
instance_9366.graph,3,12,False
instance_7296.graph,13,12,True
instance_1060.graph,3,12,False
instance_1869.graph,11,12,True
instance_6526.graph,3,10,False
instance_5751.graph,3,16,False
instance_1137.graph,7,16,True
instance_7824.graph,9,10,True
instance_1258.graph,9,12,True
instance_9228.graph,7,14,True
instance_7949.graph,13,16,True
instance_9050.graph,13,16,True
instance_7425.graph,15,18,True
instance_6125.graph,9,18,True
instance_6199.graph,5,12,True
instance_7168.graph,7,18,True
instance_7603.graph,13,14,True
instance_7127.graph,3,12,False
instance_6947.graph,7,14,True
instance_1985.graph,7,16,True
instance_3827.graph,15,10,True
instance_4664.graph,11,16,True
instance_4678.graph,7,14,True
instance_9952.graph,15,18,True
instance_8555.graph,7,16,True
instance_6278.graph,3,18,False
instance_8648.graph,5,20,False
instance_1948.graph,7,16,True
instance_7332.graph,15,12,True
instance_7451.graph,15,10,True
instance_3305.graph,13,18,True
instance_3661.graph,3,18,False
instance_669.graph,13,14,True
instance_2350.graph,9,18,True
instance_9883.graph,7,16,True
instance_2967.graph,11,10,True
instance_6791.graph,15,20,True
instance_9216.graph,3,10,True
instance_8198.graph,9,10,True
instance_4184.graph,5,20,True
instance_7576.graph,13,18,True
instance_6680.graph,11,14,True
instance_7648.graph,15,16,True
instance_8759.graph,3,12,True
instance_4949.graph,9,18,True
instance_3634.graph,11,14,True
instance_1206.graph,7,14,True
instance_4295.graph,5,16,False
instance_3582.graph,3,10,True
instance_513.graph,5,10,True
instance_7745.graph,7,16,True
instance_6701.graph,11,10,True
instance_7789.graph,9,12,True
instance_3996.graph,5,16,True
instance_7092.graph,13,14,True
instance_5015.graph,15,14,True
instance_4194.graph,11,12,True
instance_1701.graph,9,16,True
instance_8968.graph,9,14,True
instance_4032.graph,15,18,True
instance_1021.graph,11,18,True
instance_1611.graph,13,14,True
instance_1488.graph,5,14,True
instance_459.graph,9,20,True
instance_3004.graph,5,16,False
instance_3120.graph,9,18,True
instance_4328.graph,11,16,True
instance_6209.graph,15,20,True
instance_1293.graph,11,14,True
instance_5366.graph,5,16,True
instance_2980.graph,11,18,True
instance_6561.graph,11,18,True
instance_764.graph,3,20,False
instance_2666.graph,15,14,True
instance_374.graph,13,14,True
instance_378.graph,13,10,True
instance_6528.graph,11,18,True
instance_5478.graph,15,12,True
instance_2541.graph,11,18,True
instance_4305.graph,15,16,True
instance_8258.graph,9,12,True
instance_8657.graph,15,12,True
instance_6566.graph,3,14,True
instance_3640.graph,13,16,True
instance_5016.graph,11,18,True
instance_7375.graph,3,14,False
instance_336.graph,5,10,True
instance_6739.graph,7,20,True
instance_4047.graph,11,16,True
instance_9183.graph,5,14,True
instance_3653.graph,9,10,True
instance_4758.graph,9,18,True
instance_3329.graph,5,14,True
instance_6148.graph,3,14,False
instance_3695.graph,9,16,True
instance_2530.graph,15,18,True
instance_271.graph,7,16,True
instance_4921.graph,9,14,True
instance_2559.graph,9,20,True
instance_1012.graph,5,14,True
instance_3963.graph,11,16,True
instance_7426.graph,11,14,True
instance_5652.graph,15,14,True
instance_100.graph,9,12,True
instance_5208.graph,7,10,True
instance_4602.graph,5,18,True
instance_3263.graph,5,14,True
instance_4749.graph,5,16,True
instance_6743.graph,7,18,True
instance_4801.graph,11,14,True
instance_5623.graph,11,18,True
instance_7360.graph,11,14,True
instance_8716.graph,7,12,True
instance_6225.graph,13,12,True
instance_2293.graph,11,18,True
instance_2864.graph,13,18,True
instance_7383.graph,15,12,True
instance_8651.graph,15,16,True
instance_260.graph,9,12,True
instance_246.graph,13,10,True
instance_9891.graph,9,20,True
instance_1681.graph,5,14,True
instance_1861.graph,13,18,True
instance_1739.graph,9,12,True
instance_2032.graph,3,10,False
instance_8244.graph,9,12,True
instance_2128.graph,9,10,True
instance_7721.graph,15,20,True
instance_5435.graph,11,18,True
instance_7559.graph,13,14,True
instance_7691.graph,3,12,False
instance_981.graph,5,12,True
instance_9032.graph,3,20,False
instance_4154.graph,13,12,True
instance_436.graph,15,16,True
instance_6795.graph,7,20,True
instance_1726.graph,9,12,True
instance_7652.graph,9,10,True
instance_4471.graph,3,16,False
instance_99.graph,5,16,False
instance_441.graph,13,12,True
instance_5801.graph,7,14,False
instance_8342.graph,5,10,True
instance_8603.graph,7,12,True
instance_5416.graph,3,16,False
instance_3798.graph,7,18,True
instance_4318.graph,7,14,True
instance_2073.graph,3,12,True
instance_2419.graph,13,10,True
instance_6773.graph,11,20,True
instance_7142.graph,3,12,False
instance_9822.graph,7,14,True
instance_8091.graph,9,12,True
instance_4531.graph,13,18,True
instance_7726.graph,9,12,True
instance_7868.graph,13,10,True
instance_6011.graph,9,14,True
instance_3805.graph,3,16,False
instance_4046.graph,11,18,True
instance_8821.graph,9,14,True
instance_7184.graph,11,14,True
instance_2385.graph,15,20,True
instance_4384.graph,7,10,True
instance_1742.graph,15,10,True
instance_9243.graph,11,10,True
instance_9302.graph,3,14,False
instance_1807.graph,13,18,True
instance_5011.graph,13,20,True
instance_4455.graph,11,12,True
instance_6414.graph,13,16,True
instance_9856.graph,5,18,False
instance_8935.graph,9,14,True
instance_7884.graph,15,18,True
instance_2702.graph,9,12,True
instance_1342.graph,11,10,True
instance_7703.graph,15,10,True
instance_8826.graph,13,20,True
instance_6442.graph,5,20,True
instance_963.graph,5,18,False
instance_4832.graph,11,18,True
instance_9679.graph,13,16,True
instance_672.graph,5,10,True
instance_1941.graph,3,16,False
instance_4055.graph,15,10,True
instance_5806.graph,11,10,True
instance_1571.graph,5,12,False
instance_5053.graph,3,12,False
instance_2797.graph,7,18,True
instance_8298.graph,9,20,False
instance_1754.graph,15,12,True
instance_9521.graph,9,18,True
instance_5118.graph,13,14,True
instance_4697.graph,13,12,True
instance_2997.graph,3,10,False
instance_3225.graph,13,20,True
instance_4781.graph,7,12,True
instance_5464.graph,5,12,False
instance_5310.graph,15,16,True
instance_2354.graph,15,16,True
instance_3680.graph,5,12,False
instance_5767.graph,15,14,True
instance_6835.graph,5,12,True
instance_529.graph,13,20,True
instance_1330.graph,5,14,True
instance_2571.graph,3,12,False
instance_571.graph,15,12,True
instance_1256.graph,3,18,True
instance_1243.graph,11,20,True
instance_8957.graph,5,12,True
instance_6298.graph,3,20,False
instance_7438.graph,3,14,False
instance_7124.graph,13,20,True
instance_4053.graph,5,10,False
instance_916.graph,15,20,True
instance_5370.graph,13,18,True
instance_888.graph,11,10,True
instance_3488.graph,13,12,True
instance_3128.graph,11,10,True
instance_8557.graph,9,10,True
instance_1506.graph,11,12,True
instance_5224.graph,15,16,True
instance_516.graph,11,20,True
instance_7025.graph,5,18,True
instance_2593.graph,9,16,True
instance_5555.graph,3,16,False
instance_9245.graph,9,18,True
instance_4604.graph,11,10,True
instance_321.graph,5,14,False
instance_7106.graph,9,14,True
instance_567.graph,9,12,True
instance_4603.graph,9,18,True
instance_7830.graph,11,20,True
instance_9565.graph,5,16,False
instance_4836.graph,15,14,True
instance_4492.graph,5,14,False
instance_3693.graph,7,20,True
instance_9784.graph,9,10,True
instance_1016.graph,11,14,True
instance_8867.graph,11,12,True
instance_1495.graph,5,16,True
instance_174.graph,3,10,False
instance_5216.graph,7,10,True
instance_8588.graph,3,18,False
instance_3349.graph,15,18,True
instance_4453.graph,13,18,True
instance_7897.graph,9,14,True
instance_2669.graph,9,14,True
instance_3190.graph,9,12,True
instance_9730.graph,9,14,True
instance_8964.graph,11,10,True
instance_7374.graph,5,12,True
instance_6655.graph,7,18,True
instance_5437.graph,5,10,True
instance_9416.graph,5,10,True
instance_9344.graph,11,16,True
instance_1525.graph,3,14,False
instance_7393.graph,13,18,True
instance_7880.graph,11,20,True
instance_3609.graph,11,10,True
instance_6942.graph,11,10,True
instance_132.graph,9,16,True
instance_1139.graph,5,10,True
instance_9932.graph,3,10,False
instance_7047.graph,15,10,True
instance_9175.graph,5,16,True
instance_3259.graph,3,18,False
instance_3042.graph,9,16,True
instance_7172.graph,5,20,False
instance_1369.graph,15,18,True
instance_8225.graph,5,16,False
instance_7404.graph,5,14,True
instance_3795.graph,5,14,True
instance_9251.graph,7,12,True
instance_9908.graph,11,12,True
instance_9779.graph,13,16,True
instance_5313.graph,9,16,True
instance_3091.graph,9,12,True
instance_9714.graph,11,18,True
instance_2946.graph,11,14,True
instance_7515.graph,13,20,True
instance_9532.graph,9,16,True
instance_189.graph,5,16,False
instance_9792.graph,5,10,True
instance_182.graph,5,16,False
instance_7889.graph,5,12,True
instance_6846.graph,7,10,True
instance_1341.graph,11,16,True
instance_4445.graph,11,10,True
instance_1167.graph,9,20,True
instance_1261.graph,3,10,False
instance_4264.graph,5,14,True
instance_1263.graph,7,12,True
instance_5328.graph,9,20,True
instance_3296.graph,11,14,True
instance_315.graph,7,16,False
instance_3413.graph,9,14,True
instance_3457.graph,11,14,True
instance_8556.graph,7,12,True
instance_1337.graph,11,18,True
instance_4409.graph,11,12,True
instance_8182.graph,3,20,False
instance_2372.graph,11,18,True
instance_3972.graph,7,14,True
instance_8407.graph,9,20,True
instance_4796.graph,15,18,True
instance_2164.graph,5,14,True
instance_8056.graph,3,18,False
instance_9165.graph,15,14,True
instance_1231.graph,3,16,False
instance_4044.graph,13,20,True
instance_6036.graph,5,16,True
instance_2161.graph,13,20,True
instance_2212.graph,5,18,False
instance_5481.graph,15,14,True
instance_3359.graph,15,20,True
instance_1319.graph,9,16,True
instance_2521.graph,13,14,True
instance_7633.graph,7,12,True
instance_9401.graph,9,16,True
instance_2686.graph,11,12,True
instance_8960.graph,5,16,True
instance_8606.graph,11,10,True
instance_4329.graph,9,12,True
instance_7768.graph,7,14,True
instance_4784.graph,9,16,True
instance_2405.graph,9,12,True
instance_2491.graph,15,20,True
instance_6387.graph,11,14,True
instance_5797.graph,13,12,True
instance_9336.graph,9,18,True
instance_1348.graph,5,16,True
instance_8394.graph,7,12,True
instance_3567.graph,15,20,True
instance_5578.graph,13,10,True
instance_9706.graph,13,16,True
instance_8568.graph,15,12,True
instance_5601.graph,7,12,True
instance_5956.graph,7,14,True
instance_7266.graph,7,18,False
instance_6515.graph,9,12,True
instance_3133.graph,7,10,True
instance_471.graph,13,20,True
instance_7174.graph,11,20,True
instance_9873.graph,3,18,False
instance_4914.graph,3,20,False
instance_1636.graph,3,12,False
instance_6171.graph,11,10,True
instance_7303.graph,5,14,False
instance_6640.graph,9,10,True
instance_7973.graph,9,18,True
instance_4049.graph,9,20,False
instance_8330.graph,9,14,True
instance_5263.graph,9,20,True
instance_4045.graph,7,18,True
instance_238.graph,9,14,True
instance_229.graph,5,18,True
instance_6799.graph,13,10,True
instance_4024.graph,9,14,True
instance_8114.graph,15,16,True
instance_6440.graph,13,10,True
instance_9776.graph,7,14,True
instance_6580.graph,11,10,True
instance_5236.graph,11,18,True
instance_495.graph,5,20,True
instance_1188.graph,9,18,True
instance_1006.graph,5,14,True
instance_7159.graph,5,14,True
instance_1455.graph,3,18,True
instance_3212.graph,13,14,True
instance_7963.graph,5,10,True
instance_1323.graph,7,16,True
instance_4146.graph,7,20,True
instance_2260.graph,3,14,True
instance_1631.graph,5,10,True
instance_3888.graph,11,12,True
instance_8444.graph,7,16,True
instance_9123.graph,15,18,True
instance_8211.graph,3,12,False
instance_7331.graph,11,14,True
instance_4929.graph,15,12,True
instance_7267.graph,11,18,True
instance_9948.graph,15,12,True
instance_7781.graph,13,18,True
instance_6506.graph,5,16,True
instance_5446.graph,15,12,True
instance_7795.graph,15,14,True
instance_1896.graph,5,20,True
instance_937.graph,13,18,True
instance_6600.graph,15,16,True
instance_1942.graph,9,14,True
instance_9339.graph,7,20,True
instance_1761.graph,11,10,True
instance_9781.graph,5,10,True
instance_1281.graph,13,12,True
instance_3013.graph,13,20,True
instance_5953.graph,13,18,True
instance_3203.graph,11,18,True
instance_1708.graph,9,14,True
instance_553.graph,9,16,True
instance_2761.graph,7,12,True
instance_7365.graph,11,14,True
instance_853.graph,15,16,True
instance_7260.graph,5,20,False
instance_7905.graph,5,20,True
instance_9135.graph,3,14,False
instance_4126.graph,7,20,False
instance_8240.graph,11,18,True
instance_2859.graph,3,16,False
instance_8959.graph,11,20,True
instance_5079.graph,9,10,True
instance_309.graph,3,10,False
instance_4127.graph,7,18,False
instance_5968.graph,9,12,True
instance_6252.graph,11,16,True
instance_8000.graph,3,18,False
instance_7725.graph,7,12,True
instance_8083.graph,13,18,True
instance_1480.graph,7,20,True
instance_866.graph,3,10,True
instance_6206.graph,3,16,True
instance_938.graph,7,16,False
instance_4578.graph,11,12,True
instance_8089.graph,5,18,True
instance_9653.graph,13,20,True
instance_4242.graph,3,16,False
instance_5295.graph,5,10,True
instance_9954.graph,13,12,True
instance_4120.graph,11,12,True
instance_9193.graph,11,14,True
instance_396.graph,13,10,True
instance_1794.graph,5,14,False
instance_3000.graph,7,20,True
instance_193.graph,15,18,True
instance_3378.graph,5,20,False
instance_3907.graph,11,20,True
instance_6103.graph,7,16,True
instance_6730.graph,7,20,False
instance_9652.graph,9,14,True
instance_2777.graph,11,18,True
instance_7040.graph,9,10,True
instance_8786.graph,5,18,True
instance_6718.graph,5,16,True
instance_4232.graph,9,16,True
instance_1463.graph,5,20,False
instance_8357.graph,3,14,False
instance_5613.graph,3,14,False
instance_6338.graph,3,16,False
instance_1554.graph,3,16,True
instance_3158.graph,9,16,True
instance_5594.graph,11,20,True
instance_1634.graph,3,10,False
instance_384.graph,3,20,False
instance_2306.graph,3,16,True
instance_7573.graph,3,10,False
instance_6829.graph,9,20,True
instance_4483.graph,9,20,True
instance_6578.graph,9,18,False
instance_9894.graph,13,12,True
instance_7035.graph,9,18,True
instance_9136.graph,7,20,True
instance_4895.graph,13,20,True
instance_8186.graph,3,20,False
instance_8525.graph,7,10,True
instance_2858.graph,11,18,True
instance_4523.graph,15,10,True
instance_3518.graph,7,10,True
instance_1392.graph,3,14,False
instance_6053.graph,15,12,True
instance_88.graph,7,16,True
instance_6217.graph,13,20,True
instance_6266.graph,7,10,True
instance_117.graph,5,12,True
instance_4750.graph,5,18,True
instance_5345.graph,3,14,False
instance_8691.graph,11,20,True
instance_1655.graph,5,18,True
instance_7443.graph,3,14,False
instance_4449.graph,11,18,True
instance_9162.graph,7,10,True
instance_7976.graph,11,14,True
instance_1125.graph,9,12,True
instance_3126.graph,3,10,True
instance_2119.graph,11,12,True
instance_4155.graph,11,16,True
instance_3828.graph,15,12,True
instance_1114.graph,9,18,True
instance_1486.graph,9,16,True
instance_8140.graph,3,16,False
instance_2256.graph,5,10,True
instance_9702.graph,5,14,False
instance_360.graph,5,12,True
instance_8616.graph,11,14,True
instance_5085.graph,9,20,True
instance_5790.graph,11,10,True
instance_186.graph,15,14,True
instance_4517.graph,13,14,True
instance_5138.graph,15,10,True
instance_1718.graph,3,16,False
instance_9662.graph,11,18,True
instance_6307.graph,3,10,False
instance_9070.graph,15,16,True
instance_4464.graph,5,12,True
instance_4025.graph,11,12,True
instance_6121.graph,9,18,True
instance_7627.graph,9,18,True
instance_3534.graph,9,16,True
instance_6276.graph,15,20,True
instance_5597.graph,7,14,True
instance_6139.graph,13,12,True
instance_4435.graph,11,18,True
instance_3654.graph,15,20,True
instance_7479.graph,15,14,True
instance_5520.graph,11,20,True
instance_8327.graph,9,20,True
instance_537.graph,5,20,False
instance_5013.graph,11,14,True
instance_4040.graph,13,10,True
instance_5524.graph,9,16,True
instance_5533.graph,11,18,True
instance_4234.graph,13,12,True
instance_2171.graph,11,12,True
instance_1907.graph,11,12,True
instance_391.graph,13,16,True
instance_4130.graph,5,20,True
instance_523.graph,15,20,True
instance_8939.graph,15,12,True
instance_9016.graph,11,16,True
instance_7081.graph,11,16,True
instance_2400.graph,9,10,True
instance_4103.graph,13,16,True
instance_8820.graph,9,20,True
instance_3988.graph,11,14,True
instance_7304.graph,15,20,True
instance_6220.graph,13,20,True
instance_3501.graph,15,12,True
instance_6106.graph,5,12,True
instance_808.graph,13,14,True
instance_2319.graph,3,10,True
instance_8967.graph,9,12,True
instance_5025.graph,9,14,True
instance_3722.graph,7,18,True
instance_3441.graph,3,16,False
instance_9345.graph,7,16,True
instance_4394.graph,7,10,True
instance_3542.graph,13,10,True
instance_4752.graph,15,20,True
instance_9138.graph,9,10,True
instance_5240.graph,13,10,True
instance_2496.graph,7,10,True
instance_8927.graph,5,18,True
instance_5087.graph,7,16,True
instance_2867.graph,5,10,True
instance_9373.graph,11,12,True
instance_2311.graph,7,12,True
instance_3869.graph,5,16,False
instance_4476.graph,9,12,True
instance_1158.graph,3,14,True
instance_9499.graph,13,12,True
instance_2813.graph,3,18,True
instance_3751.graph,3,20,False
instance_6077.graph,9,18,True
instance_1077.graph,5,20,True
instance_4659.graph,5,12,True
instance_3809.graph,11,10,True
instance_3947.graph,15,14,True
instance_9988.graph,3,16,False
instance_5749.graph,3,20,False
instance_5837.graph,13,18,True
instance_6637.graph,15,10,True
instance_3114.graph,11,12,True
instance_1413.graph,3,16,False
instance_4515.graph,3,12,True
instance_5169.graph,11,14,True
instance_8910.graph,11,12,True
instance_3393.graph,7,16,True
instance_3434.graph,7,14,False
instance_7621.graph,11,12,True
instance_9989.graph,7,10,True
instance_6152.graph,9,14,True
instance_2011.graph,15,18,True
instance_1111.graph,7,12,True
instance_619.graph,13,18,True
instance_7854.graph,11,16,True
instance_7330.graph,3,14,False
instance_6817.graph,5,20,True
instance_6904.graph,15,10,True
instance_833.graph,7,18,True
instance_8592.graph,7,16,True
instance_8629.graph,5,16,False
instance_7613.graph,13,14,True
instance_8684.graph,15,10,True
instance_8384.graph,11,12,True
instance_3549.graph,13,18,True
instance_4769.graph,15,10,True
instance_3517.graph,9,16,False
instance_3616.graph,9,20,True
instance_1519.graph,15,12,True
instance_1084.graph,13,20,True
instance_699.graph,15,14,True
instance_3229.graph,3,16,False
instance_7382.graph,9,10,True
instance_2688.graph,5,20,True
instance_2366.graph,15,14,True
instance_1070.graph,9,14,True
instance_2391.graph,7,12,True
instance_6277.graph,7,10,True
instance_2218.graph,13,10,True
instance_9711.graph,5,16,False
instance_9545.graph,3,10,True
instance_8428.graph,7,10,True
instance_3956.graph,9,20,True
instance_4151.graph,7,20,True
instance_8897.graph,7,14,True
instance_1101.graph,7,14,True
instance_6647.graph,3,20,False
instance_8124.graph,9,10,True
instance_9991.graph,3,10,True
instance_5149.graph,15,16,True
instance_2002.graph,11,20,True
instance_1905.graph,3,10,True
instance_9119.graph,7,16,True
instance_3537.graph,9,20,True
instance_8278.graph,11,20,True
instance_2655.graph,5,12,True
instance_922.graph,5,10,False
instance_2324.graph,7,18,False
instance_6924.graph,15,14,True
instance_1776.graph,15,18,True
instance_3555.graph,3,12,False
instance_7619.graph,13,12,True
instance_1984.graph,15,14,True
instance_8069.graph,7,16,True
instance_2878.graph,9,12,True
instance_8080.graph,9,10,True
instance_1865.graph,9,20,True
instance_8609.graph,13,20,True
instance_8842.graph,7,10,True
instance_6752.graph,9,14,True
instance_8050.graph,7,10,True
instance_9415.graph,3,20,False
instance_936.graph,5,12,False
instance_8260.graph,15,18,True
instance_2602.graph,9,10,True
instance_5991.graph,15,10,True
instance_9768.graph,3,18,False
instance_6624.graph,15,14,True
instance_8561.graph,15,12,True
instance_1205.graph,15,20,True
instance_9364.graph,5,16,False
instance_2246.graph,13,20,True
instance_6567.graph,5,12,False
instance_5496.graph,9,14,True
instance_3908.graph,7,20,True
instance_119.graph,13,14,True
instance_4735.graph,3,18,False
instance_8806.graph,3,14,False
instance_330.graph,3,18,True
instance_982.graph,15,18,True
instance_6612.graph,13,10,True
instance_5888.graph,15,10,True
instance_7706.graph,9,20,True
instance_7705.graph,11,12,True
instance_8015.graph,15,10,True
instance_1152.graph,7,18,True
instance_9152.graph,5,16,False
instance_8233.graph,3,18,False
instance_4685.graph,5,16,True
instance_1945.graph,5,16,False
instance_4429.graph,11,12,True
instance_3768.graph,9,20,True
instance_4407.graph,13,18,True
instance_4992.graph,7,12,True
instance_8719.graph,11,12,True
instance_8243.graph,11,12,True
instance_4274.graph,9,12,True
instance_1275.graph,15,20,True
instance_525.graph,9,18,True
instance_8431.graph,5,12,False
instance_8572.graph,9,12,True
instance_4178.graph,9,10,True
instance_6034.graph,5,10,True
instance_1653.graph,11,10,True
instance_4975.graph,13,10,True
instance_72.graph,7,10,True
instance_3223.graph,15,18,True
instance_3109.graph,9,12,True
instance_6851.graph,15,16,True
instance_7233.graph,9,20,False
instance_1136.graph,7,10,True
instance_4237.graph,11,10,True
instance_3405.graph,5,12,True
instance_2308.graph,3,16,True
instance_9469.graph,3,16,False
instance_1977.graph,11,16,True
instance_1740.graph,13,20,True
instance_7593.graph,9,20,True
instance_3338.graph,3,14,False
instance_3806.graph,15,14,True
instance_6135.graph,3,10,True
instance_9686.graph,5,12,False
instance_7984.graph,11,10,True
instance_2147.graph,9,12,True
instance_7295.graph,15,14,True
instance_4993.graph,15,18,True
instance_3397.graph,9,20,True
instance_318.graph,9,20,True
instance_2617.graph,5,10,True
instance_5518.graph,11,16,True
instance_9957.graph,7,18,True
instance_9087.graph,13,18,True
instance_6242.graph,9,10,True
instance_6420.graph,3,14,True
instance_6956.graph,15,10,True
instance_3794.graph,11,10,True
instance_8861.graph,9,14,True
instance_7228.graph,9,18,True
instance_5150.graph,3,16,True
instance_4349.graph,9,18,True
instance_6163.graph,13,16,True
instance_9198.graph,5,20,False
instance_8781.graph,7,18,False
instance_2853.graph,9,12,True
instance_5997.graph,3,16,True
instance_3662.graph,9,20,True
instance_7407.graph,15,14,True
instance_9257.graph,3,14,False
instance_5535.graph,5,20,True
instance_9391.graph,3,14,True
instance_3976.graph,13,20,True
instance_3438.graph,15,12,True
instance_4559.graph,5,14,True
instance_3336.graph,7,12,True
instance_9807.graph,11,10,True
instance_5583.graph,11,12,True
instance_8872.graph,7,20,True
instance_1539.graph,13,10,True
instance_3789.graph,15,18,True
instance_3516.graph,13,16,True
instance_170.graph,7,14,True
instance_899.graph,13,12,True
instance_5698.graph,3,18,False
instance_5093.graph,15,20,True
instance_1592.graph,13,14,True
instance_8828.graph,13,10,True
instance_5204.graph,7,10,True
instance_9609.graph,7,16,False
instance_8885.graph,13,16,True
instance_9086.graph,11,12,True
instance_4400.graph,5,10,True
instance_6215.graph,11,18,True
instance_3074.graph,3,14,False
instance_5974.graph,5,14,False
instance_3363.graph,5,10,True
instance_1882.graph,13,16,True
instance_5465.graph,13,20,True
instance_745.graph,5,12,True
instance_5041.graph,15,20,True
instance_8065.graph,15,10,True
instance_1922.graph,3,10,True
instance_609.graph,3,20,False
instance_2822.graph,7,16,True
instance_4376.graph,13,20,True
instance_1291.graph,11,18,True
instance_7523.graph,5,20,False
instance_7336.graph,9,16,True
instance_3456.graph,7,16,False
instance_4568.graph,15,10,True
instance_8661.graph,3,10,False
instance_9999.graph,15,10,True
instance_7114.graph,5,12,False
instance_577.graph,13,16,True
instance_6107.graph,3,14,False
instance_3726.graph,5,20,False
instance_2585.graph,5,10,True
instance_3252.graph,15,18,True
instance_4367.graph,5,20,True
instance_8945.graph,9,20,True
instance_8645.graph,3,18,False
instance_3178.graph,5,16,True
instance_721.graph,5,12,False
instance_7070.graph,15,20,True
instance_8696.graph,11,12,True
instance_2195.graph,3,20,False
instance_1339.graph,7,20,True
instance_9518.graph,11,18,True
instance_4099.graph,3,16,False
instance_375.graph,5,12,False
instance_2489.graph,5,12,True
instance_6542.graph,7,12,True
instance_578.graph,13,14,True
instance_861.graph,13,16,True
instance_1789.graph,13,20,True
instance_9057.graph,13,10,True
instance_4357.graph,3,16,False
instance_7326.graph,5,16,False
instance_4989.graph,13,20,True
instance_968.graph,15,10,True
instance_8788.graph,13,20,True
instance_8425.graph,3,16,True
instance_4203.graph,15,16,True
instance_7840.graph,15,10,True
instance_2741.graph,13,16,True
instance_827.graph,9,14,True
instance_6927.graph,7,18,True
instance_712.graph,9,14,True
instance_6771.graph,13,16,True
instance_219.graph,11,20,True
instance_5017.graph,5,20,False
instance_7594.graph,3,16,False
instance_1271.graph,11,14,True
instance_3821.graph,15,20,True
instance_1470.graph,5,20,False
instance_2788.graph,13,14,True
instance_6430.graph,3,14,True
instance_7699.graph,13,16,True
instance_3268.graph,9,14,True
instance_7540.graph,7,18,True
instance_250.graph,5,16,False
instance_9292.graph,11,18,True
instance_5250.graph,5,20,False
instance_2153.graph,13,10,True
instance_4806.graph,11,16,True
instance_6595.graph,11,14,True
instance_8267.graph,11,20,True
instance_6703.graph,9,20,True
instance_380.graph,15,12,True
instance_7947.graph,7,10,True
instance_8086.graph,5,18,True
instance_8830.graph,15,18,True
instance_7351.graph,13,14,True
instance_6541.graph,7,16,False
instance_4512.graph,15,14,True
instance_1375.graph,3,10,False
instance_4070.graph,5,10,False
instance_358.graph,9,12,True
instance_8824.graph,13,20,True
instance_3993.graph,5,10,True
instance_8320.graph,7,16,False
instance_1505.graph,11,10,True
instance_5080.graph,15,10,True
instance_4248.graph,9,16,True
instance_3560.graph,9,16,True
instance_7494.graph,13,20,True
instance_8980.graph,9,12,True
instance_8344.graph,7,16,True
instance_173.graph,13,14,True
instance_6365.graph,3,20,False
instance_4733.graph,7,10,True
instance_3608.graph,7,16,True
instance_8429.graph,13,10,True
instance_8253.graph,11,12,True
instance_6318.graph,15,10,True
instance_7632.graph,7,10,True
instance_2001.graph,7,18,True
instance_3878.graph,3,12,False
instance_6862.graph,5,18,True
instance_1855.graph,11,14,True
instance_2981.graph,3,20,False
instance_4163.graph,9,18,True
instance_6475.graph,3,16,False
instance_9286.graph,3,10,False
instance_6167.graph,9,10,True
instance_5227.graph,9,16,True
instance_3671.graph,13,12,True
instance_2595.graph,13,20,True
instance_2155.graph,13,10,True
instance_5317.graph,3,18,False
instance_7737.graph,15,16,True
instance_2523.graph,15,10,True
instance_5337.graph,15,10,True
instance_2802.graph,13,14,True
instance_372.graph,5,10,False
instance_3998.graph,11,20,True
instance_2379.graph,7,12,True
instance_6878.graph,13,14,True
instance_5699.graph,7,18,False
instance_1150.graph,11,12,True
instance_9474.graph,7,18,True
instance_107.graph,9,12,True
instance_5058.graph,15,18,True
instance_7476.graph,7,16,True
instance_6919.graph,3,18,False
instance_1548.graph,9,12,True
instance_9907.graph,15,16,True
instance_3676.graph,7,12,True
instance_1849.graph,9,14,True
instance_2775.graph,13,20,True
instance_6839.graph,11,18,True
instance_5387.graph,11,20,True
instance_4196.graph,13,10,True
instance_3496.graph,9,18,True
instance_7241.graph,7,18,True
instance_6675.graph,7,12,True
instance_7355.graph,7,16,True
instance_545.graph,5,12,True
instance_2503.graph,5,14,False
instance_1398.graph,15,14,True
instance_5521.graph,11,20,True
instance_5246.graph,3,16,False
instance_6057.graph,13,12,True
instance_5506.graph,15,10,True
instance_9874.graph,15,20,True
instance_8116.graph,13,12,True
instance_2117.graph,9,12,True
instance_8382.graph,15,12,True
instance_8416.graph,5,12,False
instance_4556.graph,5,12,True
instance_9195.graph,7,10,True
instance_5680.graph,5,10,False
instance_9623.graph,11,12,True
instance_3464.graph,7,20,True
instance_3144.graph,13,16,True
instance_5620.graph,13,18,True
instance_8460.graph,15,12,True
instance_2476.graph,11,12,True
instance_2924.graph,3,16,False
instance_6100.graph,15,16,True
instance_2940.graph,3,20,False
instance_371.graph,9,14,True
instance_3744.graph,15,14,True
instance_5325.graph,13,20,True
instance_5737.graph,13,12,True
instance_1725.graph,15,14,True
instance_9077.graph,5,10,True
instance_5990.graph,11,10,True
instance_2321.graph,3,14,False
instance_2808.graph,3,12,True
instance_3876.graph,15,10,True
instance_1204.graph,11,16,True
instance_1581.graph,15,20,True
instance_4470.graph,5,14,True
instance_1730.graph,5,12,False
instance_5407.graph,13,18,True
instance_580.graph,15,18,True
instance_3621.graph,13,14,True
instance_7468.graph,11,20,True
instance_9723.graph,7,14,True
instance_5791.graph,7,16,True
instance_6051.graph,3,20,False
instance_6269.graph,13,16,True
instance_7844.graph,7,12,True
instance_123.graph,3,10,False
instance_6502.graph,9,12,True
instance_8276.graph,15,16,True
instance_1927.graph,9,20,True
instance_5436.graph,11,16,True
instance_4946.graph,3,14,False
instance_4059.graph,3,20,True
instance_7757.graph,5,16,False
instance_5602.graph,15,10,True
instance_8789.graph,9,16,True
instance_6058.graph,3,16,False
instance_9069.graph,15,10,True
instance_9810.graph,13,18,True
instance_407.graph,15,20,True
instance_4597.graph,5,12,False
instance_6662.graph,11,18,True
instance_2890.graph,3,14,False
instance_3222.graph,7,16,True
instance_6934.graph,15,12,True
instance_8055.graph,7,14,True
instance_7915.graph,3,12,False
instance_4267.graph,9,14,True
instance_8048.graph,7,10,True
instance_3309.graph,13,16,True
instance_6826.graph,13,12,True
instance_103.graph,13,20,True
instance_7196.graph,15,20,True
instance_8545.graph,15,12,True
instance_7707.graph,13,12,True
instance_7811.graph,15,16,True
instance_5962.graph,3,18,True
instance_4284.graph,5,16,False
instance_3718.graph,13,10,True
instance_7600.graph,11,10,True
instance_6632.graph,11,12,True
instance_7434.graph,13,20,True
instance_9510.graph,13,12,True
instance_6609.graph,9,10,True
instance_3383.graph,9,20,True
instance_208.graph,3,14,False
instance_9338.graph,15,20,True
instance_8097.graph,9,10,True
instance_6785.graph,11,18,True
instance_5124.graph,9,12,True
instance_9404.graph,13,16,True
instance_78.graph,7,12,True
instance_624.graph,5,12,True
instance_3573.graph,13,16,True
instance_4105.graph,5,18,True
instance_4191.graph,3,10,True
instance_9250.graph,13,16,True
instance_5536.graph,15,20,True
instance_6555.graph,15,18,True
instance_6397.graph,5,12,True
instance_8066.graph,3,10,False
instance_9172.graph,15,12,True
instance_3614.graph,9,14,True
instance_1121.graph,15,18,True
instance_894.graph,7,16,False
instance_8610.graph,15,16,True
instance_1321.graph,5,18,False
instance_566.graph,5,16,True
instance_6665.graph,15,20,True
instance_8621.graph,15,12,True
instance_820.graph,11,12,True
instance_3083.graph,7,16,False
instance_8514.graph,11,18,True
instance_9943.graph,15,10,True
instance_7869.graph,13,16,True
instance_8453.graph,11,16,True
instance_8411.graph,7,12,True
instance_3813.graph,7,10,True
instance_9734.graph,15,10,True
instance_505.graph,15,12,True
instance_7146.graph,9,18,True
instance_9342.graph,9,16,True
instance_4651.graph,11,20,True
instance_5123.graph,3,20,False
instance_1295.graph,15,10,True
instance_691.graph,5,20,True
instance_1350.graph,5,16,True
instance_3154.graph,5,12,True
instance_5914.graph,5,20,True
instance_4496.graph,9,18,True
instance_3410.graph,9,14,True
instance_9613.graph,5,18,True
instance_3761.graph,5,16,False
instance_7269.graph,13,14,True
instance_8652.graph,13,16,True
instance_4846.graph,15,16,True
instance_7307.graph,13,18,True
instance_6353.graph,15,20,True
instance_2888.graph,11,14,True
instance_4655.graph,13,14,True
instance_7944.graph,9,12,True
instance_8107.graph,9,10,True
instance_8879.graph,7,12,True
instance_3361.graph,3,14,False
instance_3295.graph,11,16,True
instance_1704.graph,11,18,True
instance_8163.graph,3,20,False
instance_5052.graph,5,16,False
instance_4939.graph,13,10,True
instance_4695.graph,13,16,True
instance_6124.graph,13,18,True
instance_7913.graph,7,12,True
instance_7756.graph,5,12,True
instance_5406.graph,11,12,True
instance_2601.graph,13,20,True
instance_4808.graph,7,16,True
instance_2945.graph,5,20,False
instance_1810.graph,5,10,True
instance_1195.graph,7,14,True
instance_9090.graph,7,14,True
instance_6524.graph,9,18,True
instance_9795.graph,5,12,True
instance_6056.graph,11,16,True
instance_9718.graph,9,12,True
instance_8487.graph,9,14,True
instance_9504.graph,15,16,True
instance_7258.graph,3,18,True
instance_7062.graph,15,10,True
instance_3280.graph,3,10,False
instance_570.graph,3,10,False
instance_8627.graph,7,10,True
instance_6299.graph,11,18,True
instance_4557.graph,7,14,True
instance_7654.graph,3,18,False
instance_3162.graph,9,12,True
instance_4023.graph,3,16,False
instance_5197.graph,9,18,True
instance_9656.graph,5,16,True
instance_5612.graph,3,12,True
instance_7138.graph,3,18,True
instance_8053.graph,5,20,False
instance_9333.graph,5,20,False
instance_1388.graph,5,18,True
instance_6313.graph,9,16,True
instance_7006.graph,9,14,True
instance_4162.graph,11,10,True
instance_2696.graph,15,18,True
instance_9080.graph,5,16,False
instance_3191.graph,5,14,False
instance_7929.graph,3,10,False
instance_2472.graph,3,16,True
instance_7806.graph,9,10,True
instance_3176.graph,5,10,True
instance_5823.graph,11,16,True
instance_1251.graph,7,20,True
instance_1560.graph,13,20,True
instance_7934.graph,15,14,True
instance_6434.graph,13,16,True
instance_684.graph,11,16,True
instance_2351.graph,9,16,True
instance_8834.graph,15,18,True
instance_5855.graph,7,20,True
instance_5065.graph,7,14,True
instance_365.graph,13,20,True
instance_9335.graph,7,14,True
instance_822.graph,7,10,True
instance_1051.graph,7,10,True
instance_9928.graph,5,18,True
instance_6224.graph,7,18,True
instance_4007.graph,5,12,True
instance_4346.graph,15,10,True
instance_2998.graph,15,16,True
instance_8309.graph,15,16,True
instance_6963.graph,9,10,True
instance_8875.graph,9,16,True
instance_7224.graph,11,18,True
instance_7068.graph,3,14,False
instance_7679.graph,11,20,True
instance_7001.graph,13,10,True
instance_7439.graph,11,20,True
instance_7444.graph,5,20,True
instance_9267.graph,9,20,True
instance_1407.graph,3,10,False
instance_5290.graph,5,18,True
instance_5270.graph,5,12,True
instance_4765.graph,9,16,True
instance_9765.graph,11,20,True
instance_5477.graph,9,20,True
instance_8559.graph,7,12,True
instance_9682.graph,3,12,False
instance_4707.graph,5,18,True
instance_9081.graph,3,16,False
instance_5364.graph,7,10,True
instance_7580.graph,5,20,False
instance_6510.graph,11,16,True
instance_9591.graph,13,10,True
instance_538.graph,3,14,False
instance_9601.graph,11,16,True
instance_1616.graph,5,18,False
instance_581.graph,5,20,True
instance_1555.graph,13,14,True
instance_8490.graph,15,12,True
instance_8010.graph,5,12,True
instance_4406.graph,15,20,True
instance_2368.graph,7,14,True
instance_5709.graph,3,12,False
instance_990.graph,13,18,True
instance_415.graph,15,14,True
instance_6192.graph,5,10,True
instance_5277.graph,15,14,True
instance_362.graph,5,18,False
instance_933.graph,11,18,True
instance_6917.graph,15,14,True
instance_1752.graph,15,12,True
instance_1358.graph,9,10,True
instance_4056.graph,9,18,True
instance_8512.graph,7,14,True
instance_5788.graph,15,18,True
instance_5127.graph,11,14,True
instance_8782.graph,13,12,True
instance_1104.graph,7,14,True
instance_2892.graph,3,20,False
instance_7325.graph,13,14,True
instance_5928.graph,9,12,True
instance_6216.graph,3,20,False
instance_5514.graph,7,16,False
instance_4177.graph,7,14,True
instance_2184.graph,3,10,False
instance_7561.graph,13,18,True
instance_911.graph,13,16,True
instance_3242.graph,13,10,True
instance_7291.graph,5,14,True
instance_539.graph,15,14,True
instance_7925.graph,7,20,True
instance_8953.graph,5,14,False
instance_2674.graph,11,10,True
instance_8831.graph,9,10,True
instance_4082.graph,15,12,True
instance_8718.graph,5,18,False
instance_5438.graph,9,10,True
instance_3449.graph,3,12,False
instance_6438.graph,9,20,True
instance_9273.graph,15,12,True
instance_7825.graph,15,12,True
instance_5268.graph,13,18,True
instance_3156.graph,7,20,True
instance_9931.graph,5,16,False
instance_3473.graph,5,18,False
instance_9155.graph,5,10,False
instance_8659.graph,9,12,True
instance_9559.graph,13,14,True
instance_7877.graph,5,20,False
instance_2059.graph,9,16,True
instance_9752.graph,3,20,False
instance_6563.graph,7,12,True
instance_4680.graph,3,20,False
instance_1445.graph,13,12,True
instance_9796.graph,9,16,True
instance_5727.graph,3,18,False
instance_5068.graph,7,16,True
instance_1071.graph,15,10,True
instance_1274.graph,9,10,True
instance_2604.graph,3,10,False
instance_7697.graph,15,20,True
instance_622.graph,15,14,True
instance_4928.graph,5,18,False
instance_2349.graph,11,20,True
instance_2162.graph,9,18,False
instance_6039.graph,3,18,False
instance_4436.graph,9,14,True
instance_9414.graph,3,14,False
instance_4288.graph,11,12,True
instance_377.graph,13,12,True
instance_8236.graph,11,10,True
instance_9655.graph,11,16,True
instance_6939.graph,15,10,True
instance_2327.graph,7,12,True
instance_2786.graph,7,16,False
instance_3538.graph,5,20,True
instance_7005.graph,11,16,True
instance_3925.graph,5,16,True
instance_310.graph,5,18,True
instance_7029.graph,11,14,True
instance_8778.graph,11,20,True
instance_8088.graph,7,10,True
instance_9332.graph,3,16,False
instance_1565.graph,13,18,True
instance_5171.graph,7,14,True
instance_9125.graph,13,18,True
instance_498.graph,11,16,True
instance_9083.graph,7,14,False
instance_4465.graph,11,16,True
instance_5872.graph,5,20,False
instance_679.graph,15,20,True
instance_5057.graph,13,16,True
instance_2394.graph,9,16,True
instance_4703.graph,11,20,True
instance_7826.graph,11,12,True
instance_5467.graph,7,20,True
instance_9074.graph,7,12,True
instance_2535.graph,15,20,True
instance_9590.graph,9,12,True
instance_615.graph,3,12,False
instance_7016.graph,5,10,True
instance_2258.graph,7,10,True
instance_1316.graph,13,12,True
instance_9670.graph,9,14,True
instance_6263.graph,11,14,True
instance_3311.graph,11,12,True
instance_3054.graph,7,10,True
instance_231.graph,15,10,True
instance_66.graph,9,10,True
instance_9817.graph,13,10,True
instance_9611.graph,5,12,True
instance_2955.graph,13,20,True
instance_4977.graph,13,14,True
instance_9926.graph,11,12,True
instance_4924.graph,15,20,True
instance_2277.graph,9,14,True
instance_5798.graph,13,10,True
instance_2568.graph,11,18,True
instance_3035.graph,7,18,True
instance_7389.graph,9,14,True
instance_625.graph,11,16,True
instance_4756.graph,5,16,False
instance_2658.graph,11,10,True
instance_4868.graph,13,12,True
instance_4170.graph,15,14,True
instance_9703.graph,11,16,True
instance_835.graph,7,18,True
instance_8640.graph,9,20,True
instance_5175.graph,13,12,True
instance_2833.graph,15,18,True
instance_4452.graph,7,10,True
instance_5179.graph,5,16,True
instance_2028.graph,13,14,True
instance_5498.graph,11,18,True
instance_4389.graph,5,16,True
instance_5777.graph,3,16,False
instance_6312.graph,11,12,True
instance_6234.graph,13,16,True
instance_812.graph,11,10,True
instance_8548.graph,7,12,True
instance_7930.graph,11,16,True
instance_217.graph,5,14,True
instance_400.graph,15,14,True
instance_6445.graph,3,18,False
instance_9164.graph,7,12,True
instance_1163.graph,9,10,True
instance_2237.graph,7,10,True
instance_1887.graph,11,14,True
instance_1711.graph,11,16,True
instance_2939.graph,15,18,True
instance_7262.graph,11,18,True
instance_1601.graph,15,16,True
instance_1334.graph,15,20,True
instance_543.graph,3,20,False
instance_7151.graph,3,12,True
instance_8471.graph,13,10,True
instance_1003.graph,5,16,False
instance_7903.graph,11,16,True
instance_2840.graph,13,14,True
instance_2229.graph,3,16,False
instance_9490.graph,15,16,True
instance_3367.graph,7,20,True
instance_2500.graph,15,10,True
instance_7204.graph,11,18,True
instance_5047.graph,11,18,True
instance_2708.graph,3,20,False
instance_9857.graph,11,20,True
instance_6364.graph,15,12,True
instance_1558.graph,7,12,True
instance_9555.graph,3,20,False
instance_3087.graph,5,18,True
instance_6186.graph,15,14,True
instance_4645.graph,15,20,True
instance_1992.graph,7,20,False
instance_8120.graph,7,10,True
instance_4628.graph,13,10,True
instance_1700.graph,9,16,True
instance_5449.graph,3,18,False
instance_3104.graph,13,10,True
instance_3016.graph,15,20,True
instance_3472.graph,13,12,True
instance_4125.graph,13,12,True
instance_2151.graph,15,18,True
instance_1242.graph,15,10,True
instance_2526.graph,9,12,True
instance_2129.graph,7,12,False
instance_9853.graph,15,12,True
instance_42.graph,3,20,True
instance_6095.graph,11,16,True
instance_7179.graph,13,12,True
instance_7813.graph,13,20,True
instance_8372.graph,15,12,True
instance_524.graph,11,12,True
instance_6129.graph,7,10,True
instance_7369.graph,9,18,True
instance_3533.graph,15,12,True
instance_7036.graph,11,16,True
instance_3730.graph,5,14,False
instance_8204.graph,13,16,True
instance_9554.graph,3,20,False
instance_5982.graph,11,14,True
instance_7328.graph,15,18,True
instance_8076.graph,5,20,True
instance_2510.graph,11,18,True
instance_9256.graph,7,10,True
instance_7581.graph,9,20,True
instance_8252.graph,5,20,False
instance_8784.graph,7,14,True
instance_7734.graph,3,16,False
instance_9550.graph,9,14,True
instance_2760.graph,13,20,True
instance_7059.graph,7,16,True
instance_2974.graph,15,10,True
instance_4276.graph,13,20,True
instance_227.graph,3,16,False
instance_7338.graph,15,20,True
instance_6980.graph,15,16,True
instance_6302.graph,5,12,True
instance_4622.graph,9,10,True
instance_8281.graph,9,10,True
instance_6415.graph,7,16,True
instance_5286.graph,15,18,True
instance_3089.graph,5,12,False
instance_1585.graph,15,18,True
instance_3526.graph,7,14,True
instance_2143.graph,3,18,False
instance_3637.graph,5,20,True
instance_4462.graph,7,12,True
instance_7678.graph,3,16,False
instance_6021.graph,7,18,True
instance_7135.graph,5,20,False
instance_9252.graph,15,14,True
instance_8575.graph,15,14,True
instance_1671.graph,11,14,True
instance_2795.graph,13,20,True
instance_1884.graph,13,10,True
instance_9289.graph,3,12,False
instance_3932.graph,15,12,True
instance_8560.graph,5,10,True
instance_3685.graph,3,18,False
instance_7399.graph,9,16,True
instance_1650.graph,7,16,True
instance_6598.graph,7,16,False
instance_4803.graph,9,16,True
instance_2529.graph,11,14,True
instance_5451.graph,13,16,True
instance_4626.graph,5,12,True
instance_3825.graph,9,10,True
instance_6792.graph,9,12,True
instance_8662.graph,9,10,True
instance_658.graph,3,12,False
instance_2248.graph,3,14,True
instance_7793.graph,11,12,True
instance_1843.graph,15,16,True
instance_9294.graph,11,18,True
instance_9284.graph,13,16,True
instance_3136.graph,9,10,True
instance_9803.graph,13,14,True
instance_9359.graph,5,16,True
instance_9449.graph,15,12,True
instance_2745.graph,5,16,False
instance_9654.graph,7,20,True
instance_1968.graph,3,20,False
instance_5634.graph,5,12,True
instance_3450.graph,15,10,True
instance_7200.graph,13,14,True
instance_2582.graph,9,20,True
instance_4308.graph,7,18,False
instance_1450.graph,5,18,False
instance_3235.graph,5,20,False
instance_7216.graph,15,20,True
instance_549.graph,9,20,True
instance_8449.graph,11,16,True
instance_3116.graph,7,16,True
instance_8410.graph,13,20,True
instance_4736.graph,13,18,True
instance_5543.graph,5,12,True
instance_6218.graph,5,12,True
instance_2384.graph,15,16,True
instance_487.graph,7,18,True
instance_7362.graph,15,12,True
instance_2701.graph,9,16,True
instance_2630.graph,13,12,True
instance_5639.graph,15,20,True
instance_5766.graph,13,10,True
instance_453.graph,11,12,True
instance_826.graph,9,18,True
instance_1083.graph,9,12,True
instance_4864.graph,15,10,True
instance_8741.graph,5,12,True
instance_5500.graph,3,12,False
instance_2122.graph,15,16,True
instance_4340.graph,11,16,True
instance_4911.graph,15,18,True
instance_2507.graph,9,18,True
instance_7804.graph,15,14,True
instance_2299.graph,5,12,False
instance_5309.graph,7,14,True
instance_5655.graph,11,20,True
instance_80.graph,11,14,True
instance_6317.graph,3,10,False
instance_3551.graph,3,14,False
instance_140.graph,7,10,True
instance_6957.graph,7,12,True
instance_2642.graph,7,18,True
instance_8860.graph,3,10,False
instance_4323.graph,15,18,True
instance_8690.graph,13,10,True
instance_1112.graph,7,14,True
instance_9692.graph,15,16,True
instance_3282.graph,11,20,True
instance_7464.graph,3,10,False
instance_4859.graph,7,10,True
instance_8884.graph,13,20,True
instance_7506.graph,15,12,True
instance_480.graph,11,16,True
instance_9468.graph,15,12,True
instance_6855.graph,13,10,True
instance_8594.graph,7,16,True
instance_3390.graph,3,14,False
instance_4275.graph,7,12,True
instance_2292.graph,3,14,False
instance_211.graph,13,18,True
instance_4083.graph,13,18,True
instance_4650.graph,13,14,True
instance_8296.graph,13,18,True
instance_9194.graph,7,10,True
instance_8238.graph,11,14,True
instance_4679.graph,9,14,True
instance_3672.graph,7,12,True
instance_4876.graph,11,16,True
instance_8666.graph,15,20,True
instance_875.graph,13,18,True
instance_3596.graph,13,16,True
instance_4250.graph,9,20,False
instance_194.graph,11,18,True
instance_8078.graph,9,12,True
instance_5084.graph,7,18,True
instance_8081.graph,3,20,False
instance_5397.graph,15,18,True
instance_1233.graph,11,14,True
instance_2576.graph,7,20,False
instance_7595.graph,5,16,True
instance_1082.graph,13,12,True
instance_3748.graph,3,16,False
instance_7749.graph,13,18,True
instance_9303.graph,9,14,True
instance_4529.graph,11,14,True
instance_9632.graph,11,10,True
instance_4159.graph,13,16,True
instance_6467.graph,3,20,False
instance_2962.graph,9,12,True
instance_4711.graph,13,12,True
instance_6539.graph,13,16,True
instance_3815.graph,15,10,True
instance_2380.graph,13,16,True
instance_2615.graph,9,18,True
instance_1578.graph,15,16,True
instance_5333.graph,13,10,True
instance_3002.graph,3,12,False
instance_1169.graph,7,10,True
instance_1564.graph,11,10,True
instance_7709.graph,9,16,True
instance_3758.graph,9,20,True
instance_3254.graph,7,16,False
instance_4713.graph,13,12,True
instance_5804.graph,15,10,True
instance_2915.graph,3,16,False
instance_7073.graph,11,12,True
instance_4148.graph,11,12,True
instance_7002.graph,3,18,True
instance_6273.graph,15,14,True
instance_1386.graph,7,18,True
instance_3504.graph,5,18,True
instance_736.graph,3,14,True
instance_6540.graph,13,14,True
instance_7376.graph,9,20,True
instance_9210.graph,11,14,True
instance_1283.graph,9,14,True
instance_6875.graph,7,12,True
instance_1053.graph,13,14,True
instance_428.graph,11,14,True
instance_4113.graph,13,10,True
instance_4299.graph,13,12,True
instance_2007.graph,9,12,True
instance_8744.graph,7,10,True
instance_7570.graph,13,20,True
instance_2524.graph,3,20,True
instance_4186.graph,9,20,True
instance_4554.graph,5,14,True
instance_7110.graph,13,12,True
instance_3119.graph,3,20,True
instance_6260.graph,13,14,True
instance_5168.graph,11,12,True
instance_7805.graph,9,10,True
instance_599.graph,7,20,True
instance_629.graph,9,10,True
instance_2374.graph,5,14,False
instance_2552.graph,11,10,True
instance_1191.graph,7,16,True
instance_8147.graph,3,10,False
instance_2899.graph,7,18,True
instance_6358.graph,5,14,True
instance_4536.graph,3,10,False
instance_9646.graph,5,14,True
instance_9725.graph,13,20,True
instance_9127.graph,13,14,True
instance_4379.graph,7,18,False
instance_8908.graph,9,18,True
instance_2352.graph,9,16,True
instance_5494.graph,7,20,True
instance_9012.graph,9,14,True
instance_3804.graph,15,18,True
instance_9877.graph,13,12,True
instance_9529.graph,7,16,True
instance_6178.graph,13,10,True
instance_5755.graph,5,18,False
instance_8622.graph,3,16,False
instance_3557.graph,3,12,False
instance_1466.graph,7,18,True
instance_1705.graph,15,20,True
instance_522.graph,9,10,True
instance_2884.graph,11,12,True
instance_2921.graph,11,10,True
instance_4110.graph,5,16,False
instance_382.graph,5,10,True
instance_5298.graph,11,20,True
instance_1467.graph,7,20,True
instance_5686.graph,9,18,True
instance_1239.graph,9,10,True
instance_2082.graph,3,20,False
instance_5926.graph,3,16,False
instance_6845.graph,15,12,True
instance_3891.graph,15,20,True
instance_3873.graph,5,16,True
instance_5531.graph,13,18,True
instance_5221.graph,13,20,True
instance_2331.graph,13,14,True
instance_9566.graph,13,18,True
instance_9395.graph,3,20,True
instance_996.graph,5,16,False
instance_6696.graph,15,16,True
instance_93.graph,3,16,False
instance_9855.graph,5,16,True
instance_2052.graph,11,20,True
instance_1820.graph,13,12,True
instance_7423.graph,7,14,True
instance_1926.graph,15,20,True
instance_8447.graph,15,14,True
instance_3409.graph,3,10,False
instance_8139.graph,3,18,False
instance_2693.graph,7,20,True
instance_3901.graph,7,12,False
instance_9159.graph,5,10,True
instance_8003.graph,9,12,True
instance_2014.graph,5,14,False
instance_9121.graph,5,10,True
instance_3110.graph,9,16,True
instance_2439.graph,5,10,True
instance_8481.graph,13,18,True
instance_2607.graph,5,12,True
instance_3394.graph,7,14,True
instance_2824.graph,5,12,False
instance_8524.graph,5,18,False
instance_9269.graph,3,10,True
instance_5627.graph,7,18,True
instance_5147.graph,7,18,False
instance_6193.graph,13,12,True
instance_1017.graph,5,16,False
instance_514.graph,13,14,True
instance_869.graph,5,16,False
instance_7334.graph,11,10,True
instance_9147.graph,5,10,True
instance_5008.graph,13,10,True
instance_2126.graph,11,12,True
instance_6774.graph,3,16,False
instance_8888.graph,7,18,True
instance_258.graph,5,20,True
instance_4972.graph,15,12,True
instance_1402.graph,11,18,True
instance_1881.graph,9,14,True
instance_1436.graph,9,14,True
instance_1829.graph,5,14,True
instance_9218.graph,13,20,True
instance_1831.graph,3,18,True
instance_5001.graph,13,18,True
instance_2556.graph,3,10,False
instance_5299.graph,13,18,True
instance_2633.graph,11,18,True
instance_5844.graph,5,20,True
instance_1487.graph,3,12,False
instance_3385.graph,13,16,True
instance_696.graph,15,12,True
instance_3107.graph,9,12,True
instance_7904.graph,7,12,True
instance_973.graph,9,12,True
instance_56.graph,9,18,True
instance_7161.graph,5,16,True
instance_2610.graph,3,16,False
instance_4740.graph,3,12,False
instance_6166.graph,13,20,True
instance_1268.graph,5,10,True
instance_1765.graph,5,12,True
instance_7026.graph,15,20,True
instance_2049.graph,3,18,False
instance_5223.graph,11,12,True
instance_8185.graph,15,10,True
instance_5282.graph,9,10,True
instance_941.graph,13,14,True
instance_4595.graph,7,10,True
instance_2971.graph,3,18,True
instance_9669.graph,3,18,False
instance_6029.graph,11,10,True
instance_9296.graph,5,18,True
instance_5186.graph,11,12,True
instance_1659.graph,15,16,True
instance_2782.graph,15,14,True
instance_3838.graph,11,12,True
instance_7448.graph,5,18,True
instance_4850.graph,5,20,True
instance_7061.graph,5,14,True
instance_1669.graph,15,12,True
instance_533.graph,13,16,True
instance_3646.graph,13,20,True
instance_324.graph,13,18,True
instance_7770.graph,5,18,False
instance_4955.graph,11,10,True
instance_9637.graph,15,16,True
instance_889.graph,11,20,True
instance_9107.graph,3,20,False
instance_1123.graph,11,14,True
instance_2675.graph,9,18,True
instance_3520.graph,7,12,True
instance_8042.graph,15,14,True
instance_5687.graph,11,14,True
instance_3799.graph,5,14,False
instance_1686.graph,3,12,True
instance_5450.graph,11,12,True
instance_8386.graph,5,14,True
instance_57.graph,11,10,True
instance_4249.graph,15,12,True
instance_3159.graph,13,18,True
instance_1340.graph,7,14,True
instance_7219.graph,7,12,True
instance_9935.graph,3,10,False
instance_5757.graph,11,16,True
instance_6918.graph,11,20,True
instance_8299.graph,9,18,False
instance_7134.graph,15,10,True
instance_5515.graph,11,12,True
instance_7345.graph,9,10,True
instance_6876.graph,15,16,True
instance_7982.graph,13,16,True
instance_6159.graph,3,12,False
instance_2644.graph,15,20,True
instance_6694.graph,5,12,True
instance_8503.graph,11,20,True
instance_4816.graph,9,14,True
instance_8519.graph,11,18,True
instance_5972.graph,15,10,True
instance_678.graph,3,10,False
instance_3831.graph,5,12,True
instance_9525.graph,7,12,True
instance_8984.graph,15,18,True
instance_6156.graph,11,18,True
instance_9612.graph,7,16,True
instance_8044.graph,7,16,True
instance_3377.graph,15,20,True
instance_5145.graph,9,18,True
instance_5377.graph,11,12,True
instance_4973.graph,9,18,True
instance_8230.graph,5,18,False
instance_9120.graph,9,14,True
instance_3600.graph,15,12,True
instance_5811.graph,3,14,False
instance_3914.graph,7,18,True
instance_1966.graph,11,10,True
instance_9746.graph,13,14,True
instance_7852.graph,9,10,True
instance_4213.graph,15,18,True
instance_4490.graph,7,12,True
instance_3431.graph,11,12,True
instance_3351.graph,15,16,True
instance_8270.graph,11,20,True
instance_5794.graph,9,20,False
instance_7927.graph,9,14,True
instance_9596.graph,5,16,True
instance_4976.graph,7,14,True
instance_1873.graph,13,20,True
instance_3713.graph,3,16,False
instance_3681.graph,5,14,False
instance_8492.graph,9,16,False
instance_4674.graph,13,18,True
instance_8039.graph,15,10,True
instance_5470.graph,11,10,True
instance_9975.graph,13,14,True
instance_5545.graph,3,14,False
instance_4160.graph,9,16,True
instance_8426.graph,13,12,True
instance_2670.graph,9,18,True
instance_6881.graph,13,20,True
instance_4783.graph,13,12,True
instance_8859.graph,5,18,False
instance_2591.graph,7,14,True
instance_350.graph,9,14,True
instance_6390.graph,11,10,True
instance_5728.graph,3,10,False
instance_2751.graph,3,20,True
instance_3699.graph,13,10,True
instance_3770.graph,13,12,True
instance_8638.graph,7,20,False
instance_7413.graph,9,10,True
instance_2828.graph,3,16,False
instance_4432.graph,11,18,True
instance_6530.graph,15,12,True
instance_1278.graph,5,10,True
instance_1153.graph,13,10,True
instance_5402.graph,7,14,False
instance_810.graph,3,20,False
instance_2283.graph,15,10,True
instance_5092.graph,7,12,True
instance_5294.graph,3,10,False
instance_4936.graph,11,16,True
instance_74.graph,7,18,True
instance_8418.graph,5,10,True
instance_4692.graph,5,14,True
instance_4509.graph,7,18,True
instance_970.graph,15,14,True
instance_1046.graph,3,16,False
instance_9430.graph,3,18,False
instance_2695.graph,7,20,False
instance_4273.graph,5,16,False
instance_3459.graph,13,12,True
instance_153.graph,3,16,True
instance_3117.graph,9,16,True
instance_1615.graph,11,14,True
instance_1080.graph,3,16,False
instance_6486.graph,15,10,True
instance_4431.graph,15,12,True
instance_7235.graph,13,20,True
instance_565.graph,15,20,True
instance_4776.graph,13,14,True
instance_3994.graph,7,14,True
instance_8437.graph,11,10,True
instance_3224.graph,3,20,False
instance_5230.graph,13,16,True
instance_8136.graph,3,16,False
instance_7977.graph,13,12,True
instance_5731.graph,15,12,True
instance_8669.graph,13,14,True
instance_5177.graph,5,14,True
instance_5819.graph,15,10,True
instance_3327.graph,7,12,True
instance_6097.graph,5,20,False
instance_1550.graph,13,18,True
instance_5824.graph,7,18,True
instance_6668.graph,3,14,False
instance_4610.graph,5,16,False
instance_2540.graph,5,10,False
instance_917.graph,3,18,False
instance_4335.graph,13,20,True
instance_2893.graph,9,12,True
instance_6971.graph,7,18,True
instance_112.graph,13,16,True
instance_1544.graph,3,12,True
instance_6967.graph,11,12,True
instance_8623.graph,15,18,True
instance_149.graph,7,10,True
instance_7571.graph,7,10,True
instance_9801.graph,5,10,True
instance_2982.graph,5,20,False
instance_1893.graph,11,20,True
instance_1044.graph,9,12,True
instance_1396.graph,13,10,True
instance_8886.graph,5,18,True
instance_3986.graph,5,12,False
instance_8302.graph,9,18,True
instance_1432.graph,7,16,True
instance_4834.graph,7,20,False
instance_3389.graph,13,20,True
instance_2414.graph,3,12,False
instance_9534.graph,3,10,False
instance_7891.graph,7,16,True
instance_5154.graph,7,18,False
instance_6187.graph,11,12,True
instance_4614.graph,7,18,False
instance_3372.graph,11,18,True
instance_1117.graph,13,16,True
instance_8823.graph,13,20,True
instance_215.graph,3,10,False
instance_5697.graph,15,12,True
instance_9388.graph,3,18,True
instance_1710.graph,15,16,True
instance_6708.graph,9,18,True
instance_2616.graph,13,16,True
instance_6403.graph,9,12,True
instance_6610.graph,5,20,False
instance_2371.graph,11,18,True
instance_5693.graph,13,16,True
instance_1741.graph,15,20,True
instance_4169.graph,11,14,True
instance_7860.graph,9,12,True
instance_3250.graph,5,18,True
instance_432.graph,3,18,False
instance_7906.graph,5,14,False
instance_3265.graph,3,20,False
instance_2826.graph,9,12,True
instance_8308.graph,3,12,False
instance_5629.graph,5,16,True
instance_6063.graph,7,20,False
instance_4451.graph,15,14,True
instance_7255.graph,9,20,True
instance_971.graph,13,14,True
instance_7525.graph,7,18,True
instance_6857.graph,15,10,True
instance_3896.graph,5,20,False
instance_4530.graph,5,20,True
instance_5840.graph,15,14,True
instance_1950.graph,3,12,False
instance_1212.graph,11,14,True
instance_6569.graph,15,18,True
instance_9013.graph,15,14,True
instance_6996.graph,5,10,True
instance_9942.graph,9,12,True
instance_526.graph,5,12,True
instance_8748.graph,7,14,True
instance_758.graph,15,14,True
instance_5979.graph,7,14,True
instance_8857.graph,11,16,True
instance_9313.graph,13,12,True
instance_8808.graph,7,20,False
instance_1943.graph,11,20,True
instance_3543.graph,9,18,True
instance_4759.graph,9,20,True
instance_6468.graph,3,12,False
instance_1967.graph,3,18,False
instance_6865.graph,7,14,True
instance_4986.graph,7,20,False
instance_3165.graph,11,16,True
instance_8933.graph,15,10,True
instance_5760.graph,3,12,False
instance_868.graph,7,16,True
instance_7893.graph,5,10,False
instance_2574.graph,3,10,True
instance_9477.graph,13,10,True
instance_3143.graph,13,12,True
instance_3218.graph,3,12,True
instance_6494.graph,9,12,True
instance_9202.graph,3,12,False
instance_5735.graph,5,16,False
instance_7919.graph,5,20,False
instance_3071.graph,11,10,True
instance_6483.graph,15,20,True
instance_7935.graph,9,12,True
instance_5417.graph,7,20,True
instance_6800.graph,13,10,True
instance_4359.graph,11,16,True
instance_9799.graph,13,18,True
instance_7531.graph,7,10,True
instance_9378.graph,11,10,True
instance_920.graph,9,18,True
instance_2499.graph,15,20,True
instance_4538.graph,9,10,True
instance_5959.graph,11,14,True
instance_2649.graph,7,12,True
instance_8188.graph,9,12,True
instance_1238.graph,5,10,True
instance_8455.graph,7,10,True
instance_7484.graph,11,12,True
instance_9933.graph,7,18,False
instance_7861.graph,11,12,True
instance_613.graph,15,14,True
instance_1803.graph,13,18,True
instance_5947.graph,3,12,True
instance_1656.graph,11,20,True
instance_5553.graph,9,18,True
instance_901.graph,3,16,False
instance_7983.graph,3,16,False
instance_5384.graph,13,20,True
instance_3990.graph,3,12,False
instance_5952.graph,5,14,False
instance_1684.graph,11,16,True
instance_1994.graph,13,16,True
instance_2565.graph,9,10,True
instance_9592.graph,9,12,True
instance_5140.graph,11,18,True
instance_1860.graph,11,18,True
instance_6227.graph,7,14,True
instance_6676.graph,11,20,True
instance_455.graph,9,20,True
instance_7021.graph,11,16,True
instance_8586.graph,7,14,True
instance_6349.graph,13,12,True
instance_4631.graph,11,14,True
instance_265.graph,15,16,True
instance_762.graph,5,20,False
instance_3446.graph,15,16,True
instance_7539.graph,15,18,True
instance_4800.graph,5,20,False
instance_426.graph,13,12,True
instance_7103.graph,9,14,True
instance_2076.graph,15,12,True
instance_5636.graph,7,18,True
instance_1176.graph,5,18,True
instance_4469.graph,15,20,True
instance_8018.graph,5,10,False
instance_5666.graph,3,18,False
instance_8700.graph,5,10,False
instance_335.graph,15,12,True
instance_5648.graph,3,12,False
instance_739.graph,9,12,True
instance_274.graph,7,12,True
instance_8462.graph,13,18,True
instance_8145.graph,7,20,False
instance_4843.graph,7,20,True
instance_3779.graph,7,12,True
instance_8685.graph,3,10,False
instance_4915.graph,15,14,True
instance_611.graph,13,18,True
instance_6460.graph,3,10,False
instance_7689.graph,15,10,True
instance_3834.graph,3,10,False
instance_3098.graph,3,18,False
instance_6943.graph,11,12,True
instance_9282.graph,11,14,True
instance_4793.graph,13,10,True
instance_2342.graph,13,18,True
instance_77.graph,5,14,True
instance_4593.graph,15,20,True
instance_2819.graph,7,12,True
instance_871.graph,15,14,True
instance_4727.graph,9,16,True
instance_8430.graph,3,14,False
instance_9563.graph,7,16,True
instance_6026.graph,15,14,True
instance_6367.graph,9,16,True
instance_8131.graph,5,20,True
instance_1093.graph,13,14,True
instance_4601.graph,11,12,True
instance_8710.graph,3,18,True
instance_7027.graph,9,16,True
instance_3012.graph,15,14,True
instance_6010.graph,5,14,True
instance_6711.graph,3,16,False
instance_6682.graph,13,18,True
instance_1562.graph,9,14,True
instance_7343.graph,9,20,True
instance_8792.graph,15,20,True
instance_5421.graph,5,12,True
instance_1160.graph,9,16,True
instance_9819.graph,11,10,True
instance_6201.graph,15,20,True
instance_2627.graph,5,20,False
instance_9105.graph,3,12,False
instance_5344.graph,9,12,True
instance_3665.graph,3,20,False
instance_4985.graph,5,16,True
instance_3215.graph,3,20,False
instance_6978.graph,9,12,True
instance_210.graph,13,16,True
instance_1494.graph,7,12,True
instance_6557.graph,9,14,True
instance_2297.graph,3,16,False
instance_2420.graph,7,14,True
instance_9161.graph,15,14,True
instance_2990.graph,5,10,False
instance_5940.graph,5,10,True
instance_5617.graph,3,12,False
instance_5420.graph,7,20,True
instance_9482.graph,5,10,True
instance_1531.graph,5,20,True
instance_4689.graph,13,14,True
instance_5353.graph,11,18,True
instance_3732.graph,9,20,True
instance_3787.graph,9,20,True
instance_7694.graph,5,12,True
instance_4031.graph,11,18,True
instance_7878.graph,9,18,True
instance_476.graph,7,16,True
instance_9118.graph,13,16,True
instance_6404.graph,3,20,False
instance_5592.graph,7,14,True
instance_7391.graph,7,12,True
instance_8219.graph,11,14,True
instance_9254.graph,7,16,True
instance_1645.graph,11,20,True
instance_3025.graph,15,10,True
instance_7485.graph,7,12,True
instance_2170.graph,15,16,True
instance_9622.graph,3,16,True
instance_733.graph,5,16,False
instance_398.graph,5,16,False
instance_4648.graph,3,18,False
instance_3187.graph,3,18,False
instance_1674.graph,13,14,True
instance_1520.graph,5,16,True
instance_1792.graph,9,20,True
instance_2903.graph,7,10,True
instance_9595.graph,11,20,True
instance_3701.graph,9,10,True
instance_8699.graph,3,16,True
instance_1479.graph,11,10,True
instance_5133.graph,9,16,True
instance_3310.graph,9,14,True
instance_9020.graph,3,18,False
instance_4050.graph,7,16,False
instance_457.graph,11,12,True
instance_7524.graph,13,10,True
instance_5510.graph,13,14,True
instance_7712.graph,3,12,False
instance_5838.graph,5,18,False
instance_7708.graph,11,14,True
instance_2578.graph,15,16,True
instance_9869.graph,13,14,True
instance_5029.graph,9,12,True
instance_8801.graph,5,20,True
instance_8366.graph,3,10,False
instance_1627.graph,11,14,True
instance_3810.graph,7,10,True
instance_1047.graph,9,10,True
instance_2423.graph,3,20,False
instance_2027.graph,3,10,False
instance_7928.graph,13,20,True
instance_5892.graph,15,20,True
instance_5626.graph,15,16,True
instance_6128.graph,3,20,False
instance_4185.graph,15,18,True
instance_2792.graph,9,12,True
instance_8780.graph,9,14,True
instance_8851.graph,13,10,True
instance_1329.graph,5,16,False
instance_5598.graph,5,14,True
instance_9421.graph,9,10,True
instance_2101.graph,13,20,True
instance_9096.graph,15,10,True
instance_4700.graph,15,10,True
instance_3675.graph,5,16,True
instance_9673.graph,9,14,True
instance_5082.graph,9,16,True
instance_9509.graph,3,20,False
instance_9775.graph,15,16,True
instance_6062.graph,11,18,True
instance_5472.graph,7,12,True
instance_5657.graph,9,10,True
instance_8470.graph,15,10,True
instance_4419.graph,13,18,True
instance_4180.graph,15,16,True
instance_460.graph,13,14,True
instance_8179.graph,7,14,True
instance_6487.graph,3,18,False
instance_9472.graph,9,16,True
instance_4511.graph,11,12,True
instance_7181.graph,15,12,True
instance_7183.graph,9,20,True
instance_5463.graph,15,10,True
instance_2829.graph,3,14,True
instance_3324.graph,9,20,True
instance_9347.graph,13,16,True
instance_2954.graph,11,18,True
instance_9635.graph,5,18,False
instance_3003.graph,13,18,True
instance_1517.graph,3,16,False
instance_9104.graph,13,18,True
instance_8936.graph,11,18,True
instance_70.graph,13,10,True
instance_2931.graph,5,14,False
instance_1399.graph,15,18,True
instance_6357.graph,5,10,True
instance_3335.graph,3,18,False
instance_5908.graph,7,18,True
instance_6162.graph,15,12,True
instance_1502.graph,7,12,True
instance_2738.graph,9,16,True
instance_5346.graph,5,18,True
instance_8037.graph,15,16,True
instance_2632.graph,13,12,True
instance_9368.graph,7,10,True
instance_4013.graph,7,20,True
instance_1536.graph,7,10,True
instance_2620.graph,3,20,False
instance_3820.graph,3,10,False
instance_6935.graph,7,12,True
instance_9507.graph,15,14,True
instance_5225.graph,11,12,True
instance_4061.graph,13,12,True
instance_1599.graph,3,18,False
instance_9238.graph,15,18,True
instance_6045.graph,7,20,False
instance_4030.graph,13,16,True
instance_5170.graph,13,18,True
instance_5279.graph,11,18,True
instance_3145.graph,9,12,True
instance_6006.graph,9,10,True
instance_3875.graph,13,20,True
instance_5335.graph,13,20,True
instance_7042.graph,7,20,True
instance_6833.graph,5,14,True
instance_9941.graph,9,10,True
instance_1630.graph,15,10,True
instance_6522.graph,11,18,True
instance_3380.graph,15,12,True
instance_6212.graph,11,10,True
instance_3982.graph,11,10,True
instance_1822.graph,11,18,True
instance_6489.graph,13,14,True
instance_8414.graph,11,14,True
instance_1815.graph,11,10,True
instance_6373.graph,3,18,False
instance_3740.graph,5,16,True
instance_8334.graph,9,20,True
instance_5534.graph,3,20,True
instance_2518.graph,9,16,True
instance_7403.graph,3,10,False
instance_1812.graph,15,18,True
instance_782.graph,7,20,True
instance_6616.graph,11,16,True
instance_7268.graph,3,12,False
instance_8711.graph,13,10,True
instance_8401.graph,3,10,False
instance_3708.graph,3,16,False
instance_642.graph,15,20,True
instance_8785.graph,15,16,True
instance_6374.graph,15,18,True
instance_9362.graph,13,10,True
instance_8934.graph,9,14,True
instance_1025.graph,3,12,True
instance_2483.graph,11,18,True
instance_2932.graph,7,14,True
instance_3823.graph,9,10,True
instance_1847.graph,5,10,False
instance_4730.graph,7,20,True
instance_6426.graph,13,20,True
instance_5882.graph,3,20,False
instance_4504.graph,13,20,True
instance_6474.graph,7,18,True
instance_9158.graph,3,10,False
instance_294.graph,9,12,True
instance_554.graph,5,18,False
instance_4281.graph,3,20,True
instance_8843.graph,3,14,False
instance_5603.graph,5,20,False
instance_6396.graph,3,12,False
instance_9880.graph,9,18,True
instance_9174.graph,11,18,True
instance_7155.graph,7,14,True
instance_5024.graph,9,16,False
instance_1144.graph,9,18,True
instance_8653.graph,5,18,False
instance_1086.graph,7,18,False
instance_4258.graph,11,18,True
instance_1338.graph,7,20,True
instance_5903.graph,13,10,True
instance_5852.graph,5,12,True
instance_7799.graph,7,10,True
instance_1103.graph,13,16,True
instance_1264.graph,9,10,True
instance_8153.graph,3,10,False
instance_5522.graph,7,20,False
instance_7234.graph,7,12,True
instance_8787.graph,3,16,False
instance_9157.graph,11,10,True
instance_816.graph,9,12,True
instance_1857.graph,5,12,False
instance_2780.graph,7,18,True
instance_434.graph,11,14,True
instance_6815.graph,7,10,True
instance_9093.graph,11,18,True
instance_5332.graph,15,12,True
instance_1503.graph,5,16,True
instance_83.graph,3,16,False
instance_163.graph,11,18,True
instance_6570.graph,11,20,True
instance_2555.graph,9,14,True
instance_1660.graph,3,10,True
instance_496.graph,9,20,True
instance_9397.graph,3,18,False
instance_9535.graph,5,16,True
instance_9495.graph,9,20,True
instance_5275.graph,9,20,False
instance_6000.graph,5,12,True
instance_759.graph,7,10,True
instance_3064.graph,5,18,True
instance_2548.graph,13,14,True
instance_5858.graph,13,14,True
instance_9403.graph,15,16,True
instance_6535.graph,7,18,False
instance_373.graph,13,10,True
instance_5254.graph,3,16,True
instance_8232.graph,3,16,False
instance_9417.graph,7,10,True
instance_5769.graph,11,18,True
instance_2341.graph,13,18,True
instance_3593.graph,11,12,True
instance_3168.graph,11,16,True
instance_2085.graph,13,10,True
instance_886.graph,3,12,False
instance_9982.graph,9,18,True
instance_4553.graph,3,12,False
instance_3288.graph,7,20,False
instance_5297.graph,13,10,True
instance_1569.graph,9,20,False
instance_8352.graph,3,14,False
instance_3598.graph,13,16,True
instance_392.graph,9,18,True
instance_9052.graph,15,10,True
instance_1259.graph,13,16,True
instance_5164.graph,15,18,True
instance_1610.graph,5,14,False
instance_1567.graph,5,18,True
instance_9266.graph,3,18,False
instance_236.graph,9,20,True
instance_9625.graph,3,18,False
instance_6194.graph,7,20,True
instance_641.graph,11,16,True
instance_7821.graph,13,12,True
instance_9579.graph,9,12,True
instance_3221.graph,7,16,True
instance_6300.graph,3,20,False
instance_1371.graph,7,20,False
instance_2062.graph,11,14,True
instance_7329.graph,13,14,True
instance_9322.graph,9,10,True
instance_8072.graph,5,12,True
instance_1100.graph,15,10,True
instance_7367.graph,3,20,False
instance_4434.graph,3,20,False
instance_7874.graph,7,18,True
instance_4089.graph,7,12,True
instance_5725.graph,3,16,True
instance_7646.graph,9,10,True
instance_7405.graph,5,10,False
instance_3992.graph,11,12,True
instance_7126.graph,15,14,True
instance_4813.graph,15,18,True
instance_3258.graph,15,12,True
instance_3022.graph,15,16,True
instance_3742.graph,3,18,False
instance_4228.graph,5,14,False
instance_6340.graph,7,14,True
instance_2906.graph,13,10,True
instance_1448.graph,15,16,True
instance_8014.graph,5,16,False
instance_824.graph,11,20,True
instance_286.graph,7,16,True
instance_5107.graph,11,16,True
instance_8612.graph,7,14,True
instance_6734.graph,3,10,False
instance_5482.graph,15,16,True
instance_2057.graph,7,20,False
instance_2872.graph,11,10,True
instance_7773.graph,7,14,True
instance_5166.graph,15,16,True
instance_5142.graph,3,18,False
instance_5796.graph,7,16,True
instance_5742.graph,13,10,True
instance_2502.graph,15,12,True
instance_3756.graph,7,10,True
instance_4142.graph,11,10,True
instance_4668.graph,13,10,True
instance_5685.graph,15,10,True
instance_3251.graph,9,16,True
instance_3186.graph,11,16,True
instance_5394.graph,15,12,True
instance_1644.graph,15,16,True
instance_359.graph,11,10,True
instance_944.graph,11,10,True
instance_874.graph,7,18,True
instance_3793.graph,5,18,False
instance_4652.graph,3,12,False
instance_1835.graph,13,20,True
instance_8978.graph,9,10,True
instance_8928.graph,5,14,True
instance_180.graph,13,12,True
instance_1282.graph,5,10,True
instance_7088.graph,9,18,True
instance_2589.graph,3,10,False
instance_9978.graph,15,18,True
instance_1665.graph,3,18,False
instance_4839.graph,15,12,True
instance_6880.graph,3,20,False
instance_4840.graph,3,16,False
instance_3001.graph,5,14,False
instance_3919.graph,13,18,True
instance_8517.graph,15,18,True
instance_4143.graph,15,18,True
instance_3485.graph,7,10,True
instance_3667.graph,13,12,True
instance_3786.graph,5,18,True
instance_9717.graph,13,16,True
instance_1219.graph,5,18,False
instance_2765.graph,9,10,True
instance_4446.graph,3,20,False
instance_7926.graph,5,10,True
instance_795.graph,9,16,True
instance_501.graph,13,20,True
instance_8658.graph,7,12,True
instance_8358.graph,5,12,True
instance_401.graph,9,16,True
instance_1638.graph,15,20,True
instance_3094.graph,9,18,True
instance_6582.graph,7,20,False
instance_8925.graph,11,10,True
instance_4712.graph,7,16,True
instance_3899.graph,3,20,False
instance_8100.graph,15,16,True
instance_563.graph,13,18,True
instance_6433.graph,3,12,True
instance_893.graph,5,18,False
instance_4292.graph,13,12,True
instance_9791.graph,11,10,True
instance_7936.graph,11,20,True
instance_1591.graph,5,18,True
instance_5750.graph,7,20,True
instance_4028.graph,9,20,True
instance_1952.graph,7,20,True
instance_6253.graph,5,16,False
instance_7669.graph,3,12,False
instance_506.graph,9,16,True
instance_9304.graph,9,14,True
instance_8509.graph,7,18,True
instance_4590.graph,3,20,False
instance_4136.graph,11,20,True
instance_5352.graph,13,20,True
instance_7508.graph,11,14,True
instance_6479.graph,5,10,True
instance_8692.graph,5,12,True
instance_3999.graph,15,16,True
instance_1019.graph,5,10,True
instance_4961.graph,3,20,False
instance_9186.graph,7,20,True
instance_4263.graph,5,10,True
instance_5564.graph,15,20,True
instance_6588.graph,15,12,True
instance_783.graph,5,18,True
instance_7771.graph,9,18,True
instance_9903.graph,9,12,True
instance_6481.graph,11,12,True
instance_2469.graph,3,14,True
instance_7912.graph,5,16,True
instance_5987.graph,7,16,True
instance_7870.graph,3,10,False
instance_296.graph,7,10,True
instance_6477.graph,9,20,False
instance_7018.graph,11,14,True
instance_8052.graph,7,12,True
instance_5004.graph,7,14,True
instance_9221.graph,15,16,True
instance_1722.graph,11,16,True
instance_8558.graph,11,12,True
instance_7116.graph,11,20,True
instance_7597.graph,9,12,True
instance_4293.graph,11,18,True
instance_6834.graph,13,20,True
instance_757.graph,9,16,True
instance_4744.graph,3,12,False
instance_4368.graph,3,14,False
instance_7032.graph,7,14,True
instance_2276.graph,5,16,True
instance_2639.graph,7,18,True
instance_4322.graph,5,18,False
instance_7727.graph,15,14,True
instance_6244.graph,15,16,True
instance_3969.graph,5,16,False
instance_6716.graph,13,16,True
instance_9508.graph,15,10,True
instance_3913.graph,11,14,True
instance_152.graph,9,16,True
instance_8415.graph,3,18,False
instance_667.graph,13,10,True
instance_1978.graph,7,10,True
instance_6271.graph,3,18,False
instance_2217.graph,3,12,False
instance_4312.graph,3,18,True
instance_3006.graph,11,20,True
instance_9465.graph,11,16,True
instance_48.graph,5,18,False
instance_6176.graph,7,18,False
instance_7779.graph,9,12,True
instance_8973.graph,7,20,True
instance_3636.graph,9,12,True
instance_1827.graph,11,14,True
instance_2339.graph,11,20,True
instance_8841.graph,5,12,True
instance_1897.graph,5,16,False
instance_7543.graph,3,18,False
instance_3500.graph,15,16,True
instance_587.graph,3,20,False
instance_6544.graph,7,12,True
instance_1940.graph,5,20,False
instance_7480.graph,9,20,True
instance_5918.graph,13,12,True
instance_8461.graph,13,12,True
instance_8257.graph,15,12,True
instance_850.graph,3,16,False
instance_157.graph,5,18,False
instance_5280.graph,3,14,False
instance_8677.graph,5,12,True
instance_9010.graph,13,10,True
instance_9945.graph,7,16,True
instance_3668.graph,9,20,True
instance_3279.graph,13,20,True
instance_6801.graph,9,10,True
instance_8864.graph,5,16,True
instance_9722.graph,7,12,True
instance_6337.graph,11,14,True
instance_8208.graph,9,18,True
instance_3356.graph,7,18,False
instance_2378.graph,9,10,True
instance_8995.graph,13,16,True
instance_2697.graph,7,20,True
instance_7144.graph,5,10,True
instance_8917.graph,15,16,True
instance_4585.graph,7,18,True
instance_9453.graph,5,18,False
instance_2084.graph,11,16,True
instance_7590.graph,7,20,False
instance_8121.graph,3,18,False
instance_2806.graph,3,18,True
instance_9994.graph,9,10,True
instance_6071.graph,11,12,True
instance_8974.graph,11,10,True
instance_870.graph,9,12,True
instance_248.graph,13,16,True
instance_470.graph,5,10,True
instance_4561.graph,9,20,False
instance_4291.graph,3,16,False
instance_3824.graph,5,18,False
instance_1265.graph,11,10,True
instance_7136.graph,9,10,True
instance_2104.graph,9,12,True
instance_926.graph,15,20,True
instance_5252.graph,15,16,True
instance_8918.graph,15,12,True
instance_3546.graph,7,16,True
instance_5039.graph,3,10,True
instance_708.graph,7,10,True
instance_2692.graph,9,14,True
instance_9709.graph,5,16,False
instance_1618.graph,7,20,True
instance_4002.graph,9,20,False
instance_3865.graph,11,10,True
instance_370.graph,11,10,True
instance_9351.graph,13,16,True
instance_8972.graph,13,10,True
instance_885.graph,15,14,True
instance_3816.graph,13,12,True
instance_6362.graph,11,12,True
instance_1553.graph,11,18,True
instance_4998.graph,3,20,True
instance_1038.graph,7,10,True
instance_3355.graph,5,18,False
instance_6651.graph,15,10,True
instance_5212.graph,15,18,True
instance_873.graph,15,12,True
instance_7851.graph,13,10,True
instance_1140.graph,15,14,True
instance_3050.graph,11,18,True
instance_6882.graph,13,12,True
instance_9766.graph,13,14,True
instance_3814.graph,13,10,True
instance_991.graph,13,12,True
instance_8549.graph,11,20,True
instance_7050.graph,13,20,True
instance_1733.graph,3,12,True
instance_2898.graph,7,12,True
instance_9279.graph,7,12,True
instance_8604.graph,13,12,True
instance_3287.graph,3,20,False
instance_725.graph,3,10,False
instance_2330.graph,5,14,True
instance_5190.graph,13,12,True
instance_5220.graph,3,20,False
instance_4037.graph,9,18,False
instance_129.graph,3,18,False
instance_1024.graph,15,10,True
instance_8485.graph,3,20,False
instance_8177.graph,15,20,True
instance_9100.graph,5,10,True
instance_9308.graph,13,10,True
instance_5357.graph,7,10,True
instance_3099.graph,9,10,True
instance_4526.graph,9,12,True
instance_9614.graph,15,20,True
instance_5094.graph,3,12,True
instance_2106.graph,7,16,True
instance_7254.graph,3,18,False
instance_4209.graph,3,14,True
instance_2687.graph,7,16,True
instance_1969.graph,5,16,True
instance_2270.graph,5,14,False
instance_504.graph,15,16,True
instance_1411.graph,9,10,True
instance_290.graph,9,18,True
instance_6046.graph,15,18,True
instance_3499.graph,5,10,True
instance_7327.graph,13,18,True
instance_6783.graph,9,20,True
instance_863.graph,11,18,True
instance_4026.graph,7,10,True
instance_4737.graph,9,14,True
instance_5391.graph,13,10,True
instance_4987.graph,11,14,True
instance_2355.graph,7,14,True
instance_7683.graph,7,10,True
instance_9910.graph,5,10,True
instance_5291.graph,13,20,True
instance_2180.graph,15,12,True
instance_4224.graph,13,14,True
instance_9570.graph,11,20,True
instance_9839.graph,3,20,False
instance_75.graph,9,16,False
instance_3955.graph,7,12,True
instance_2789.graph,5,10,True
instance_7827.graph,3,14,False
instance_4316.graph,5,18,True
instance_3188.graph,11,12,True
instance_4923.graph,11,12,True
instance_8704.graph,13,10,True
instance_832.graph,11,20,True
instance_5901.graph,11,12,True
instance_268.graph,3,18,False
instance_9003.graph,3,18,False
instance_5448.graph,13,12,True
instance_4922.graph,3,20,False
instance_4971.graph,7,16,True
instance_4233.graph,7,10,True
instance_9890.graph,7,16,False
instance_3946.graph,13,20,True
instance_5554.graph,13,12,True
instance_2203.graph,13,18,True
instance_3084.graph,5,18,True
instance_5021.graph,15,18,True
instance_9951.graph,15,18,True
instance_2558.graph,3,18,False
instance_4792.graph,3,16,False
instance_5745.graph,11,12,True
instance_732.graph,15,20,True
instance_1173.graph,13,16,True
instance_4861.graph,11,16,True
instance_3028.graph,5,20,True
instance_1472.graph,11,12,True
instance_8747.graph,15,16,True
instance_3276.graph,15,16,True
instance_3408.graph,9,12,True
instance_3095.graph,11,14,True
instance_3476.graph,15,16,True
instance_6425.graph,5,20,False
instance_2550.graph,13,12,True
instance_9719.graph,13,14,True
instance_5537.graph,13,14,True
instance_8817.graph,9,10,True
instance_6043.graph,15,10,True
instance_7446.graph,15,20,True
instance_6514.graph,7,10,True
instance_5677.graph,5,20,True
instance_5206.graph,9,10,True
instance_2325.graph,9,18,True
instance_562.graph,13,20,True
instance_9053.graph,15,14,True
instance_2596.graph,3,12,False
instance_5479.graph,11,20,True
instance_7199.graph,15,18,True
instance_3792.graph,15,16,True
instance_2855.graph,7,18,True
instance_2490.graph,3,14,True
instance_1500.graph,15,14,True
instance_976.graph,15,14,True
instance_2709.graph,11,20,True
instance_7901.graph,7,10,True
instance_4424.graph,5,12,True
instance_7137.graph,3,14,False
instance_4333.graph,15,20,True
instance_7421.graph,11,12,True
instance_7677.graph,11,14,True
instance_7180.graph,3,18,True
instance_8956.graph,11,10,True
instance_4770.graph,13,20,True
instance_5584.graph,13,16,True
instance_5244.graph,15,14,True
instance_623.graph,5,10,False
instance_6074.graph,13,20,True
instance_4506.graph,13,14,True
instance_8396.graph,13,12,True
instance_3719.graph,9,10,True
instance_8090.graph,3,16,True
instance_6354.graph,9,12,True
instance_9843.graph,11,10,True
instance_7189.graph,15,12,True
instance_1030.graph,15,10,True
instance_2799.graph,7,20,True
instance_68.graph,13,20,True
instance_1738.graph,9,18,True
instance_7501.graph,13,12,True
instance_2442.graph,9,14,True
instance_4117.graph,11,20,True
instance_7497.graph,7,16,True
instance_2844.graph,5,16,True
instance_3244.graph,5,12,True
instance_2964.graph,15,20,True
instance_802.graph,11,18,True
instance_1383.graph,13,10,True
instance_6024.graph,5,12,True
instance_328.graph,9,20,True
instance_7911.graph,9,16,True
instance_1203.graph,5,12,True
instance_3286.graph,7,20,True
instance_7842.graph,15,18,True
instance_6061.graph,5,20,False
instance_7735.graph,7,16,False
instance_8593.graph,11,20,True
instance_7940.graph,13,14,True
instance_4814.graph,13,12,True
instance_7959.graph,13,12,True
instance_7650.graph,11,16,True
instance_1459.graph,9,16,True
instance_9546.graph,7,14,True
instance_2097.graph,3,10,False
instance_3284.graph,7,10,True
instance_6258.graph,11,10,True
instance_4582.graph,9,20,True
instance_2369.graph,15,16,True
instance_8726.graph,11,16,True
instance_6873.graph,3,16,False
instance_9066.graph,3,16,False
instance_2834.graph,13,16,True
instance_6028.graph,7,20,True
instance_216.graph,13,12,True
instance_5883.graph,9,10,True
instance_3513.graph,13,18,True
instance_6379.graph,7,10,True
instance_6207.graph,3,18,False
instance_9608.graph,15,10,True
instance_3364.graph,5,14,True
instance_5558.graph,5,20,False
instance_5516.graph,11,10,True
instance_2055.graph,5,12,True
instance_3056.graph,3,14,False
instance_1846.graph,9,16,True
instance_5924.graph,15,18,True
instance_5273.graph,7,12,True
instance_7548.graph,5,12,True
instance_7302.graph,15,20,True
instance_9922.graph,7,20,True
instance_1246.graph,11,12,True
instance_1447.graph,13,10,True
instance_5054.graph,7,12,False
instance_737.graph,3,10,False
instance_7352.graph,11,16,True
instance_1603.graph,13,18,True
instance_8343.graph,11,14,True
instance_6571.graph,11,10,True
instance_3856.graph,15,20,True
instance_8359.graph,5,12,True
instance_4320.graph,15,18,True
instance_9396.graph,3,16,False
instance_962.graph,7,14,False
instance_3256.graph,9,16,True
instance_35.graph,15,18,True
instance_2050.graph,15,18,True
instance_1958.graph,5,20,True
instance_743.graph,11,20,True
instance_9132.graph,9,20,True
instance_4014.graph,11,18,True
instance_4842.graph,11,10,True
instance_9212.graph,15,20,True
instance_291.graph,13,20,True
instance_4468.graph,13,10,True
instance_2626.graph,7,20,True
instance_4755.graph,5,12,True
instance_1964.graph,15,20,True
instance_1032.graph,15,16,True
instance_2623.graph,9,10,True
instance_356.graph,9,20,True
instance_1587.graph,11,10,True
instance_4219.graph,3,10,True
instance_9930.graph,5,10,True
instance_3174.graph,7,10,True
instance_7237.graph,11,14,True
instance_8665.graph,15,16,True
instance_2486.graph,7,18,True
instance_7801.graph,7,12,False
instance_7227.graph,11,18,True
instance_8158.graph,15,14,True
instance_1489.graph,3,16,False
instance_5895.graph,7,18,True
instance_1784.graph,9,10,True
instance_62.graph,3,18,False
instance_2401.graph,5,10,True
instance_7104.graph,7,16,True
instance_7599.graph,15,16,True
instance_734.graph,15,20,True
instance_3210.graph,11,20,True
instance_8673.graph,11,18,True
instance_4780.graph,15,16,True
instance_711.graph,9,18,False
instance_3605.graph,15,12,True
instance_9603.graph,15,14,True
instance_6894.graph,13,12,True
instance_4326.graph,3,10,True
instance_2791.graph,7,20,False
instance_776.graph,3,16,False
instance_2739.graph,7,16,True
instance_5706.graph,9,16,True
instance_7472.graph,9,20,False
instance_2362.graph,13,20,True
instance_6259.graph,9,10,True
instance_1428.graph,5,18,True
instance_6699.graph,13,14,True
instance_8292.graph,15,10,True
instance_2569.graph,15,18,True
instance_1304.graph,15,16,True
instance_9200.graph,3,16,True
instance_4140.graph,9,10,True
instance_6140.graph,15,12,True
instance_1788.graph,3,12,False
instance_9418.graph,15,12,True
instance_8600.graph,13,10,True
instance_8312.graph,3,14,False
instance_4573.graph,7,16,True
instance_2480.graph,3,20,True
instance_8173.graph,15,10,True
instance_1764.graph,7,12,True
instance_3535.graph,7,10,True
instance_2567.graph,13,14,True
instance_2501.graph,3,12,False
instance_4252.graph,13,18,True
instance_8767.graph,3,12,False
instance_7051.graph,5,18,False
instance_6605.graph,7,10,True
instance_2468.graph,7,14,False
instance_4482.graph,15,14,True
instance_1306.graph,5,16,True
instance_9821.graph,5,14,True
instance_3261.graph,13,16,True
instance_8880.graph,7,18,True
instance_2139.graph,13,20,True
instance_102.graph,5,12,False
instance_8445.graph,5,16,True
instance_5018.graph,7,10,True
instance_7981.graph,5,20,True
instance_5261.graph,5,10,False
instance_1813.graph,5,16,False
instance_9372.graph,9,18,True
instance_4630.graph,11,10,True
instance_6735.graph,9,14,True
instance_307.graph,15,20,True
instance_3425.graph,7,12,True
instance_7671.graph,15,10,True
instance_4065.graph,9,18,True
instance_7823.graph,11,10,True
instance_7041.graph,13,16,True
instance_345.graph,5,14,True
instance_7809.graph,15,12,True
instance_6998.graph,9,10,True
instance_6495.graph,5,18,False
instance_8878.graph,9,16,True
instance_5300.graph,11,10,True
instance_2776.graph,13,14,True
instance_6627.graph,11,12,True
instance_5487.graph,11,18,True
instance_3435.graph,13,10,True
instance_1621.graph,15,12,True
instance_1045.graph,13,20,True
instance_5067.graph,13,18,True
instance_9619.graph,7,10,True
instance_1228.graph,5,10,True
instance_8326.graph,7,16,True
instance_7245.graph,7,16,True
instance_1970.graph,7,12,True
instance_1194.graph,11,20,True
instance_1043.graph,7,18,True
instance_2778.graph,9,14,True
instance_1773.graph,15,16,True
instance_9835.graph,7,20,True
instance_3061.graph,11,12,True
instance_3271.graph,13,16,True
instance_130.graph,7,18,False
instance_5653.graph,11,12,True
instance_4547.graph,3,10,False
instance_7150.graph,11,20,True
instance_2301.graph,9,14,True
instance_3333.graph,5,12,True
instance_4510.graph,13,14,True
instance_478.graph,3,14,False
instance_5476.graph,13,10,True
instance_7896.graph,3,18,False
instance_692.graph,11,10,True
instance_5896.graph,11,10,True
instance_9708.graph,11,18,True
instance_7624.graph,5,14,True
instance_3697.graph,9,18,True
instance_1199.graph,11,20,True
instance_5245.graph,5,18,False
instance_9209.graph,5,20,True
instance_5350.graph,15,20,True
instance_3776.graph,9,18,True
instance_4199.graph,13,18,True
instance_1783.graph,11,16,True
instance_9353.graph,7,14,False
instance_5785.graph,3,16,False
instance_2917.graph,3,10,False
instance_7316.graph,5,14,True
instance_2798.graph,11,20,True
instance_7990.graph,3,14,False
instance_6183.graph,3,16,False
instance_9288.graph,3,12,True
instance_8518.graph,15,16,True
instance_3892.graph,15,12,True
instance_9587.graph,3,18,False
instance_6666.graph,5,12,True
instance_8291.graph,3,14,False
instance_5738.graph,15,14,True
instance_6068.graph,15,10,True
instance_5314.graph,9,12,True
instance_2370.graph,3,16,False
instance_774.graph,3,14,True
instance_4051.graph,7,18,True
instance_4098.graph,3,16,False
instance_4640.graph,3,18,True
instance_8286.graph,5,14,False
instance_7962.graph,15,12,True
instance_4748.graph,3,20,False
instance_913.graph,9,10,True
instance_6305.graph,9,18,True
instance_6343.graph,7,16,False
instance_4472.graph,3,18,False
instance_3421.graph,15,16,True
instance_2271.graph,7,16,True
instance_6623.graph,3,18,False
instance_9258.graph,13,14,True
instance_1532.graph,7,12,True
instance_586.graph,3,20,False
instance_1635.graph,9,10,True
instance_281.graph,7,10,True
instance_6157.graph,15,16,True
instance_59.graph,13,12,True
instance_4550.graph,15,10,True
instance_4667.graph,7,10,True
instance_6568.graph,5,10,True
instance_9117.graph,7,16,False
instance_3712.graph,15,16,True
instance_2029.graph,9,20,False
instance_1699.graph,5,14,False
instance_1876.graph,7,16,True
instance_3505.graph,15,18,True
instance_2877.graph,3,16,False
instance_9533.graph,13,14,True
instance_411.graph,7,12,True
instance_2061.graph,9,14,True
instance_6196.graph,11,18,True
instance_2288.graph,3,18,False
instance_3211.graph,3,10,True
instance_6656.graph,13,14,True
instance_2013.graph,15,16,True
instance_4444.graph,15,18,True
instance_1693.graph,5,20,False
instance_4875.graph,3,16,False
instance_2181.graph,15,12,True
instance_9893.graph,9,10,True
instance_5752.graph,3,18,False
instance_385.graph,9,10,True
instance_6240.graph,9,14,True
instance_4666.graph,11,10,True
instance_7682.graph,11,10,True
instance_3067.graph,3,12,False
instance_6982.graph,13,20,True
instance_1879.graph,3,20,False
instance_4618.graph,7,10,True
instance_3011.graph,15,12,True
instance_8736.graph,9,18,True
instance_4584.graph,15,20,True
instance_3829.graph,3,20,False
instance_1201.graph,7,12,True
instance_2323.graph,3,20,False
instance_6798.graph,13,18,True
instance_9958.graph,15,18,True
instance_5651.graph,9,14,True
instance_2823.graph,15,14,True
instance_1353.graph,11,12,True
instance_1933.graph,7,14,True
instance_839.graph,15,18,True
instance_559.graph,15,10,True
instance_4970.graph,13,14,True
instance_2464.graph,13,18,True
instance_5741.graph,9,16,True
instance_1272.graph,5,12,True
instance_4533.graph,5,20,True
instance_644.graph,9,16,True
instance_6941.graph,9,10,True
instance_5056.graph,15,16,True
instance_3217.graph,3,18,False
instance_5117.graph,11,20,True
instance_9259.graph,15,20,True
instance_947.graph,7,12,True
instance_6896.graph,3,14,False
instance_6725.graph,15,20,True
instance_3588.graph,5,12,True
instance_6449.graph,15,16,True
instance_4421.graph,15,16,True
instance_2821.graph,9,16,True
instance_1414.graph,3,12,False
instance_9114.graph,13,20,True
instance_166.graph,9,12,True
instance_9998.graph,15,10,True
instance_8132.graph,15,16,True
instance_6818.graph,5,10,True
instance_2047.graph,9,20,True
instance_4676.graph,3,16,True
instance_2545.graph,11,16,True
instance_8815.graph,5,18,True
instance_6689.graph,11,18,True
instance_251.graph,13,16,True
instance_9227.graph,15,16,True
instance_2353.graph,3,18,False
instance_9912.graph,11,14,True
instance_7312.graph,15,10,True
instance_6999.graph,3,16,False
instance_2737.graph,3,14,True
instance_446.graph,5,16,True
instance_8395.graph,13,12,True
instance_3358.graph,9,18,True
instance_2891.graph,9,14,True
instance_3536.graph,3,14,False
instance_4392.graph,5,12,True
instance_2752.graph,5,18,True
instance_3153.graph,15,10,True
instance_342.graph,11,10,True
instance_9471.graph,15,16,True
instance_8941.graph,13,20,True
instance_5060.graph,9,12,True
instance_5096.graph,9,18,False
instance_3130.graph,15,16,True
instance_4225.graph,11,20,True
instance_2767.graph,5,16,False
instance_6991.graph,13,20,True
instance_9558.graph,11,20,True
instance_8215.graph,3,14,False
instance_4633.graph,11,10,True
instance_4020.graph,13,12,True
instance_5341.graph,13,10,True
instance_579.graph,15,14,True
instance_6975.graph,9,12,True
instance_1404.graph,3,10,True
instance_7875.graph,15,10,True
instance_5372.graph,11,12,True
instance_3509.graph,15,20,True
instance_2437.graph,9,18,True
instance_9812.graph,9,12,True
instance_7186.graph,11,10,True
instance_5825.graph,13,16,True
instance_1909.graph,13,14,True
instance_592.graph,11,10,True
instance_4535.graph,15,20,True
instance_2332.graph,11,12,True
instance_1393.graph,7,16,True
instance_7030.graph,3,12,False
instance_4074.graph,15,10,True
instance_8275.graph,3,10,False
instance_5743.graph,9,20,True
instance_3604.graph,3,18,False
instance_419.graph,5,18,True
instance_8712.graph,15,20,True
instance_3100.graph,5,16,True
instance_1236.graph,13,18,True
instance_9937.graph,13,12,True
instance_7044.graph,5,20,False
instance_8170.graph,3,16,False
instance_6518.graph,9,12,True
instance_1075.graph,5,16,True
instance_2182.graph,9,14,True
instance_9720.graph,7,20,False
instance_5638.graph,9,20,True
instance_9124.graph,11,10,True
instance_2613.graph,5,14,False
instance_4902.graph,15,10,True
instance_2542.graph,13,10,True
instance_3734.graph,9,10,True
instance_1880.graph,13,18,True
instance_469.graph,13,14,True
instance_5970.graph,13,18,True
instance_651.graph,13,10,True
instance_5829.graph,9,16,True
instance_500.graph,7,16,False
instance_1311.graph,7,12,True
instance_4821.graph,7,16,False
instance_4981.graph,3,14,False
instance_8045.graph,5,18,True
instance_4521.graph,13,14,True
instance_595.graph,13,14,True
instance_3328.graph,15,20,True
instance_5137.graph,5,20,False
instance_1213.graph,11,18,True
instance_9037.graph,15,18,True
instance_8529.graph,3,16,False
instance_4330.graph,13,16,True
instance_4587.graph,11,20,True
instance_731.graph,13,20,True
instance_7521.graph,11,18,True
instance_5425.graph,15,10,True
instance_1786.graph,11,18,True
instance_6331.graph,3,10,False
instance_3027.graph,3,12,False
instance_7917.graph,13,18,True
instance_1377.graph,9,12,True
instance_9324.graph,7,10,True
instance_7547.graph,15,14,True
instance_3784.graph,3,14,True
instance_2746.graph,9,12,True
instance_1474.graph,15,10,True
instance_2583.graph,7,14,False
instance_1936.graph,7,14,True
instance_4474.graph,13,10,True
instance_4058.graph,7,18,False
instance_8077.graph,5,12,True
instance_8393.graph,7,16,True
instance_8067.graph,5,12,True
instance_5110.graph,11,14,True
instance_7972.graph,7,16,True
instance_3214.graph,5,14,False
instance_1774.graph,5,14,False
instance_4369.graph,9,16,True
instance_2874.graph,7,12,True
instance_4097.graph,5,12,False
instance_1913.graph,5,18,False
instance_5671.graph,15,20,True
instance_1961.graph,5,20,True
instance_9237.graph,9,10,True
instance_9071.graph,9,12,True
instance_5217.graph,7,14,True
instance_3733.graph,15,12,True
instance_4862.graph,3,10,True
instance_7193.graph,15,16,True
instance_8508.graph,15,14,True
instance_3883.graph,13,16,True
instance_876.graph,13,20,True
instance_7420.graph,11,18,True
instance_2415.graph,5,18,True
instance_4774.graph,13,20,True
instance_7657.graph,7,10,True
instance_6886.graph,3,18,False
instance_4734.graph,11,16,True
instance_8154.graph,13,20,True
instance_5159.graph,5,12,True
instance_7696.graph,7,14,True
instance_8714.graph,15,18,True
instance_4706.graph,15,20,True
instance_9270.graph,3,20,True
instance_6329.graph,15,18,True
instance_7956.graph,13,18,True
instance_7670.graph,3,10,False
instance_3160.graph,3,12,True
instance_6778.graph,15,16,True
instance_8912.graph,13,10,True
instance_341.graph,11,18,True
instance_8746.graph,11,14,True
instance_1735.graph,9,16,True
instance_8103.graph,9,20,False
instance_4440.graph,11,20,True
instance_3241.graph,15,14,True
instance_959.graph,3,16,False
instance_7139.graph,9,12,True
instance_8520.graph,5,12,True
instance_2402.graph,7,20,True
instance_36.graph,3,14,True
instance_8011.graph,3,16,False
instance_5032.graph,13,12,True
instance_2547.graph,15,14,True
instance_7714.graph,13,20,True
instance_1444.graph,9,20,True
instance_2508.graph,5,12,True
instance_2659.graph,3,18,True
instance_986.graph,7,10,True
instance_4093.graph,3,20,False
instance_3270.graph,11,14,True
instance_5673.graph,15,10,True
instance_7396.graph,7,12,True
instance_4477.graph,7,10,True
instance_8707.graph,9,14,True
instance_6144.graph,15,10,True
instance_8944.graph,13,16,True
instance_6520.graph,15,14,True
instance_5196.graph,15,20,True
instance_4290.graph,15,18,True
instance_983.graph,11,20,True
instance_1577.graph,5,14,False
instance_7829.graph,5,14,True
instance_4172.graph,5,14,False
instance_6993.graph,13,18,True
instance_367.graph,3,10,False
instance_3541.graph,13,20,True
instance_2100.graph,3,14,False
instance_2430.graph,5,10,True
instance_3620.graph,9,18,True
instance_9997.graph,5,14,True
instance_4080.graph,9,16,True
instance_8796.graph,15,16,True
instance_6050.graph,11,18,True
instance_654.graph,13,20,True
instance_230.graph,7,20,True
instance_1430.graph,13,14,True
instance_9046.graph,9,18,True
instance_2398.graph,5,18,False
instance_4948.graph,13,12,True
instance_3890.graph,3,16,False
instance_7636.graph,11,12,True
instance_7270.graph,3,14,False
instance_560.graph,9,20,True
instance_84.graph,15,20,True
instance_687.graph,15,16,True
instance_2744.graph,11,14,True
instance_9274.graph,13,20,True
instance_1712.graph,5,20,False
instance_399.graph,13,10,True
instance_3255.graph,3,12,True
instance_6962.graph,15,20,True
instance_4634.graph,5,12,True
instance_9030.graph,15,14,True
instance_7672.graph,5,12,True
instance_2462.graph,7,12,True
instance_7647.graph,5,10,True
instance_949.graph,13,14,True
instance_2024.graph,13,16,True
instance_2312.graph,3,20,False
instance_7086.graph,15,18,True
instance_6887.graph,7,16,True
instance_4091.graph,15,16,True
instance_7516.graph,13,16,True
instance_2412.graph,3,14,False
instance_3981.graph,13,12,True
instance_7952.graph,11,18,True
instance_9617.graph,7,18,True
instance_6516.graph,7,20,True
instance_4439.graph,9,10,True
instance_2305.graph,13,12,True
instance_3057.graph,15,18,True
instance_2996.graph,13,12,True
instance_5589.graph,15,18,True
instance_337.graph,15,12,True
instance_7617.graph,13,18,True
instance_3720.graph,9,18,True
instance_8506.graph,15,18,True
instance_8277.graph,7,10,True
instance_5530.graph,9,12,True
instance_4942.graph,11,10,True
instance_3633.graph,15,14,True
instance_5382.graph,13,14,True
instance_8607.graph,5,18,True
instance_2238.graph,3,20,False
instance_7605.graph,15,16,True
instance_8499.graph,15,16,True
instance_5845.graph,7,12,True
instance_3851.graph,13,14,True
instance_6643.graph,15,10,True
instance_1651.graph,3,10,False
instance_1090.graph,9,16,True
instance_7753.graph,13,18,True
instance_4181.graph,13,14,True
instance_6448.graph,9,16,True
instance_3228.graph,11,12,True
instance_4306.graph,13,16,True
instance_666.graph,9,16,True
instance_9871.graph,5,16,True
instance_7693.graph,9,10,True
instance_1916.graph,3,10,True
instance_583.graph,7,18,True
instance_5529.graph,5,12,True
instance_9904.graph,11,16,True
instance_4499.graph,13,20,True
instance_5200.graph,3,20,False
instance_6293.graph,7,10,True
instance_8891.graph,7,16,False
instance_8577.graph,11,10,True
instance_9382.graph,15,20,True
instance_3575.graph,7,14,True
instance_3889.graph,7,12,True
instance_6003.graph,13,14,True
instance_1254.graph,7,16,True
instance_6158.graph,7,12,True
instance_5499.graph,11,20,True
instance_4092.graph,3,18,False
instance_175.graph,3,16,False
instance_1247.graph,15,10,True
instance_3753.graph,13,16,True
instance_138.graph,9,12,True
instance_5867.graph,5,16,False
instance_4388.graph,13,10,True
instance_2337.graph,13,18,True
instance_8007.graph,5,16,True
instance_6724.graph,15,16,True
instance_9407.graph,9,10,True
instance_9225.graph,5,12,False
instance_44.graph,5,16,True
instance_6832.graph,9,16,True
instance_1551.graph,11,18,True
instance_7440.graph,13,10,True
instance_6378.graph,11,16,True
instance_1380.graph,15,20,True
instance_8438.graph,7,10,True
instance_8923.graph,13,14,True
instance_2700.graph,5,12,False
instance_616.graph,11,10,True
instance_7642.graph,3,12,False
instance_7410.graph,5,16,False
instance_7220.graph,11,14,True
instance_7730.graph,9,12,True
instance_4935.graph,15,12,True
instance_6642.graph,7,18,True
instance_7961.graph,9,18,True
instance_3407.graph,5,10,True
instance_5242.graph,15,14,True
instance_5807.graph,11,10,True
instance_9173.graph,3,12,True
instance_5369.graph,11,14,True
instance_3291.graph,5,10,True
instance_2251.graph,7,10,True
instance_1484.graph,15,12,True
instance_5172.graph,5,20,False
instance_1642.graph,5,20,False
instance_9684.graph,5,10,True
instance_9189.graph,13,10,True
instance_6836.graph,7,10,True
instance_8538.graph,9,16,True
instance_5539.graph,11,20,True
instance_3626.graph,7,18,True
instance_4033.graph,13,18,True
instance_8036.graph,11,20,True
instance_9409.graph,3,10,False
instance_205.graph,13,16,True
instance_9789.graph,11,20,True
instance_8947.graph,11,10,True
instance_7160.graph,11,10,True
instance_3313.graph,15,18,True
instance_1598.graph,15,16,True
instance_1300.graph,9,14,True
instance_8223.graph,7,14,True
instance_8966.graph,7,10,True
instance_1781.graph,7,10,True
instance_1589.graph,9,10,True
instance_1770.graph,11,14,True
instance_9759.graph,13,20,True
instance_1797.graph,3,14,False
instance_5704.graph,9,18,True
instance_3769.graph,13,14,True
instance_4686.graph,15,16,True
instance_9884.graph,15,20,True
instance_1475.graph,9,10,True
instance_7645.graph,13,20,True
instance_2121.graph,15,12,True
instance_8774.graph,7,20,True
instance_6453.graph,9,12,True
instance_6334.graph,7,14,True
instance_4819.graph,5,14,True
instance_8865.graph,5,14,True
instance_3045.graph,13,14,True
instance_836.graph,11,16,True
instance_222.graph,7,10,True
instance_1670.graph,11,16,True
instance_7275.graph,9,12,True
instance_4978.graph,5,12,True
instance_3702.graph,5,20,True
instance_1015.graph,9,10,True
instance_141.graph,11,18,True
instance_988.graph,11,14,True
instance_6576.graph,15,20,True
instance_9661.graph,9,16,True
instance_548.graph,11,10,True
instance_3962.graph,13,12,True
instance_8614.graph,15,16,True
instance_5203.graph,11,20,True
instance_5122.graph,15,14,True
instance_9457.graph,7,12,False
instance_943.graph,11,18,True
instance_1457.graph,11,14,True
instance_6292.graph,3,16,False
instance_1473.graph,15,10,True
instance_6772.graph,3,14,False
instance_3155.graph,3,20,True
instance_2704.graph,7,18,True
instance_6127.graph,7,12,True
instance_6286.graph,7,20,True
instance_6446.graph,11,14,True
instance_4057.graph,5,10,True
instance_9831.graph,5,10,True
instance_561.graph,5,18,True
instance_1317.graph,7,18,True
instance_1409.graph,11,10,True
instance_3870.graph,3,12,False
instance_5656.graph,15,14,True
instance_9539.graph,15,18,True
instance_8166.graph,7,10,True
instance_8689.graph,13,12,True
instance_2343.graph,15,18,True
instance_8138.graph,15,12,True
instance_4815.graph,9,16,True
instance_2365.graph,3,18,True
instance_3283.graph,7,18,True
instance_9232.graph,3,16,False
instance_5886.graph,15,16,True
instance_2089.graph,11,16,True
instance_5771.graph,11,16,True
instance_2450.graph,3,16,False
instance_2654.graph,11,16,True
instance_7416.graph,11,10,True
instance_7437.graph,9,10,True
instance_6191.graph,13,18,True
instance_6238.graph,3,16,False
instance_4629.graph,11,20,True
instance_7261.graph,13,20,True
instance_6431.graph,9,18,True
instance_143.graph,3,12,True
instance_9208.graph,11,16,True
instance_7822.graph,9,18,True
instance_6143.graph,3,16,False
instance_3897.graph,7,20,False
instance_7333.graph,3,18,False
instance_4837.graph,3,12,True
instance_9671.graph,5,20,True
instance_1625.graph,15,14,True
instance_1629.graph,11,18,True
instance_6740.graph,13,20,True
instance_709.graph,3,18,False
instance_1309.graph,13,16,True
instance_2665.graph,15,20,True
instance_8379.graph,13,12,True
instance_7566.graph,7,14,True
instance_4216.graph,15,18,True
instance_3121.graph,11,20,True
instance_1498.graph,3,12,False
instance_6086.graph,5,20,True
instance_955.graph,9,20,True
instance_95.graph,9,18,True
instance_813.graph,15,12,True
instance_9137.graph,11,16,True
instance_5119.graph,9,16,True
instance_7814.graph,15,10,True
instance_5610.graph,7,12,True
instance_3641.graph,13,20,True
instance_7774.graph,11,10,True
instance_6819.graph,3,14,False
instance_8031.graph,9,18,True
instance_8985.graph,7,20,True
instance_8216.graph,3,18,True
instance_1332.graph,5,10,False
instance_5861.graph,7,12,True
instance_5163.graph,7,16,True
instance_146.graph,11,12,True
instance_2209.graph,9,10,True
instance_7740.graph,9,16,True
instance_6088.graph,13,18,True
instance_3703.graph,7,10,True
instance_1162.graph,3,16,True
instance_2272.graph,15,14,True
instance_6866.graph,13,16,True
instance_9909.graph,3,10,False
instance_7507.graph,7,20,False
instance_1190.graph,3,16,True
instance_7247.graph,3,18,False
instance_9048.graph,5,14,False
instance_2114.graph,13,12,True
instance_1446.graph,11,14,True
instance_1823.graph,3,14,False
instance_3953.graph,11,16,True
instance_8472.graph,13,18,True
instance_8146.graph,15,14,True
instance_7626.graph,7,14,True
instance_6383.graph,9,14,True
instance_2017.graph,7,12,True
instance_9816.graph,13,16,True
instance_6521.graph,13,16,True
instance_7249.graph,7,12,True
instance_3528.graph,7,18,True
instance_9674.graph,5,18,True
instance_3020.graph,7,16,True
instance_6859.graph,3,18,False
instance_4390.graph,15,12,True
instance_1122.graph,13,16,True
instance_4402.graph,13,12,True
instance_6339.graph,3,14,False
instance_5605.graph,11,10,True
instance_6868.graph,13,20,True
instance_5869.graph,15,12,True
instance_115.graph,15,14,True
instance_4905.graph,9,10,True
instance_2282.graph,11,12,True
instance_9986.graph,11,10,True
instance_7586.graph,5,10,True
instance_295.graph,7,14,False
instance_3196.graph,7,20,True
instance_1507.graph,11,10,True
instance_3443.graph,7,18,False
instance_9214.graph,15,16,True
instance_4519.graph,9,16,True
instance_8301.graph,15,12,True
instance_448.graph,3,14,False
instance_2222.graph,3,12,False
instance_6892.graph,9,10,True
instance_7859.graph,5,18,True
instance_614.graph,11,14,True
instance_9841.graph,9,20,True
instance_4190.graph,11,18,True
instance_8920.graph,7,18,True
instance_6052.graph,5,20,False
instance_8448.graph,5,14,True
instance_2922.graph,15,10,True
instance_2063.graph,11,12,True
instance_608.graph,13,12,True
instance_8082.graph,15,14,True
instance_8221.graph,5,10,True
instance_6133.graph,3,10,False
instance_5267.graph,3,10,True
instance_8599.graph,11,18,True
instance_3845.graph,5,18,False
instance_9756.graph,9,18,True
instance_4016.graph,5,12,True
instance_4363.graph,11,10,True
instance_5183.graph,13,20,True
instance_7717.graph,13,16,True
instance_4873.graph,11,20,True
instance_7778.graph,5,10,True
instance_9001.graph,7,10,True
instance_8961.graph,15,18,True
instance_1435.graph,3,14,False
instance_1845.graph,15,10,True
instance_3021.graph,3,18,True
instance_1998.graph,5,18,True
instance_2479.graph,15,16,True
instance_5194.graph,7,12,True
instance_2736.graph,13,10,True
instance_3576.graph,9,10,True
instance_156.graph,13,16,True
instance_4653.graph,3,12,False
instance_2725.graph,13,16,True
instance_1664.graph,13,20,True
instance_6424.graph,3,18,False
instance_3540.graph,15,20,True
instance_1110.graph,13,16,True
instance_7100.graph,3,16,True
instance_2920.graph,3,20,False
instance_7792.graph,11,16,True
instance_8375.graph,15,14,True
instance_3507.graph,15,12,True
instance_8982.graph,13,14,True
instance_3249.graph,7,12,True
instance_767.graph,3,20,False
instance_6840.graph,15,20,True
instance_9236.graph,15,18,True
instance_7596.graph,15,14,True
instance_7226.graph,9,10,True
instance_648.graph,11,20,True
instance_3274.graph,15,14,True
instance_3644.graph,5,20,False
instance_8349.graph,3,14,False
instance_9467.graph,5,18,False
instance_806.graph,11,16,True
instance_6629.graph,5,10,True
instance_4441.graph,15,16,True
instance_4611.graph,3,12,True
instance_6048.graph,15,14,True
instance_8440.graph,11,16,True
instance_8779.graph,15,10,True
instance_1042.graph,7,12,True
instance_4087.graph,9,14,True
instance_165.graph,13,10,True
instance_1830.graph,9,18,True
instance_3230.graph,11,20,True
instance_240.graph,3,18,False
instance_5111.graph,3,12,True
instance_1821.graph,13,14,True
instance_7368.graph,11,10,True
instance_6548.graph,9,10,True
instance_3649.graph,11,14,True
instance_1120.graph,9,18,True
instance_1133.graph,7,16,False
instance_5714.graph,5,14,True
instance_6581.graph,15,10,True
instance_6197.graph,11,14,True
instance_5289.graph,3,18,False
instance_1040.graph,11,14,True
instance_1105.graph,7,10,True
instance_6112.graph,11,20,True
instance_5782.graph,15,18,True
instance_3811.graph,3,20,False
instance_4753.graph,5,14,True
instance_7916.graph,15,10,True
instance_9538.graph,7,12,True
instance_7772.graph,5,18,True
instance_6081.graph,11,18,True
instance_5614.graph,9,10,True
instance_3171.graph,15,16,True
instance_6262.graph,15,10,True
instance_6902.graph,5,12,True
instance_8791.graph,15,20,True
instance_5951.graph,13,12,True
instance_5459.graph,13,12,True
instance_2210.graph,7,20,True
instance_1142.graph,7,10,True
instance_2335.graph,3,18,False
instance_2705.graph,5,12,False
instance_7908.graph,5,14,True
instance_9067.graph,15,12,True
instance_9680.graph,9,10,True
instance_639.graph,13,20,True
instance_7661.graph,15,14,True
instance_1318.graph,9,20,True
instance_4548.graph,13,16,True
instance_3502.graph,7,14,True
instance_1146.graph,13,20,True
instance_2149.graph,7,18,True
instance_7400.graph,7,20,True
instance_6283.graph,9,18,True
instance_8229.graph,5,14,True
instance_5546.graph,3,16,False
instance_4827.graph,13,10,True
instance_8220.graph,15,16,True
instance_7250.graph,7,12,False
instance_2599.graph,7,18,True
instance_6844.graph,13,14,True
instance_4354.graph,9,16,True
instance_515.graph,7,12,True
instance_3948.graph,9,12,True
instance_8722.graph,7,12,True
instance_4430.graph,13,12,True
instance_2249.graph,9,14,True
instance_6687.graph,15,14,True
instance_7998.graph,13,20,True
instance_1892.graph,13,20,True
instance_2992.graph,11,20,True
instance_1214.graph,3,14,True
instance_1543.graph,11,10,True
instance_8706.graph,5,10,True
instance_1118.graph,15,12,True
instance_9770.graph,11,10,True
instance_1900.graph,5,10,True
instance_6289.graph,5,20,True
instance_4811.graph,9,18,True
instance_1557.graph,3,10,True
instance_3493.graph,9,10,True
instance_2566.graph,5,10,False
instance_9724.graph,9,16,True
instance_8845.graph,5,10,False
instance_3353.graph,5,12,True
instance_5198.graph,15,18,True
instance_7164.graph,9,16,True
instance_7449.graph,13,18,True
instance_331.graph,15,20,True
instance_605.graph,11,12,True
instance_6547.graph,9,20,True
instance_2447.graph,15,20,True
instance_7131.graph,7,10,True
instance_4616.graph,9,16,True
instance_1198.graph,15,14,True
instance_9190.graph,7,10,True
instance_5781.graph,3,10,True
instance_3483.graph,5,16,False
instance_612.graph,15,12,True
instance_4612.graph,5,14,True
instance_7089.graph,15,16,True
instance_5497.graph,13,18,True
instance_390.graph,11,18,True
instance_6398.graph,13,20,True
instance_8760.graph,5,12,True
instance_3246.graph,13,18,True
instance_6964.graph,7,18,True
instance_2239.graph,15,14,True
instance_8569.graph,13,14,True
instance_5859.graph,11,16,True
instance_7310.graph,9,12,True
instance_9773.graph,13,16,True
instance_9002.graph,13,14,True
instance_703.graph,5,10,True
instance_2835.graph,3,12,False
instance_942.graph,15,16,True
instance_1549.graph,3,18,False
instance_4798.graph,5,20,False
instance_7441.graph,15,14,True
instance_8497.graph,5,20,False
instance_3498.graph,5,16,True
instance_1497.graph,7,10,True
instance_2995.graph,7,14,True
instance_1673.graph,7,14,True
instance_8693.graph,13,16,True
instance_3957.graph,7,20,True
instance_4260.graph,5,18,False
instance_3301.graph,5,12,True
instance_1989.graph,7,18,True
instance_6579.graph,11,12,True
instance_4934.graph,5,16,True
instance_5178.graph,13,16,True
instance_97.graph,15,12,True
instance_7424.graph,3,10,False
instance_7037.graph,15,10,True
instance_5176.graph,5,12,True
instance_1546.graph,7,12,True
instance_5832.graph,15,18,True
instance_6172.graph,9,10,True
instance_2673.graph,3,12,False
instance_3257.graph,15,12,True
instance_6997.graph,7,20,True
instance_5174.graph,5,16,True
instance_1222.graph,9,18,False
instance_7546.graph,5,20,False
instance_306.graph,7,16,True
instance_2443.graph,7,16,True
instance_9068.graph,5,10,True
instance_788.graph,15,18,True
instance_4494.graph,3,18,False
instance_5645.graph,11,10,True
instance_3958.graph,7,18,True
instance_2720.graph,11,12,True
instance_6848.graph,13,20,True
instance_5922.graph,9,10,True
instance_992.graph,15,12,True
instance_6749.graph,9,12,True
instance_720.graph,3,20,False
instance_1068.graph,5,16,False
instance_3419.graph,9,12,True
instance_4054.graph,5,10,True
instance_3253.graph,9,18,True
instance_3777.graph,13,12,True
instance_8110.graph,9,10,True
instance_6674.graph,15,20,True
instance_1772.graph,11,12,True
instance_1266.graph,13,20,True
instance_369.graph,13,14,True
instance_8493.graph,11,14,True
instance_8987.graph,11,12,True
instance_2707.graph,5,14,True
instance_3204.graph,15,10,True
instance_3392.graph,11,10,True
instance_9527.graph,11,18,True
instance_7225.graph,15,20,True
instance_5484.graph,15,12,True
instance_930.graph,9,18,True
instance_3817.graph,7,16,True
instance_4043.graph,7,16,False
instance_4994.graph,11,10,True
instance_9549.graph,11,16,True
instance_946.graph,9,10,True
instance_5401.graph,15,12,True
instance_2537.graph,11,10,True
instance_7486.graph,13,10,True
instance_1898.graph,15,14,True
instance_9836.graph,3,14,True
instance_1605.graph,9,12,True
instance_735.graph,3,16,False
instance_7067.graph,15,14,True
instance_288.graph,15,14,True
instance_206.graph,7,10,True
instance_2102.graph,9,14,True
instance_9171.graph,13,20,True
instance_9330.graph,11,10,True
instance_7630.graph,9,12,True
instance_184.graph,5,14,True
instance_2926.graph,11,20,True
instance_7537.graph,3,20,False
instance_9360.graph,9,12,True
instance_2183.graph,3,18,False
instance_528.graph,3,10,False
instance_7077.graph,5,10,True
instance_3858.graph,7,20,True
instance_6556.graph,9,18,True
instance_1584.graph,13,14,True
instance_6928.graph,7,18,True
instance_7491.graph,3,18,True
instance_2189.graph,13,10,True
instance_3307.graph,9,16,True
instance_3599.graph,9,20,True
instance_4166.graph,9,14,True
instance_6891.graph,13,10,True
instance_3689.graph,13,18,True
instance_4038.graph,5,14,False
instance_5893.graph,11,16,True
instance_2928.graph,11,14,True
instance_6222.graph,7,16,False
instance_1456.graph,13,16,True
instance_5933.graph,7,18,False
instance_5628.graph,3,16,False
instance_8074.graph,5,14,True
instance_7467.graph,13,14,True
instance_1639.graph,7,10,True
instance_1778.graph,13,10,True
instance_5729.graph,13,14,True
instance_9870.graph,3,16,False
instance_9576.graph,7,10,True
instance_497.graph,7,14,True
instance_5455.graph,11,18,True
instance_7306.graph,15,10,True
instance_8248.graph,9,20,False
instance_477.graph,3,18,False
instance_6527.graph,3,18,False
instance_106.graph,3,20,False
instance_4066.graph,11,20,True
instance_320.graph,9,16,True
instance_2900.graph,11,14,True
instance_8235.graph,15,20,True
instance_6019.graph,15,10,True
instance_3427.graph,11,14,True
instance_8234.graph,3,10,True
instance_3631.graph,7,12,True
instance_8702.graph,9,10,True
instance_9312.graph,7,16,True
instance_1159.graph,13,12,True
instance_9858.graph,9,12,True
instance_9131.graph,13,10,True
instance_8356.graph,3,14,False
instance_3700.graph,11,10,True
instance_6884.graph,13,16,True
instance_3961.graph,5,14,False
instance_3796.graph,3,14,False
instance_7578.graph,9,18,True
instance_3039.graph,11,10,True
instance_8642.graph,15,14,True
instance_8128.graph,11,18,True
instance_3648.graph,15,14,True
instance_4035.graph,3,14,False
instance_3086.graph,7,12,True
instance_79.graph,7,12,True
instance_877.graph,15,12,True
instance_8062.graph,15,18,True
instance_8043.graph,9,14,True
instance_9517.graph,3,10,False
instance_4829.graph,3,10,False
instance_9231.graph,13,10,True
instance_7907.graph,7,12,True
instance_6684.graph,3,10,False
instance_7996.graph,11,12,True
instance_3125.graph,11,10,True
instance_6709.graph,11,10,True
instance_257.graph,3,14,False
instance_2714.graph,13,16,True
instance_4854.graph,15,20,True
instance_2241.graph,11,18,True
instance_9311.graph,7,10,True
instance_465.graph,3,12,False
instance_2728.graph,11,10,True
instance_7273.graph,9,16,True
instance_9398.graph,9,10,True
instance_5442.graph,7,10,True
instance_4909.graph,11,14,True
instance_5606.graph,13,18,True
instance_1707.graph,3,12,True
instance_6607.graph,3,18,False
instance_8574.graph,15,14,True
instance_6803.graph,3,10,True
instance_9091.graph,11,20,True
instance_6203.graph,3,12,False
instance_121.graph,11,10,True
instance_3882.graph,13,10,True
instance_5307.graph,7,20,True
instance_3010.graph,13,20,True
instance_9847.graph,7,12,True
instance_5283.graph,9,16,True
instance_4966.graph,3,20,False
instance_6593.graph,3,18,False
instance_5615.graph,15,16,True
instance_5607.graph,15,20,True
instance_8686.graph,9,20,True
instance_5365.graph,13,14,True
instance_9512.graph,15,12,True
instance_5408.graph,5,20,False
instance_4152.graph,15,18,True
instance_9285.graph,15,12,True
instance_620.graph,11,12,True
instance_4208.graph,7,16,True
instance_1675.graph,3,14,False
instance_9834.graph,5,20,True
instance_8633.graph,13,18,True
instance_2784.graph,3,10,True
instance_6345.graph,5,16,False
instance_1354.graph,5,18,True
instance_3015.graph,3,20,False
instance_6418.graph,5,14,False
instance_7665.graph,9,18,True
instance_5480.graph,11,10,True
instance_2478.graph,13,20,True
instance_1333.graph,13,16,True
instance_6150.graph,5,10,False
instance_8351.graph,7,18,True
instance_2111.graph,7,14,False
instance_6041.graph,11,10,True
instance_1931.graph,5,16,True
instance_254.graph,9,14,True
instance_9899.graph,7,18,True
instance_2426.graph,3,18,False
instance_8585.graph,13,20,True
instance_9034.graph,11,12,True
instance_3727.graph,3,14,True
instance_1983.graph,15,20,True
instance_3373.graph,7,18,True
instance_5904.graph,15,12,True
instance_6419.graph,3,20,False
instance_3657.graph,7,18,False
instance_4351.graph,15,14,True
instance_6692.graph,13,14,True
instance_4491.graph,11,14,True
instance_9151.graph,5,12,True
instance_7716.graph,11,10,True
instance_5059.graph,11,14,True
instance_1442.graph,11,20,True
instance_6009.graph,13,18,True
instance_244.graph,9,20,False
instance_269.graph,3,10,True
instance_4498.graph,11,10,True
instance_2713.graph,11,16,True
instance_6591.graph,11,10,True
instance_1315.graph,9,16,True
instance_2110.graph,9,10,True
instance_8799.graph,15,12,True
instance_5913.graph,11,16,True
instance_7970.graph,7,14,True
instance_7130.graph,11,10,True
instance_339.graph,9,12,True
instance_8539.graph,5,20,False
instance_1676.graph,5,10,True
instance_6476.graph,11,16,True
instance_1132.graph,3,18,False
instance_6908.graph,5,16,True
instance_2058.graph,3,12,True
instance_6032.graph,15,14,True
instance_8749.graph,3,10,True
instance_1364.graph,9,12,True
instance_814.graph,15,18,True
instance_9944.graph,11,18,True
instance_9371.graph,11,16,True
instance_8965.graph,11,16,True
instance_6098.graph,11,18,True
instance_3707.graph,15,14,True
instance_4988.graph,13,16,True
instance_778.graph,5,10,True
instance_1944.graph,7,10,True
instance_9772.graph,9,18,True
instance_2090.graph,9,12,True
instance_2908.graph,15,20,True
instance_3193.graph,11,12,True
instance_7153.graph,9,16,True
instance_8098.graph,3,12,True
instance_9738.graph,3,18,True
instance_2275.graph,9,18,True
instance_8571.graph,15,10,True
instance_5146.graph,3,12,False
instance_668.graph,3,16,True
instance_8488.graph,15,12,True
instance_6285.graph,13,14,True
instance_4109.graph,7,14,True
instance_3314.graph,15,20,True
instance_1492.graph,9,18,True
instance_7314.graph,5,10,True
instance_2721.graph,11,18,True
instance_4963.graph,3,12,False
instance_8694.graph,11,16,True
instance_855.graph,5,12,False
instance_8335.graph,5,10,True
instance_5902.graph,3,14,False
instance_9461.graph,7,16,True
instance_3395.graph,9,12,True
instance_3273.graph,5,16,False
instance_1344.graph,9,16,True
instance_8839.graph,7,16,False
instance_4656.graph,9,14,True
instance_4527.graph,13,14,True
instance_5130.graph,13,10,True
instance_1249.graph,13,18,True
instance_3026.graph,13,18,True
instance_8474.graph,7,12,True
instance_9593.graph,13,14,True
instance_8009.graph,3,18,False
instance_9962.graph,9,14,True
instance_5695.graph,11,12,True
instance_6078.graph,13,18,True
instance_1022.graph,11,12,True
instance_6280.graph,7,14,True
instance_7346.graph,3,14,False
instance_6645.graph,3,18,False
instance_4799.graph,7,16,True
instance_7385.graph,9,12,True
instance_6208.graph,3,20,False
instance_4613.graph,13,10,True
instance_4516.graph,9,12,True
instance_8197.graph,9,20,True
instance_5331.graph,7,18,False
instance_686.graph,7,18,True
instance_6961.graph,15,12,True
instance_6381.graph,3,18,False
instance_7746.graph,9,10,True
instance_9134.graph,9,16,True
instance_326.graph,7,10,True
instance_1225.graph,13,16,True
instance_6270.graph,9,18,True
instance_4537.graph,11,10,True
instance_8988.graph,7,10,True
instance_6120.graph,15,12,True
instance_9838.graph,5,12,False
instance_3379.graph,7,10,True
instance_1756.graph,13,14,True
instance_279.graph,15,16,True
instance_7487.graph,13,10,True
instance_724.graph,15,20,True
instance_8894.graph,3,20,False
instance_3347.graph,13,14,True
instance_8489.graph,3,16,False
instance_9616.graph,15,16,True
instance_94.graph,3,18,False
instance_1378.graph,9,10,True
instance_5513.graph,9,14,True
instance_1379.graph,5,20,False
instance_4443.graph,15,10,True
instance_5485.graph,7,10,True
instance_9328.graph,15,16,True
instance_4069.graph,5,10,True
instance_1096.graph,3,20,False
instance_6872.graph,3,12,True
instance_1717.graph,5,12,True
instance_4086.graph,13,10,True
instance_2579.graph,7,20,True
instance_6953.graph,11,14,True
instance_439.graph,7,16,True
instance_2455.graph,11,16,True
instance_7320.graph,13,10,True
instance_2684.graph,9,14,True
instance_6994.graph,3,12,True
instance_9649.graph,3,12,False
instance_4956.graph,3,16,False
instance_1390.graph,3,10,True
instance_3643.graph,13,20,True
instance_3043.graph,7,18,False
instance_564.graph,13,14,True
instance_5473.graph,11,10,True
instance_5920.graph,13,12,True
instance_7272.graph,13,16,True
instance_3344.graph,11,20,True
instance_4579.graph,5,14,True
instance_6745.graph,15,14,True
instance_4672.graph,7,16,True
instance_2071.graph,11,10,True
instance_9278.graph,11,12,True
instance_9905.graph,7,16,True
instance_1048.graph,5,14,False
instance_2487.graph,9,20,True
instance_2225.graph,3,12,False
instance_7384.graph,13,18,True
instance_8464.graph,9,14,True
instance_6214.graph,15,14,True
instance_6720.graph,13,14,True
instance_1790.graph,15,12,True
instance_9804.graph,13,18,True
instance_6995.graph,13,14,True
instance_6496.graph,13,18,True
instance_4852.graph,15,10,True
instance_9142.graph,9,14,True
instance_2136.graph,11,12,True
instance_9940.graph,5,18,True
instance_8735.graph,15,10,True
instance_8798.graph,3,10,True
instance_6059.graph,3,18,True
instance_5795.graph,5,10,True
instance_5836.graph,15,20,True
instance_4687.graph,15,18,True
instance_9300.graph,15,14,True
instance_5748.graph,5,14,True
instance_9916.graph,7,20,True
instance_8946.graph,5,20,False
instance_6731.graph,13,14,True
instance_5930.graph,9,14,True
instance_511.graph,3,10,False
instance_2173.graph,9,20,True
instance_2677.graph,13,12,True
instance_52.graph,13,14,True
instance_171.graph,9,18,True
instance_6087.graph,3,18,False
instance_467.graph,9,14,True
instance_1806.graph,7,10,True
instance_7280.graph,15,10,True
instance_8505.graph,11,10,True
instance_6949.graph,9,16,True
instance_6889.graph,11,18,True
instance_1724.graph,9,10,True
instance_6355.graph,3,14,False
instance_4212.graph,11,16,True
instance_7601.graph,13,12,True
instance_7729.graph,9,12,True
instance_4708.graph,9,18,True
instance_4210.graph,9,12,True
instance_8084.graph,15,10,True
instance_3432.graph,13,10,True
instance_9206.graph,11,18,True
instance_8847.graph,5,12,False
instance_6395.graph,11,18,True
instance_7414.graph,13,10,True
instance_2848.graph,11,18,True
instance_6102.graph,3,20,False
instance_9748.graph,13,16,True
instance_4121.graph,3,20,False
instance_9540.graph,3,14,False
instance_2099.graph,9,16,True
instance_7337.graph,7,12,True
instance_5405.graph,9,14,True
instance_7987.graph,7,18,True
instance_9479.graph,9,20,True
instance_2965.graph,15,12,True
instance_8511.graph,9,18,True
instance_9109.graph,13,12,True
instance_3731.graph,13,18,True
instance_8092.graph,7,14,True
instance_7550.graph,9,10,True
instance_536.graph,13,20,True
instance_823.graph,5,14,True
instance_6856.graph,9,14,True
instance_5713.graph,3,14,False
instance_9290.graph,15,12,True
instance_8104.graph,11,14,True
instance_593.graph,7,14,True
instance_8587.graph,3,12,True
instance_2080.graph,9,10,True
instance_1410.graph,9,14,True
instance_591.graph,11,18,True
instance_1376.graph,7,16,False
instance_7096.graph,5,14,False
instance_9128.graph,15,12,True
instance_8214.graph,13,10,True
instance_3424.graph,9,14,True
instance_2719.graph,3,20,False
instance_5992.graph,5,16,True
instance_9911.graph,15,10,True
instance_5195.graph,15,10,True
instance_4195.graph,5,12,True
instance_7264.graph,13,18,True
instance_2409.graph,7,16,True
instance_7820.graph,11,10,True
instance_202.graph,9,16,False
instance_3721.graph,9,14,True
instance_8811.graph,15,14,True
instance_4220.graph,5,20,True
instance_5334.graph,11,18,True
instance_90.graph,9,12,True
instance_6500.graph,15,14,True
instance_3690.graph,11,16,True
instance_9146.graph,13,16,True
instance_91.graph,13,10,True
instance_7419.graph,5,20,True
instance_5588.graph,5,18,False
instance_1215.graph,3,16,False
instance_4294.graph,13,10,True
instance_2131.graph,13,20,True
instance_697.graph,7,12,True
instance_9156.graph,7,14,True
instance_7292.graph,11,16,True
instance_3836.graph,3,12,False
instance_3029.graph,15,18,True
instance_3737.graph,3,16,False
instance_6413.graph,9,14,True
instance_1124.graph,11,10,True
instance_8813.graph,9,16,True
instance_3650.graph,7,14,True
instance_7308.graph,5,12,True
instance_8195.graph,15,18,True
instance_3272.graph,13,16,True
instance_7731.graph,9,18,True
instance_5789.graph,5,12,False
instance_2072.graph,15,14,True
instance_7554.graph,3,14,False
instance_821.graph,7,18,False
instance_5003.graph,7,12,True
instance_3113.graph,7,10,True
instance_1723.graph,5,14,True
instance_420.graph,7,10,True
instance_7527.graph,5,12,True
instance_7583.graph,7,18,True
instance_6356.graph,9,16,True
instance_6147.graph,7,14,True
instance_7315.graph,11,10,True
instance_8626.graph,3,18,False
instance_8938.graph,5,16,True
instance_2628.graph,13,14,True
instance_2875.graph,13,12,True
instance_3833.graph,13,10,True
instance_5153.graph,9,16,True
instance_2436.graph,9,10,True
instance_354.graph,3,12,False
instance_43.graph,13,10,True
instance_3895.graph,5,20,True
instance_4540.graph,7,14,True
instance_5799.graph,3,16,False
instance_1069.graph,11,14,True
instance_1138.graph,9,14,True
instance_4677.graph,3,18,False
instance_9079.graph,9,12,True
instance_3491.graph,9,10,True
instance_4332.graph,15,18,True
instance_4401.graph,3,16,False
instance_7659.graph,9,16,True
instance_1703.graph,15,18,True
instance_2536.graph,9,16,True
instance_3841.graph,15,10,True
instance_4605.graph,5,18,True
instance_865.graph,9,16,True
instance_3234.graph,9,18,True
instance_4265.graph,5,18,False
instance_6649.graph,11,18,True
instance_7993.graph,5,18,True
instance_9458.graph,7,14,True
instance_5937.graph,7,20,True
instance_9448.graph,15,12,True
instance_7173.graph,5,20,False
instance_9487.graph,3,10,False
instance_2397.graph,11,10,True
instance_7478.graph,3,12,False
instance_7251.graph,7,16,False
instance_113.graph,3,10,False
instance_918.graph,13,20,True
instance_5373.graph,11,10,True
instance_4042.graph,11,18,True
instance_6910.graph,9,18,True
instance_316.graph,15,10,True
instance_7760.graph,11,12,True
instance_9921.graph,11,12,True
instance_8598.graph,5,16,True
instance_9346.graph,3,18,False
instance_5700.graph,7,16,True
instance_7398.graph,9,16,True
instance_975.graph,13,16,True
instance_5958.graph,11,20,True
instance_4632.graph,3,18,False
instance_1804.graph,7,20,False
instance_9984.graph,3,20,False
instance_5682.graph,7,16,True
instance_1346.graph,13,14,True
instance_2252.graph,5,12,True
instance_3298.graph,9,16,True
instance_4732.graph,13,10,True
instance_2386.graph,7,18,False
instance_3232.graph,3,10,True
instance_4173.graph,3,16,False
instance_1597.graph,9,18,True
instance_1920.graph,7,16,True
instance_6860.graph,7,10,True
instance_9629.graph,7,18,False
instance_7818.graph,15,12,True
instance_7922.graph,15,18,True
instance_104.graph,13,10,True
instance_2948.graph,11,14,True
instance_7938.graph,15,16,True
instance_7722.graph,9,20,True
instance_6380.graph,7,12,True
instance_7197.graph,5,20,False
instance_8584.graph,13,12,True
instance_9357.graph,9,16,True
instance_5707.graph,15,18,True
instance_3783.graph,9,18,True
instance_9739.graph,15,20,True
instance_6366.graph,13,20,True
instance_3205.graph,7,16,True
instance_879.graph,5,10,True
instance_6497.graph,3,16,True
instance_7090.graph,13,18,True
instance_4849.graph,9,18,True
instance_9084.graph,5,12,True
instance_2942.graph,7,20,False
instance_4300.graph,3,18,False
instance_9039.graph,7,12,True
instance_4022.graph,7,14,True
instance_9496.graph,5,10,True
instance_1227.graph,5,18,True
instance_569.graph,7,18,True
instance_4313.graph,13,12,True
instance_287.graph,7,18,True
instance_7991.graph,13,10,True
instance_2140.graph,13,18,True
instance_6702.graph,7,20,True
instance_9047.graph,3,16,False
instance_6265.graph,13,14,True
instance_655.graph,7,10,True
instance_150.graph,5,14,False
instance_6766.graph,5,20,False
instance_6769.graph,15,20,True
instance_7788.graph,15,14,True
instance_5747.graph,11,14,True
instance_3072.graph,13,12,True
instance_73.graph,11,14,True
instance_9148.graph,7,20,True
instance_8846.graph,3,12,False
instance_9536.graph,5,20,False
instance_6279.graph,13,16,True
instance_2663.graph,5,18,False
instance_53.graph,9,18,True
instance_2561.graph,9,12,True
instance_6979.graph,9,16,True
instance_3065.graph,5,18,True
instance_1816.graph,15,14,True
instance_5568.graph,11,10,True
instance_6359.graph,3,20,False
instance_8913.graph,13,12,True
instance_7960.graph,15,10,True
instance_6854.graph,3,16,False
instance_2597.graph,9,18,True
instance_5428.graph,9,18,True
instance_8882.graph,15,10,True
instance_9318.graph,7,18,True
instance_4662.graph,5,18,True
instance_5321.graph,7,14,False
instance_9018.graph,11,14,True
instance_1307.graph,13,18,True
instance_7941.graph,15,10,True
instance_45.graph,9,14,True
instance_6447.graph,7,20,False
instance_6512.graph,7,16,True
instance_5736.graph,7,10,True
instance_9015.graph,7,20,True
instance_704.graph,13,18,True
instance_9255.graph,15,14,True
instance_8906.graph,5,10,True
instance_225.graph,5,20,True
instance_2075.graph,9,18,True
instance_5567.graph,11,18,True
instance_1953.graph,11,20,True
instance_46.graph,3,10,False
instance_3436.graph,15,18,True
instance_8919.graph,9,14,True
instance_3299.graph,15,18,True
instance_9820.graph,5,12,False
instance_1279.graph,11,20,True
instance_4772.graph,3,10,False
instance_1401.graph,3,20,False
instance_5440.graph,11,10,True
instance_8849.graph,3,10,True
instance_7257.graph,15,16,True
instance_4096.graph,15,20,True
instance_5828.graph,15,16,True
instance_1529.graph,11,14,True
instance_753.graph,15,14,True
instance_9029.graph,7,16,False
instance_8051.graph,13,14,True
instance_5051.graph,13,12,True
instance_3008.graph,3,14,False
instance_9000.graph,11,14,True
instance_912.graph,5,18,False
instance_5042.graph,5,12,True
instance_9605.graph,15,12,True
instance_5719.graph,13,10,True
instance_6618.graph,9,18,True
instance_3915.graph,5,14,True
instance_2652.graph,9,10,True
instance_1805.graph,11,14,True
instance_3386.graph,9,10,True
instance_633.graph,15,10,True
instance_8530.graph,3,16,True
instance_3920.graph,5,18,True
instance_2318.graph,3,10,False
instance_5527.graph,15,20,True
instance_4386.graph,9,16,True
instance_3041.graph,9,10,True
instance_8261.graph,5,18,False
instance_5431.graph,9,16,True
instance_4019.graph,13,14,True
instance_6992.graph,5,18,True
instance_8483.graph,3,14,True
instance_2460.graph,5,10,False
instance_7353.graph,13,16,True
instance_3757.graph,11,16,True
instance_7427.graph,11,16,True
instance_1007.graph,7,10,True
instance_275.graph,11,10,True
instance_9726.graph,13,12,True
instance_5383.graph,15,18,True
instance_7846.graph,13,16,True
instance_2861.graph,15,14,True
instance_6775.graph,3,16,False
instance_4623.graph,9,12,True
instance_1528.graph,5,14,False
instance_1911.graph,7,14,True
instance_8630.graph,7,18,False
instance_701.graph,9,20,True
instance_661.graph,7,12,True
instance_547.graph,13,10,True
instance_6604.graph,3,16,False
instance_9110.graph,3,18,True
instance_2937.graph,11,20,True
instance_9363.graph,7,16,True
instance_9488.graph,15,10,True
instance_1085.graph,11,20,True
instance_5550.graph,15,20,True
instance_4838.graph,11,18,True
instance_2304.graph,9,18,True
instance_6827.graph,9,14,True
instance_4375.graph,11,14,True
instance_2785.graph,13,14,True
instance_1427.graph,9,10,True
instance_6849.graph,11,12,True
instance_8734.graph,5,20,False
instance_86.graph,13,10,True
instance_5528.graph,15,18,True
instance_5020.graph,11,16,True
instance_5884.graph,15,14,True
instance_5071.graph,11,14,True
instance_9660.graph,15,12,True
instance_3172.graph,3,20,False
instance_7698.graph,7,18,False
instance_3978.graph,13,12,True
instance_4438.graph,3,16,False
instance_6153.graph,13,10,True
instance_2314.graph,9,12,True
instance_6911.graph,13,16,True
instance_9881.graph,13,10,True
instance_2224.graph,3,20,False
instance_2999.graph,7,20,True
instance_8409.graph,5,12,False
instance_5284.graph,3,10,True
instance_2134.graph,15,16,True
instance_7406.graph,15,20,True
instance_6155.graph,9,16,True
instance_3677.graph,9,16,True
instance_1063.graph,13,12,True
instance_5503.graph,3,12,True
instance_3967.graph,11,20,True
instance_7366.graph,15,16,True
instance_4262.graph,3,10,True
instance_5131.graph,3,14,False
instance_1824.graph,9,12,True
instance_9537.graph,9,16,True
instance_5030.graph,15,14,True
instance_7598.graph,5,20,False
instance_6536.graph,9,20,True
instance_9913.graph,7,12,True
instance_5996.graph,5,18,True
instance_786.graph,13,14,True
instance_9607.graph,13,16,True
instance_1471.graph,5,12,True
instance_325.graph,11,18,True
instance_2497.graph,7,16,True
instance_3495.graph,5,16,True
instance_6893.graph,15,14,True
instance_8239.graph,5,14,False
instance_8317.graph,7,14,True
instance_6149.graph,9,20,True
instance_5616.graph,9,12,True
instance_8459.graph,3,12,True
instance_3760.graph,11,10,True
instance_6586.graph,5,14,True
instance_6673.graph,11,14,True
instance_8046.graph,13,10,True
instance_2197.graph,3,20,True
instance_5715.graph,11,16,True
instance_6164.graph,13,10,True
instance_5874.graph,11,20,True
instance_1328.graph,7,12,True
instance_552.graph,13,10,True
instance_3510.graph,7,20,False
instance_2896.graph,5,16,False
instance_6342.graph,3,16,False
instance_2488.graph,7,14,True
instance_9966.graph,7,18,True
instance_4817.graph,15,10,True
instance_3475.graph,3,12,False
instance_4193.graph,15,12,True
instance_1988.graph,11,18,True
instance_7783.graph,11,12,True
instance_3463.graph,3,12,False
instance_1914.graph,7,10,True
instance_3233.graph,9,10,True
instance_4101.graph,5,18,True
instance_2296.graph,5,16,True
instance_2334.graph,9,18,True
instance_1381.graph,11,18,True
instance_5155.graph,5,16,True
instance_796.graph,9,18,True
instance_6321.graph,13,20,True
instance_9889.graph,7,12,True
instance_3124.graph,7,12,True
instance_9007.graph,5,14,True
instance_2634.graph,13,18,True
instance_3090.graph,15,16,True
instance_4372.graph,11,16,True
instance_1273.graph,9,20,True
instance_4289.graph,11,20,True
instance_3554.graph,7,14,True
instance_1164.graph,15,12,True
instance_9369.graph,7,10,True
instance_7832.graph,9,16,True
instance_3236.graph,3,20,False
instance_6117.graph,3,12,False
instance_7948.graph,11,12,True
instance_5012.graph,7,10,True
instance_4123.graph,7,10,True
instance_3514.graph,5,10,True
instance_2060.graph,7,18,True
instance_3941.graph,3,14,False
instance_7587.graph,11,20,True
instance_6421.graph,13,14,True
instance_9515.graph,9,12,True
instance_2245.graph,5,12,False
instance_4253.graph,13,20,True
instance_2983.graph,11,14,True
instance_8730.graph,3,20,False
instance_3455.graph,15,18,True
instance_7109.graph,7,10,True
instance_9602.graph,15,16,True
instance_5679.graph,9,14,True
instance_8853.graph,3,10,False
instance_7616.graph,5,18,False
instance_1372.graph,13,20,True
instance_3320.graph,7,12,True
instance_5257.graph,3,14,False
instance_3192.graph,11,12,True
instance_1297.graph,13,16,True
instance_6899.graph,5,10,True
instance_722.graph,5,18,True
instance_2152.graph,7,16,True
instance_8087.graph,7,12,True
instance_4139.graph,3,10,False
instance_3017.graph,3,20,False
instance_793.graph,3,18,False
instance_6017.graph,11,16,True
instance_1951.graph,13,12,True
instance_527.graph,13,16,True
instance_9356.graph,3,10,False
instance_6141.graph,3,12,True
instance_1464.graph,9,14,True
instance_1421.graph,5,10,True
instance_1997.graph,5,12,True
instance_6290.graph,5,12,True
instance_3069.graph,9,12,True
instance_2862.graph,9,20,True
instance_8628.graph,7,12,True
instance_3082.graph,13,20,True
instance_2166.graph,11,12,True
instance_7503.graph,7,14,True
instance_7838.graph,11,16,True
instance_9842.graph,13,14,True
instance_9197.graph,7,20,False
instance_8106.graph,13,12,True
instance_2065.graph,3,20,False
instance_8949.graph,7,18,True
instance_558.graph,11,16,True
instance_2137.graph,15,18,True
instance_3736.graph,7,18,False
instance_9924.graph,15,18,True
instance_8547.graph,15,16,True
instance_584.graph,5,18,False
instance_6759.graph,7,16,True
instance_2715.graph,5,20,False
instance_4257.graph,15,14,True
instance_311.graph,13,14,True
instance_8305.graph,3,12,True
instance_7951.graph,5,16,True
instance_4879.graph,13,16,True
instance_6583.graph,11,14,True
instance_8373.graph,7,18,True
instance_4588.graph,13,18,True
instance_7239.graph,9,12,True
instance_8350.graph,11,18,True
instance_3717.graph,9,16,True
instance_1192.graph,7,20,True
instance_9740.graph,15,18,True
instance_6202.graph,5,18,True
instance_5444.graph,15,18,True
instance_9341.graph,11,10,True
instance_1355.graph,5,20,False
instance_2254.graph,15,12,True
instance_7013.graph,11,10,True
instance_2146.graph,9,12,True
instance_8028.graph,9,20,True
instance_6480.graph,3,10,False
instance_6165.graph,13,18,True
instance_5466.graph,13,20,True
instance_6900.graph,9,14,True
instance_6236.graph,3,16,True
instance_2935.graph,9,12,True
instance_8819.graph,11,18,True
instance_323.graph,5,20,True
instance_1149.graph,13,18,True
instance_5563.graph,11,10,True
instance_5780.graph,3,16,False
instance_1818.graph,11,12,True
instance_5215.graph,7,20,True
instance_2961.graph,7,14,True
instance_6814.graph,5,20,False
instance_9310.graph,15,10,True
instance_5274.graph,13,10,True
instance_9581.graph,13,20,True
instance_4413.graph,11,14,True
instance_1221.graph,15,10,True
instance_8094.graph,13,14,True
instance_7065.graph,7,14,True
instance_6116.graph,7,12,True
instance_2424.graph,9,14,True
instance_6371.graph,9,14,True
instance_7807.graph,3,14,False
instance_7969.graph,13,20,True
instance_4227.graph,15,14,True
instance_9990.graph,5,20,False
instance_2240.graph,11,14,True
instance_2638.graph,9,18,True
instance_9144.graph,3,18,False
instance_2069.graph,11,14,True
instance_9732.graph,3,14,False
instance_9062.graph,9,18,True
instance_449.graph,5,12,True
instance_9688.graph,7,18,True
instance_5305.graph,5,16,False
instance_9868.graph,3,18,False
instance_7711.graph,11,20,True
instance_1687.graph,3,20,False
instance_8751.graph,5,18,True
instance_3985.graph,7,10,True
instance_1819.graph,7,16,True
instance_1762.graph,5,14,True
instance_110.graph,9,16,True
instance_5339.graph,15,16,True
instance_9864.graph,9,16,True
instance_9380.graph,13,20,True
instance_6090.graph,15,14,True
instance_7286.graph,15,10,True
instance_1632.graph,15,12,True
instance_2991.graph,3,18,False
instance_4373.graph,11,14,True
instance_9354.graph,13,16,True
instance_8942.graph,3,20,False
instance_5820.graph,9,14,True
instance_4412.graph,11,14,True
instance_7728.graph,15,20,True
instance_9761.graph,15,10,True
instance_5864.graph,11,20,True
instance_6519.graph,3,16,False
instance_5109.graph,7,16,True
instance_5512.graph,13,16,True
instance_2086.graph,11,20,True
instance_4423.graph,7,10,True
instance_8937.graph,13,16,True
instance_1617.graph,15,16,True
instance_4458.graph,7,10,True
instance_7066.graph,11,14,True
instance_5125.graph,7,12,True
instance_8717.graph,7,10,True
instance_4918.graph,5,20,False
instance_5580.graph,7,18,True
instance_7955.graph,9,18,True
instance_1668.graph,11,18,True
instance_2211.graph,13,18,True
instance_3885.graph,7,12,True
instance_7871.graph,7,12,True
instance_5593.graph,15,12,True
instance_2078.graph,3,10,True
instance_1406.graph,9,12,True
instance_5540.graph,3,16,True
instance_1613.graph,15,14,True
instance_37.graph,11,20,True
instance_3308.graph,15,18,True
instance_2009.graph,9,14,True
instance_6327.graph,13,20,True
instance_8191.graph,9,10,True
instance_9411.graph,5,10,True
instance_9350.graph,7,10,True
instance_7358.graph,9,20,True
instance_6348.graph,9,10,True
instance_8687.graph,7,16,True
instance_5611.graph,5,14,True
instance_6806.graph,13,16,True
instance_1325.graph,7,18,True
instance_9729.graph,13,18,True
instance_5491.graph,7,20,True
instance_1109.graph,9,16,True
instance_2914.graph,11,20,True
instance_2941.graph,13,16,True
instance_8054.graph,13,14,True
instance_421.graph,15,20,True
instance_282.graph,13,20,True
instance_8323.graph,15,20,True
instance_4869.graph,11,10,True
instance_5368.graph,15,18,True
instance_3975.graph,9,10,True
instance_7718.graph,11,20,True
instance_8016.graph,3,18,False
instance_8874.graph,3,14,True
instance_2091.graph,3,14,False
instance_8268.graph,9,18,True
instance_5830.graph,9,20,True
instance_3974.graph,9,16,True
instance_7738.graph,15,20,True
instance_6596.graph,15,14,True
instance_9833.graph,9,18,True
instance_9191.graph,13,14,True
instance_204.graph,11,16,True
instance_1573.graph,15,20,True
instance_9073.graph,5,20,False
instance_111.graph,9,12,True
instance_1357.graph,9,18,True
instance_1229.graph,11,12,True
instance_7377.graph,3,18,False
instance_7510.graph,5,12,True
instance_927.graph,3,20,False
instance_2234.graph,3,20,True
instance_5458.graph,15,20,True
instance_5293.graph,15,20,True
instance_4297.graph,11,16,True
instance_5879.graph,15,14,True
instance_472.graph,13,12,True
instance_6830.graph,5,18,False
instance_8137.graph,5,12,True
instance_3723.graph,3,12,True
instance_7909.graph,13,14,True
instance_4810.graph,11,14,True
instance_3611.graph,9,10,True
instance_8439.graph,13,14,True
instance_5427.graph,15,12,True
instance_6929.graph,11,18,True
instance_8413.graph,9,20,True
instance_6456.graph,13,10,True
instance_490.graph,11,20,True
instance_8877.graph,5,14,True
instance_9802.graph,3,10,True
instance_1780.graph,7,18,True
instance_1185.graph,3,14,True
instance_8408.graph,3,14,True
instance_729.graph,15,20,True
instance_9840.graph,15,20,True
instance_2433.graph,9,20,True
instance_9983.graph,5,16,True
instance_1987.graph,11,16,True
instance_8480.graph,13,20,True
instance_5037.graph,15,20,True
instance_81.graph,7,18,False
instance_2511.graph,15,20,True
instance_9906.graph,15,18,True
instance_2377.graph,7,16,True
instance_1010.graph,11,20,True
instance_8385.graph,11,12,True
instance_1652.graph,7,14,True
instance_2825.graph,7,12,True
instance_3859.graph,3,14,True
instance_2590.graph,13,20,True
instance_2273.graph,13,20,True
instance_191.graph,15,18,True
instance_3340.graph,5,16,False
instance_3749.graph,15,14,True
instance_3527.graph,9,10,True
instance_2895.graph,9,18,True
instance_9450.graph,13,14,True
instance_4785.graph,5,20,True
instance_1420.graph,15,20,True
instance_9402.graph,7,12,True
instance_6823.graph,13,18,True
instance_3714.graph,13,18,True
instance_7902.graph,11,12,True
instance_1545.graph,5,12,True
instance_3763.graph,11,10,True
instance_1844.graph,15,18,True
instance_8570.graph,9,18,True
instance_3401.graph,11,16,True
instance_4647.graph,11,10,True
instance_5604.graph,7,20,True
instance_4718.graph,5,10,True
instance_9168.graph,7,12,True
instance_3622.graph,5,12,True
instance_5000.graph,15,12,True
instance_5618.graph,5,18,False
instance_7755.graph,7,16,True
instance_6119.graph,15,12,True
instance_4104.graph,9,20,True
instance_6850.graph,15,20,True
instance_126.graph,11,18,True
instance_8347.graph,7,10,True
instance_404.graph,3,10,False
instance_5288.graph,11,20,True
instance_1197.graph,11,20,True
instance_4766.graph,3,12,False
instance_9758.graph,15,16,True
instance_8641.graph,9,18,True
instance_847.graph,5,16,False
instance_9707.graph,7,20,True
instance_9217.graph,15,12,True
instance_6603.graph,9,10,True
instance_9814.graph,9,12,True
instance_652.graph,15,12,True
instance_3009.graph,13,16,True
instance_2307.graph,15,14,True
instance_1310.graph,3,12,False
instance_1836.graph,7,12,True
instance_3088.graph,15,16,True
instance_388.graph,7,14,True
instance_8318.graph,7,10,True
instance_9343.graph,11,10,True
instance_6136.graph,7,16,True
instance_4223.graph,9,18,True
instance_4968.graph,5,20,False
instance_9203.graph,9,12,True
instance_451.graph,9,10,True
instance_2360.graph,13,16,True
instance_7363.graph,9,16,True
instance_2291.graph,9,10,True
instance_8475.graph,5,20,False
instance_5577.graph,15,16,True
instance_5160.graph,9,16,True
instance_9133.graph,15,14,True
instance_7469.graph,5,20,True
instance_5873.graph,11,18,True
instance_3448.graph,15,14,True
instance_3360.graph,7,18,False
instance_6490.graph,13,16,True
instance_8526.graph,5,12,True
instance_3511.graph,9,10,True
instance_5002.graph,15,20,True
instance_6589.graph,15,18,True
instance_6509.graph,9,12,True
instance_4222.graph,11,12,True
instance_819.graph,5,14,True
instance_4893.graph,13,20,True
instance_8809.graph,9,20,True
instance_6412.graph,13,20,True
instance_3578.graph,9,10,True
instance_5102.graph,13,10,True
instance_7817.graph,9,12,True
instance_2512.graph,7,20,True
instance_7702.graph,9,14,True
instance_228.graph,11,20,True
instance_9428.graph,5,16,False
instance_2869.graph,11,16,True
instance_2793.graph,9,10,True
instance_7108.graph,9,20,True
instance_9965.graph,13,16,True
instance_5721.graph,7,12,False
instance_9683.graph,5,14,False
instance_4132.graph,11,14,True
instance_8763.graph,11,10,True
instance_1759.graph,11,16,True
instance_2902.graph,13,18,True
instance_1646.graph,9,16,True
instance_9072.graph,11,12,True
instance_8021.graph,11,16,True
instance_2845.graph,5,12,True
instance_9665.graph,11,20,True
instance_1418.graph,13,10,True
instance_7287.graph,11,12,True
instance_7921.graph,13,18,True
instance_7743.graph,11,16,True
instance_9638.graph,13,12,True
instance_4878.graph,15,16,True
instance_3474.graph,15,18,True
instance_8531.graph,7,16,True
instance_9478.graph,5,18,False
instance_8752.graph,13,18,True
instance_9863.graph,15,18,True
instance_8024.graph,9,16,True
instance_7238.graph,7,18,False
instance_1702.graph,7,16,True
instance_9437.graph,5,18,True
instance_1184.graph,7,18,True
instance_1210.graph,11,10,True
instance_4473.graph,3,14,False
instance_8868.graph,9,20,True
instance_4364.graph,3,12,False
instance_2493.graph,7,12,True
instance_8294.graph,15,16,True
instance_8597.graph,11,20,True
instance_7056.graph,11,20,True
instance_8285.graph,15,20,True
instance_9234.graph,7,14,True
instance_4621.graph,13,12,True
instance_3132.graph,5,16,True
instance_3545.graph,15,10,True
instance_8369.graph,11,16,True
instance_4501.graph,13,20,True
instance_4566.graph,15,16,True
instance_1452.graph,13,14,True
instance_2830.graph,7,20,False
instance_670.graph,13,18,True
instance_9914.graph,7,12,True
instance_489.graph,11,12,True
instance_3933.graph,15,20,True
instance_7201.graph,11,20,True
instance_5572.graph,7,18,False
instance_2315.graph,5,20,False
instance_604.graph,9,10,True
instance_9809.graph,7,20,False
instance_8435.graph,9,14,True
instance_1005.graph,11,16,True
instance_3262.graph,15,16,True
instance_5863.graph,7,10,True
instance_255.graph,13,10,True
instance_3781.graph,7,14,True
instance_6407.graph,3,20,False
instance_8772.graph,9,12,True
instance_6820.graph,7,18,False
instance_4085.graph,9,16,True
instance_617.graph,9,20,True
instance_6085.graph,9,14,True
instance_2045.graph,3,12,False
instance_2431.graph,11,16,True
instance_831.graph,9,12,True
instance_4133.graph,3,14,False
instance_9995.graph,11,10,True
instance_6322.graph,15,16,True
instance_5948.graph,13,18,True
instance_4907.graph,15,20,True
instance_2107.graph,15,10,True
instance_8515.graph,11,20,True
instance_1009.graph,9,12,True
instance_805.graph,15,16,True
instance_756.graph,11,16,True
instance_6066.graph,3,18,False
instance_2205.graph,11,18,True
instance_5069.graph,13,18,True
instance_1637.graph,5,14,True
instance_9177.graph,3,12,False
instance_1298.graph,13,12,True
instance_6661.graph,7,12,True
instance_2495.graph,9,10,True
instance_7803.graph,5,18,True
instance_3926.graph,11,14,True
instance_6523.graph,13,18,True
instance_6151.graph,15,18,True
instance_1965.graph,7,20,True
instance_7442.graph,15,16,True
instance_3912.graph,3,16,False
instance_1542.graph,13,14,True
instance_5105.graph,11,12,True
instance_3322.graph,9,12,True
instance_8421.graph,3,20,False
instance_7361.graph,13,20,True
instance_172.graph,5,14,True
instance_4767.graph,3,12,True
instance_3430.graph,11,10,True
instance_7933.graph,13,12,True
instance_3422.graph,3,14,False
instance_8259.graph,15,12,True
instance_1211.graph,9,14,True
instance_4298.graph,15,16,True
instance_2395.graph,7,20,True
instance_9973.graph,7,16,True
instance_1477.graph,13,20,True
instance_6587.graph,11,18,True
instance_5461.graph,15,18,True
instance_4725.graph,5,14,True
instance_5938.graph,9,10,True
instance_989.graph,7,10,True
instance_8535.graph,9,16,True
instance_5978.graph,7,18,True
instance_4768.graph,15,14,True
instance_329.graph,11,16,True
instance_7684.graph,5,20,False
instance_9098.graph,3,12,False
instance_4831.graph,5,20,True
instance_1677.graph,11,20,True
instance_1255.graph,5,16,False
instance_8456.graph,11,12,True
instance_7965.graph,7,20,True
instance_233.graph,11,20,True
instance_8142.graph,3,10,False
instance_3147.graph,13,18,True
instance_3024.graph,7,12,True
instance_7082.graph,13,18,True
instance_1327.graph,13,12,True
instance_1688.graph,5,20,False
instance_1918.graph,11,10,True
instance_4403.graph,11,20,True
instance_8135.graph,9,20,False
instance_8542.graph,5,18,True
instance_7024.graph,5,18,False
instance_647.graph,13,20,True
instance_3853.graph,13,14,True
instance_2208.graph,3,10,False
instance_4415.graph,13,16,True
instance_1871.graph,3,16,True
instance_3317.graph,9,20,True
instance_6064.graph,11,14,True
instance_4456.graph,13,18,True
instance_8701.graph,15,12,True
instance_237.graph,5,18,False
instance_410.graph,3,12,False
instance_2012.graph,7,10,True
instance_7344.graph,13,18,True
instance_5100.graph,9,18,True
instance_3728.graph,5,18,False
instance_1777.graph,15,18,True
instance_8157.graph,11,20,True
instance_7022.graph,11,10,True
instance_9610.graph,11,20,True
instance_3580.graph,15,16,True
instance_5403.graph,13,20,True
instance_7560.graph,9,16,True
instance_2364.graph,7,14,True
instance_2732.graph,5,20,False
instance_974.graph,9,14,True
instance_5210.graph,7,14,True
instance_790.graph,9,20,True
instance_5095.graph,9,10,True
instance_809.graph,5,10,False
instance_6869.graph,5,14,True
instance_8890.graph,13,20,True
instance_9420.graph,13,16,True
instance_9021.graph,9,10,True
instance_6938.graph,9,14,True
instance_6890.graph,15,20,True
instance_4646.graph,9,14,True
instance_6808.graph,5,12,True
instance_7118.graph,13,14,True
instance_2929.graph,15,14,True
instance_2735.graph,5,14,True
instance_2473.graph,7,14,True
instance_5822.graph,11,20,True
instance_2207.graph,7,20,True
instance_7222.graph,9,16,True
instance_5395.graph,13,10,True
instance_9408.graph,7,18,True
instance_4218.graph,7,18,True
instance_9170.graph,13,10,True
instance_7943.graph,7,12,True
instance_650.graph,9,14,True
instance_9439.graph,9,16,True
instance_6972.graph,15,14,True
instance_7101.graph,11,14,True
instance_1775.graph,3,16,True
instance_8360.graph,5,20,False
instance_6931.graph,9,12,True
instance_4683.graph,9,14,True
instance_7588.graph,11,16,True
instance_9377.graph,7,18,True
instance_4010.graph,15,20,True
instance_6747.graph,11,20,True
instance_5809.graph,7,20,True
instance_5724.graph,5,16,True
instance_4012.graph,5,12,True
instance_8019.graph,3,16,False
instance_7091.graph,9,20,True
instance_1929.graph,11,18,True
instance_403.graph,3,12,False
instance_1619.graph,7,10,True
instance_4147.graph,13,10,True
instance_6898.graph,5,12,True
instance_2783.graph,11,18,True
instance_51.graph,5,12,True
instance_1552.graph,3,12,False
instance_2403.graph,3,10,False
instance_2230.graph,13,12,True
instance_4790.graph,13,12,True
instance_9687.graph,3,14,True
instance_3014.graph,13,10,True
instance_5663.graph,9,14,True
instance_334.graph,9,12,True
instance_2033.graph,3,16,False
instance_8150.graph,11,20,True
instance_5658.graph,7,12,True
instance_8678.graph,15,20,True
instance_2587.graph,5,14,False
instance_2167.graph,9,18,True
instance_1515.graph,3,20,False
instance_8523.graph,9,10,True
instance_5184.graph,5,10,True
instance_923.graph,11,16,True
instance_5983.graph,13,16,True
instance_5330.graph,5,20,True
instance_7526.graph,5,12,True
instance_6946.graph,3,14,False
instance_5453.graph,5,20,False
instance_8005.graph,15,12,True
instance_5723.graph,9,20,True
instance_2758.graph,11,14,True
instance_406.graph,15,16,True
instance_9005.graph,3,14,False
instance_8695.graph,15,18,True
instance_6782.graph,13,14,True
instance_4586.graph,7,14,False
instance_9082.graph,3,18,False
instance_159.graph,13,16,True
instance_6410.graph,3,18,False
instance_9014.graph,13,14,True
instance_8479.graph,15,12,True
instance_2190.graph,3,18,False
instance_5927.graph,7,20,False
instance_9981.graph,3,14,True
instance_9505.graph,7,18,True
instance_5684.graph,15,20,True
instance_3659.graph,15,20,True
instance_3135.graph,11,16,True
instance_2422.graph,7,16,True
instance_1224.graph,13,10,True
instance_6867.graph,13,12,True
instance_5889.graph,5,14,True
instance_9205.graph,7,16,True
instance_6955.graph,3,18,False
instance_2067.graph,11,10,True
instance_7450.graph,5,20,True
instance_2959.graph,3,20,False
instance_9588.graph,15,16,True
instance_1620.graph,3,10,True
instance_3857.graph,7,18,True
instance_9230.graph,7,16,False
instance_8227.graph,7,12,True
instance_9604.graph,13,16,True
instance_4107.graph,5,14,True
instance_3480.graph,5,18,False
instance_312.graph,13,20,True
instance_4481.graph,9,16,True
instance_985.graph,7,14,True
instance_7763.graph,5,16,True
instance_2678.graph,3,10,False
instance_3302.graph,3,10,True
instance_387.graph,3,16,False
instance_2952.graph,3,10,True
instance_188.graph,7,20,True
instance_147.graph,9,18,True
instance_3312.graph,7,18,True
instance_1682.graph,5,14,True
instance_9306.graph,9,12,True
instance_9065.graph,7,18,False
instance_4980.graph,11,16,True
instance_3790.graph,7,10,True
instance_5668.graph,3,16,False
instance_3467.graph,13,14,True
instance_9927.graph,11,18,True
instance_4705.graph,13,18,True
instance_6422.graph,5,16,True
instance_2871.graph,11,20,True
instance_3746.graph,15,18,True
instance_3458.graph,9,18,True
instance_867.graph,15,12,True
instance_447.graph,11,16,True
instance_3773.graph,5,18,False
instance_6316.graph,11,10,True
instance_7638.graph,3,20,False
instance_6351.graph,13,10,True
instance_6174.graph,15,20,True
instance_1563.graph,11,18,True
instance_8729.graph,15,18,True
instance_7974.graph,7,14,True
instance_5764.graph,7,12,True
instance_1499.graph,5,14,False
instance_9787.graph,7,12,True
instance_9715.graph,7,14,True
instance_9520.graph,11,12,True
instance_1363.graph,9,12,True
instance_8681.graph,9,14,True
instance_1799.graph,3,12,False
instance_984.graph,9,20,True
instance_8513.graph,13,14,True
instance_748.graph,7,10,True
instance_6493.graph,13,16,True
instance_4983.graph,3,16,False
instance_9176.graph,11,14,True
instance_2923.graph,9,20,True
instance_4562.graph,11,20,True
instance_4433.graph,15,18,True
instance_3739.graph,13,18,True
instance_6137.graph,3,10,True
instance_8646.graph,5,12,True
instance_2956.graph,5,18,True
instance_355.graph,11,12,True
instance_6794.graph,7,20,False
instance_2255.graph,5,20,True
instance_3539.graph,5,18,True
instance_6606.graph,5,16,True
instance_272.graph,3,16,False
instance_8165.graph,11,10,True
instance_8389.graph,11,16,True
instance_951.graph,15,12,True
instance_3032.graph,7,12,True
instance_6852.graph,7,16,True
instance_1973.graph,3,12,False
instance_3267.graph,3,20,False
instance_1004.graph,13,16,True
instance_8740.graph,5,18,True
instance_6921.graph,7,18,True
instance_9960.graph,13,12,True
instance_7655.graph,15,12,True
instance_7392.graph,13,10,True
instance_945.graph,13,16,True
instance_9969.graph,7,14,True
instance_7087.graph,3,12,True
instance_1826.graph,9,20,True
instance_3618.graph,5,10,True
instance_3906.graph,9,16,True
instance_4094.graph,7,14,True
instance_7215.graph,15,20,True
instance_242.graph,9,14,True
instance_8477.graph,11,14,True
instance_2144.graph,5,16,False
instance_120.graph,5,18,True
instance_7490.graph,9,14,True
instance_5241.graph,3,20,False
instance_8814.graph,5,18,False
instance_1862.graph,11,14,True
instance_1990.graph,3,10,False
instance_2054.graph,7,12,True
instance_6101.graph,3,16,True
instance_6529.graph,11,20,True
instance_9220.graph,3,18,True
instance_6738.graph,9,18,True
instance_1604.graph,15,10,True
instance_3951.graph,3,20,False
instance_4480.graph,15,16,True
instance_6853.graph,11,16,True
instance_8155.graph,5,18,True
instance_8996.graph,9,20,True
instance_8210.graph,5,14,True
instance_5977.graph,7,16,True
instance_6308.graph,15,10,True
instance_967.graph,5,18,True
instance_2787.graph,15,20,True
instance_4995.graph,15,20,True
instance_2854.graph,11,10,True
instance_4933.graph,13,16,True
instance_5509.graph,5,16,False
instance_1901.graph,7,18,True
instance_2993.graph,11,16,True
instance_2532.graph,3,12,False
instance_5148.graph,9,20,True
instance_3281.graph,5,16,False
instance_4174.graph,11,20,True
instance_663.graph,9,20,True
instance_8412.graph,13,10,True
instance_3429.graph,3,20,False
instance_2743.graph,3,12,False
instance_4649.graph,11,12,True
instance_1079.graph,3,18,False
instance_5201.graph,7,14,False
instance_7849.graph,9,20,True
instance_7518.graph,5,12,True
instance_1689.graph,11,18,True
instance_8458.graph,5,10,True
instance_9483.graph,5,18,True
instance_9851.graph,11,18,True
instance_9771.graph,11,18,True
instance_3337.graph,5,12,True
instance_3426.graph,3,14,False
instance_6454.graph,3,20,False
instance_3406.graph,3,14,False
instance_4841.graph,9,10,True
instance_4609.graph,7,10,True
instance_6465.graph,7,18,True
instance_7300.graph,9,18,True
instance_9106.graph,3,18,False
instance_4743.graph,5,16,True
instance_6693.graph,9,14,True
instance_4967.graph,5,14,False
instance_4917.graph,15,16,True
instance_5404.graph,15,10,True
instance_9298.graph,3,16,False
instance_6089.graph,5,20,True
instance_3179.graph,3,12,True
instance_4894.graph,15,12,True
instance_2202.graph,15,10,True
instance_3053.graph,9,16,True
instance_7341.graph,13,16,True
instance_9562.graph,7,20,True
instance_7010.graph,9,10,True
instance_3894.graph,13,14,True
instance_4563.graph,13,12,True
instance_8602.graph,15,18,True
instance_900.graph,7,18,True
instance_7060.graph,3,16,True
instance_1607.graph,9,10,True
instance_2779.graph,9,20,True
instance_7285.graph,3,18,False
instance_5232.graph,7,14,True
instance_2643.graph,7,12,True
instance_896.graph,5,12,True
instance_402.graph,13,16,True
instance_8563.graph,9,16,True
instance_454.graph,13,14,True
instance_3387.graph,11,20,True
instance_7078.graph,11,10,True
instance_3879.graph,5,10,True
instance_7765.graph,7,10,True
instance_6375.graph,7,18,True
instance_7980.graph,5,14,True
instance_2517.graph,15,12,True
instance_770.graph,15,16,True
instance_2533.graph,13,20,True
instance_6824.graph,7,12,True
instance_3231.graph,3,16,False
instance_645.graph,9,12,True
instance_8810.graph,15,16,True
instance_7379.graph,3,16,False
instance_905.graph,7,20,True
instance_5304.graph,9,20,True
instance_1566.graph,11,10,True
instance_3929.graph,7,20,True
instance_3451.graph,9,10,True
instance_7156.graph,7,10,False
instance_289.graph,3,14,False
instance_2868.graph,5,16,True
instance_239.graph,15,10,True
instance_340.graph,11,16,True
instance_7967.graph,7,18,True
instance_6452.graph,11,10,True
instance_4954.graph,7,16,True
instance_3445.graph,11,10,True
instance_7565.graph,9,12,True
instance_7370.graph,9,16,True
instance_3866.graph,3,12,False
instance_1747.graph,9,16,True
instance_3454.graph,9,18,True
instance_6254.graph,9,18,True
instance_3586.graph,13,20,True
instance_7715.graph,13,20,True
instance_6837.graph,3,14,True
instance_4889.graph,3,12,False
instance_5815.graph,3,16,False
instance_6108.graph,11,20,True
instance_6115.graph,7,12,True
instance_7564.graph,7,20,True
instance_5792.graph,13,12,True
instance_2803.graph,3,20,False
instance_8149.graph,13,10,True
instance_4546.graph,3,20,False
instance_6914.graph,3,16,False
instance_3645.graph,15,16,True
instance_4606.graph,3,18,False
instance_2363.graph,5,18,True
instance_9769.graph,3,18,False
instance_494.graph,3,20,False
instance_218.graph,3,14,False
instance_2629.graph,3,16,False
instance_1115.graph,3,14,False
instance_5800.graph,5,12,False
instance_9698.graph,7,20,False
instance_7553.graph,9,12,True
instance_5961.graph,3,16,True
instance_5101.graph,7,18,True
instance_2373.graph,11,16,True
instance_9826.graph,7,12,True
instance_6459.graph,11,16,True
instance_3411.graph,3,10,False
instance_8207.graph,13,14,True
instance_5152.graph,5,14,True
instance_3807.graph,5,14,True
instance_8469.graph,15,16,True
instance_8108.graph,5,10,True
instance_1837.graph,3,18,True
instance_882.graph,5,10,True
instance_1654.graph,3,12,True
instance_5740.graph,5,10,True
instance_4360.graph,3,10,True
instance_1575.graph,5,12,True
instance_4833.graph,3,16,False
instance_4005.graph,13,20,True
instance_9097.graph,7,14,True
instance_169.graph,11,14,True
instance_5870.graph,7,20,True
instance_760.graph,15,12,True
instance_5181.graph,9,12,True
instance_7055.graph,7,18,True
instance_4081.graph,3,14,False
instance_2263.graph,7,10,True
instance_9446.graph,5,12,True
instance_6664.graph,3,14,False
instance_5237.graph,11,12,True
instance_8578.graph,7,12,True
instance_1667.graph,9,16,True
instance_394.graph,7,12,True
instance_7666.graph,13,10,True
instance_414.graph,15,16,True
instance_3571.graph,5,12,False
instance_8916.graph,3,10,True
instance_2588.graph,5,18,True
instance_4380.graph,7,18,False
instance_7759.graph,3,12,False
instance_9786.graph,11,20,True
instance_9456.graph,11,18,True
instance_5363.graph,9,18,True
instance_9782.graph,11,16,True
instance_9040.graph,13,14,True
instance_3864.graph,13,12,True
instance_3801.graph,9,12,True
instance_7791.graph,3,10,False
instance_8378.graph,5,12,False
instance_5981.graph,7,18,False
instance_9678.graph,13,10,True
instance_2907.graph,3,18,False
instance_2264.graph,13,20,True
instance_7724.graph,9,12,True
instance_5526.graph,13,10,True
instance_1561.graph,13,12,True
instance_4062.graph,3,18,True
instance_4826.graph,5,18,False
instance_6710.graph,13,20,True
instance_8807.graph,7,20,True
instance_8167.graph,15,10,True
instance_9271.graph,13,10,True
instance_1690.graph,11,10,True
instance_2198.graph,3,20,False
instance_1374.graph,11,10,True
instance_3342.graph,9,20,True
instance_5711.graph,15,12,True
instance_5582.graph,13,14,True
instance_9624.graph,7,16,True
instance_2513.graph,15,14,True
instance_5759.graph,9,14,True
instance_6723.graph,15,20,True
instance_3903.graph,11,20,True
instance_4600.graph,13,20,True
instance_7094.graph,5,12,False
instance_4397.graph,9,18,True
instance_932.graph,15,18,True
instance_4728.graph,5,18,True
instance_60.graph,11,14,True
instance_7417.graph,11,20,True
instance_2115.graph,9,14,True
instance_6179.graph,13,18,True
instance_5681.graph,11,14,True
instance_5038.graph,9,20,True
instance_9242.graph,13,10,True
instance_3735.graph,11,20,True
instance_5367.graph,13,16,True
instance_6525.graph,7,14,False
instance_3093.graph,15,18,True
instance_2975.graph,11,20,True
instance_3371.graph,11,18,True
instance_6549.graph,11,20,True
instance_2973.graph,15,16,True
instance_3592.graph,13,20,True
instance_2810.graph,3,16,False
instance_6670.graph,7,14,True
instance_2399.graph,7,20,True
instance_6641.graph,7,10,True
instance_5936.graph,3,10,True
instance_4789.graph,3,20,True
instance_2278.graph,5,12,True
instance_125.graph,15,12,True
instance_2676.graph,9,14,True
instance_2809.graph,13,20,True
instance_9749.graph,9,16,True
instance_7012.graph,11,16,True
instance_706.graph,13,18,True
instance_2070.graph,3,16,False
instance_3832.graph,11,18,True
instance_4387.graph,13,18,True
instance_2958.graph,9,14,True
instance_7675.graph,13,12,True
instance_8991.graph,13,18,True
instance_2242.graph,9,18,True
instance_9919.graph,9,18,True
instance_4555.graph,13,20,True
instance_4583.graph,7,20,False
instance_6237.graph,13,10,True
instance_2976.graph,9,14,True
instance_8482.graph,11,14,True
instance_2572.graph,11,10,True
instance_3952.graph,9,12,True
instance_8940.graph,9,12,True
instance_6937.graph,5,18,False
instance_8263.graph,7,12,True
instance_5910.graph,15,14,True
instance_3687.graph,13,12,True
instance_3995.graph,5,10,True
instance_9108.graph,5,20,False
instance_243.graph,9,18,True
instance_5192.graph,9,18,True
instance_9844.graph,13,10,True
instance_6564.graph,13,10,True
instance_7253.graph,13,18,True
instance_7858.graph,15,10,True
instance_6913.graph,15,16,True
instance_5426.graph,5,12,False
instance_1408.graph,3,16,False
instance_7592.graph,3,18,False
instance_262.graph,9,14,True
instance_600.graph,13,14,True
instance_3219.graph,11,16,True
instance_9432.graph,7,10,True
instance_4018.graph,11,16,True
instance_6294.graph,7,10,True
instance_4945.graph,5,16,False
instance_6423.graph,9,16,True
instance_9636.graph,7,20,True
instance_3917.graph,13,16,True
instance_2672.graph,5,14,False
instance_7625.graph,5,20,True
instance_4731.graph,13,16,True
instance_2660.graph,9,10,True
instance_2138.graph,7,18,True
instance_6007.graph,11,14,True
instance_843.graph,13,20,True
instance_9859.graph,9,10,True
instance_9733.graph,15,18,True
instance_2192.graph,3,14,True
instance_7053.graph,9,14,True
instance_8368.graph,13,16,True
instance_2966.graph,3,18,False
instance_1485.graph,11,14,True
instance_9750.graph,3,16,False
instance_3652.graph,3,16,True
instance_8532.graph,11,18,True
instance_5976.graph,11,14,True
instance_4034.graph,3,14,True
instance_7750.graph,9,14,True
instance_4627.graph,9,18,True
instance_4317.graph,11,12,True
instance_7324.graph,7,20,True
instance_299.graph,3,14,False
instance_199.graph,15,14,True
instance_3150.graph,15,20,True
instance_3607.graph,15,12,True
instance_1290.graph,5,14,False
instance_6391.graph,3,18,False
instance_3138.graph,7,12,False
instance_9301.graph,9,14,True
instance_7882.graph,13,20,True
instance_363.graph,11,12,True
instance_5586.graph,3,18,False
instance_807.graph,15,14,True
instance_9701.graph,3,14,False
instance_1574.graph,5,16,True
instance_437.graph,3,18,False
instance_6969.graph,7,10,True
instance_6639.graph,13,10,True
instance_1609.graph,3,16,False
instance_2432.graph,11,20,True
instance_7301.graph,9,14,True
instance_7802.graph,3,12,False
instance_5995.graph,7,12,True
instance_347.graph,13,14,True
instance_9628.graph,9,14,True
instance_1128.graph,9,10,True
instance_1200.graph,3,14,False
instance_8728.graph,13,14,True
instance_6184.graph,15,18,True
instance_3570.graph,13,10,True
instance_9089.graph,3,16,True
instance_4673.graph,9,14,True
instance_386.graph,13,18,True
instance_5733.graph,5,18,False
instance_8533.graph,3,18,False
instance_1130.graph,13,18,True
instance_7602.graph,13,20,True
instance_3139.graph,3,16,True
instance_3664.graph,7,20,True
instance_7742.graph,9,16,True
instance_2116.graph,13,18,True
instance_7995.graph,7,18,True
instance_755.graph,7,18,False
instance_6954.graph,7,10,True
instance_2805.graph,15,12,True
instance_2852.graph,11,10,True
instance_7797.graph,7,20,True
instance_6441.graph,9,10,True
instance_1481.graph,15,10,True
instance_1165.graph,5,12,True
instance_8634.graph,7,16,True
instance_5705.graph,15,12,True
instance_6988.graph,7,12,True
instance_746.graph,9,16,True
instance_1853.graph,7,12,True
instance_8026.graph,3,14,False
instance_4075.graph,15,10,True
instance_2310.graph,15,14,True
instance_1791.graph,5,14,True
instance_628.graph,11,16,True
instance_2302.graph,7,10,True
instance_594.graph,13,12,True
instance_5880.graph,11,10,True
instance_4856.graph,15,14,True
instance_7157.graph,3,20,False
instance_785.graph,5,18,True
instance_3550.graph,3,20,False
instance_5600.graph,11,20,True
instance_2031.graph,7,20,True
instance_3149.graph,13,14,True
instance_2968.graph,3,10,False
instance_4500.graph,7,18,False
instance_1257.graph,5,18,False
instance_4545.graph,5,10,False
instance_5848.graph,3,14,False
instance_4231.graph,5,12,False
instance_1715.graph,11,18,True
instance_6130.graph,13,16,True
instance_6429.graph,11,10,True
instance_9061.graph,9,18,True
instance_693.graph,11,16,True
instance_2754.graph,13,18,True
instance_8178.graph,11,16,True
instance_1908.graph,11,12,True
instance_5661.graph,11,14,True
instance_9211.graph,15,20,True
instance_3658.graph,9,10,True
instance_3152.graph,11,18,True
instance_9219.graph,15,20,True
instance_5398.graph,11,20,True
instance_1769.graph,11,10,True
instance_4682.graph,13,10,True
instance_427.graph,15,12,True
instance_978.graph,15,18,True
instance_7084.graph,3,16,False
instance_8079.graph,13,20,True
instance_9464.graph,11,10,True
instance_2525.graph,13,14,True
instance_2309.graph,15,20,True
instance_1049.graph,15,20,True
instance_8900.graph,15,14,True
instance_9233.graph,9,16,True
instance_3886.graph,7,14,True
instance_7289.graph,15,14,True
instance_2253.graph,13,16,True
instance_5262.graph,13,20,True
instance_8402.graph,13,20,True
instance_2004.graph,15,18,True
instance_3208.graph,9,20,True
instance_9349.graph,13,14,True
instance_1559.graph,7,20,False
instance_3471.graph,15,14,True
instance_1026.graph,7,10,True
instance_5447.graph,15,12,True
instance_1202.graph,9,14,True
instance_3306.graph,7,20,False
instance_1166.graph,11,20,True
instance_2842.graph,7,10,True
instance_4957.graph,9,14,True
instance_837.graph,9,18,True
instance_3565.graph,13,18,True
instance_9436.graph,15,10,True
instance_2690.graph,3,14,True
instance_5374.graph,9,16,True
instance_5255.graph,15,18,True
instance_4183.graph,11,20,True
instance_332.graph,13,12,True
instance_6264.graph,7,18,False
instance_9154.graph,3,12,False
instance_8218.graph,3,14,False
instance_7079.graph,5,18,True
instance_6688.graph,7,18,True
instance_6457.graph,3,18,False
instance_5659.graph,11,14,True
instance_3321.graph,9,10,True
instance_9261.graph,7,10,True
instance_9902.graph,5,14,True
instance_8794.graph,3,18,False
instance_7129.graph,5,10,True
instance_5019.graph,9,12,True
instance_1359.graph,3,16,False
instance_65.graph,7,16,True
instance_3601.graph,3,10,False
instance_8436.graph,7,10,True
instance_1240.graph,7,20,False
instance_9387.graph,5,12,True
instance_2570.graph,13,20,True
instance_2886.graph,15,14,True
instance_1937.graph,13,18,True
instance_4382.graph,11,18,True
instance_5378.graph,3,20,False
instance_176.graph,15,10,True
instance_7604.graph,7,18,True
instance_3965.graph,3,12,True
instance_1767.graph,13,20,True
instance_8380.graph,13,12,True
instance_8434.graph,5,18,True
instance_2348.graph,5,12,True
instance_4310.graph,7,14,False
instance_2087.graph,5,12,True
instance_7978.graph,13,16,True
instance_1493.graph,9,12,True
instance_1975.graph,3,20,False
instance_5348.graph,11,16,True
instance_8303.graph,7,12,True
instance_8383.graph,9,14,True
instance_9315.graph,5,20,True
instance_2322.graph,15,20,True
instance_7057.graph,3,18,False
instance_7668.graph,15,18,True
instance_4984.graph,9,12,True
instance_1226.graph,7,16,True
instance_8601.graph,7,10,True
instance_8241.graph,11,14,True
instance_6628.graph,13,18,True
instance_9578.graph,7,12,True
instance_8306.graph,13,10,True
instance_6594.graph,15,12,True
instance_1412.graph,13,16,True
instance_1482.graph,3,10,False
instance_4241.graph,13,12,True
instance_4493.graph,7,18,False
instance_9947.graph,5,12,False
instance_4636.graph,13,20,True
instance_4638.graph,3,10,False
instance_6983.graph,3,20,True
instance_1533.graph,5,18,True
instance_3005.graph,15,20,True
instance_3594.graph,5,12,True
instance_1066.graph,11,16,True
instance_5202.graph,7,18,False
instance_6382.graph,9,20,True
instance_7409.graph,9,12,True
instance_890.graph,7,10,True
instance_9741.graph,7,12,True
instance_2722.graph,13,14,True
instance_6169.graph,5,18,True
instance_6984.graph,11,16,True
instance_2191.graph,5,12,True
instance_85.graph,7,12,True
instance_7865.graph,9,18,True
instance_8457.graph,11,20,True
instance_8273.graph,9,12,True
instance_7482.graph,3,18,True
instance_5258.graph,7,18,True
instance_3497.graph,13,20,True
instance_3519.graph,15,14,True
instance_7281.graph,3,14,False
instance_5238.graph,9,14,True
instance_3767.graph,13,14,True
instance_6470.graph,9,20,True
instance_442.graph,11,14,True
instance_7790.graph,5,16,True
instance_4990.graph,13,18,True
instance_6110.graph,3,20,False
instance_7607.graph,7,16,True
instance_5136.graph,13,14,True
instance_5988.graph,15,12,True
instance_9600.graph,11,20,True
instance_9793.graph,5,18,False
instance_1594.graph,3,18,False
instance_7167.graph,5,10,True
instance_8992.graph,11,20,True
instance_6405.graph,5,14,False
instance_9946.graph,9,16,True
instance_1286.graph,3,14,True
instance_4114.graph,5,10,True
instance_3490.graph,15,18,True
instance_6777.graph,5,10,True
instance_4165.graph,9,18,True
instance_952.graph,9,10,True
instance_5999.graph,5,14,False
instance_2187.graph,13,10,True
instance_4757.graph,3,18,False
instance_7350.graph,15,14,True
instance_5925.graph,15,10,True
instance_7622.graph,13,12,True
instance_5596.graph,9,16,True
instance_9872.graph,13,12,True
instance_9917.graph,15,12,True
instance_3800.graph,15,14,True
instance_7028.graph,5,20,False
instance_618.graph,9,16,True
instance_3112.graph,9,10,True
instance_6096.graph,13,18,True
instance_313.graph,13,18,True
instance_475.graph,15,10,True
instance_8403.graph,13,20,True
instance_7095.graph,3,18,False
instance_1903.graph,7,20,True
instance_9305.graph,13,12,True
instance_2773.graph,7,12,True
instance_9492.graph,15,10,True
instance_5389.graph,9,16,True
instance_2837.graph,7,14,True
instance_6974.graph,11,12,True
instance_6554.graph,13,10,True
instance_4004.graph,9,16,True
instance_840.graph,9,12,True
instance_2079.graph,5,16,True
instance_4383.graph,7,14,True
instance_5120.graph,7,14,True
instance_7043.graph,5,10,True
instance_9113.graph,3,20,False
instance_6534.graph,15,20,True
instance_6916.graph,9,16,True
instance_9875.graph,9,12,True
instance_5911.graph,7,10,True
instance_6346.graph,5,12,True
instance_3642.graph,9,20,True
instance_2520.graph,3,18,False
instance_9307.graph,3,16,True
instance_766.graph,7,14,True
instance_491.graph,9,16,True
instance_2560.graph,13,16,True
instance_1129.graph,7,20,False
instance_4039.graph,9,12,True
instance_5180.graph,7,20,True
instance_550.graph,5,16,False
instance_3297.graph,11,16,True
instance_8041.graph,13,14,True
instance_167.graph,7,12,True
instance_6384.graph,9,10,True
instance_572.graph,7,12,True
instance_6700.graph,13,20,True
instance_5907.graph,3,12,False
instance_5445.graph,11,16,True
instance_5468.graph,11,14,True
instance_2015.graph,13,20,True
instance_9815.graph,9,18,True
instance_5541.graph,13,20,True
instance_4567.graph,3,16,False
instance_7500.graph,7,12,True
instance_2103.graph,3,10,False
instance_3189.graph,11,18,True
instance_468.graph,3,12,False
instance_1232.graph,13,18,True
instance_5565.graph,11,12,True
instance_7520.graph,5,20,False
instance_2435.graph,13,20,True
instance_7113.graph,7,12,False
instance_5571.graph,13,16,True
instance_6811.graph,3,12,False
instance_4926.graph,15,16,True
instance_6484.graph,3,18,False
instance_8337.graph,15,10,True
instance_7194.graph,7,18,True
instance_2413.graph,9,16,True
instance_6622.graph,5,12,False
instance_1237.graph,7,12,True
instance_1744.graph,11,14,True
instance_5191.graph,9,14,True
instance_6575.graph,11,16,True
instance_2261.graph,3,14,False
instance_7311.graph,13,20,True
instance_4420.graph,15,14,True
instance_2461.graph,13,10,True
instance_5984.graph,3,12,False
instance_9319.graph,15,20,True
instance_8805.graph,15,12,True
instance_1107.graph,9,20,True
instance_7608.graph,3,16,True
instance_5075.graph,13,20,True
instance_2477.graph,9,12,True
instance_5587.graph,5,10,True
instance_2755.graph,11,20,True
instance_3918.graph,13,16,True
instance_5678.graph,3,20,False
instance_4896.graph,7,20,True
instance_9295.graph,3,18,False
instance_7475.graph,9,18,True
instance_8761.graph,15,14,True
instance_196.graph,15,20,True
instance_5818.graph,7,14,True
instance_5338.graph,13,14,True
instance_4742.graph,11,20,True
instance_3877.graph,13,12,True
instance_2298.graph,9,18,True
instance_8793.graph,13,12,True
instance_2418.graph,9,18,True
instance_9241.graph,15,14,True
instance_4171.graph,3,12,False
instance_214.graph,9,18,True
instance_4982.graph,15,18,True
instance_509.graph,5,20,False
instance_5906.graph,11,20,True
instance_9384.graph,11,20,True
instance_4947.graph,7,16,True
instance_9485.graph,7,12,True
instance_6284.graph,5,10,True
instance_3937.graph,9,18,True
instance_8762.graph,11,14,True
instance_4327.graph,11,10,True
instance_7999.graph,9,12,True
instance_8999.graph,13,10,True
instance_8321.graph,3,12,True
instance_2037.graph,7,14,True
instance_798.graph,9,16,True
instance_6726.graph,11,14,True
instance_7747.graph,11,12,True
instance_7169.graph,3,16,False
instance_9281.graph,11,10,True
instance_7733.graph,5,20,True
instance_2344.graph,7,16,True
instance_6932.graph,9,10,True
instance_317.graph,13,16,True
instance_6677.graph,13,12,True
instance_6291.graph,3,14,False
instance_2200.graph,15,14,True
instance_6744.graph,9,18,True
instance_6551.graph,11,14,True
instance_9112.graph,5,12,False
instance_998.graph,11,12,True
instance_3332.graph,5,10,False
instance_8595.graph,9,14,True
instance_1468.graph,7,20,True
instance_4377.graph,3,18,False
instance_8297.graph,7,20,True
instance_631.graph,15,14,True
instance_3414.graph,3,16,False
instance_8119.graph,11,12,True
instance_6080.graph,11,14,True
instance_2453.graph,9,16,True
instance_8969.graph,3,16,False
instance_3044.graph,9,16,True
instance_2815.graph,11,20,True
instance_4534.graph,5,20,False
instance_8183.graph,3,12,True
instance_158.graph,15,20,True
instance_2448.graph,3,16,False
instance_3334.graph,11,12,True
instance_7808.graph,15,16,True
instance_2635.graph,9,20,True
instance_9644.graph,5,18,True
instance_6275.graph,5,20,True
instance_9551.graph,5,20,True
instance_4214.graph,3,20,True
instance_6435.graph,9,20,True
instance_9788.graph,11,16,True
instance_7217.graph,11,18,True
instance_8020.graph,15,12,True
instance_2056.graph,13,18,True
instance_9620.graph,9,16,True
instance_845.graph,13,10,True
instance_994.graph,13,12,True
instance_6907.graph,9,12,True
instance_2216.graph,5,18,False
instance_7120.graph,9,12,True
instance_7662.graph,9,14,True
instance_2025.graph,13,18,True
instance_3710.graph,3,10,False
instance_4239.graph,7,12,True
instance_5692.graph,7,20,True
instance_212.graph,13,16,True
instance_6977.graph,7,14,True
instance_302.graph,9,18,True
instance_3197.graph,11,12,True
instance_8829.graph,9,18,False
instance_9280.graph,9,12,True
instance_8194.graph,3,10,True
instance_1691.graph,11,14,True
instance_1116.graph,7,18,False
instance_8361.graph,7,20,True
instance_2887.graph,15,18,True
instance_3791.graph,7,18,True
instance_9513.graph,11,12,True
instance_8816.graph,13,10,True
instance_4078.graph,15,10,True
instance_4669.graph,5,10,True
instance_2909.graph,11,20,True
instance_98.graph,7,14,True
instance_7582.graph,3,10,False
instance_473.graph,3,14,False
instance_8871.graph,9,12,True
instance_9248.graph,5,16,True
instance_7411.graph,13,10,True
instance_9526.graph,7,18,True
instance_7623.graph,9,14,True
instance_3544.graph,3,20,False
instance_1974.graph,9,10,True
instance_5866.graph,11,16,True
instance_2734.graph,9,10,True
instance_632.graph,11,14,True
instance_5868.graph,3,20,False
instance_2088.graph,13,18,True
instance_9427.graph,11,20,True
instance_7033.graph,3,12,True
instance_2934.graph,15,16,True
instance_8176.graph,9,10,True
instance_9569.graph,7,16,True
instance_2467.graph,3,12,True
instance_9675.graph,5,20,True
instance_765.graph,5,10,False
instance_7567.graph,5,16,True
instance_2201.graph,13,12,True
instance_7128.graph,7,10,True
instance_5967.graph,7,14,True
instance_259.graph,9,10,True
instance_4088.graph,7,10,True
instance_8463.graph,5,12,True
instance_2598.graph,7,20,False
instance_1867.graph,13,18,True
instance_815.graph,3,10,False
instance_2482.graph,15,12,True
instance_4927.graph,5,10,True
instance_8971.graph,3,16,False
instance_1343.graph,5,14,False
instance_4422.graph,7,18,True
instance_6228.graph,13,12,True
instance_8926.graph,5,14,False
instance_8562.graph,13,16,True
instance_2832.graph,15,10,True
instance_1524.graph,5,10,True
instance_7242.graph,9,16,True
instance_2316.graph,11,20,True
instance_8943.graph,7,14,True
instance_8733.graph,15,10,True
instance_7676.graph,5,10,True
instance_1296.graph,15,16,True
instance_3966.graph,11,18,True
instance_6018.graph,9,14,True
instance_47.graph,9,14,True
instance_1119.graph,15,10,True
instance_1697.graph,9,20,True
instance_4979.graph,7,18,False
instance_6247.graph,7,18,False
instance_3997.graph,13,20,True
instance_5632.graph,9,12,True
instance_6022.graph,15,16,True
instance_602.graph,7,16,True
instance_2716.graph,3,10,False
instance_3466.graph,11,16,True
instance_9139.graph,5,18,True
instance_3469.graph,5,12,True
instance_6981.graph,3,10,False
instance_9095.graph,3,16,False
instance_4599.graph,5,20,True
instance_6325.graph,7,12,True
instance_8095.graph,13,12,True
instance_8105.graph,7,12,True
instance_9027.graph,3,14,False
instance_9631.graph,13,20,True
instance_1512.graph,5,16,True
instance_5720.graph,15,16,True
instance_2603.graph,11,14,True
instance_5199.graph,15,10,True
instance_5935.graph,13,12,True
instance_3177.graph,7,10,True
instance_6368.graph,11,20,True
instance_6590.graph,3,16,False
instance_8510.graph,15,14,True
instance_7415.graph,5,20,False
instance_8381.graph,9,16,True
instance_3146.graph,11,10,True
instance_9334.graph,11,14,True
instance_3248.graph,7,16,True
instance_1510.graph,9,16,True
instance_9950.graph,13,18,True
instance_9392.graph,13,16,True
instance_3266.graph,15,16,True
instance_6559.graph,7,10,True
instance_162.graph,11,10,True
instance_8486.graph,5,14,True
instance_8697.graph,9,16,True
instance_5963.graph,5,20,True
instance_9640.graph,11,16,True
instance_2916.graph,3,16,False
instance_7206.graph,15,10,True
instance_3867.graph,15,16,True
instance_3694.graph,3,20,False
instance_3059.graph,7,10,True
instance_2392.graph,9,14,True
instance_2172.graph,7,18,True
instance_6377.graph,5,16,False
instance_7177.graph,15,12,True
instance_1035.graph,5,20,False
instance_3102.graph,5,16,False
instance_1368.graph,11,12,True
instance_2711.graph,7,14,True
instance_3023.graph,15,18,True
instance_9116.graph,13,12,True
instance_3754.graph,5,16,False
instance_3772.graph,13,14,True
instance_6813.graph,5,18,False
instance_9934.graph,5,16,True
instance_6685.graph,9,14,True
instance_7914.graph,5,16,True
instance_8433.graph,11,12,True
instance_2039.graph,13,20,True
instance_7766.graph,11,14,True
instance_7762.graph,7,18,True
instance_5412.graph,11,14,True
instance_779.graph,9,18,True
instance_5894.graph,9,20,True
instance_7536.graph,5,16,False
instance_7170.graph,5,12,True
instance_5773.graph,3,18,False
instance_7736.graph,15,16,True
instance_7011.graph,11,14,True
instance_4256.graph,15,18,True
instance_8006.graph,9,20,True
instance_2123.graph,15,20,True
instance_6626.graph,15,10,True
instance_9970.graph,15,16,True
instance_6025.graph,11,16,True
instance_3802.graph,13,18,True
instance_6789.graph,15,12,True
instance_6437.graph,7,20,True
instance_2774.graph,15,18,True
instance_6347.graph,11,20,True
instance_5805.graph,3,14,False
instance_7317.graph,7,10,True
instance_5758.graph,11,10,True
instance_3971.graph,13,14,True
instance_6762.graph,15,14,True
instance_2018.graph,3,18,False
instance_4073.graph,7,16,True
instance_5144.graph,7,14,True
instance_8977.graph,9,16,True
instance_1713.graph,5,20,False
instance_2231.graph,13,10,True
instance_9169.graph,7,18,True
instance_7609.graph,7,20,True
instance_7686.graph,7,12,True
instance_3111.graph,3,18,False
instance_9582.graph,15,20,True
instance_1029.graph,13,18,True
instance_7386.graph,9,20,True
instance_8324.graph,5,16,False
instance_4100.graph,15,18,True
instance_5887.graph,5,12,True
instance_3357.graph,9,18,False
instance_6394.graph,13,10,True
instance_2336.graph,11,16,True
instance_950.graph,13,12,True
instance_7637.graph,11,12,True
instance_5934.graph,13,18,True
instance_3185.graph,11,10,True
instance_7649.graph,3,20,False
instance_3585.graph,13,10,True
instance_4315.graph,9,12,True
instance_6597.graph,5,16,True
instance_430.graph,3,14,False
instance_1848.graph,9,16,True
instance_352.graph,13,14,True
instance_3352.graph,9,18,True
instance_5850.graph,7,18,True
instance_1062.graph,7,10,True
instance_2839.graph,15,16,True
instance_532.graph,3,12,False
instance_9971.graph,5,18,True
instance_4571.graph,11,20,True
instance_6681.graph,3,14,True
instance_2668.graph,11,14,True
instance_9143.graph,15,12,True
instance_4962.graph,15,16,True
instance_3169.graph,3,18,False
instance_8224.graph,11,16,True
instance_801.graph,7,10,True
instance_9389.graph,9,12,True
instance_4999.graph,5,18,True
instance_3173.graph,15,12,True
instance_7945.graph,7,18,True
instance_6697.graph,13,12,True
instance_6083.graph,7,18,False
instance_6134.graph,13,20,True
instance_6450.graph,7,10,True
instance_2729.graph,3,12,True
instance_3290.graph,5,16,False
instance_2215.graph,9,12,True
instance_1361.graph,7,10,True
instance_9530.graph,15,18,True
instance_7231.graph,9,10,True
instance_1930.graph,5,12,False
instance_9111.graph,7,20,False
instance_5932.graph,3,18,False
instance_2753.graph,13,12,True
instance_4644.graph,7,14,True
instance_5129.graph,3,18,False
instance_2631.graph,9,20,True
instance_713.graph,7,16,True
instance_8115.graph,13,10,True
instance_7107.graph,15,10,True
instance_5104.graph,3,16,False
instance_8420.graph,13,12,True
instance_8611.graph,9,18,True
instance_6257.graph,9,12,True
instance_5046.graph,9,10,True
instance_9648.graph,5,12,True
instance_848.graph,15,16,True
instance_7723.graph,11,16,True
instance_7680.graph,7,20,False
instance_9953.graph,9,20,True
instance_4564.graph,7,20,False
instance_8316.graph,13,18,True
instance_3046.graph,3,10,False
instance_8637.graph,5,12,False
instance_7380.graph,7,16,False
instance_5857.graph,13,12,True
instance_1721.graph,15,12,True
instance_7473.graph,13,18,True
instance_9399.graph,13,14,True
instance_5561.graph,15,14,True
instance_8881.graph,13,16,True
instance_1760.graph,3,18,False
instance_3198.graph,11,18,True
instance_9987.graph,13,14,True
instance_4724.graph,7,12,True
instance_5847.graph,11,20,True
instance_6871.graph,11,20,True
instance_3778.graph,15,16,True
instance_3577.graph,5,12,True
instance_4777.graph,11,20,True
instance_6683.graph,13,14,True
instance_8709.graph,15,20,True
instance_3729.graph,5,12,True
instance_3682.graph,3,12,False
instance_6114.graph,11,10,True
instance_849.graph,15,10,True
instance_2979.graph,9,12,True
instance_5917.graph,7,16,True
instance_8802.graph,15,12,True
instance_4958.graph,3,10,False
instance_8800.graph,7,18,True
instance_6858.graph,9,12,True
instance_794.graph,11,14,True
instance_2951.graph,9,20,True
instance_1720.graph,11,14,True
instance_5214.graph,5,14,True
instance_6816.graph,13,12,True
instance_5833.graph,7,12,True
instance_9828.graph,13,16,True
instance_7656.graph,5,14,False
instance_8654.graph,9,16,True
instance_5091.graph,11,14,True
instance_3602.graph,5,12,False
instance_519.graph,3,18,False
instance_6241.graph,3,18,True
instance_284.graph,7,10,True
instance_234.graph,15,14,True
instance_4385.graph,13,18,True
instance_1883.graph,5,20,False
instance_1832.graph,13,16,True
instance_2927.graph,15,18,True
instance_7003.graph,13,20,True
instance_1156.graph,9,18,True
instance_92.graph,15,16,True
instance_6093.graph,13,14,True
instance_333.graph,7,18,True
instance_3175.graph,15,10,True
instance_6538.graph,9,14,True
instance_8619.graph,11,12,True
instance_4325.graph,3,10,False
instance_9500.graph,5,18,False
instance_3440.graph,3,12,True
instance_7751.graph,7,18,True
instance_433.graph,3,12,False
instance_1483.graph,15,18,True
instance_9480.graph,7,14,True
instance_4721.graph,11,14,True
instance_6335.graph,11,16,True
instance_3444.graph,7,10,True
instance_8289.graph,15,18,True
instance_3323.graph,11,20,True
instance_2800.graph,9,20,True
instance_4475.graph,5,14,True
instance_5390.graph,11,12,True
instance_9247.graph,15,20,True
instance_4454.graph,5,20,True
instance_7390.graph,7,18,True
instance_6533.graph,15,20,True
instance_5490.graph,11,20,True
instance_1490.graph,3,18,False
instance_5876.graph,3,12,False
instance_5944.graph,7,16,True
instance_6296.graph,3,20,False
instance_8797.graph,7,12,True
instance_9470.graph,5,10,True
instance_3991.graph,11,16,True
instance_7054.graph,11,14,True
instance_3556.graph,13,16,True
instance_789.graph,9,16,True
instance_1612.graph,15,12,True
instance_8093.graph,15,16,True
instance_5439.graph,11,20,True
instance_5234.graph,15,14,True
instance_7162.graph,7,20,True
instance_4807.graph,11,12,True
instance_961.graph,3,20,True
instance_6952.graph,15,16,True
instance_4145.graph,5,10,True
instance_4848.graph,7,18,False
instance_9696.graph,3,16,False
instance_6123.graph,5,10,True
instance_9681.graph,3,18,False
instance_3564.graph,15,18,True
instance_8113.graph,11,10,True
instance_7178.graph,13,18,True
instance_8450.graph,3,16,True
instance_5921.graph,11,18,True
instance_1168.graph,11,18,True
instance_484.graph,9,18,True
instance_3764.graph,7,14,True
instance_1186.graph,13,14,True
instance_9122.graph,5,20,True
instance_3964.graph,7,20,True
instance_4008.graph,13,18,True
instance_4207.graph,5,12,True
instance_220.graph,13,20,True
instance_2624.graph,11,10,True
instance_7102.graph,15,12,True
instance_5966.graph,11,18,True
instance_5525.graph,5,14,False
instance_3587.graph,3,10,True
instance_1590.graph,9,10,True
instance_1382.graph,13,20,True
instance_6014.graph,11,18,True
instance_8644.graph,9,14,True
instance_6118.graph,9,10,True
instance_2053.graph,3,14,False
instance_4027.graph,11,10,True
instance_8478.graph,13,20,True
instance_8071.graph,7,20,False
instance_1957.graph,11,16,True
instance_1434.graph,5,10,False
instance_8102.graph,15,18,True
instance_6577.graph,7,10,True
instance_5816.graph,9,16,True
instance_6768.graph,11,16,True
instance_9058.graph,13,18,True
instance_6352.graph,5,16,True
instance_4642.graph,5,10,True
instance_8620.graph,5,18,True
instance_2841.graph,11,14,True
instance_3624.graph,15,14,True
instance_1299.graph,13,14,True
instance_5765.graph,7,18,False
instance_2930.graph,11,16,True
instance_5942.graph,5,10,True
instance_3277.graph,5,20,True
instance_6428.graph,3,18,True
instance_7890.graph,11,12,True
instance_4361.graph,11,14,True
instance_1424.graph,11,10,True
instance_7502.graph,5,10,True
instance_8764.graph,3,12,False
instance_9580.graph,11,20,True
instance_6295.graph,7,16,False
instance_2361.graph,9,14,True
instance_8838.graph,9,14,True
instance_4255.graph,9,12,True
instance_2994.graph,7,18,False
instance_5276.graph,3,18,False
instance_5099.graph,9,16,True
instance_906.graph,11,10,True
instance_7584.graph,5,10,True
instance_8427.graph,9,20,True
instance_3207.graph,11,20,True
instance_7620.graph,3,10,True
instance_3388.graph,11,12,True
instance_4345.graph,15,14,True
instance_9993.graph,13,14,True
instance_9672.graph,3,12,False
instance_1180.graph,9,16,True
instance_9441.graph,9,14,True
instance_3632.graph,7,14,False
instance_9275.graph,5,18,True
instance_7992.graph,7,12,True
instance_6719.graph,11,10,True
instance_4660.graph,11,12,True
instance_1802.graph,9,20,False
instance_8058.graph,11,16,True
instance_7509.graph,5,18,False
instance_1622.graph,7,16,False
instance_6408.graph,13,16,True
instance_1995.graph,15,20,True
instance_6797.graph,3,18,False
instance_9455.graph,11,20,True
instance_9716.graph,11,18,True
instance_6986.graph,7,10,True
instance_6105.graph,9,10,True
instance_9825.graph,7,16,True
instance_197.graph,5,18,True
instance_4064.graph,7,18,True
instance_5116.graph,9,18,True
instance_207.graph,13,18,True
instance_1465.graph,11,12,True
instance_7910.graph,7,18,True
instance_2036.graph,3,10,False
instance_2020.graph,13,18,True
instance_9747.graph,13,20,True
instance_1643.graph,3,14,False
instance_6142.graph,13,16,True
instance_9813.graph,3,14,True
instance_898.graph,3,16,False
instance_5036.graph,5,20,True
instance_2228.graph,7,14,True
instance_2165.graph,15,16,True
instance_7819.graph,15,10,True
instance_902.graph,9,14,True
instance_1915.graph,7,18,True
instance_4786.graph,11,14,True
instance_1595.graph,13,12,True
instance_958.graph,5,14,False
instance_4167.graph,11,14,True
instance_200.graph,13,10,True
instance_5831.graph,13,10,True
instance_7395.graph,13,18,True
instance_8112.graph,9,14,True
instance_2849.graph,3,16,False
instance_8703.graph,5,12,False
instance_8354.graph,5,16,False
instance_6443.graph,9,14,True
instance_9249.graph,15,20,True
instance_2843.graph,3,18,True
instance_3398.graph,11,14,True
instance_4141.graph,15,12,True
instance_9491.graph,9,10,True
instance_136.graph,11,18,True
instance_8844.graph,13,20,True
instance_1050.graph,9,14,True
instance_5226.graph,15,18,True
instance_9824.graph,13,12,True
instance_6608.graph,11,12,True
instance_1027.graph,3,10,True
instance_9887.graph,13,14,True
instance_2092.graph,9,20,False
instance_6491.graph,15,10,True
instance_5469.graph,9,16,True
instance_5865.graph,11,20,True
instance_8554.graph,3,10,False
instance_4719.graph,13,14,True
instance_6679.graph,9,10,True
instance_5320.graph,5,18,True
instance_7572.graph,15,16,True
instance_5569.graph,9,14,True
instance_7354.graph,5,18,False
instance_1002.graph,5,18,False
instance_348.graph,5,14,True
instance_1000.graph,9,16,True
instance_7083.graph,9,12,True
instance_6232.graph,9,10,True
instance_3412.graph,3,16,False
instance_9129.graph,5,20,True
instance_1099.graph,5,16,True
instance_1425.graph,9,14,True
instance_2387.graph,5,10,True
instance_7115.graph,3,12,True
instance_241.graph,7,20,True
instance_4899.graph,5,16,True
instance_2223.graph,3,20,False
instance_1935.graph,7,12,True
instance_9695.graph,13,10,True
instance_8737.graph,9,10,True
instance_5835.graph,13,16,True
instance_4115.graph,7,12,True
instance_3846.graph,13,20,True
instance_6804.graph,13,10,True
instance_7158.graph,7,20,True
instance_643.graph,15,18,True
instance_1841.graph,5,20,True
instance_9886.graph,7,14,False
instance_3319.graph,11,18,True
instance_5356.graph,5,20,True
instance_6113.graph,7,20,True
instance_3278.graph,5,12,True
instance_9642.graph,5,12,True
instance_134.graph,13,16,True
instance_5347.graph,13,16,True
instance_8924.graph,15,18,True
instance_7034.graph,9,20,True
instance_940.graph,3,14,False
instance_6888.graph,13,16,True
instance_5881.graph,15,18,True
instance_5670.graph,5,18,False
instance_5306.graph,7,10,True
instance_8536.graph,7,12,True
instance_9323.graph,5,18,True
instance_2494.graph,5,20,True
instance_6306.graph,5,10,False
instance_8790.graph,11,14,True
instance_9426.graph,5,18,False
instance_3922.graph,5,12,False
instance_5410.graph,5,20,False
instance_8989.graph,5,12,False
instance_9556.graph,13,14,True
instance_4095.graph,15,16,True
instance_5422.graph,5,18,True
instance_9390.graph,15,14,True
instance_2329.graph,9,18,True
instance_7886.graph,13,20,True
instance_9422.graph,3,10,False
instance_7471.graph,9,16,True
instance_8034.graph,7,20,False
instance_7276.graph,15,16,True
instance_5960.graph,13,10,True
instance_7816.graph,5,14,True
instance_1422.graph,9,12,True
instance_1287.graph,3,16,True
instance_6075.graph,11,10,True
instance_6246.graph,9,20,True
instance_2846.graph,15,14,True
instance_9381.graph,3,10,False
instance_5701.graph,11,18,True
instance_1614.graph,5,12,True
instance_8994.graph,9,16,True
instance_9519.graph,11,16,True
instance_8152.graph,3,16,False
instance_4356.graph,7,10,True
instance_8708.graph,13,16,True
instance_5483.graph,13,18,True
instance_4391.graph,15,20,True
instance_726.graph,15,14,True
instance_4847.graph,9,14,True
instance_6638.graph,3,14,False
instance_7119.graph,15,14,True
instance_9287.graph,7,10,True
instance_3396.graph,9,18,True
instance_5621.graph,7,14,True
instance_4771.graph,15,14,True
instance_3850.graph,11,20,True
instance_1491.graph,11,12,True
instance_8679.graph,11,16,True
instance_8272.graph,7,20,False
instance_1113.graph,5,10,True
instance_4764.graph,9,18,True
instance_9699.graph,11,18,True
instance_4427.graph,9,14,True
instance_7966.graph,15,14,True
instance_1284.graph,5,16,False
instance_5376.graph,3,18,True
instance_8929.graph,15,20,True
instance_3709.graph,15,18,True
instance_1008.graph,7,18,False
instance_2699.graph,5,18,False
instance_5414.graph,3,10,False
instance_6314.graph,11,16,True
instance_8852.graph,15,14,True
instance_7754.graph,13,16,True
instance_6906.graph,7,20,False
instance_1322.graph,15,16,True
instance_6912.graph,7,18,True
instance_1716.graph,5,10,True
instance_1921.graph,9,18,True
instance_6444.graph,5,20,False
instance_5691.graph,9,10,True
instance_1854.graph,15,14,True
instance_8265.graph,11,20,True
instance_2883.graph,15,12,True
instance_966.graph,13,10,True
instance_6754.graph,7,20,True
instance_2044.graph,3,10,False
instance_6185.graph,13,18,True
instance_6602.graph,5,16,False
instance_2947.graph,7,12,True
instance_7185.graph,13,10,True
instance_3747.graph,11,20,True
instance_4738.graph,15,18,True
instance_4871.graph,7,16,False
instance_1014.graph,5,18,True
instance_3660.graph,13,18,True
instance_2611.graph,13,16,True
instance_787.graph,13,14,True
instance_3935.graph,7,16,False
instance_5063.graph,13,20,True
instance_9618.graph,5,14,True
instance_9235.graph,3,20,False
instance_423.graph,11,14,True
instance_1405.graph,11,16,True
instance_58.graph,5,18,True
instance_6084.graph,13,12,True
instance_7339.graph,15,14,True
instance_6190.graph,7,16,True
instance_395.graph,3,14,False
instance_3303.graph,5,12,False
instance_859.graph,3,18,False
instance_408.graph,7,20,False
instance_7322.graph,3,16,True
instance_2019.graph,9,12,True
instance_7229.graph,9,20,True
instance_6268.graph,5,18,True
instance_2285.graph,3,20,False
instance_9493.graph,5,14,True
instance_1808.graph,13,10,True
instance_2731.graph,15,20,True
instance_7898.graph,15,12,True
instance_7445.graph,5,18,False
instance_4175.graph,7,10,True
instance_9972.graph,9,12,True
instance_3415.graph,13,14,True
instance_3036.graph,15,20,True
instance_1262.graph,5,12,True
instance_6805.graph,9,14,True
instance_1248.graph,7,18,True
instance_3484.graph,15,20,True
instance_5074.graph,15,16,True
instance_5077.graph,11,18,True
instance_2244.graph,5,18,True
instance_3656.graph,11,10,True
instance_7495.graph,3,14,False
instance_7787.graph,7,10,True
instance_6617.graph,7,18,False
instance_1904.graph,5,16,False
instance_9299.graph,5,10,True
instance_5549.graph,3,20,False
instance_5640.graph,9,18,True
instance_101.graph,11,18,True
instance_6180.graph,3,14,True
instance_6402.graph,5,16,True
instance_664.graph,13,20,True
instance_1748.graph,9,18,False
instance_5915.graph,11,14,True
instance_3819.graph,11,16,True
instance_9405.graph,9,16,True
instance_8310.graph,3,20,False
instance_8070.graph,11,20,True
instance_7453.graph,9,12,True
instance_2889.graph,11,18,True
instance_6532.graph,13,18,True
instance_1530.graph,7,10,True
instance_590.graph,11,10,True
instance_7713.graph,15,14,True
instance_148.graph,15,16,True
instance_9145.graph,9,12,True
instance_3521.graph,7,16,True
instance_7589.graph,9,12,True
instance_221.graph,3,12,False
instance_2026.graph,11,10,True
instance_2650.graph,5,20,False
instance_4179.graph,3,14,False
instance_1419.graph,5,18,True
instance_5899.graph,7,18,True
instance_8765.graph,7,20,True
instance_7780.graph,7,14,False
instance_754.graph,5,12,False
instance_2130.graph,3,12,False
instance_4901.graph,11,20,True
instance_6944.graph,13,10,True
instance_9367.graph,15,16,True
instance_3788.graph,15,20,True
instance_1312.graph,15,18,True
instance_6067.graph,9,12,True
instance_2142.graph,15,20,True
instance_3503.graph,3,16,False
instance_5834.graph,13,20,True
instance_1431.graph,7,18,True
instance_8466.graph,11,16,True
instance_5083.graph,3,16,False
instance_7284.graph,7,10,True
instance_2506.graph,5,16,False
instance_8618.graph,5,14,True
instance_1178.graph,7,18,False
instance_5712.graph,3,14,False
instance_1277.graph,15,12,True
instance_7277.graph,3,12,False
instance_6704.graph,15,20,True
instance_6037.graph,7,20,False
instance_1623.graph,15,20,True
instance_6065.graph,9,10,True
instance_7321.graph,13,16,True
instance_8750.graph,5,18,False
instance_5173.graph,13,18,True
instance_3984.graph,15,12,True
instance_8502.graph,9,16,True
instance_5247.graph,11,14,True
instance_842.graph,5,10,False
instance_2742.graph,7,16,True
instance_9246.graph,11,20,True
instance_3561.graph,9,12,True
instance_872.graph,5,18,False
instance_1678.graph,3,14,False
instance_9060.graph,15,16,True
instance_8895.graph,13,14,True
instance_2694.graph,15,14,True
instance_5929.graph,7,14,True
instance_4271.graph,15,12,True
instance_1403.graph,5,14,False
instance_9321.graph,11,20,True
instance_349.graph,7,16,False
instance_897.graph,15,10,True
instance_7957.graph,15,14,True
instance_8804.graph,5,20,False
instance_956.graph,5,20,False
instance_8541.graph,5,16,False
instance_4688.graph,13,10,True
instance_7274.graph,3,10,False
instance_6646.graph,3,10,True
instance_6281.graph,9,10,True
instance_3830.graph,7,18,False
instance_8451.graph,11,10,True
instance_7187.graph,3,18,False
instance_5708.graph,7,20,True
instance_9075.graph,15,18,True
instance_301.graph,11,16,True
instance_1801.graph,3,10,False
instance_9977.graph,5,10,False
instance_6092.graph,13,20,True
instance_5624.graph,5,20,False
instance_6843.graph,3,18,True
instance_7837.graph,15,20,True
instance_2919.graph,9,10,True
instance_656.graph,11,20,True
instance_7555.graph,7,10,True
instance_2290.graph,5,20,True
instance_2274.graph,9,20,True
instance_1018.graph,13,16,True
instance_1946.graph,5,12,True
instance_5043.graph,11,14,True
instance_2093.graph,3,16,False
instance_8770.graph,13,12,True
instance_9459.graph,3,16,False
instance_1073.graph,7,14,True
instance_6915.graph,15,10,True
instance_2963.graph,15,20,True
instance_6863.graph,3,18,False
instance_9028.graph,3,16,False
instance_4560.graph,13,10,True
instance_5912.graph,13,18,True
instance_4503.graph,3,10,False
instance_9004.graph,9,16,True
instance_2005.graph,3,16,True
instance_5434.graph,3,10,False
instance_3523.graph,13,18,True
instance_4408.graph,3,20,False
instance_8608.graph,7,16,True
instance_8660.graph,3,10,True
instance_2113.graph,7,10,True
instance_2944.graph,5,10,True
instance_799.graph,9,12,True
instance_3927.graph,7,18,True
instance_3547.graph,15,12,True
instance_9936.graph,9,10,True
instance_761.graph,11,12,True
instance_71.graph,7,14,True
instance_9630.graph,3,20,True
instance_7359.graph,11,20,True
instance_9494.graph,15,18,True
instance_3973.graph,15,14,True
instance_5754.graph,13,12,True
instance_4347.graph,11,18,True
instance_5619.graph,9,18,True
instance_7855.graph,15,18,True
instance_3238.graph,5,16,False
instance_2221.graph,13,20,True
instance_3861.graph,5,12,True
instance_8126.graph,7,16,False
instance_5559.graph,13,10,True
instance_8993.graph,13,20,True
instance_8516.graph,11,12,True
instance_2581.graph,5,12,True
instance_4641.graph,15,18,True
instance_5050.graph,3,20,True
instance_2691.graph,13,14,True
instance_2456.graph,7,18,True
instance_3782.graph,13,20,True
instance_9026.graph,15,14,True
instance_7166.graph,3,14,False
instance_675.graph,9,12,True
instance_9293.graph,13,12,True
instance_9862.graph,11,14,True
instance_5562.graph,9,16,True
instance_9704.graph,3,20,False
instance_7988.graph,7,20,True
instance_9291.graph,11,14,True
instance_7459.graph,3,12,False
instance_3092.graph,5,10,True
instance_5193.graph,15,18,True
instance_6466.graph,13,18,True
instance_6319.graph,3,16,False
instance_5089.graph,7,20,True
instance_8422.graph,5,18,True
instance_2656.graph,5,12,True
instance_5429.graph,9,14,True
instance_8858.graph,7,20,True
instance_707.graph,11,10,True
instance_7455.graph,15,16,True
instance_5158.graph,3,20,False
instance_4399.graph,7,18,True
instance_4570.graph,15,14,True
instance_7282.graph,11,18,True
instance_2988.graph,3,20,True
instance_7641.graph,7,20,False
instance_5311.graph,9,20,True
instance_297.graph,13,18,True
instance_8887.graph,5,18,True
instance_2769.graph,3,12,True
instance_3331.graph,5,20,True
instance_9854.graph,5,10,False
instance_8329.graph,11,20,True
instance_521.graph,15,10,True
instance_3950.graph,9,14,True
instance_5664.graph,3,10,True
instance_7191.graph,11,12,True
instance_187.graph,15,14,True
instance_4884.graph,5,10,True
instance_7356.graph,9,20,True
instance_4925.graph,11,10,True
instance_474.graph,9,10,True
instance_5380.graph,9,18,True
instance_3909.graph,15,10,True
instance_5768.graph,5,20,True
instance_3264.graph,5,20,True
instance_6990.graph,5,10,True
instance_5964.graph,7,20,False
instance_1451.graph,5,14,True
instance_1572.graph,15,20,True
instance_3515.graph,13,16,True
instance_8739.graph,13,14,True
instance_5595.graph,3,20,False
instance_5683.graph,3,14,False
instance_2897.graph,5,12,True
instance_6780.graph,7,10,True
instance_3245.graph,3,16,True
instance_1981.graph,11,12,True
instance_1074.graph,7,20,False
instance_1095.graph,15,12,True
instance_6784.graph,5,20,True
instance_4959.graph,5,14,True
instance_858.graph,7,18,True
instance_6033.graph,9,14,True
instance_425.graph,5,16,True
instance_3738.graph,5,14,False
instance_2023.graph,15,16,True
instance_2836.graph,7,18,True
instance_596.graph,5,16,True
instance_3921.graph,13,10,True
instance_2619.graph,9,18,True
instance_8333.graph,15,10,True
instance_3945.graph,15,20,True
instance_4598.graph,15,20,True
instance_7123.graph,15,16,True
instance_2235.graph,13,14,True
instance_9022.graph,15,12,True
instance_67.graph,15,10,True
instance_5396.graph,5,16,True
instance_9049.graph,15,20,True
instance_2118.graph,13,16,True
instance_6288.graph,3,18,False
instance_9974.graph,5,18,True
instance_8371.graph,7,12,True
instance_1757.graph,15,20,True
instance_3226.graph,13,14,True
instance_8756.graph,15,14,True
instance_1301.graph,15,16,True
instance_1938.graph,11,18,True
instance_4887.graph,5,16,False
instance_6613.graph,11,12,True
instance_7834.graph,15,20,True
instance_3595.graph,9,14,True
instance_8123.graph,11,12,True
instance_7364.graph,15,20,True
instance_9547.graph,3,12,False
instance_8068.graph,15,14,True
instance_7989.graph,15,10,True
instance_9541.graph,7,18,False
instance_772.graph,13,10,True
instance_589.graph,13,10,True
instance_6031.graph,9,20,False
instance_8314.graph,11,10,True
instance_1509.graph,7,14,True
instance_3428.graph,15,14,True
instance_5165.graph,15,14,True
instance_857.graph,15,16,True
instance_4124.graph,13,18,True
instance_8551.graph,3,12,False
instance_1289.graph,13,18,True
instance_6901.graph,11,12,True
instance_1523.graph,13,12,True
instance_1454.graph,13,20,True
instance_8775.graph,7,16,True
instance_1899.graph,5,12,True
instance_8331.graph,9,20,True
instance_1877.graph,7,12,True
instance_7744.graph,3,20,False
instance_4102.graph,15,20,True
instance_1751.graph,15,10,True
instance_4714.graph,9,20,True
instance_7481.graph,7,12,True
instance_7663.graph,7,10,True
instance_9424.graph,5,14,True
instance_6751.graph,13,10,True
instance_1798.graph,3,16,False
instance_5312.graph,13,12,True
instance_8004.graph,5,16,True
instance_3118.graph,13,18,True
instance_5814.graph,13,18,True
instance_1540.graph,11,10,True
instance_5508.graph,7,12,True
instance_6392.graph,7,12,True
instance_131.graph,15,14,True
instance_2236.graph,11,18,True
instance_5746.graph,5,12,True
instance_4304.graph,15,14,True
instance_1962.graph,7,12,True
instance_8582.graph,13,14,True
instance_9041.graph,11,12,True
instance_235.graph,5,14,True
instance_5647.graph,5,20,False
instance_2178.graph,15,20,True
instance_6303.graph,5,16,False
instance_1216.graph,3,18,True
instance_6250.graph,9,16,True
instance_4017.graph,15,14,True
instance_1771.graph,7,12,True
instance_9215.graph,11,18,True
instance_4374.graph,7,12,True
instance_557.graph,13,10,True
instance_7221.graph,15,14,True
instance_508.graph,9,18,True
instance_8981.graph,5,12,True
instance_1441.graph,13,18,True
instance_8206.graph,5,18,False
instance_8671.graph,3,20,False
instance_195.graph,3,18,False
instance_6245.graph,15,14,True
instance_3461.graph,9,20,True
instance_353.graph,9,10,True
instance_5878.graph,3,18,True
instance_3184.graph,13,16,True
instance_8205.graph,5,10,True
instance_4029.graph,5,16,True
instance_7552.graph,3,20,False
instance_6001.graph,3,14,False
instance_7828.graph,11,16,True
instance_1661.graph,13,16,True
instance_1352.graph,3,14,False
instance_7775.graph,3,16,False
instance_3673.graph,9,14,True
instance_9365.graph,13,12,True
instance_8340.graph,5,18,True
instance_995.graph,15,12,True
instance_9497.graph,9,14,True
instance_7465.graph,5,14,True
instance_379.graph,11,10,True
instance_2857.graph,7,20,True
instance_8127.graph,7,18,True
instance_1947.graph,11,20,True
instance_9413.graph,15,14,True
instance_728.graph,15,10,True
instance_7165.graph,15,18,True
instance_771.graph,5,16,False
instance_4763.graph,15,10,True
instance_2226.graph,7,10,True
instance_4513.graph,11,12,True
instance_4681.graph,11,10,True
instance_4201.graph,7,16,True
instance_8576.graph,5,10,True
instance_1395.graph,7,20,True
instance_1980.graph,11,10,True
instance_9663.graph,9,20,True
instance_9573.graph,15,10,True
instance_5090.graph,9,18,True
instance_8397.graph,9,12,True
instance_7530.graph,7,10,True
instance_1148.graph,13,16,True
instance_1991.graph,7,18,False
instance_3980.graph,5,12,False
instance_8060.graph,9,12,True
instance_4426.graph,9,10,True
instance_3060.graph,11,12,True
instance_929.graph,15,12,True
instance_1250.graph,13,12,True
instance_574.graph,7,14,True
instance_54.graph,11,12,True
instance_50.graph,7,16,True
instance_5672.graph,9,14,True
instance_3902.graph,15,16,True
instance_3209.graph,5,12,False
instance_784.graph,7,16,True
instance_5319.graph,3,16,False
instance_928.graph,11,14,True
instance_1709.graph,11,18,True
instance_6507.graph,15,20,True
instance_8290.graph,5,12,True
instance_5228.graph,7,18,False
instance_9800.graph,3,10,True
instance_9522.graph,7,18,True
instance_7850.graph,11,18,True
instance_7831.graph,3,12,False
instance_8133.graph,7,16,True
instance_1089.graph,11,14,True
instance_6508.graph,9,12,True
instance_2303.graph,7,10,True
instance_5560.graph,7,12,True
instance_499.graph,15,10,True
instance_6614.graph,9,16,True
instance_9331.graph,15,16,True
instance_9092.graph,5,10,False
instance_7349.graph,15,12,True
instance_135.graph,13,20,True
instance_4671.graph,3,10,False
instance_4866.graph,13,12,True
instance_9297.graph,7,12,True
instance_1787.graph,3,12,False
instance_9277.graph,15,10,True
instance_6044.graph,11,20,True
instance_7240.graph,13,12,True
instance_3983.graph,11,12,True
instance_6631.graph,11,12,True
instance_512.graph,5,10,True
instance_2901.graph,5,10,True
instance_1389.graph,9,10,True
instance_8896.graph,9,10,True
instance_1538.graph,11,14,True
instance_8698.graph,7,16,False
instance_2600.graph,3,18,False
instance_9643.graph,5,20,False
instance_1795.graph,3,10,True
instance_910.graph,15,18,True
instance_5622.graph,3,12,False
instance_6920.graph,7,20,True
instance_1963.graph,15,18,True
instance_1647.graph,7,16,True
instance_5326.graph,15,14,True
instance_9929.graph,15,14,True
instance_7673.graph,15,14,True
instance_556.graph,5,20,False
instance_118.graph,7,20,True
instance_6513.graph,15,18,True
instance_9577.graph,15,18,True
instance_2133.graph,7,10,True
instance_4747.graph,13,12,True
instance_2671.graph,7,10,True
instance_6653.graph,9,16,True
instance_7023.graph,11,14,True
instance_531.graph,13,20,True
instance_9160.graph,15,18,True
instance_2396.graph,5,18,True
instance_7458.graph,15,20,True
instance_8284.graph,5,12,True
instance_854.graph,13,14,True
instance_108.graph,13,12,True
instance_6756.graph,9,18,True
instance_3131.graph,11,18,True
instance_960.graph,3,16,False
instance_5064.graph,13,16,True
instance_3247.graph,15,10,True
instance_8986.graph,13,18,True
instance_49.graph,9,10,True
instance_431.graph,13,14,True
instance_864.graph,3,14,False
instance_1547.graph,9,10,True
instance_1758.graph,15,12,True
instance_4937.graph,3,10,False
instance_8390.graph,9,16,True
instance_2812.graph,13,20,True
instance_9705.graph,15,14,True
instance_2759.graph,7,12,True
instance_7058.graph,5,10,True
instance_7493.graph,15,20,True
instance_6695.graph,11,18,True
instance_7283.graph,15,16,True
instance_466.graph,7,10,True
instance_7836.graph,3,10,False
instance_5846.graph,9,12,True
instance_3381.graph,7,12,True
instance_6565.graph,9,20,True
instance_1449.graph,5,10,True
instance_6874.graph,13,16,True
instance_2470.graph,11,14,True
instance_6350.graph,9,16,True
instance_7899.graph,9,10,True
instance_9454.graph,9,10,True
instance_1534.graph,7,14,True
instance_3181.graph,5,18,True
instance_7085.graph,13,16,True
instance_4338.graph,11,16,True
instance_4339.graph,5,16,False
instance_3200.graph,9,18,True
instance_4657.graph,11,20,True
instance_4381.graph,11,16,True
instance_3566.graph,15,12,True
instance_2404.graph,11,16,True
instance_5007.graph,11,12,True
instance_5303.graph,7,14,True
instance_1886.graph,13,10,True
instance_3835.graph,5,20,True
instance_319.graph,15,12,True
instance_681.graph,3,16,False
instance_3930.graph,11,10,True
instance_6546.graph,13,14,True
instance_5643.graph,9,12,True
instance_3581.graph,9,12,True
instance_4892.graph,3,20,False
instance_8484.graph,5,12,True
instance_5505.graph,3,16,False
instance_1809.graph,5,14,True
instance_8256.graph,7,16,True
instance_9064.graph,5,16,True
instance_9700.graph,3,10,True
instance_7568.graph,15,18,True
instance_7038.graph,7,14,True
instance_9486.graph,15,12,True
instance_9901.graph,13,18,True
instance_9571.graph,11,14,True
instance_6727.graph,7,12,True
instance_844.graph,3,20,False
instance_6082.graph,15,12,True
instance_7800.graph,9,12,True
instance_5218.graph,5,14,True
instance_9598.graph,7,12,True
instance_3968.graph,5,16,False
instance_6940.graph,15,14,True
instance_5285.graph,13,10,True
instance_8624.graph,13,10,True
instance_7815.graph,13,16,True
instance_6091.graph,15,12,True
instance_7381.graph,13,10,True
instance_4940.graph,7,14,True
instance_438.graph,13,12,True
instance_5121.graph,5,10,True
instance_256.graph,9,16,True
instance_5399.graph,11,16,True
instance_5581.graph,11,14,True
instance_5097.graph,5,16,False
instance_5430.graph,9,20,True
instance_4930.graph,7,18,True
instance_4822.graph,3,16,True
instance_3400.graph,13,20,True
instance_2243.graph,9,16,True
instance_598.graph,11,10,True
instance_9348.graph,15,16,True
instance_9866.graph,13,12,True
instance_1537.graph,9,14,True
instance_5243.graph,9,14,True
instance_3944.graph,3,10,True
instance_5113.graph,5,16,False
instance_1426.graph,3,10,False
instance_8101.graph,5,14,True
instance_7071.graph,7,18,True
instance_6310.graph,5,10,True
instance_5296.graph,7,12,True
instance_1288.graph,15,20,True
instance_3151.graph,9,10,True
instance_4505.graph,13,12,True
instance_4302.graph,3,20,False
instance_1183.graph,13,14,True
instance_1171.graph,9,20,False
instance_6023.graph,3,16,False
instance_3033.graph,13,20,True
instance_9544.graph,15,10,True
instance_9543.graph,9,20,True
instance_7188.graph,13,12,True
instance_9473.graph,7,20,True
instance_6951.graph,11,16,True
instance_4828.graph,13,16,True
instance_4198.graph,9,16,True
instance_3655.graph,7,18,False
instance_5108.graph,15,12,True
instance_4153.graph,7,16,True
instance_4247.graph,3,14,False
instance_690.graph,5,14,False
instance_2608.graph,5,20,False
instance_3115.graph,3,20,False
instance_640.graph,5,10,False
instance_6736.graph,7,12,True
instance_3691.graph,3,20,False
instance_1028.graph,15,16,True
instance_4348.graph,3,16,True
instance_4991.graph,15,12,True
instance_5853.graph,15,16,True
instance_6864.graph,15,10,True
instance_7612.graph,7,18,True
instance_4362.graph,13,10,True
instance_7140.graph,7,16,True
instance_4244.graph,15,12,True
instance_5633.graph,5,18,False
instance_9475.graph,9,20,True
instance_9329.graph,9,12,True
instance_3987.graph,5,12,True
instance_3647.graph,13,16,True
instance_486.graph,9,12,True
instance_4068.graph,9,12,True
instance_4795.graph,9,12,True
instance_8631.graph,9,20,True
instance_6332.graph,9,12,True
instance_4272.graph,5,10,True
instance_9664.graph,11,12,True
instance_7615.graph,13,16,True
instance_980.graph,5,16,False
instance_5854.graph,15,14,True
instance_9561.graph,9,12,True
instance_3942.graph,3,20,False
instance_3569.graph,9,16,True
instance_7794.graph,5,18,True
instance_7098.graph,3,20,False
instance_3423.graph,13,20,True
instance_5044.graph,7,12,False
instance_2860.graph,3,20,True
instance_6272.graph,11,14,True
instance_2112.graph,7,10,True
instance_9466.graph,11,10,True
instance_8251.graph,3,12,False
instance_8639.graph,13,14,True
instance_3129.graph,15,10,True
instance_4788.graph,11,12,True
instance_5890.graph,5,12,True
instance_6070.graph,5,12,True
instance_4916.graph,13,16,True
instance_3304.graph,11,10,True
instance_7964.graph,3,10,False
instance_5734.graph,7,18,True
instance_9489.graph,15,10,True
instance_6230.graph,13,14,True
instance_1766.graph,9,12,True
instance_6451.graph,11,20,True
instance_7432.graph,15,12,True
instance_1269.graph,15,20,True
instance_6503.graph,3,18,False
instance_198.graph,3,10,False
instance_5349.graph,13,16,True
instance_3584.graph,5,20,False
instance_4116.graph,3,12,False
instance_3103.graph,3,16,False
instance_1181.graph,7,14,True
instance_338.graph,7,10,True
instance_8226.graph,15,18,True
instance_8500.graph,3,18,True
instance_7412.graph,11,20,True
instance_4883.graph,11,20,True
instance_8200.graph,5,10,False
instance_7461.graph,5,20,True
instance_977.graph,13,20,True
instance_3465.graph,9,12,True
instance_5078.graph,5,16,False
instance_5066.graph,11,10,True
instance_3343.graph,13,10,True
instance_1055.graph,7,10,True
instance_7175.graph,5,16,False
instance_2434.graph,15,16,True
instance_9845.graph,3,16,False
instance_5827.graph,5,10,True
instance_7133.graph,15,14,True
instance_2953.graph,7,16,True
instance_2034.graph,7,10,True
instance_662.graph,3,20,True
instance_710.graph,13,16,True
instance_8850.graph,7,20,True
instance_2580.graph,7,10,True
instance_8755.graph,3,14,False
instance_719.graph,13,14,True
instance_9896.graph,13,10,True
instance_6054.graph,15,14,True
instance_8498.graph,13,10,True
instance_7008.graph,11,14,True
instance_7835.graph,7,12,True
instance_6406.graph,3,20,False
instance_114.graph,7,12,True
instance_2985.graph,9,18,True
instance_1335.graph,5,20,True
instance_2390.graph,3,16,False
instance_3062.graph,13,20,True
instance_7121.graph,3,18,False
instance_5035.graph,3,10,False
instance_8118.graph,7,20,False
instance_8745.graph,15,18,True
instance_1252.graph,3,14,False
instance_1220.graph,3,14,False
instance_5641.graph,3,20,False
instance_6989.graph,9,10,True
instance_2176.graph,3,12,True
instance_9207.graph,13,14,True
instance_5351.graph,7,18,False
instance_9514.graph,5,12,False
instance_1501.graph,9,20,True
instance_4804.graph,15,10,True
instance_266.graph,9,10,True
instance_6195.graph,15,20,True
instance_5817.graph,9,18,True
instance_8049.graph,15,16,True
instance_1518.graph,13,12,True
instance_6005.graph,9,12,True
instance_7298.graph,5,16,True
instance_749.graph,15,16,True
instance_6248.graph,11,18,True
instance_2159.graph,11,14,True
instance_8246.graph,11,16,True
instance_7207.graph,9,16,True
instance_5432.graph,9,12,True
instance_8328.graph,11,12,True
instance_9263.graph,15,18,True
instance_6030.graph,9,10,True
instance_8757.graph,3,12,False
instance_1743.graph,3,20,False
instance_4393.graph,5,20,True
instance_9370.graph,5,14,False
instance_4809.graph,15,14,True
instance_8001.graph,5,18,False
instance_4003.graph,15,20,True
instance_2661.graph,11,14,True
instance_3512.graph,13,16,True
instance_3350.graph,11,16,True
instance_1416.graph,15,10,True
instance_8387.graph,13,10,True
instance_6958.graph,3,12,True
instance_9506.graph,7,10,True
instance_7462.graph,3,12,False
instance_8280.graph,3,20,False
instance_6903.graph,11,20,True
instance_1600.graph,11,10,True
instance_948.graph,15,18,True
instance_9798.graph,15,14,True
instance_9201.graph,13,14,True
instance_6226.graph,7,16,True
instance_5810.graph,9,14,True
instance_6035.graph,15,10,True
instance_6458.graph,3,16,False
instance_3402.graph,7,14,True
instance_6211.graph,9,12,True
instance_4881.graph,15,10,True
instance_6160.graph,15,12,True
instance_8468.graph,5,20,True
instance_7017.graph,5,20,False
instance_9992.graph,7,16,True
instance_4635.graph,11,20,True
instance_2269.graph,15,18,True
instance_4569.graph,7,10,True
instance_1999.graph,5,10,True
instance_791.graph,11,20,True
instance_6897.graph,3,12,False
instance_9860.graph,15,16,True
instance_4463.graph,7,16,True
instance_2458.graph,11,20,True
instance_1057.graph,9,18,True
instance_7692.graph,15,18,True
instance_1094.graph,13,18,True
instance_2127.graph,15,10,True
instance_6189.graph,9,12,True
instance_2781.graph,9,14,True
instance_8675.graph,11,20,True
instance_2425.graph,3,14,False
instance_247.graph,3,16,False
instance_1727.graph,13,20,True
instance_7873.graph,5,20,False
instance_7236.graph,5,12,True
instance_9088.graph,11,18,True
instance_4996.graph,13,14,True
instance_7145.graph,13,16,True
instance_2038.graph,3,10,False
instance_3612.graph,3,12,True
instance_742.graph,5,16,False
instance_1145.graph,11,12,True
instance_2681.graph,13,10,True
instance_2989.graph,13,18,True
instance_9126.graph,7,10,True
instance_1217.graph,13,10,True
instance_1890.graph,7,16,True
instance_3318.graph,7,14,True
instance_2522.graph,9,14,True
instance_2718.graph,7,12,True
instance_6297.graph,15,18,True
instance_5566.graph,3,20,True
instance_3625.graph,3,12,False
instance_1526.graph,11,18,True
instance_183.graph,13,10,True
instance_7786.graph,13,20,True
instance_3936.graph,13,18,True
instance_8148.graph,9,12,True
instance_825.graph,11,14,True
instance_1750.graph,3,14,False
instance_9963.graph,15,20,True
instance_7192.graph,5,12,True
instance_2227.graph,7,20,True
instance_4791.graph,11,18,True
instance_6560.graph,11,18,True
instance_4823.graph,11,20,True
instance_2685.graph,5,12,False
instance_2804.graph,3,14,False
instance_4118.graph,7,20,True
instance_3774.graph,5,16,False
instance_6802.graph,3,12,True
instance_285.graph,9,18,True
instance_2465.graph,3,18,False
instance_9376.graph,9,14,True
instance_9697.graph,5,16,True
instance_1522.graph,11,18,True
instance_9830.graph,7,12,True
instance_3030.graph,15,12,True
instance_8332.graph,3,14,False
instance_2586.graph,5,14,False
instance_7141.graph,13,14,True
instance_3826.graph,11,10,True
instance_9316.graph,9,16,True
instance_6471.graph,15,18,True
instance_5318.graph,15,18,True
instance_9502.graph,13,10,True
instance_4890.graph,5,14,True
instance_9498.graph,9,20,True
instance_7885.graph,7,10,True
instance_2764.graph,15,16,True
instance_8803.graph,3,14,True
instance_5488.graph,5,18,True
instance_2160.graph,9,14,True
instance_6126.graph,5,16,True
instance_4301.graph,3,20,False
instance_7154.graph,9,16,True
instance_6660.graph,7,16,True
instance_1868.graph,13,18,True
instance_7299.graph,11,14,True
instance_4997.graph,15,12,True
instance_7009.graph,15,14,True
instance_305.graph,13,12,True
instance_7492.graph,3,14,False
instance_1959.graph,13,20,True
instance_4551.graph,13,20,True
instance_2515.graph,3,18,False
instance_6020.graph,11,12,True
instance_3418.graph,15,12,True
instance_8773.graph,3,10,False
instance_4309.graph,15,16,True
instance_4164.graph,13,16,True
instance_6181.graph,7,20,True
instance_5900.graph,9,16,True
instance_69.graph,3,20,True
instance_1423.graph,3,16,False
instance_6004.graph,15,18,True
instance_965.graph,7,12,True
instance_2481.graph,3,10,True
instance_5207.graph,7,10,True
instance_8615.graph,15,20,True
instance_7833.graph,7,18,True
instance_3862.graph,15,12,True
instance_3417.graph,11,14,True
instance_6965.graph,5,12,True
instance_4072.graph,15,16,True
instance_8339.graph,5,10,True
instance_6511.graph,3,12,False
instance_3354.graph,15,10,True
instance_7387.graph,5,16,False
instance_8954.graph,3,10,True
instance_6558.graph,11,18,True
instance_2851.graph,13,14,True
instance_7015.graph,11,12,True
instance_3597.graph,3,14,True
instance_7210.graph,7,18,False
instance_5770.graph,9,20,True
instance_9767.graph,5,20,True
instance_3370.graph,3,14,True
instance_6333.graph,7,16,True
instance_3651.graph,11,18,True
instance_9393.graph,7,10,True
instance_2175.graph,9,14,True
instance_4900.graph,11,14,True
instance_2213.graph,5,14,False
instance_510.graph,15,20,True
instance_5532.graph,15,12,True
instance_4952.graph,11,16,True
instance_6750.graph,5,10,True
instance_2865.graph,13,18,True
instance_5694.graph,15,16,True
instance_1583.graph,15,16,True
instance_2124.graph,15,10,True
instance_1196.graph,9,12,True
instance_4106.graph,3,14,False
instance_1453.graph,15,14,True
instance_9985.graph,15,18,True
instance_1706.graph,13,16,True
instance_4447.graph,5,16,True
instance_1685.graph,15,18,True
instance_1161.graph,11,18,True
instance_535.graph,9,12,True
instance_1061.graph,7,18,True
instance_3558.graph,13,16,True
instance_6634.graph,7,18,True
instance_649.graph,7,14,True
instance_3482.graph,11,14,True
instance_5955.graph,3,18,False
instance_1729.graph,9,20,True
instance_4592.graph,13,16,True
instance_3765.graph,15,20,True
instance_3666.graph,5,18,False
instance_914.graph,15,10,True
instance_5329.graph,9,20,True
instance_8201.graph,7,12,True
instance_781.graph,9,12,True
instance_8715.graph,7,12,False
instance_555.graph,5,12,True
instance_924.graph,9,18,True
instance_1596.graph,11,10,True
instance_7513.graph,9,14,False
instance_4131.graph,7,10,True
instance_1728.graph,9,16,True
instance_502.graph,5,18,False
instance_7562.graph,15,12,True
instance_6553.graph,13,18,True
instance_921.graph,9,14,True
instance_2727.graph,9,14,True
instance_6812.graph,13,18,True
instance_264.graph,11,18,True
instance_4495.graph,3,20,False
instance_9764.graph,11,18,True
instance_6461.graph,13,10,True
instance_9178.graph,9,10,True
instance_880.graph,13,10,True
instance_8295.graph,11,16,True
instance_3142.graph,15,20,True
instance_2763.graph,7,14,True
instance_6013.graph,11,20,True
instance_4693.graph,7,18,True
instance_9442.graph,15,20,True
instance_993.graph,5,10,True
instance_1679.graph,7,10,True
instance_2625.graph,3,10,False
instance_4460.graph,3,14,True
instance_5141.graph,11,18,True
instance_7470.graph,11,16,True
instance_4352.graph,3,20,False
instance_9794.graph,11,18,True
instance_8144.graph,15,14,True
instance_368.graph,3,16,True
instance_6847.graph,9,14,True
instance_3199.graph,3,12,False
instance_3362.graph,11,12,True
instance_964.graph,11,18,True
instance_3240.graph,7,16,True
instance_4502.graph,9,18,True
instance_2262.graph,9,12,True
instance_1891.graph,3,20,False
instance_740.graph,15,18,True
instance_9044.graph,15,20,True
instance_492.graph,15,18,True
instance_4824.graph,9,16,True
instance_1734.graph,7,10,True
instance_3047.graph,7,14,True
instance_9182.graph,11,20,True
instance_7430.graph,15,16,True
instance_4296.graph,11,20,True
instance_1001.graph,15,10,True
instance_7265.graph,15,12,True
instance_606.graph,7,20,True
instance_4238.graph,13,14,True
instance_2174.graph,5,10,True
instance_2577.graph,9,18,True
instance_5188.graph,3,14,False
instance_9753.graph,3,16,False
instance_5542.graph,15,12,True
instance_4709.graph,13,10,True
instance_627.graph,5,14,True
instance_6950.graph,13,12,True
instance_7514.graph,15,10,True
instance_357.graph,13,12,True
instance_116.graph,3,20,False
instance_145.graph,9,16,True
instance_1870.graph,5,14,True
instance_9009.graph,9,14,True
instance_3384.graph,5,10,True
instance_2816.graph,7,16,True
instance_5772.graph,11,20,True
instance_2008.graph,3,12,False
instance_9524.graph,11,12,True
instance_2120.graph,5,18,False
instance_5916.graph,13,10,True
instance_2421.graph,5,10,True
instance_3639.graph,13,10,True
instance_741.graph,9,12,True
instance_5419.graph,15,10,True
instance_4670.graph,3,16,False
instance_1923.graph,7,16,False
instance_7635.graph,9,12,True
instance_8307.graph,3,10,False
instance_3494.graph,7,18,True
instance_4525.graph,5,10,True
instance_1782.graph,3,16,False
instance_6047.graph,15,16,True
instance_7243.graph,5,14,True
instance_972.graph,11,20,True
instance_2879.graph,3,10,False
instance_4307.graph,9,20,True
instance_3522.graph,3,16,False
instance_8370.graph,3,18,False
instance_2345.graph,11,20,True
instance_4286.graph,3,20,False
instance_5573.graph,3,14,False
instance_5209.graph,3,18,False
instance_2280.graph,3,14,False
instance_2196.graph,13,10,True
instance_7758.graph,5,10,False
instance_1031.graph,3,20,False
instance_8783.graph,13,18,True
instance_4358.graph,11,14,True
instance_9755.graph,9,10,True
instance_5266.graph,11,16,True
instance_2807.graph,13,18,True
instance_7533.graph,15,20,True
instance_8008.graph,11,18,True
instance_1218.graph,3,18,False
instance_8997.graph,3,18,False
instance_1934.graph,15,14,True
instance_5941.graph,9,12,True
instance_5954.graph,15,14,True
instance_9676.graph,15,12,True
instance_6755.graph,9,10,True
instance_4938.graph,13,14,True
instance_4855.graph,11,20,True
instance_9188.graph,15,18,True
instance_4048.graph,11,18,True
instance_8231.graph,7,18,True
instance_7004.graph,5,12,True
instance_2614.graph,5,12,False
instance_9925.graph,11,16,True
instance_5637.graph,9,10,True
instance_5161.graph,5,14,True
instance_7618.graph,9,18,True
instance_1367.graph,15,16,True
instance_5662.graph,15,18,True
instance_7695.graph,5,12,True
instance_160.graph,9,10,True
instance_6968.graph,5,18,True
instance_4079.graph,13,12,True
instance_576.graph,5,20,False
instance_9955.graph,3,14,False
instance_5157.graph,7,14,True
instance_4741.graph,7,10,True
instance_7994.graph,7,18,False
instance_8544.graph,9,10,True
instance_8184.graph,3,10,False
instance_1872.graph,7,14,True
instance_9848.graph,13,18,True
instance_1134.graph,15,10,True
instance_6985.graph,5,20,True
instance_7205.graph,7,12,True
instance_1469.graph,15,10,True
instance_2156.graph,5,20,False
instance_9383.graph,13,14,True
instance_3670.graph,5,20,False
instance_2064.graph,13,20,True
instance_6828.graph,5,14,False
instance_1362.graph,5,10,True
instance_2233.graph,3,18,True
instance_4321.graph,9,14,True
instance_4188.graph,15,20,True
instance_124.graph,5,14,True
instance_9589.graph,5,12,True
instance_6712.graph,3,14,False
instance_8590.graph,9,12,True
instance_8376.graph,7,20,True
instance_2498.graph,7,12,True
instance_122.graph,11,18,True
instance_9560.graph,11,16,True
instance_9721.graph,9,16,True
instance_1593.graph,13,16,True
instance_4279.graph,3,10,False
instance_4221.graph,5,20,True
instance_6787.graph,3,18,False
instance_7574.graph,3,14,False
instance_6200.graph,15,12,True
instance_4797.graph,3,10,False
instance_8527.graph,9,18,True
instance_5475.graph,15,14,True
instance_9481.graph,9,18,True
instance_4371.graph,7,20,False
instance_9939.graph,5,10,True
instance_7418.graph,11,10,True
instance_1320.graph,11,12,True
instance_8025.graph,9,12,True
instance_2043.graph,13,16,True
instance_3860.graph,3,20,True
instance_7958.graph,15,18,True
instance_7953.graph,15,14,True
instance_9641.graph,7,16,True
instance_9567.graph,13,18,True
instance_7741.graph,15,18,True
instance_2987.graph,11,10,True
instance_9639.graph,13,14,True
instance_3635.graph,15,14,True
instance_4366.graph,9,14,True
instance_2905.graph,15,20,True
instance_5055.graph,15,14,True
instance_6822.graph,11,12,True
instance_939.graph,5,10,True
instance_7664.graph,7,12,True
instance_8583.graph,11,16,True
instance_5644.graph,7,20,True
instance_8406.graph,15,16,True
instance_1091.graph,13,14,True
instance_4532.graph,15,20,True
instance_730.graph,11,14,True
instance_9042.graph,7,14,True
instance_7176.graph,3,10,False
instance_8909.graph,9,14,True
instance_792.graph,11,18,True
instance_8266.graph,15,10,True
instance_9314.graph,15,16,True
instance_8180.graph,5,14,True
instance_9797.graph,3,14,False
instance_2132.graph,5,16,True
instance_3007.graph,9,20,True
instance_1209.graph,7,18,True
instance_5599.graph,9,14,True
instance_5315.graph,3,16,False
instance_7460.graph,3,10,False
instance_6781.graph,5,14,False
instance_5763.graph,9,20,True
instance_9283.graph,13,14,True
instance_4189.graph,15,20,True
instance_1013.graph,13,16,True
instance_9689.graph,3,12,True
instance_7579.graph,7,18,False
instance_9187.graph,7,18,True
instance_2022.graph,9,18,True
instance_3127.graph,7,20,True
instance_9805.graph,7,18,True
instance_3452.graph,5,16,False
instance_7857.graph,7,18,True
instance_9011.graph,7,18,True
instance_9745.graph,3,18,False
instance_5151.graph,5,14,False
instance_9837.graph,9,10,True
instance_3750.graph,3,18,False
instance_6145.graph,15,18,True
instance_9239.graph,15,16,True
instance_1460.graph,15,20,True
instance_7881.graph,5,16,False
instance_7556.graph,13,10,True
instance_2003.graph,7,10,True
instance_4751.graph,15,16,True
instance_9879.graph,13,12,True
instance_1508.graph,5,14,True
instance_7496.graph,13,12,True
instance_1478.graph,5,18,True
instance_4314.graph,9,10,True
instance_2074.graph,5,20,False
instance_5126.graph,9,12,True
instance_2527.graph,7,20,True
instance_818.graph,15,16,True
instance_2040.graph,11,16,True
instance_9085.graph,9,16,True
instance_1628.graph,5,10,True
instance_3368.graph,11,20,True
instance_9024.graph,3,10,True
instance_6439.graph,5,20,True
instance_8404.graph,3,10,True
instance_322.graph,5,20,False
instance_3096.graph,5,10,True
instance_3568.graph,5,10,True
instance_8643.graph,7,12,True
instance_2554.graph,13,14,True
instance_7309.graph,11,16,True
instance_1108.graph,15,12,True
instance_4898.graph,3,18,False
instance_3696.graph,7,14,True
instance_7046.graph,3,14,True
instance_6945.graph,3,14,True
instance_1906.graph,5,12,False
instance_4920.graph,5,12,True
instance_1365.graph,9,16,True
instance_7428.graph,9,14,True
instance_1440.graph,9,12,True
instance_676.graph,13,10,True
instance_7864.graph,11,18,True
instance_8650.graph,3,16,False
instance_4625.graph,11,18,True
instance_904.graph,11,20,True
instance_4000.graph,9,16,True
instance_659.graph,15,20,True
instance_3420.graph,11,16,True
instance_8725.graph,13,12,True
instance_3775.graph,13,10,True
instance_1971.graph,11,12,True
instance_2141.graph,9,16,True
instance_3487.graph,15,14,True
instance_2148.graph,11,16,True
instance_8680.graph,13,14,True
instance_8073.graph,5,16,False
instance_4343.graph,13,14,True
instance_7862.graph,15,12,True
instance_3887.graph,11,14,True
instance_5211.graph,15,10,True
instance_2646.graph,7,10,True
instance_5189.graph,11,14,True
instance_9666.graph,15,18,True
instance_646.graph,13,18,True
instance_2516.graph,11,14,True
instance_768.graph,9,10,True
instance_2265.graph,7,10,True
instance_5949.graph,11,20,True
instance_9153.graph,13,20,True
instance_1326.graph,3,16,True
instance_6748.graph,11,18,True
instance_7214.graph,11,14,True
instance_7519.graph,15,14,True
instance_9898.graph,5,14,True
instance_6698.graph,15,12,True
instance_2683.graph,5,20,False
instance_8892.graph,7,14,True
instance_4425.graph,3,12,False
instance_8038.graph,3,10,False
instance_6842.graph,5,10,True
instance_9386.graph,3,20,True
instance_8573.graph,13,12,True
instance_6416.graph,13,12,True
instance_7866.graph,9,10,True
instance_8769.graph,9,20,True
instance_5424.graph,13,16,True
instance_7985.graph,9,12,True
instance_7435.graph,3,20,False
instance_4336.graph,5,18,False
instance_8732.graph,9,14,True
instance_5005.graph,3,12,True
instance_2698.graph,15,12,True
instance_1036.graph,13,16,True
instance_9222.graph,15,18,True
instance_8175.graph,7,10,True
instance_3019.graph,15,14,True
instance_5654.graph,11,14,True
instance_9059.graph,3,20,False
instance_828.graph,13,12,True
instance_4699.graph,9,16,True
instance_2712.graph,7,14,True
instance_76.graph,9,14,True
instance_8271.graph,15,10,True
instance_6758.graph,13,10,True
instance_5556.graph,9,12,True
instance_1433.graph,7,20,True
instance_7483.graph,3,16,False
instance_7218.graph,3,18,False
instance_8855.graph,13,12,True
instance_4865.graph,13,10,True
instance_64.graph,13,16,True
instance_3868.graph,11,12,True
instance_6478.graph,3,16,False
instance_3808.graph,5,10,True
instance_4943.graph,7,12,True
instance_8203.graph,11,16,True
instance_1064.graph,7,12,True
instance_3051.graph,13,18,True
instance_2094.graph,3,10,False
instance_3075.graph,13,18,True
instance_5239.graph,5,16,True
instance_1356.graph,11,12,True
instance_3603.graph,7,12,True
instance_5993.graph,3,12,False
instance_9358.graph,11,20,True
instance_3923.graph,11,12,True
instance_4619.graph,5,14,False
instance_7198.graph,9,16,True
instance_1034.graph,3,10,True
instance_797.graph,5,18,False
instance_7111.graph,7,20,False
instance_2605.graph,7,18,True
instance_8724.graph,15,12,True
instance_133.graph,9,16,True
instance_763.graph,9,18,True
instance_9961.graph,15,18,True
instance_9657.graph,5,20,True
instance_5393.graph,11,14,True
instance_1458.graph,13,12,True
instance_3437.graph,5,16,False
instance_856.graph,15,12,True
instance_6715.graph,5,16,False
instance_4690.graph,13,10,True
instance_8398.graph,7,10,True
instance_4805.graph,3,10,False
instance_8664.graph,15,14,True
instance_7454.graph,15,10,True
instance_4448.graph,11,10,True
instance_3326.graph,3,14,False
instance_7643.graph,5,14,False
instance_1098.graph,11,12,True
instance_4820.graph,13,10,True
instance_1796.graph,9,16,True
instance_7347.graph,13,14,True
instance_6210.graph,5,10,True
instance_9651.graph,15,18,True
instance_7378.graph,3,20,False
instance_7163.graph,15,18,True
instance_7064.graph,7,16,True
instance_5265.graph,7,20,True
instance_3325.graph,5,20,True
instance_6905.graph,7,10,True
instance_9374.graph,3,14,False
instance_144.graph,9,16,True
instance_2912.graph,9,10,True
instance_9400.graph,13,12,True
instance_957.graph,15,16,True
instance_8491.graph,13,16,True
instance_3195.graph,15,16,True
instance_232.graph,5,14,True
instance_2382.graph,13,16,True
instance_8288.graph,11,20,True
instance_8758.graph,13,16,True
instance_6838.graph,7,20,True
instance_9019.graph,5,16,True
instance_7585.graph,13,16,True
instance_4558.graph,13,14,True
instance_7457.graph,3,20,False
instance_5413.graph,7,10,True
instance_8293.graph,11,12,True
instance_4960.graph,5,18,False
instance_9727.graph,5,16,False
instance_7212.graph,9,18,True
instance_463.graph,11,12,True
instance_8322.graph,15,10,True
instance_682.graph,5,18,True
instance_6072.graph,11,12,True
instance_8754.graph,7,14,True
instance_5774.graph,7,12,True
instance_7182.graph,13,16,True
instance_8743.graph,7,10,True
instance_6256.graph,5,12,False
instance_2427.graph,5,20,False
instance_4835.graph,15,20,True
instance_6055.graph,11,18,True
instance_3097.graph,15,20,True
instance_5730.graph,9,12,True
instance_671.graph,15,18,True
instance_2492.graph,11,16,True
instance_9757.graph,7,10,True
instance_5875.graph,7,18,True
instance_3698.graph,5,20,False
instance_4607.graph,9,14,True
instance_4060.graph,5,20,False
instance_2717.graph,5,18,True
instance_5269.graph,5,18,False
instance_8247.graph,9,16,True
instance_6737.graph,15,20,True
instance_6411.graph,13,16,True
instance_9523.graph,7,14,True
instance_6076.graph,11,16,True
instance_8279.graph,15,12,True
instance_2463.graph,5,10,True
instance_1956.graph,13,20,True
instance_1397.graph,5,10,True
instance_41.graph,5,16,False
instance_862.graph,13,18,True
instance_7551.graph,3,20,False
instance_1606.graph,15,18,True
instance_8392.graph,3,12,False
instance_6757.graph,3,12,True
instance_7748.graph,15,12,True
instance_2393.graph,15,10,True
instance_5081.graph,13,18,True
instance_718.graph,9,14,True
instance_327.graph,7,10,True
instance_4572.graph,15,18,True
instance_2041.graph,13,10,True
instance_2077.graph,3,14,False
instance_9224.graph,11,20,True
instance_4581.graph,5,20,False
instance_4913.graph,13,16,True
instance_7569.graph,7,12,True
instance_634.graph,13,12,True
instance_7401.graph,15,14,True
instance_9076.graph,5,14,True
instance_6138.graph,5,14,False
instance_9900.graph,15,18,True
instance_1842.graph,11,12,True
instance_6213.graph,11,12,True
instance_5898.graph,3,10,False
instance_5264.graph,5,16,True
instance_6315.graph,7,16,False
instance_4134.graph,7,14,False
instance_9452.graph,13,16,True
instance_1719.graph,15,18,True
instance_3348.graph,5,12,True
instance_87.graph,15,12,True
instance_1023.graph,9,16,True
instance_1586.graph,3,14,False
instance_7685.graph,15,16,True
instance_55.graph,5,10,True
instance_5943.graph,13,18,True
instance_5871.graph,9,20,True
instance_860.graph,13,12,True
instance_1648.graph,9,10,True
instance_5523.graph,5,14,True
instance_8869.graph,5,20,True
instance_1692.graph,7,12,True
instance_9751.graph,3,20,False
instance_8022.graph,13,10,True
instance_3812.graph,3,18,True
instance_2367.graph,5,16,True
instance_7209.graph,5,16,False
instance_2657.graph,7,10,True
instance_1039.graph,5,20,True
instance_7639.graph,15,14,True
instance_2446.graph,11,14,True
instance_9054.graph,9,20,False
instance_1626.graph,5,14,True
instance_6492.graph,3,10,True
instance_8668.graph,15,16,True
instance_9361.graph,5,10,True
instance_9668.graph,13,12,True
instance_6531.graph,11,14,True
instance_5649.graph,7,12,True
instance_8667.graph,13,10,True
instance_6895.graph,5,12,False
instance_2475.graph,7,10,True
instance_8311.graph,3,16,False
instance_1324.graph,9,16,True
instance_4576.graph,15,20,True
instance_7293.graph,3,10,False
instance_9035.graph,9,14,True
instance_2747.graph,7,12,True
instance_6488.graph,11,18,True
instance_3508.graph,13,14,True
instance_8647.graph,9,10,True
instance_2756.graph,11,16,True
instance_1345.graph,11,10,True
instance_8818.graph,3,10,False
instance_4204.graph,5,18,False
instance_1694.graph,5,20,True
instance_4760.graph,7,20,True
instance_8613.graph,9,14,True
instance_203.graph,15,10,True
instance_2267.graph,13,18,True
instance_3478.graph,5,14,False
instance_5456.graph,13,14,True
instance_4723.graph,9,18,True
instance_6472.graph,9,16,True
instance_1576.graph,15,20,True
instance_1349.graph,11,10,True
instance_6385.graph,5,14,True
instance_6267.graph,3,12,False
instance_1235.graph,11,20,True
instance_1928.graph,9,12,True
instance_4594.graph,3,10,True
instance_9785.graph,9,14,True
instance_5156.graph,5,14,True
instance_8174.graph,11,18,True
instance_7688.graph,11,10,True
instance_6223.graph,3,20,False
instance_2918.graph,7,10,True
instance_2375.graph,9,14,True
instance_1179.graph,3,18,True
instance_8417.graph,13,12,True
instance_5690.graph,9,14,True
instance_1135.graph,5,18,False
instance_7611.graph,15,20,True
instance_389.graph,11,20,True
instance_351.graph,7,18,True
instance_3243.graph,5,14,True
instance_1864.graph,15,10,True
instance_8504.graph,3,18,False
instance_2557.graph,11,10,True
instance_1175.graph,7,16,True
instance_5185.graph,9,14,True
instance_7463.graph,9,18,True
instance_443.graph,13,12,True
instance_7535.graph,7,20,True
instance_7847.graph,11,10,True
instance_4665.graph,3,14,False
instance_1351.graph,3,12,True
instance_1429.graph,3,10,False
instance_5897.graph,11,20,True
instance_6621.graph,9,12,True
instance_8432.graph,5,12,True
instance_1056.graph,15,10,True
instance_8222.graph,9,12,True
instance_8209.graph,7,12,True
instance_3679.graph,9,14,True
instance_5411.graph,9,10,True
instance_8399.graph,5,10,False
instance_8162.graph,3,18,True
instance_8217.graph,5,14,True
instance_3863.graph,11,18,True
instance_2266.graph,5,10,True
instance_5233.graph,5,16,True
instance_9433.graph,13,16,True
instance_5557.graph,7,16,True
instance_5134.graph,15,12,True
instance_3479.graph,9,12,True
instance_3880.graph,7,12,True
instance_3840.graph,13,20,True
instance_5891.graph,5,18,False
instance_1476.graph,5,18,True
instance_3939.graph,9,14,True
instance_6482.graph,5,14,True
instance_7052.graph,13,20,True
instance_7667.graph,3,12,True
instance_464.graph,11,14,True
instance_6793.graph,5,20,False
instance_8187.graph,9,14,True
instance_8550.graph,7,18,True
instance_9463.graph,11,10,True
instance_1193.graph,9,14,True
instance_5905.graph,5,12,True
instance_5998.graph,13,12,True
instance_9528.graph,3,14,False
instance_573.graph,5,20,False
instance_1052.graph,7,12,True
instance_485.graph,15,12,True
instance_6330.graph,15,10,True
instance_5034.graph,15,16,True
instance_7542.graph,5,18,False
instance_1814.graph,13,12,True
instance_8591.graph,5,14,True
instance_2796.graph,13,12,True
instance_811.graph,11,10,True
instance_4006.graph,15,18,True
instance_2158.graph,15,18,True
instance_9882.graph,15,16,True
instance_6473.graph,15,16,True
instance_7125.graph,3,12,False
instance_773.graph,13,12,True
instance_727.graph,11,18,True
instance_4158.graph,3,10,True
instance_127.graph,3,10,True
instance_7020.graph,5,10,True
instance_9199.graph,11,18,True
instance_4261.graph,9,20,True
instance_2042.graph,11,14,True
instance_3077.graph,7,14,False
instance_2459.graph,13,14,True
instance_8501.graph,13,20,True
instance_2021.graph,5,16,True
instance_2359.graph,3,18,True
instance_6231.graph,15,16,True
instance_8827.graph,3,20,False
instance_4137.graph,7,10,True
instance_9568.graph,11,16,True
instance_8567.graph,9,16,True
instance_3391.graph,9,16,True
instance_9685.graph,7,10,True
instance_3316.graph,9,10,True
instance_3960.graph,15,14,True
instance_2098.graph,3,12,True
instance_1443.graph,13,12,True
instance_9892.graph,5,20,False
instance_7256.graph,9,16,True
instance_3893.graph,7,12,True
instance_3525.graph,11,14,True
instance_6729.graph,5,14,True
instance_8171.graph,11,14,True
instance_3688.graph,15,10,True
instance_3068.graph,3,14,False
instance_4135.graph,9,14,True
instance_4726.graph,5,14,True
instance_8866.graph,7,10,True
instance_1954.graph,7,20,False
instance_1305.graph,9,12,True
instance_4122.graph,11,10,True
instance_5703.graph,15,10,True
instance_2046.graph,13,18,True
instance_542.graph,5,16,True
instance_1072.graph,3,16,False
instance_9140.graph,15,10,True
instance_1902.graph,9,10,True
instance_9244.graph,7,18,False
instance_4353.graph,7,12,True
instance_2562.graph,11,14,True
instance_8441.graph,3,20,False
instance_8075.graph,5,14,True
instance_3183.graph,5,20,True
instance_1779.graph,15,18,True
instance_3141.graph,5,14,False
instance_5292.graph,15,14,True
instance_6599.graph,3,10,False
instance_151.graph,15,20,True
instance_493.graph,11,14,True
instance_9031.graph,11,20,True
instance_6168.graph,5,10,False
instance_8129.graph,15,20,True
instance_1658.graph,15,20,True
instance_4410.graph,15,12,True
instance_5779.graph,9,18,True
instance_6344.graph,13,12,True
instance_5519.graph,15,12,True
instance_7456.graph,3,10,True
instance_8596.graph,3,20,False
instance_2703.graph,9,16,True
instance_7986.graph,9,16,True
instance_5739.graph,5,10,True
instance_1177.graph,11,16,True
instance_7452.graph,5,10,True
instance_5006.graph,3,12,False
instance_5717.graph,11,18,True
instance_5103.graph,9,16,True
instance_1182.graph,13,20,True
instance_4457.graph,9,12,True
instance_6400.graph,3,12,True
instance_8405.graph,15,12,True
instance_8649.graph,15,18,True
instance_8283.graph,7,14,True
instance_2199.graph,3,20,True
instance_7429.graph,11,16,True
instance_5260.graph,5,20,True
instance_4001.graph,9,16,True
instance_7732.graph,15,18,True
instance_8040.graph,7,20,False
instance_1285.graph,5,14,False
instance_1919.graph,9,14,True
instance_1143.graph,7,20,True
instance_5726.graph,13,12,True
instance_293.graph,3,16,False
instance_8035.graph,3,14,True
instance_7785.graph,7,16,True
instance_7512.graph,13,16,True
instance_7498.graph,5,20,True
instance_1662.graph,11,20,True
instance_4378.graph,15,14,True
instance_9445.graph,11,20,True
instance_3341.graph,5,20,False
instance_637.graph,7,16,True
instance_9918.graph,13,18,True
instance_6877.graph,13,18,True
instance_5786.graph,11,14,True
instance_6636.graph,15,16,True
instance_3206.graph,3,18,False
instance_1294.graph,3,14,False
instance_9548.graph,3,20,False
instance_7557.graph,7,14,True
instance_5973.graph,9,16,True
instance_8391.graph,15,16,True
instance_6016.graph,13,18,True
instance_8085.graph,11,14,True
instance_9818.graph,13,16,True
instance_9008.graph,9,18,True
instance_4520.graph,5,10,True
instance_1917.graph,15,12,True
instance_738.graph,7,12,True
instance_8534.graph,9,14,True
instance_8521.graph,15,16,True
instance_7063.graph,3,10,True
instance_8341.graph,11,16,True
instance_2388.graph,11,12,True
instance_1680.graph,7,14,True
instance_4617.graph,13,16,True
instance_8473.graph,13,20,True
instance_5548.graph,3,16,False
instance_6585.graph,3,16,False
instance_8117.graph,9,20,True
instance_881.graph,5,20,False
instance_3910.graph,9,10,True
instance_226.graph,15,16,True
instance_5492.graph,15,10,True
instance_4886.graph,9,18,True
instance_9763.graph,7,12,True
instance_7252.graph,7,14,True
instance_2637.graph,9,14,True
instance_9425.graph,7,16,True
instance_6175.graph,7,12,True
instance_7879.graph,3,10,True
instance_4337.graph,13,10,True
instance_4077.graph,5,14,True
instance_273.graph,7,12,True
instance_1516.graph,5,12,True
instance_6131.graph,9,18,True
instance_9355.graph,5,20,False
instance_3905.graph,13,14,True
instance_3122.graph,5,18,False
instance_5547.graph,7,18,False
instance_8063.graph,15,18,True
instance_5885.graph,7,14,True
instance_6389.graph,7,16,True
instance_3583.graph,11,14,True
instance_1385.graph,5,12,True
instance_5070.graph,3,14,False
instance_4663.graph,7,12,True
instance_8245.graph,5,18,False
instance_4235.graph,3,12,False
instance_4157.graph,3,20,False
instance_5457.graph,13,12,True
instance_9645.graph,7,12,True
instance_3038.graph,11,12,True
instance_6255.graph,5,10,True
instance_6282.graph,3,12,True
instance_4226.graph,15,12,True
instance_4355.graph,3,10,False
instance_5359.graph,15,14,True
instance_9743.graph,7,20,True
instance_908.graph,15,20,True
instance_3470.graph,5,18,False
instance_6109.graph,3,12,False
instance_6671.graph,9,18,True
instance_7545.graph,7,20,False
instance_7049.graph,7,12,True
instance_8876.graph,9,12,True
instance_846.graph,9,10,True
instance_1608.graph,11,12,True
instance_695.graph,11,14,True
instance_5213.graph,13,10,True
instance_6499.graph,5,14,False
instance_412.graph,3,14,True
instance_8023.graph,13,12,True
instance_4021.graph,15,10,True
instance_3492.graph,11,12,True
instance_5821.graph,9,10,True
instance_2096.graph,13,10,True
instance_4872.graph,3,14,True
instance_9959.graph,15,20,True
instance_2389.graph,3,20,False
instance_8151.graph,9,14,True
instance_2286.graph,7,16,True
instance_6870.graph,7,10,True
instance_277.graph,5,10,True
instance_3058.graph,13,18,True
instance_5696.graph,7,20,True
instance_9691.graph,3,20,False
instance_4266.graph,13,16,True
instance_3531.graph,13,10,True
instance_7499.graph,15,16,True
instance_4245.graph,15,16,True
instance_5775.graph,13,18,True
instance_677.graph,13,20,True
instance_6767.graph,11,20,True
instance_5722.graph,3,16,True
instance_2257.graph,11,10,True
instance_6667.graph,5,10,True
instance_5489.graph,3,12,True
instance_7939.graph,11,20,True
instance_551.graph,3,18,False
instance_3481.graph,9,18,True
instance_1033.graph,13,20,True
instance_3140.graph,13,10,True
instance_9451.graph,5,12,True
instance_8963.graph,3,12,False
instance_3684.graph,5,20,True
instance_8400.graph,3,18,True
instance_5086.graph,15,14,True
instance_9650.graph,5,18,False
instance_6498.graph,13,16,True
instance_8713.graph,3,18,False
instance_5585.graph,11,10,True
instance_6705.graph,9,20,True
instance_6765.graph,9,12,True
instance_9760.graph,3,10,False
instance_461.graph,15,20,True
instance_6654.graph,3,20,False
instance_8768.graph,3,16,False
instance_1058.graph,5,14,True
instance_5360.graph,7,10,True
instance_2592.graph,5,18,False
instance_3752.graph,9,16,True
instance_8264.graph,3,10,False
instance_3970.graph,15,10,True
instance_1280.graph,15,20,True
instance_1189.graph,9,18,True
instance_1570.graph,11,10,True
instance_7700.graph,5,16,True
instance_5576.graph,3,12,False
instance_4919.graph,3,20,True
instance_6630.graph,5,16,False
instance_7408.graph,9,10,True
instance_1097.graph,3,18,True
instance_2357.graph,5,14,True
instance_7863.graph,9,10,True
instance_6274.graph,9,12,True
instance_8122.graph,15,10,True
instance_2429.graph,15,14,True
instance_5919.graph,5,14,True
instance_1732.graph,11,12,True
instance_1582.graph,9,12,True
instance_8467.graph,5,18,True
instance_5135.graph,11,14,True
instance_6552.graph,5,20,False
instance_5939.graph,3,10,False
instance_2771.graph,11,12,True
instance_7872.graph,7,12,True
instance_3216.graph,5,18,True
instance_6930.graph,11,16,True
instance_8325.graph,13,10,True
instance_2664.graph,9,18,False
instance_4853.graph,5,14,True
instance_4341.graph,11,16,True
instance_2594.graph,9,14,True
instance_909.graph,13,12,True
instance_8465.graph,13,20,True
instance_3529.graph,9,14,True
instance_3489.graph,13,10,True
instance_1253.graph,13,20,True
instance_8096.graph,5,12,True
instance_361.graph,13,18,True
instance_4396.graph,7,14,True
instance_253.graph,9,18,True
instance_3275.graph,7,10,True
instance_2109.graph,7,16,False
instance_2279.graph,13,16,True
instance_1960.graph,13,14,True
instance_3613.graph,13,12,True
instance_2881.graph,15,10,True
instance_452.graph,13,14,True
instance_7248.graph,11,20,True
instance_2885.graph,15,10,True
instance_3477.graph,13,18,True
instance_517.graph,15,16,True
instance_6221.graph,9,12,True
instance_1633.graph,13,18,True
instance_2766.graph,9,16,True
instance_4243.graph,3,18,False
instance_4825.graph,15,18,True
instance_3416.graph,13,18,True
instance_2933.graph,13,14,True
instance_7971.graph,15,20,True
instance_5098.graph,5,20,True
instance_2546.graph,9,14,True
instance_4552.graph,7,20,True
instance_7796.graph,3,18,False
instance_9728.graph,9,12,True
instance_838.graph,11,18,True
instance_4259.graph,7,20,False
instance_8250.graph,7,10,True
instance_7534.graph,13,16,True
instance_177.graph,9,12,True
instance_6933.graph,3,14,False
instance_3766.graph,3,20,False
instance_8190.graph,15,12,True
instance_3847.graph,15,16,True
instance_8825.graph,9,14,True
instance_1208.graph,13,10,True
instance_416.graph,11,14,True
instance_304.graph,9,12,True
instance_6146.graph,3,14,False
instance_6721.graph,15,20,True
instance_1858.graph,13,18,True
instance_7211.graph,13,18,True
instance_4908.graph,3,12,True
instance_2289.graph,5,20,False
instance_7932.graph,9,12,True
instance_3081.graph,11,10,True
instance_376.graph,9,20,True
instance_8720.graph,11,12,True
instance_3220.graph,5,12,True
instance_830.graph,7,10,True
instance_7634.graph,3,10,False
instance_2250.graph,9,16,True
instance_9375.graph,15,20,True
instance_7653.graph,11,16,True
instance_2662.graph,3,20,False
instance_2544.graph,7,18,False
instance_4478.graph,13,12,True
instance_5862.graph,15,18,True
instance_931.graph,13,16,True
instance_7739.graph,5,18,False
instance_1438.graph,3,16,False
instance_7544.graph,7,10,True
instance_2193.graph,9,18,True
instance_8304.graph,5,20,False
instance_4643.graph,3,12,False
instance_6809.graph,13,10,True
instance_5061.graph,11,16,True
instance_9130.graph,9,16,True
instance_8446.graph,3,20,False
instance_6550.graph,7,20,False
instance_418.graph,3,14,False
instance_5631.graph,13,12,True
instance_9606.graph,3,18,False
instance_3462.graph,9,20,True
instance_9511.graph,5,20,False
instance_417.graph,3,18,False
instance_3822.graph,13,10,True
instance_7447.graph,9,20,True
instance_1894.graph,9,18,True
instance_4885.graph,13,12,True
instance_7271.graph,15,12,True
instance_9385.graph,5,14,True
instance_7776.graph,11,10,True
instance_546.graph,9,10,True
instance_8496.graph,5,16,True
instance_1054.graph,15,10,True
instance_6706.graph,11,12,True
instance_698.graph,9,14,True
instance_6611.graph,7,10,True
instance_8540.graph,5,20,False
instance_2882.graph,9,12,True
instance_8921.graph,11,14,True
instance_9196.graph,5,20,True
instance_6776.graph,3,16,False
instance_1696.graph,9,10,True
instance_5688.graph,13,14,True
instance_5027.graph,7,12,True
instance_6311.graph,13,16,True
instance_2108.graph,7,14,True
instance_2563.graph,9,18,True
instance_6409.graph,13,12,True
instance_5187.graph,15,18,True
instance_2177.graph,7,20,True
instance_5839.graph,5,16,True
instance_7923.graph,5,16,True
instance_8771.graph,3,20,False
instance_2870.graph,9,16,True
instance_1763.graph,7,20,True
instance_2814.graph,11,18,True
instance_4230.graph,15,16,True
instance_2204.graph,15,10,True
instance_2095.graph,9,18,True
instance_8883.graph,3,14,True
instance_6432.graph,7,16,False
instance_8287.graph,3,20,False
instance_4858.graph,3,12,False
instance_9410.graph,11,10,True
instance_1223.graph,11,20,True
instance_2016.graph,11,20,True
instance_7841.graph,3,10,True
instance_5493.graph,3,10,False
instance_3663.graph,15,20,True
instance_4168.graph,3,10,False
instance_744.graph,11,14,True
instance_3617.graph,3,12,False
instance_4654.graph,13,16,True
instance_630.graph,11,16,True
instance_3928.graph,15,16,True
instance_7888.graph,9,18,True
instance_8027.graph,3,20,False
instance_2850.graph,13,10,True
instance_8353.graph,9,16,True
instance_4156.graph,9,20,True
instance_7297.graph,5,20,False
instance_8377.graph,3,20,False
instance_3574.graph,13,18,True
instance_8017.graph,13,14,True
instance_8795.graph,3,14,False
instance_4906.graph,3,12,False
instance_2145.graph,9,16,True
instance_1308.graph,13,16,True
instance_9712.graph,7,18,True
instance_3854.graph,9,12,True
instance_6177.graph,11,14,True
instance_4187.graph,11,10,True
instance_775.graph,5,16,True
instance_6936.graph,5,12,True
instance_4063.graph,11,14,True
instance_1394.graph,9,16,True
instance_1986.graph,9,14,True
instance_1041.graph,9,16,True
instance_7918.graph,3,16,False
instance_3590.graph,7,10,True
instance_5112.graph,9,12,True
instance_2564.graph,11,10,True
instance_2938.graph,15,10,True
instance_2219.graph,15,20,True
instance_7105.graph,13,18,True
instance_636.graph,5,12,True
instance_5802.graph,5,16,True
instance_9462.graph,11,20,True
instance_9693.graph,5,20,True
instance_2667.graph,3,10,True
instance_2081.graph,15,16,True
instance_8033.graph,11,18,True
instance_5441.graph,11,18,True
instance_1527.graph,9,18,True
instance_3404.graph,9,16,True
instance_997.graph,7,16,True
instance_705.graph,7,14,True
instance_2247.graph,13,18,True
instance_4036.graph,3,10,True
instance_6707.graph,5,12,True
instance_8228.graph,11,12,True
instance_5945.graph,11,14,True
instance_1504.graph,11,16,True
instance_5076.graph,15,14,True
instance_5923.graph,15,10,True
instance_6672.graph,15,14,True
instance_4944.graph,7,20,False
instance_1302.graph,11,16,True
instance_4577.graph,7,14,True
instance_4761.graph,13,12,True
instance_6360.graph,7,12,True
instance_6012.graph,13,18,True
instance_8346.graph,5,16,False
instance_2504.graph,15,10,True
instance_2750.graph,15,12,True
instance_7074.graph,5,14,True
instance_7690.graph,5,12,True
instance_1147.graph,15,12,True
instance_2358.graph,13,20,True
instance_7997.graph,7,18,False
instance_8898.graph,15,12,True
instance_9180.graph,5,16,False
instance_817.graph,7,12,True
instance_4466.graph,15,16,True
instance_9440.graph,9,20,True
instance_5388.graph,11,18,True
instance_2531.graph,3,20,False
instance_8948.graph,3,18,False
instance_6504.graph,9,18,True
instance_2960.graph,9,10,True
instance_381.graph,11,16,True
instance_1863.graph,15,16,True
instance_4405.graph,15,10,True
instance_2428.graph,5,14,True
instance_4543.graph,15,12,True
instance_5033.graph,13,18,True
instance_2150.graph,7,16,True
instance_5718.graph,5,18,False
instance_4874.graph,5,20,True
instance_7230.graph,9,18,True
instance_4437.graph,13,18,True
instance_8632.graph,11,18,True
instance_8625.graph,15,18,True
instance_4108.graph,3,20,False
instance_6732.graph,15,14,True
instance_6376.graph,15,20,True
instance_8249.graph,9,12,True
instance_3759.graph,3,12,False
instance_1579.graph,9,10,True
instance_3163.graph,11,14,True
instance_2647.graph,13,14,True
instance_884.graph,15,20,True
instance_7920.graph,9,12,True
instance_1207.graph,3,20,True
instance_8059.graph,15,10,True
instance_5471.graph,11,12,True
instance_503.graph,7,12,True
instance_5787.graph,15,16,True
instance_4675.graph,11,20,True
instance_5511.graph,3,10,True
instance_6650.graph,13,12,True
instance_520.graph,15,10,True
instance_3237.graph,5,12,True
instance_261.graph,5,16,True
instance_5256.graph,15,18,True
instance_6324.graph,5,18,False
instance_4684.graph,3,20,False
instance_2621.graph,15,16,True
instance_4303.graph,13,14,True
instance_6027.graph,15,18,True
instance_953.graph,9,10,True
instance_702.graph,3,10,False
instance_3755.graph,5,16,False
instance_445.graph,5,18,False
instance_6733.graph,5,14,True
instance_8274.graph,9,16,True
instance_8903.graph,13,18,True
instance_7843.graph,9,10,True
instance_7305.graph,11,10,True
instance_2811.graph,5,10,True
instance_6073.graph,5,12,True
instance_607.graph,15,20,True
instance_6463.graph,13,16,True
instance_7950.graph,15,14,True
instance_2856.graph,11,18,True
instance_1972.graph,7,20,True
instance_4794.graph,7,10,True
instance_7946.graph,5,12,True
instance_2724.graph,11,20,True
instance_3486.graph,3,12,False
instance_298.graph,11,12,True
instance_9585.graph,7,14,True
instance_530.graph,13,14,True
instance_5744.graph,3,20,False
instance_5957.graph,13,20,True
instance_9327.graph,13,10,True
instance_5965.graph,13,12,True
instance_8979.graph,13,20,True
instance_6060.graph,5,10,True
instance_249.graph,11,14,True
instance_8032.graph,11,12,True
instance_178.graph,13,10,True
instance_6584.graph,15,20,True
instance_2295.graph,11,14,True
instance_4497.graph,3,10,False
instance_2445.graph,13,16,True
instance_8345.graph,3,14,False
instance_7856.graph,5,10,True
instance_1037.graph,13,10,True
instance_1649.graph,7,18,False
instance_3375.graph,15,14,True
instance_5443.graph,7,10,True
instance_9429.graph,11,18,True
instance_224.graph,9,10,True
instance_9964.graph,11,14,True
instance_6388.graph,3,16,False
instance_8688.graph,11,10,True
instance_3080.graph,7,16,True
instance_5689.graph,13,14,True
instance_6341.graph,5,18,True
instance_7517.graph,9,16,True
instance_2449.graph,13,10,True
instance_2818.graph,13,10,True
instance_3852.graph,15,16,True
instance_2168.graph,7,10,True
instance_3300.graph,15,16,True
instance_4716.graph,13,14,True
instance_5379.graph,15,20,True
instance_4704.graph,3,20,False
instance_9043.graph,11,14,True
instance_7433.graph,3,14,False
instance_7931.graph,9,18,True
instance_2943.graph,5,18,True
instance_5460.graph,13,18,True
instance_2284.graph,9,14,True
instance_6336.graph,3,18,False
instance_3552.graph,7,20,False
instance_610.graph,7,16,False
instance_3078.graph,13,10,True
instance_8237.graph,13,18,True
instance_6678.graph,9,10,True
instance_5860.graph,13,12,True
instance_7348.graph,13,18,True
instance_4236.graph,9,20,False
instance_2726.graph,7,12,True
instance_9006.graph,15,10,True
instance_5009.graph,13,18,True
instance_7810.graph,7,10,True
instance_5235.graph,13,16,True
instance_6728.graph,3,14,False
instance_3376.graph,11,20,True
instance_3106.graph,11,10,True
instance_9476.graph,9,18,True
instance_4128.graph,7,18,True
instance_2645.graph,7,18,True
instance_308.graph,9,12,True
instance_5385.graph,7,18,True
instance_714.graph,7,10,True
instance_5342.graph,7,20,False
instance_3460.graph,3,10,False
instance_4701.graph,7,16,True
instance_4722.graph,3,10,True
instance_9412.graph,9,12,True
instance_5849.graph,15,20,True
instance_405.graph,13,10,True
instance_7477.graph,15,14,True
instance_9444.graph,3,20,False
instance_5336.graph,15,14,True
instance_635.graph,15,14,True
instance_575.graph,9,14,True
instance_9574.graph,15,14,True
instance_8683.graph,9,20,True
instance_5950.graph,15,20,True
instance_7014.graph,5,10,True
instance_2606.graph,9,16,True
instance_1640.graph,11,18,True
instance_2157.graph,9,20,True
instance_4129.graph,9,14,True
instance_4229.graph,9,20,True
instance_1521.graph,7,10,True
instance_5272.graph,15,16,True
instance_2194.graph,7,16,True
instance_8424.graph,3,12,False
instance_6204.graph,7,10,True
instance_2083.graph,3,10,True
instance_3686.graph,9,16,True
instance_2911.graph,7,16,False
instance_4953.graph,11,16,True
instance_1839.graph,11,10,True
instance_3532.graph,11,18,True
instance_1672.graph,5,18,False
instance_9996.graph,15,14,True
instance_829.graph,9,12,True
instance_6753.graph,15,18,True
instance_9690.graph,11,16,True
instance_6691.graph,5,10,True
instance_934.graph,3,16,False
instance_2281.graph,11,14,True
instance_7845.graph,7,14,False
instance_1535.graph,15,14,True
instance_1157.graph,13,18,True
instance_9192.graph,5,18,True
instance_8336.graph,13,18,True
instance_5251.graph,3,10,False
instance_3201.graph,7,18,True
instance_3049.graph,11,16,True
instance_5167.graph,5,18,True
instance_8143.graph,7,12,False
instance_5784.graph,9,18,True
instance_9063.graph,3,14,True
instance_5570.graph,13,16,True
instance_925.graph,15,10,True
instance_2179.graph,13,14,True
instance_8777.graph,9,12,True
instance_1106.graph,7,16,False
instance_8193.graph,13,10,True
instance_5994.graph,7,16,True
instance_7752.graph,7,10,True
instance_8676.graph,9,14,True
instance_8837.graph,7,14,True
instance_3589.graph,5,14,True
instance_5674.graph,7,18,True
instance_1811.graph,15,18,True
instance_8199.graph,11,12,True
instance_2730.graph,5,10,True
instance_8950.graph,9,10,True
instance_2232.graph,7,20,True
instance_8812.graph,5,18,True
instance_3031.graph,15,20,True
instance_7488.graph,7,20,False
instance_6417.graph,11,18,True
instance_2609.graph,11,10,True
instance_8776.graph,7,10,True
instance_8952.graph,9,20,True
instance_8930.graph,7,10,True
instance_4467.graph,3,14,False
instance_7660.graph,7,10,True
instance_4729.graph,11,10,True
instance_5358.graph,15,12,True
instance_7701.graph,7,18,True
instance_1800.graph,5,14,True
instance_6485.graph,13,14,True
instance_9956.graph,11,18,True
instance_4715.graph,13,10,True
instance_3745.graph,11,12,True
instance_9621.graph,11,20,True
instance_6923.graph,5,18,False
instance_4277.graph,9,14,True
instance_9438.graph,15,10,True
instance_7069.graph,9,12,True
instance_1840.graph,9,16,True
instance_5028.graph,5,10,True
instance_694.graph,15,20,True
instance_6788.graph,15,20,True
instance_6960.graph,5,10,True
instance_245.graph,9,12,True
instance_82.graph,11,12,True
instance_5302.graph,15,18,True
instance_674.graph,3,16,True
instance_7591.graph,15,10,True
instance_4745.graph,3,16,False
instance_1714.graph,11,16,True
instance_8419.graph,5,18,True
instance_9078.graph,7,14,True
instance_409.graph,5,18,False
instance_1155.graph,5,12,True
instance_1731.graph,9,16,True
instance_8012.graph,5,12,True
instance_7504.graph,7,14,True
instance_6188.graph,5,14,False
instance_9337.graph,5,14,True
instance_9051.graph,9,12,True
instance_6545.graph,15,10,True
instance_4240.graph,11,20,True
instance_2485.graph,15,10,True
instance_9226.graph,9,20,True
instance_5026.graph,15,20,True
instance_6042.graph,3,20,False
instance_6122.graph,15,20,True
instance_6615.graph,9,14,True
instance_142.graph,5,18,False
instance_3524.graph,15,20,True
instance_2950.graph,7,14,False
instance_8443.graph,7,16,True
instance_1641.graph,13,14,True
instance_4932.graph,3,16,True
instance_9253.graph,15,20,True
instance_2376.graph,13,20,True
instance_4969.graph,7,18,True
instance_2328.graph,7,12,True
instance_4485.graph,15,20,True
instance_3715.graph,11,20,True
instance_2514.graph,7,10,True
instance_688.graph,7,20,True
instance_2438.graph,5,16,True
instance_2154.graph,9,20,True
instance_9923.graph,9,16,True
instance_597.graph,7,10,True
instance_851.graph,13,18,True
instance_9762.graph,11,18,True
instance_2030.graph,7,14,False
instance_4428.graph,13,20,True
instance_4779.graph,5,14,True
instance_1313.graph,5,18,False
instance_5710.graph,15,16,True
instance_6501.graph,5,20,False
instance_1102.graph,5,20,False
instance_5375.graph,5,14,True
instance_5665.graph,3,20,False
instance_1292.graph,13,16,True
instance_2876.graph,13,18,True
instance_8856.graph,11,14,True
instance_3579.graph,7,18,True
instance_6229.graph,5,18,False
instance_435.graph,15,12,True
instance_5322.graph,13,10,True
instance_6810.graph,11,10,True
instance_276.graph,5,14,True
instance_2035.graph,3,14,False
instance_5986.graph,7,18,True
instance_9808.graph,5,20,False
instance_680.graph,15,18,True
instance_2474.graph,9,16,True
instance_2984.graph,13,10,True
instance_9460.graph,15,14,True
instance_588.graph,7,20,False
instance_7031.graph,3,14,True
instance_7640.graph,11,20,True
instance_2740.graph,3,20,False
instance_3848.graph,7,12,True
instance_2066.graph,7,20,True
instance_4539.graph,5,20,False
instance_7848.graph,5,18,True
instance_8189.graph,3,14,False
instance_6825.graph,11,14,True
instance_2651.graph,15,18,True
instance_6574.graph,9,10,True
instance_1912.graph,13,10,True
instance_3610.graph,15,12,True
instance_2068.graph,15,20,True
instance_1624.graph,9,12,True
instance_2509.graph,3,16,True
instance_9204.graph,11,10,True
instance_280.graph,13,14,True
instance_9103.graph,9,20,True
instance_9056.graph,7,12,True
instance_568.graph,11,10,True
instance_2381.graph,15,12,True
instance_1856.graph,7,20,False
instance_852.graph,9,18,True
instance_2827.graph,5,10,False
instance_3619.graph,13,12,True
instance_7954.graph,11,14,True
instance_8854.graph,9,12,True
instance_507.graph,9,16,True
instance_7674.graph,3,10,True
instance_6987.graph,9,20,True
instance_422.graph,3,16,False
instance_1174.graph,7,12,True
instance_6909.graph,13,20,True
instance_2214.graph,15,14,True
instance_2000.graph,15,16,True
instance_5143.graph,7,18,True
instance_2135.graph,15,18,True
instance_2534.graph,15,18,True
instance_9849.graph,13,16,True
instance_3706.graph,9,16,True
instance_5630.graph,3,14,False
instance_685.graph,5,14,True
instance_168.graph,11,20,True
instance_9265.graph,9,12,True
instance_1753.graph,9,10,True
instance_4112.graph,3,18,False
instance_4280.graph,13,20,True
instance_2259.graph,11,10,True
instance_5660.graph,7,14,True
instance_8313.graph,13,10,True
instance_6658.graph,9,14,True
instance_1065.graph,15,20,True
instance_1244.graph,9,14,True
instance_5783.graph,5,10,True
instance_5716.graph,13,14,True
instance_4912.graph,5,10,False
instance_3293.graph,3,20,False
instance_8452.graph,15,20,True
instance_6287.graph,13,10,True
instance_5452.graph,15,18,True
instance_6764.graph,13,12,True
instance_6657.graph,13,10,True
instance_7436.graph,9,12,True
instance_8862.graph,7,16,True
instance_9658.graph,9,20,True
instance_3339.graph,7,16,True
instance_4344.graph,5,20,False
instance_5409.graph,15,16,True
instance_4489.graph,7,18,True
instance_5343.graph,3,18,False
instance_4620.graph,9,18,True
instance_6973.graph,9,14,True
instance_6619.graph,13,20,True
instance_9895.graph,5,14,True
instance_9184.graph,3,18,False
instance_5014.graph,9,12,True
instance_6069.graph,5,10,True
instance_9185.graph,13,10,True
instance_4285.graph,5,12,False
instance_8836.graph,7,12,True
instance_5249.graph,7,18,True
instance_2326.graph,13,16,True
instance_7631.graph,3,20,True
instance_7577.graph,5,18,True
instance_9163.graph,7,12,True
instance_4782.graph,7,14,False
instance_8134.graph,3,20,False
instance_2320.graph,7,16,False
instance_7853.graph,11,10,True
instance_2185.graph,15,14,True
instance_3403.graph,15,10,True
instance_6370.graph,11,12,True
instance_3849.graph,9,10,True
instance_5574.graph,11,20,True
instance_209.graph,5,18,True
instance_5062.graph,3,16,False
instance_6517.graph,11,16,True
instance_1663.graph,3,20,True
instance_6620.graph,11,10,True
instance_7007.graph,7,18,False
instance_717.graph,15,12,True
instance_1241.graph,15,18,True
instance_5371.graph,5,16,False
instance_7288.graph,15,18,True
instance_8990.graph,11,18,True
instance_5278.graph,9,12,True
instance_2770.graph,3,10,False
instance_8899.graph,15,14,True
instance_4450.graph,15,18,True
instance_6644.graph,15,16,True
instance_5507.graph,11,10,True
instance_8367.graph,9,10,True
instance_689.graph,15,18,True
instance_2847.graph,11,20,True
instance_7489.graph,7,14,True
instance_9317.graph,5,12,False
instance_6742.graph,5,12,True
instance_5049.graph,9,10,True
instance_8109.graph,13,12,True
instance_841.graph,5,18,False
instance_5418.graph,3,10,True
instance_481.graph,9,20,False
instance_2440.graph,11,16,True
instance_7048.graph,5,18,False
instance_4844.graph,5,12,True
instance_1888.graph,3,18,False
instance_4658.graph,9,18,True
instance_1078.graph,9,10,True
instance_4254.graph,13,20,True
instance_4575.graph,7,14,False
instance_3724.graph,11,20,True
instance_105.graph,11,18,True
instance_3447.graph,5,18,True
instance_2894.graph,13,18,True
instance_8889.graph,15,20,True
instance_7720.graph,7,14,True
instance_4287.graph,7,16,True
instance_2340.graph,5,12,True
instance_5495.graph,9,10,True
instance_1737.graph,3,12,False
instance_3638.graph,3,20,False
instance_4720.graph,13,10,True
instance_518.graph,7,14,True
instance_915.graph,15,12,True
instance_483.graph,7,18,True
instance_7651.graph,7,12,True
instance_3052.graph,5,10,True
instance_7132.graph,9,12,True
instance_7246.graph,3,16,False
instance_1230.graph,15,18,True
instance_3562.graph,3,18,True
instance_7658.graph,15,14,True
instance_7900.graph,7,12,True
instance_5486.graph,11,18,True
instance_3292.graph,9,20,True
instance_8565.graph,13,20,True
instance_2471.graph,9,16,True
instance_2733.graph,7,20,True
instance_7148.graph,11,16,True
instance_8348.graph,9,14,True
instance_7208.graph,3,14,False
instance_4251.graph,5,18,True
instance_683.graph,7,16,True
instance_9260.graph,7,10,True
instance_4398.graph,9,20,False
instance_2105.graph,15,12,True
instance_8682.graph,3,20,False
instance_4350.graph,15,20,True
instance_9597.graph,5,16,True
instance_4161.graph,9,12,True
instance_4395.graph,15,10,True
instance_2010.graph,9,12,True
instance_9744.graph,5,20,False
instance_4459.graph,9,18,True
instance_9141.graph,5,10,True
instance_2006.graph,3,18,False
instance_4661.graph,5,14,False
instance_5650.graph,15,10,True
instance_804.graph,3,16,False
instance_8442.graph,15,18,True
instance_6841.graph,3,12,True
instance_5423.graph,13,10,True
instance_413.graph,5,20,False
instance_3346.graph,3,14,True
instance_9038.graph,5,10,True
instance_6717.graph,11,12,True
instance_2653.graph,9,20,True
instance_6821.graph,3,16,False
instance_346.graph,11,18,True
instance_6094.graph,13,12,True
instance_544.graph,3,20,False
instance_3345.graph,15,18,True
instance_4418.graph,13,20,True
instance_6104.graph,7,18,True
instance_7883.graph,7,20,True
instance_3954.graph,3,12,True
instance_4787.graph,11,10,True
instance_8951.graph,3,10,False
instance_5462.graph,13,10,True
instance_303.graph,13,10,True
instance_8159.graph,13,18,True
instance_6436.graph,11,16,True
instance_5851.graph,9,18,True
instance_1875.graph,7,12,True
instance_3771.graph,3,20,False
instance_4507.graph,9,18,True
instance_9213.graph,13,10,True
instance_3040.graph,15,18,True
instance_8537.graph,9,10,True
instance_2441.graph,15,16,True
instance_5544.graph,3,12,False
instance_3627.graph,11,18,True
instance_5969.graph,9,10,True
instance_2333.graph,11,10,True
instance_1745.graph,13,14,True
instance_5182.graph,7,10,True
instance_4717.graph,11,16,True
instance_4891.graph,15,18,True
instance_6686.graph,5,20,True
instance_7000.graph,7,14,True
instance_3692.graph,7,18,True
instance_6779.graph,15,10,True
instance_1400.graph,15,12,True
instance_181.graph,3,18,False
instance_1373.graph,5,10,True
instance_314.graph,3,12,False
instance_3108.graph,9,16,True
instance_2549.graph,3,18,False
instance_1556.graph,9,14,True
instance_137.graph,9,10,True
instance_8873.graph,9,12,True
instance_4851.graph,11,20,True
instance_9968.graph,11,16,True
instance_2519.graph,15,10,True
instance_7812.graph,11,14,True
instance_8731.graph,9,18,True
instance_1833.graph,11,18,True
instance_7143.graph,11,20,True
instance_5909.graph,15,12,True
instance_9149.graph,9,20,True
instance_5842.graph,5,12,False
instance_3874.graph,13,16,True
instance_2575.graph,5,14,True
instance_9867.graph,11,12,True
instance_5551.graph,15,14,True
instance_1011.graph,3,14,False
instance_8338.graph,7,18,False
instance_7357.graph,3,14,False
instance_1170.graph,5,10,True
instance_3365.graph,11,14,True
instance_5400.graph,5,18,False
instance_935.graph,9,20,True
instance_3260.graph,5,16,True
instance_7147.graph,3,18,False
instance_8099.graph,11,16,True
instance_456.graph,9,20,True
instance_4639.graph,11,18,True
instance_9861.graph,3,12,True
instance_751.graph,7,20,True
instance_3855.graph,3,14,False
instance_6562.graph,3,18,False
instance_5072.graph,11,20,True
instance_9325.graph,7,10,True
instance_9320.graph,15,20,True
instance_2206.graph,15,16,True
instance_9531.graph,13,20,True
instance_6469.graph,13,20,True
instance_7190.graph,11,12,True
instance_3629.graph,15,14,True
instance_2949.graph,9,16,True
instance_3289.graph,11,14,True
instance_2969.graph,3,18,False
instance_6363.graph,9,12,True
instance_800.graph,11,20,True
instance_7532.graph,3,10,True
instance_4211.graph,9,16,True
instance_9166.graph,15,16,True
instance_1755.graph,9,14,True
instance_2680.graph,7,18,False
instance_8738.graph,3,10,True
instance_7719.graph,13,14,True
instance_777.graph,9,12,True
instance_429.graph,3,18,False
instance_4702.graph,15,16,True
instance_8863.graph,13,14,True
instance_1838.graph,3,12,False
instance_5971.graph,3,20,False
instance_8581.graph,15,18,True
instance_3366.graph,13,20,True
instance_7278.graph,13,20,True
instance_8196.graph,9,16,True
instance_2748.graph,13,20,True
instance_4015.graph,7,18,False
instance_4746.graph,11,18,True
instance_9552.graph,15,16,True
instance_5132.graph,9,16,True
instance_2866.graph,7,16,True
instance_4111.graph,11,20,True
instance_3202.graph,9,14,True
instance_8564.graph,9,16,True
instance_7628.graph,11,14,True
instance_6625.graph,11,10,True
instance_9647.graph,7,16,True
instance_9352.graph,3,14,True
instance_4589.graph,7,10,True
instance_6922.graph,11,12,True
instance_3898.graph,11,18,True
instance_7876.graph,3,14,True
instance_3134.graph,11,10,True
instance_9394.graph,7,20,False
instance_4931.graph,7,16,True
instance_6361.graph,3,12,False
instance_4370.graph,5,18,False
instance_1347.graph,15,16,True
instance_3900.graph,5,10,True
instance_1020.graph,9,10,True
instance_9878.graph,3,12,False
instance_3369.graph,3,20,False
instance_8976.graph,13,10,True
instance_6807.graph,13,14,True
instance_8495.graph,9,10,True
instance_155.graph,13,18,True
instance_5675.graph,15,12,True
instance_4411.graph,9,12,True
instance_3468.graph,15,20,True
instance_5362.graph,13,10,True
instance_9742.graph,11,14,True
instance_7422.graph,5,10,True
instance_6251.graph,15,18,True
instance_2768.graph,5,10,True
instance_4518.graph,3,16,False
instance_4149.graph,11,14,True
instance_1514.graph,11,10,True
instance_4269.graph,11,14,True
instance_1059.graph,11,10,True
instance_2977.graph,7,16,True
instance_5667.graph,5,12,False
instance_3989.graph,3,14,False
instance_9920.graph,5,12,False
instance_2679.graph,7,18,True
instance_3678.graph,3,18,False
instance_4486.graph,9,14,True
instance_6040.graph,13,14,True
instance_7335.graph,3,18,False
instance_7687.graph,15,14,True
instance_1793.graph,15,10,True
instance_3269.graph,15,14,True
instance_393.graph,5,14,False
instance_1925.graph,3,12,True
instance_1749.graph,9,12,True
instance_5501.graph,9,14,True
instance_6790.graph,11,10,True
instance_1415.graph,13,18,True
instance_2682.graph,9,10,True
instance_5022.graph,13,18,True
instance_3623.graph,3,12,True
instance_6761.graph,11,20,True
instance_300.graph,7,18,True
instance_3711.graph,15,10,True
instance_4011.graph,13,10,True
instance_3079.graph,7,18,True
instance_161.graph,11,18,True
instance_7213.graph,9,16,True
instance_5324.graph,7,16,True
instance_3315.graph,7,12,False
instance_9564.graph,13,14,True
instance_185.graph,5,10,True
instance_7371.graph,9,18,True
instance_5732.graph,5,10,True
instance_9309.graph,3,14,False
instance_585.graph,13,10,True
instance_6173.graph,9,10,True
instance_6369.graph,3,10,True
instance_7290.graph,9,18,True
instance_2618.graph,13,20,True
instance_8111.graph,7,16,False
instance_919.graph,7,20,True
instance_8914.graph,11,20,True
instance_2356.graph,5,16,False
instance_3161.graph,7,20,True
instance_4773.graph,3,10,True
instance_3018.graph,7,16,True
instance_657.graph,15,18,True
instance_462.graph,15,18,True
instance_8047.graph,11,16,True
instance_1982.graph,13,10,True
instance_2801.graph,7,16,True
instance_5985.graph,3,10,True
instance_8835.graph,9,12,True
instance_2294.graph,9,12,True
instance_4488.graph,15,12,True
instance_3164.graph,3,16,True
instance_4150.graph,9,10,True
instance_9806.graph,15,10,True
instance_2913.graph,5,14,True
instance_6861.graph,5,14,False
instance_4331.graph,13,14,True
instance_7839.graph,15,14,True
instance_9852.graph,13,18,True
instance_5323.graph,9,20,True
instance_1076.graph,3,14,False
instance_63.graph,7,16,True
instance_8579.graph,15,14,True
instance_3167.graph,9,10,True
instance_8522.graph,5,14,True
instance_9615.graph,7,18,False
instance_3157.graph,11,18,True
instance_4522.graph,9,18,True
instance_9435.graph,11,14,True
instance_769.graph,11,10,True
