filename,path,nv,nc,sat,lda_x,pca_y
tsp_0.graph,data/tsp_graphs/tsp_0.graph,6,10,True,-0.926918,-0.696138
tsp_1.graph,data/tsp_graphs/tsp_1.graph,6,15,False,-1.2549973,0.062461674
tsp_10.graph,data/tsp_graphs/tsp_10.graph,9,10,True,1.7515469,0.25179446
tsp_100.graph,data/tsp_graphs/tsp_100.graph,7,20,True,1.0326691,0.00054582953
tsp_1000.graph,data/tsp_graphs/tsp_1000.graph,8,20,True,2.2898483,0.48753476
tsp_1001.graph,data/tsp_graphs/tsp_1001.graph,6,10,False,-0.041931152,-0.5068914
tsp_1002.graph,data/tsp_graphs/tsp_1002.graph,6,20,True,-0.23706722,-0.040902138
tsp_1003.graph,data/tsp_graphs/tsp_1003.graph,5,15,False,-0.44760513,-0.65135515
tsp_1004.graph,data/tsp_graphs/tsp_1004.graph,8,10,True,1.1728706,-0.09531134
tsp_1005.graph,data/tsp_graphs/tsp_1005.graph,8,20,False,-1.2168999,0.3738119
tsp_1006.graph,data/tsp_graphs/tsp_1006.graph,7,10,True,2.6305923,0.06271231
tsp_1007.graph,data/tsp_graphs/tsp_1007.graph,10,10,False,-2.173523,0.46906716
tsp_1008.graph,data/tsp_graphs/tsp_1008.graph,7,10,True,-1.400383,0.16205984
tsp_1009.graph,data/tsp_graphs/tsp_1009.graph,6,15,False,-0.8555107,-0.30436134
tsp_101.graph,data/tsp_graphs/tsp_101.graph,7,15,False,-0.4723816,0.1464439
tsp_1010.graph,data/tsp_graphs/tsp_1010.graph,10,20,True,1.6250153,0.73222524
tsp_1011.graph,data/tsp_graphs/tsp_1011.graph,10,15,False,-1.1877708,0.67016727
tsp_1012.graph,data/tsp_graphs/tsp_1012.graph,10,10,True,-0.4291191,0.10357678
tsp_1013.graph,data/tsp_graphs/tsp_1013.graph,10,10,False,-0.9164009,0.2823568
tsp_1014.graph,data/tsp_graphs/tsp_1014.graph,7,20,True,0.33026886,0.27485913
tsp_1015.graph,data/tsp_graphs/tsp_1015.graph,6,10,False,-0.32613373,-0.38557094
tsp_1016.graph,data/tsp_graphs/tsp_1016.graph,8,20,True,0.8356323,0.3944993
tsp_1017.graph,data/tsp_graphs/tsp_1017.graph,10,20,False,-0.2972641,0.5419006
tsp_1018.graph,data/tsp_graphs/tsp_1018.graph,7,10,True,0.22768402,-0.3285976
tsp_1019.graph,data/tsp_graphs/tsp_1019.graph,7,10,False,0.3273697,-0.23173994
tsp_102.graph,data/tsp_graphs/tsp_102.graph,6,15,True,1.3817968,-0.45756316
tsp_1020.graph,data/tsp_graphs/tsp_1020.graph,8,10,True,-0.9014244,0.041232884
tsp_1021.graph,data/tsp_graphs/tsp_1021.graph,9,15,False,-0.72438,0.62127715
tsp_1022.graph,data/tsp_graphs/tsp_1022.graph,5,10,True,2.663002,-0.93075633
tsp_1023.graph,data/tsp_graphs/tsp_1023.graph,8,10,False,0.2672119,-0.42358318
tsp_1024.graph,data/tsp_graphs/tsp_1024.graph,10,10,True,2.132576,0.317146
tsp_1025.graph,data/tsp_graphs/tsp_1025.graph,5,20,False,1.4088135,-0.27758446
tsp_1026.graph,data/tsp_graphs/tsp_1026.graph,8,15,True,0.5153065,0.1271376
tsp_1027.graph,data/tsp_graphs/tsp_1027.graph,10,15,False,-0.41123962,0.4940338
tsp_1028.graph,data/tsp_graphs/tsp_1028.graph,7,20,True,0.8771591,0.023155332
tsp_1029.graph,data/tsp_graphs/tsp_1029.graph,7,15,False,-2.1612086,-0.08263469
tsp_103.graph,data/tsp_graphs/tsp_103.graph,6,15,False,-1.2316799,-0.29233474
tsp_1030.graph,data/tsp_graphs/tsp_1030.graph,9,10,True,1.6987762,0.40376657
tsp_1031.graph,data/tsp_graphs/tsp_1031.graph,10,20,False,1.7003326,0.5652781
tsp_1032.graph,data/tsp_graphs/tsp_1032.graph,10,15,True,0.7507851,0.819604
tsp_1033.graph,data/tsp_graphs/tsp_1033.graph,5,10,False,-1.3090134,-0.6669131
tsp_1034.graph,data/tsp_graphs/tsp_1034.graph,10,20,True,1.158104,0.7141169
tsp_1035.graph,data/tsp_graphs/tsp_1035.graph,10,20,False,-0.5858917,0.6966091
tsp_1036.graph,data/tsp_graphs/tsp_1036.graph,6,10,True,2.3344498,-0.27280995
tsp_1037.graph,data/tsp_graphs/tsp_1037.graph,6,20,False,0.5138931,-0.23123631
tsp_1038.graph,data/tsp_graphs/tsp_1038.graph,10,15,True,0.1805687,0.598957
tsp_1039.graph,data/tsp_graphs/tsp_1039.graph,6,15,False,0.079948425,-0.15187538
tsp_104.graph,data/tsp_graphs/tsp_104.graph,7,15,True,1.3645687,0.06730336
tsp_1040.graph,data/tsp_graphs/tsp_1040.graph,8,15,True,-0.35607338,0.18714088
tsp_1041.graph,data/tsp_graphs/tsp_1041.graph,6,15,False,-0.09190369,-0.5737687
tsp_1042.graph,data/tsp_graphs/tsp_1042.graph,10,10,True,-1.8425674,0.5733114
tsp_1043.graph,data/tsp_graphs/tsp_1043.graph,6,15,False,0.9733677,-0.03260061
tsp_1044.graph,data/tsp_graphs/tsp_1044.graph,5,15,True,-0.29051113,-0.41832817
tsp_1045.graph,data/tsp_graphs/tsp_1045.graph,9,15,False,-1.8617638,0.66578335
tsp_1046.graph,data/tsp_graphs/tsp_1046.graph,7,20,True,1.0431976,0.1328395
tsp_1047.graph,data/tsp_graphs/tsp_1047.graph,6,10,False,0.87078285,-0.6883411
tsp_1048.graph,data/tsp_graphs/tsp_1048.graph,10,20,True,0.3324852,0.8549326
tsp_1049.graph,data/tsp_graphs/tsp_1049.graph,10,15,False,-1.4513321,0.63796455
tsp_105.graph,data/tsp_graphs/tsp_105.graph,10,20,False,-1.0493546,0.56719357
tsp_1050.graph,data/tsp_graphs/tsp_1050.graph,10,10,True,1.2895203,-0.03081429
tsp_1051.graph,data/tsp_graphs/tsp_1051.graph,9,20,False,0.5302887,0.67421275
tsp_1052.graph,data/tsp_graphs/tsp_1052.graph,7,10,True,0.6249542,-0.20547155
tsp_1053.graph,data/tsp_graphs/tsp_1053.graph,6,20,False,-1.6485405,-0.13585365
tsp_1054.graph,data/tsp_graphs/tsp_1054.graph,8,20,True,-1.8012695,0.25984317
tsp_1055.graph,data/tsp_graphs/tsp_1055.graph,7,15,False,-1.1073322,0.064818144
tsp_1056.graph,data/tsp_graphs/tsp_1056.graph,8,20,True,0.22031021,0.21954691
tsp_1057.graph,data/tsp_graphs/tsp_1057.graph,9,20,False,0.42167664,0.41366118
tsp_1058.graph,data/tsp_graphs/tsp_1058.graph,9,10,True,-0.78432083,0.107610166
tsp_1059.graph,data/tsp_graphs/tsp_1059.graph,5,10,False,-0.94535065,-0.6733472
tsp_106.graph,data/tsp_graphs/tsp_106.graph,7,10,True,-1.4071045,-0.18416905
tsp_1060.graph,data/tsp_graphs/tsp_1060.graph,8,20,True,1.2357864,0.47695154
tsp_1061.graph,data/tsp_graphs/tsp_1061.graph,10,15,False,0.40041065,0.8689725
tsp_1062.graph,data/tsp_graphs/tsp_1062.graph,9,15,True,1.1892905,0.6307662
tsp_1063.graph,data/tsp_graphs/tsp_1063.graph,10,15,False,-1.0650215,0.30559266
tsp_1064.graph,data/tsp_graphs/tsp_1064.graph,10,10,True,-0.52952576,0.31854147
tsp_1065.graph,data/tsp_graphs/tsp_1065.graph,5,10,False,-2.5303574,-0.9305021
tsp_1066.graph,data/tsp_graphs/tsp_1066.graph,10,20,True,-0.003036499,0.72675496
tsp_1067.graph,data/tsp_graphs/tsp_1067.graph,8,20,False,0.3071518,0.43741912
tsp_1068.graph,data/tsp_graphs/tsp_1068.graph,7,10,True,1.2620792,-0.3359512
tsp_1069.graph,data/tsp_graphs/tsp_1069.graph,5,10,False,0.65221405,-0.7125991
tsp_107.graph,data/tsp_graphs/tsp_107.graph,5,20,False,-0.56716156,-0.443033
tsp_1070.graph,data/tsp_graphs/tsp_1070.graph,6,10,True,-0.37183285,-0.44447467
tsp_1071.graph,data/tsp_graphs/tsp_1071.graph,6,15,False,0.3444519,-0.28693444
tsp_1072.graph,data/tsp_graphs/tsp_1072.graph,9,20,True,0.7350998,0.6623351
tsp_1073.graph,data/tsp_graphs/tsp_1073.graph,6,15,False,-1.5059452,-0.4854722
tsp_1074.graph,data/tsp_graphs/tsp_1074.graph,5,15,True,-2.1064434,-0.5180541
tsp_1075.graph,data/tsp_graphs/tsp_1075.graph,5,15,False,1.007225,-0.5499582
tsp_1076.graph,data/tsp_graphs/tsp_1076.graph,6,20,True,1.7178078,-0.27554268
tsp_1077.graph,data/tsp_graphs/tsp_1077.graph,6,15,False,-1.0877151,-0.5118505
tsp_1078.graph,data/tsp_graphs/tsp_1078.graph,10,10,True,0.9400978,0.022800922
tsp_1079.graph,data/tsp_graphs/tsp_1079.graph,5,20,False,0.06770572,-0.0853582
tsp_108.graph,data/tsp_graphs/tsp_108.graph,7,15,True,-0.5239639,0.22334015
tsp_1080.graph,data/tsp_graphs/tsp_1080.graph,8,15,True,1.1218557,0.49661046
tsp_1081.graph,data/tsp_graphs/tsp_1081.graph,6,15,False,-1.254673,-0.40580532
tsp_1082.graph,data/tsp_graphs/tsp_1082.graph,9,10,True,-0.32004547,-0.17932844
tsp_1083.graph,data/tsp_graphs/tsp_1083.graph,7,20,False,-0.8832607,0.043715894
tsp_1084.graph,data/tsp_graphs/tsp_1084.graph,6,15,True,0.7448082,-0.075086415
tsp_1085.graph,data/tsp_graphs/tsp_1085.graph,5,10,False,0.85975647,-0.5647679
tsp_1086.graph,data/tsp_graphs/tsp_1086.graph,9,15,True,-0.3439598,0.39966834
tsp_1087.graph,data/tsp_graphs/tsp_1087.graph,7,20,False,-0.83745575,0.12559652
tsp_1088.graph,data/tsp_graphs/tsp_1088.graph,8,20,True,-0.7246704,0.4187054
tsp_1089.graph,data/tsp_graphs/tsp_1089.graph,10,20,False,-0.9768524,0.41911882
tsp_109.graph,data/tsp_graphs/tsp_109.graph,6,20,False,-0.9446182,0.22084552
tsp_1090.graph,data/tsp_graphs/tsp_1090.graph,6,15,True,-0.13971043,-0.25040993
tsp_1091.graph,data/tsp_graphs/tsp_1091.graph,5,10,False,-1.0312248,-0.94908893
tsp_1092.graph,data/tsp_graphs/tsp_1092.graph,5,20,True,2.4261513,-0.40880796
tsp_1093.graph,data/tsp_graphs/tsp_1093.graph,6,15,False,-0.3017769,-0.38477987
tsp_1094.graph,data/tsp_graphs/tsp_1094.graph,5,20,True,-0.22736359,-0.29654214
tsp_1095.graph,data/tsp_graphs/tsp_1095.graph,5,20,False,-0.24559021,-0.4105038
tsp_1096.graph,data/tsp_graphs/tsp_1096.graph,10,10,True,-1.0648823,0.06217879
tsp_1097.graph,data/tsp_graphs/tsp_1097.graph,7,20,False,-0.9701519,0.30422848
tsp_1098.graph,data/tsp_graphs/tsp_1098.graph,9,15,True,1.1633835,0.054040134
tsp_1099.graph,data/tsp_graphs/tsp_1099.graph,8,10,False,-0.47349548,0.03651172
tsp_11.graph,data/tsp_graphs/tsp_11.graph,6,20,False,-0.9883461,-0.026022553
tsp_110.graph,data/tsp_graphs/tsp_110.graph,7,15,True,-1.1167297,-0.35881823
tsp_1100.graph,data/tsp_graphs/tsp_1100.graph,5,10,True,0.5927658,-0.602733
tsp_1101.graph,data/tsp_graphs/tsp_1101.graph,7,15,False,0.40110636,-0.23802066
tsp_1102.graph,data/tsp_graphs/tsp_1102.graph,6,10,True,0.2550043,-0.72246176
tsp_1103.graph,data/tsp_graphs/tsp_1103.graph,7,10,False,0.41614914,-0.4775469
tsp_1104.graph,data/tsp_graphs/tsp_1104.graph,9,10,True,0.0965271,0.14214349
tsp_1105.graph,data/tsp_graphs/tsp_1105.graph,5,10,False,-1.1464653,-0.8191906
tsp_1106.graph,data/tsp_graphs/tsp_1106.graph,5,15,True,0.48915815,-0.49515513
tsp_1107.graph,data/tsp_graphs/tsp_1107.graph,7,10,False,0.43160248,-0.55546385
tsp_1108.graph,data/tsp_graphs/tsp_1108.graph,6,10,True,1.3439331,-0.59072775
tsp_1109.graph,data/tsp_graphs/tsp_1109.graph,7,15,False,-0.6196518,-0.2804792
tsp_111.graph,data/tsp_graphs/tsp_111.graph,6,15,False,-0.4268644,-0.34742066
tsp_1110.graph,data/tsp_graphs/tsp_1110.graph,10,20,True,-0.77313995,0.695463
tsp_1111.graph,data/tsp_graphs/tsp_1111.graph,7,15,False,-0.8480301,0.13922536
tsp_1112.graph,data/tsp_graphs/tsp_1112.graph,7,10,True,-3.4880219,-0.31799656
tsp_1113.graph,data/tsp_graphs/tsp_1113.graph,8,20,False,-0.044784546,0.46556193
tsp_1114.graph,data/tsp_graphs/tsp_1114.graph,7,15,True,1.2164478,0.18573493
tsp_1115.graph,data/tsp_graphs/tsp_1115.graph,8,15,False,-2.2281444,0.5067499
tsp_1116.graph,data/tsp_graphs/tsp_1116.graph,6,20,True,0.157197,-0.23420498
tsp_1117.graph,data/tsp_graphs/tsp_1117.graph,7,20,False,-0.36296082,-0.06845713
tsp_1118.graph,data/tsp_graphs/tsp_1118.graph,9,10,True,0.31754494,0.1733895
tsp_1119.graph,data/tsp_graphs/tsp_1119.graph,7,10,False,1.3626518,-0.34987998
tsp_112.graph,data/tsp_graphs/tsp_112.graph,9,20,True,-0.3829956,0.4123134
tsp_1120.graph,data/tsp_graphs/tsp_1120.graph,7,20,True,-1.4113312,0.08358073
tsp_1121.graph,data/tsp_graphs/tsp_1121.graph,6,15,False,-0.40629005,-0.12221897
tsp_1122.graph,data/tsp_graphs/tsp_1122.graph,7,15,True,0.5544071,-0.19706109
tsp_1123.graph,data/tsp_graphs/tsp_1123.graph,8,20,False,-0.49212646,0.3864811
tsp_1124.graph,data/tsp_graphs/tsp_1124.graph,5,10,True,-0.8120575,-0.724306
tsp_1125.graph,data/tsp_graphs/tsp_1125.graph,8,10,False,-0.035827637,-0.06562668
tsp_1126.graph,data/tsp_graphs/tsp_1126.graph,10,20,True,-0.6873627,0.7108758
tsp_1127.graph,data/tsp_graphs/tsp_1127.graph,7,15,False,-0.970314,0.15788192
tsp_1128.graph,data/tsp_graphs/tsp_1128.graph,5,15,True,-0.6264839,-0.31625295
tsp_1129.graph,data/tsp_graphs/tsp_1129.graph,9,20,False,-0.08010864,0.7286566
tsp_113.graph,data/tsp_graphs/tsp_113.graph,9,15,False,0.54333496,0.45898682
tsp_1130.graph,data/tsp_graphs/tsp_1130.graph,7,20,True,0.7729721,0.15557283
tsp_1131.graph,data/tsp_graphs/tsp_1131.graph,9,20,False,-0.9657059,0.40487844
tsp_1132.graph,data/tsp_graphs/tsp_1132.graph,10,20,True,0.2949295,0.45667094
tsp_1133.graph,data/tsp_graphs/tsp_1133.graph,5,15,False,-0.654644,-0.6154219
tsp_1134.graph,data/tsp_graphs/tsp_1134.graph,7,15,True,-0.07107353,-0.078434676
tsp_1135.graph,data/tsp_graphs/tsp_1135.graph,10,15,False,0.636322,0.5836174
tsp_1136.graph,data/tsp_graphs/tsp_1136.graph,7,20,True,0.73272705,0.12000841
tsp_1137.graph,data/tsp_graphs/tsp_1137.graph,10,10,False,0.26886177,0.29816663
tsp_1138.graph,data/tsp_graphs/tsp_1138.graph,7,10,True,1.0581474,-0.49891073
tsp_1139.graph,data/tsp_graphs/tsp_1139.graph,8,20,False,-1.189518,0.14427894
tsp_114.graph,data/tsp_graphs/tsp_114.graph,10,10,True,1.103775,0.41547877
tsp_1140.graph,data/tsp_graphs/tsp_1140.graph,7,20,True,1.8102417,0.3159274
tsp_1141.graph,data/tsp_graphs/tsp_1141.graph,10,10,False,0.28024483,0.08354294
tsp_1142.graph,data/tsp_graphs/tsp_1142.graph,7,20,True,1.4388313,-0.27670944
tsp_1143.graph,data/tsp_graphs/tsp_1143.graph,6,15,False,0.18013763,-0.039239883
tsp_1144.graph,data/tsp_graphs/tsp_1144.graph,5,20,True,0.9080863,-0.36854517
tsp_1145.graph,data/tsp_graphs/tsp_1145.graph,10,15,False,-0.33742344,0.82404095
tsp_1146.graph,data/tsp_graphs/tsp_1146.graph,10,15,True,0.5457573,0.5311659
tsp_1147.graph,data/tsp_graphs/tsp_1147.graph,8,15,False,-0.8427696,0.14951056
tsp_1148.graph,data/tsp_graphs/tsp_1148.graph,10,20,True,1.3883286,0.6965342
tsp_1149.graph,data/tsp_graphs/tsp_1149.graph,9,15,False,-0.80405426,0.3012579
tsp_115.graph,data/tsp_graphs/tsp_115.graph,10,20,False,-1.8938904,0.63636
tsp_1150.graph,data/tsp_graphs/tsp_1150.graph,8,20,True,1.4913712,0.4602868
tsp_1151.graph,data/tsp_graphs/tsp_1151.graph,8,20,False,0.16442871,0.49781352
tsp_1152.graph,data/tsp_graphs/tsp_1152.graph,9,15,True,-1.6198807,0.5899275
tsp_1153.graph,data/tsp_graphs/tsp_1153.graph,8,15,False,-1.0255508,0.5141044
tsp_1154.graph,data/tsp_graphs/tsp_1154.graph,9,20,True,0.12110901,0.63458925
tsp_1155.graph,data/tsp_graphs/tsp_1155.graph,8,10,False,-1.3568268,-0.067604095
tsp_1156.graph,data/tsp_graphs/tsp_1156.graph,9,15,True,-0.07561493,0.5781005
tsp_1157.graph,data/tsp_graphs/tsp_1157.graph,10,15,False,-2.5783749,0.4454239
tsp_1158.graph,data/tsp_graphs/tsp_1158.graph,10,10,True,0.95651364,0.44248408
tsp_1159.graph,data/tsp_graphs/tsp_1159.graph,9,15,False,0.60993576,0.39511627
tsp_116.graph,data/tsp_graphs/tsp_116.graph,9,20,True,0.9714203,0.50910646
tsp_1160.graph,data/tsp_graphs/tsp_1160.graph,9,15,True,0.2031765,0.13563001
tsp_1161.graph,data/tsp_graphs/tsp_1161.graph,5,10,False,-0.13747406,-0.7731494
tsp_1162.graph,data/tsp_graphs/tsp_1162.graph,7,15,True,-2.0393121,-0.36669704
tsp_1163.graph,data/tsp_graphs/tsp_1163.graph,9,15,False,-0.35019302,0.3519948
tsp_1164.graph,data/tsp_graphs/tsp_1164.graph,7,20,True,-2.032196,0.19485283
tsp_1165.graph,data/tsp_graphs/tsp_1165.graph,9,10,False,-1.8043365,0.22847217
tsp_1166.graph,data/tsp_graphs/tsp_1166.graph,5,15,True,1.8115444,-0.5985038
tsp_1167.graph,data/tsp_graphs/tsp_1167.graph,10,20,False,-1.4785919,0.45317
tsp_1168.graph,data/tsp_graphs/tsp_1168.graph,7,10,True,-0.45546722,-0.45414564
tsp_1169.graph,data/tsp_graphs/tsp_1169.graph,10,10,False,-2.4253845,0.46203882
tsp_117.graph,data/tsp_graphs/tsp_117.graph,8,10,False,-0.23580933,-0.21701226
tsp_1170.graph,data/tsp_graphs/tsp_1170.graph,9,20,True,2.0505753,0.6433261
tsp_1171.graph,data/tsp_graphs/tsp_1171.graph,6,20,False,-0.08799362,-0.21570405
tsp_1172.graph,data/tsp_graphs/tsp_1172.graph,6,15,True,0.73286057,-0.5236512
tsp_1173.graph,data/tsp_graphs/tsp_1173.graph,7,10,False,-1.5059547,-0.32938454
tsp_1174.graph,data/tsp_graphs/tsp_1174.graph,6,20,True,-0.21945381,-0.4420322
tsp_1175.graph,data/tsp_graphs/tsp_1175.graph,7,10,False,0.17578888,-0.29145354
tsp_1176.graph,data/tsp_graphs/tsp_1176.graph,5,20,True,0.08699846,-0.4766038
tsp_1177.graph,data/tsp_graphs/tsp_1177.graph,5,20,False,-1.2585735,-0.020142138
tsp_1178.graph,data/tsp_graphs/tsp_1178.graph,8,10,True,0.7368202,-0.35789168
tsp_1179.graph,data/tsp_graphs/tsp_1179.graph,8,10,False,-0.4232254,-0.16476905
tsp_118.graph,data/tsp_graphs/tsp_118.graph,6,20,True,-0.023597717,-0.38045996
tsp_1180.graph,data/tsp_graphs/tsp_1180.graph,10,10,True,-1.2562084,0.10547131
tsp_1181.graph,data/tsp_graphs/tsp_1181.graph,9,20,False,0.026641846,0.4869976
tsp_1182.graph,data/tsp_graphs/tsp_1182.graph,8,20,True,0.17842865,0.2742334
tsp_1183.graph,data/tsp_graphs/tsp_1183.graph,10,20,False,-0.42943573,0.51137644
tsp_1184.graph,data/tsp_graphs/tsp_1184.graph,5,20,True,1.0309086,-0.40710053
tsp_1185.graph,data/tsp_graphs/tsp_1185.graph,5,15,False,0.9097023,-0.2566687
tsp_1186.graph,data/tsp_graphs/tsp_1186.graph,10,20,True,2.0145264,0.6057767
tsp_1187.graph,data/tsp_graphs/tsp_1187.graph,10,20,False,-1.8101883,0.3900742
tsp_1188.graph,data/tsp_graphs/tsp_1188.graph,8,10,True,-0.18173599,-0.117822915
tsp_1189.graph,data/tsp_graphs/tsp_1189.graph,8,10,False,-0.8714142,0.16729897
tsp_119.graph,data/tsp_graphs/tsp_119.graph,6,10,False,-0.8081856,-0.33412713
tsp_1190.graph,data/tsp_graphs/tsp_1190.graph,9,10,True,0.53868675,0.34258682
tsp_1191.graph,data/tsp_graphs/tsp_1191.graph,5,10,False,0.026955843,-0.9733436
tsp_1192.graph,data/tsp_graphs/tsp_1192.graph,5,10,True,-0.0974884,-1.0930103
tsp_1193.graph,data/tsp_graphs/tsp_1193.graph,7,15,False,-0.9154191,-0.2151497
tsp_1194.graph,data/tsp_graphs/tsp_1194.graph,6,15,True,-0.15227127,-0.06572157
tsp_1195.graph,data/tsp_graphs/tsp_1195.graph,8,20,False,-0.57364655,0.34432596
tsp_1196.graph,data/tsp_graphs/tsp_1196.graph,6,20,True,1.6020355,-0.18645221
tsp_1197.graph,data/tsp_graphs/tsp_1197.graph,7,20,False,-0.36301804,0.075550675
tsp_1198.graph,data/tsp_graphs/tsp_1198.graph,9,20,True,-0.73900604,0.42884135
tsp_1199.graph,data/tsp_graphs/tsp_1199.graph,9,20,False,-0.9572716,0.5457824
tsp_12.graph,data/tsp_graphs/tsp_12.graph,9,15,True,0.7238922,0.32055897
tsp_120.graph,data/tsp_graphs/tsp_120.graph,10,20,True,1.7613983,0.5327402
tsp_1200.graph,data/tsp_graphs/tsp_1200.graph,5,15,True,-1.796524,-0.46459627
tsp_1201.graph,data/tsp_graphs/tsp_1201.graph,7,10,False,-0.8717308,-0.4999355
tsp_1202.graph,data/tsp_graphs/tsp_1202.graph,7,10,True,-1.0961946,-0.5238857
tsp_1203.graph,data/tsp_graphs/tsp_1203.graph,6,15,False,0.108867645,-0.18395644
tsp_1204.graph,data/tsp_graphs/tsp_1204.graph,9,10,True,0.20456696,0.257141
tsp_1205.graph,data/tsp_graphs/tsp_1205.graph,5,20,False,0.29773712,-0.5202289
tsp_1206.graph,data/tsp_graphs/tsp_1206.graph,9,15,True,1.3875694,0.56322414
tsp_1207.graph,data/tsp_graphs/tsp_1207.graph,6,20,False,0.33935356,-0.23366508
tsp_1208.graph,data/tsp_graphs/tsp_1208.graph,5,20,True,2.5760155,-0.2770357
tsp_1209.graph,data/tsp_graphs/tsp_1209.graph,10,20,False,-0.57806396,0.61862093
tsp_121.graph,data/tsp_graphs/tsp_121.graph,5,10,False,0.106910706,-0.54253024
tsp_1210.graph,data/tsp_graphs/tsp_1210.graph,7,20,True,-1.3726997,0.012438476
tsp_1211.graph,data/tsp_graphs/tsp_1211.graph,6,20,False,-0.90117645,-0.09067717
tsp_1212.graph,data/tsp_graphs/tsp_1212.graph,8,15,True,-1.3242521,0.44238234
tsp_1213.graph,data/tsp_graphs/tsp_1213.graph,7,15,False,-1.3698311,0.055274487
tsp_1214.graph,data/tsp_graphs/tsp_1214.graph,9,15,True,1.2900295,0.3866015
tsp_1215.graph,data/tsp_graphs/tsp_1215.graph,5,10,False,0.3555231,-0.9833527
tsp_1216.graph,data/tsp_graphs/tsp_1216.graph,10,15,True,2.0294683,0.7420673
tsp_1217.graph,data/tsp_graphs/tsp_1217.graph,9,10,False,0.46346283,-0.013525903
tsp_1218.graph,data/tsp_graphs/tsp_1218.graph,5,20,True,0.62122345,-0.4937563
tsp_1219.graph,data/tsp_graphs/tsp_1219.graph,10,10,False,-1.6810532,0.32684284
tsp_122.graph,data/tsp_graphs/tsp_122.graph,5,10,True,-1.0493011,-0.5625843
tsp_1220.graph,data/tsp_graphs/tsp_1220.graph,9,10,True,1.0285797,0.013156831
tsp_1221.graph,data/tsp_graphs/tsp_1221.graph,7,20,False,-1.2808037,0.16708666
tsp_1222.graph,data/tsp_graphs/tsp_1222.graph,7,15,True,0.868454,0.13063365
tsp_1223.graph,data/tsp_graphs/tsp_1223.graph,8,20,False,-0.09461212,0.14920324
tsp_1224.graph,data/tsp_graphs/tsp_1224.graph,8,20,True,0.5795212,0.06999445
tsp_1225.graph,data/tsp_graphs/tsp_1225.graph,5,10,False,-2.4906006,-0.90077436
tsp_1226.graph,data/tsp_graphs/tsp_1226.graph,8,10,True,0.22890472,-0.10922778
tsp_1227.graph,data/tsp_graphs/tsp_1227.graph,7,20,False,0.31516266,0.3499599
tsp_1228.graph,data/tsp_graphs/tsp_1228.graph,9,10,True,-1.7784615,0.02404511
tsp_1229.graph,data/tsp_graphs/tsp_1229.graph,8,10,False,-0.4559059,-0.24738905
tsp_123.graph,data/tsp_graphs/tsp_123.graph,10,20,False,-1.4803467,0.6399068
tsp_1230.graph,data/tsp_graphs/tsp_1230.graph,6,20,True,-0.26844406,0.08473945
tsp_1231.graph,data/tsp_graphs/tsp_1231.graph,9,20,False,-2.116764,0.54356164
tsp_1232.graph,data/tsp_graphs/tsp_1232.graph,6,20,True,1.2523117,-0.1827114
tsp_1233.graph,data/tsp_graphs/tsp_1233.graph,5,20,False,-0.8820038,-0.28621733
tsp_1234.graph,data/tsp_graphs/tsp_1234.graph,9,10,True,0.61626434,-0.14149752
tsp_1235.graph,data/tsp_graphs/tsp_1235.graph,9,15,False,-1.3057175,0.3245079
tsp_1236.graph,data/tsp_graphs/tsp_1236.graph,6,20,True,0.6316242,0.015109956
tsp_1237.graph,data/tsp_graphs/tsp_1237.graph,7,10,False,0.2516861,-0.31111056
tsp_1238.graph,data/tsp_graphs/tsp_1238.graph,6,20,True,-0.3468361,-0.38681087
tsp_1239.graph,data/tsp_graphs/tsp_1239.graph,5,20,False,0.3217659,-0.46830237
tsp_124.graph,data/tsp_graphs/tsp_124.graph,7,15,True,-1.6931057,0.18105203
tsp_1240.graph,data/tsp_graphs/tsp_1240.graph,10,20,True,1.542778,0.71935576
tsp_1241.graph,data/tsp_graphs/tsp_1241.graph,9,10,False,0.55833626,0.21743143
tsp_1242.graph,data/tsp_graphs/tsp_1242.graph,6,15,True,0.34463215,-0.27597326
tsp_1243.graph,data/tsp_graphs/tsp_1243.graph,6,10,False,0.27728653,-0.66424406
tsp_1244.graph,data/tsp_graphs/tsp_1244.graph,9,15,True,1.4146514,0.54818815
tsp_1245.graph,data/tsp_graphs/tsp_1245.graph,5,15,False,-0.2857933,-0.6107934
tsp_1246.graph,data/tsp_graphs/tsp_1246.graph,6,10,True,-0.8166504,-0.43796822
tsp_1247.graph,data/tsp_graphs/tsp_1247.graph,10,15,False,-0.4185524,0.5477385
tsp_1248.graph,data/tsp_graphs/tsp_1248.graph,6,10,True,0.23648834,-0.5029408
tsp_1249.graph,data/tsp_graphs/tsp_1249.graph,5,10,False,1.7361374,-0.7692447
tsp_125.graph,data/tsp_graphs/tsp_125.graph,6,15,False,0.0895195,-0.28568465
tsp_1250.graph,data/tsp_graphs/tsp_1250.graph,6,20,True,3.5886917,-0.14492577
tsp_1251.graph,data/tsp_graphs/tsp_1251.graph,8,10,False,-1.5298119,-0.106588095
tsp_1252.graph,data/tsp_graphs/tsp_1252.graph,6,10,True,0.94187164,-0.23492649
tsp_1253.graph,data/tsp_graphs/tsp_1253.graph,6,15,False,-1.0297127,-0.0058411956
tsp_1254.graph,data/tsp_graphs/tsp_1254.graph,6,10,True,-0.0005226135,-0.6204899
tsp_1255.graph,data/tsp_graphs/tsp_1255.graph,10,10,False,-1.055336,0.60390455
tsp_1256.graph,data/tsp_graphs/tsp_1256.graph,7,10,True,1.3924484,-0.15774265
tsp_1257.graph,data/tsp_graphs/tsp_1257.graph,10,20,False,0.20497131,0.47999382
tsp_1258.graph,data/tsp_graphs/tsp_1258.graph,10,10,True,0.34194946,0.24583083
tsp_1259.graph,data/tsp_graphs/tsp_1259.graph,6,15,False,-0.87781715,-0.3937977
tsp_126.graph,data/tsp_graphs/tsp_126.graph,6,15,True,-0.24490738,-0.32896566
tsp_1260.graph,data/tsp_graphs/tsp_1260.graph,10,15,True,1.7632828,0.5623242
tsp_1261.graph,data/tsp_graphs/tsp_1261.graph,10,10,False,-2.092041,0.38307077
tsp_1262.graph,data/tsp_graphs/tsp_1262.graph,10,15,True,0.4550209,0.569827
tsp_1263.graph,data/tsp_graphs/tsp_1263.graph,9,20,False,-3.5126038,0.5320832
tsp_1264.graph,data/tsp_graphs/tsp_1264.graph,9,20,True,0.08452606,0.4614709
tsp_1265.graph,data/tsp_graphs/tsp_1265.graph,5,20,False,-2.699997,-0.4490648
tsp_1266.graph,data/tsp_graphs/tsp_1266.graph,5,15,True,1.271349,-0.47347143
tsp_1267.graph,data/tsp_graphs/tsp_1267.graph,10,20,False,-0.04386902,0.55852705
tsp_1268.graph,data/tsp_graphs/tsp_1268.graph,8,20,True,0.69664,-0.0010085702
tsp_1269.graph,data/tsp_graphs/tsp_1269.graph,6,10,False,-0.6270752,-0.05433631
tsp_127.graph,data/tsp_graphs/tsp_127.graph,5,20,False,0.24967194,-0.37570226
tsp_1270.graph,data/tsp_graphs/tsp_1270.graph,6,15,True,1.9422027,-0.26118642
tsp_1271.graph,data/tsp_graphs/tsp_1271.graph,7,10,False,-0.18952942,-0.674976
tsp_1272.graph,data/tsp_graphs/tsp_1272.graph,8,15,True,1.3381042,0.3088386
tsp_1273.graph,data/tsp_graphs/tsp_1273.graph,9,15,False,-0.2792511,0.5642577
tsp_1274.graph,data/tsp_graphs/tsp_1274.graph,10,20,True,-0.049316406,0.5860302
tsp_1275.graph,data/tsp_graphs/tsp_1275.graph,5,20,False,-0.044643402,-0.5222861
tsp_1276.graph,data/tsp_graphs/tsp_1276.graph,6,15,True,0.068172455,0.006110668
tsp_1277.graph,data/tsp_graphs/tsp_1277.graph,8,10,False,-1.0480423,-0.07088834
tsp_1278.graph,data/tsp_graphs/tsp_1278.graph,9,10,True,1.2392349,-0.06790516
tsp_1279.graph,data/tsp_graphs/tsp_1279.graph,9,20,False,-0.102394104,0.62920696
tsp_128.graph,data/tsp_graphs/tsp_128.graph,5,15,True,-1.1035233,-0.44705254
tsp_1280.graph,data/tsp_graphs/tsp_1280.graph,9,10,True,0.7179947,0.0070091486
tsp_1281.graph,data/tsp_graphs/tsp_1281.graph,5,20,False,-0.97197723,-0.5445599
tsp_1282.graph,data/tsp_graphs/tsp_1282.graph,8,15,True,1.6702037,0.44520336
tsp_1283.graph,data/tsp_graphs/tsp_1283.graph,8,10,False,-0.30677032,-0.12682405
tsp_1284.graph,data/tsp_graphs/tsp_1284.graph,8,15,True,0.9199228,0.005563557
tsp_1285.graph,data/tsp_graphs/tsp_1285.graph,5,20,False,-0.45245886,-0.49407196
tsp_1286.graph,data/tsp_graphs/tsp_1286.graph,10,15,True,0.6125374,0.8288937
tsp_1287.graph,data/tsp_graphs/tsp_1287.graph,9,10,False,-1.2076187,0.10121852
tsp_1288.graph,data/tsp_graphs/tsp_1288.graph,9,15,True,-0.09903526,0.31935793
tsp_1289.graph,data/tsp_graphs/tsp_1289.graph,8,15,False,-0.10320854,0.20151788
tsp_129.graph,data/tsp_graphs/tsp_129.graph,7,10,False,1.2594967,-0.404915
tsp_1290.graph,data/tsp_graphs/tsp_1290.graph,5,10,True,-0.21820784,-1.097033
tsp_1291.graph,data/tsp_graphs/tsp_1291.graph,7,20,False,-0.076805115,-0.18710732
tsp_1292.graph,data/tsp_graphs/tsp_1292.graph,8,10,True,0.9045944,-0.32500887
tsp_1293.graph,data/tsp_graphs/tsp_1293.graph,10,15,False,-0.8775101,0.5108709
tsp_1294.graph,data/tsp_graphs/tsp_1294.graph,8,10,True,0.51988983,-0.39168283
tsp_1295.graph,data/tsp_graphs/tsp_1295.graph,8,10,False,1.1851788,-0.2170732
tsp_1296.graph,data/tsp_graphs/tsp_1296.graph,10,10,True,-0.7564602,0.35308802
tsp_1297.graph,data/tsp_graphs/tsp_1297.graph,9,20,False,0.19878769,0.4915517
tsp_1298.graph,data/tsp_graphs/tsp_1298.graph,6,10,True,-0.9549408,-0.3140999
tsp_1299.graph,data/tsp_graphs/tsp_1299.graph,7,10,False,-0.6066971,-0.08700827
tsp_13.graph,data/tsp_graphs/tsp_13.graph,6,10,False,0.54896545,-0.52945995
tsp_130.graph,data/tsp_graphs/tsp_130.graph,5,10,True,-0.75367737,-0.36946508
tsp_1300.graph,data/tsp_graphs/tsp_1300.graph,6,15,True,1.1433725,-0.15953043
tsp_1301.graph,data/tsp_graphs/tsp_1301.graph,5,10,False,0.6036236,-0.9748721
tsp_1302.graph,data/tsp_graphs/tsp_1302.graph,10,20,True,-0.7476883,0.5447442
tsp_1303.graph,data/tsp_graphs/tsp_1303.graph,7,20,False,-0.9363899,0.38185018
tsp_1304.graph,data/tsp_graphs/tsp_1304.graph,5,20,True,0.5183945,-0.2291804
tsp_1305.graph,data/tsp_graphs/tsp_1305.graph,6,15,False,-0.111611366,-0.42112398
tsp_1306.graph,data/tsp_graphs/tsp_1306.graph,7,20,True,2.7757034,0.13107622
tsp_1307.graph,data/tsp_graphs/tsp_1307.graph,7,10,False,-0.385437,-0.21682844
tsp_1308.graph,data/tsp_graphs/tsp_1308.graph,6,10,True,0.3536911,-0.49469548
tsp_1309.graph,data/tsp_graphs/tsp_1309.graph,8,10,False,-2.1501617,0.19191778
tsp_131.graph,data/tsp_graphs/tsp_131.graph,8,15,False,-0.10353851,-0.03575337
tsp_1310.graph,data/tsp_graphs/tsp_1310.graph,9,10,True,0.7852936,-0.11535144
tsp_1311.graph,data/tsp_graphs/tsp_1311.graph,8,20,False,-0.7569542,-0.05216995
tsp_1312.graph,data/tsp_graphs/tsp_1312.graph,8,20,True,0.41754532,0.12922794
tsp_1313.graph,data/tsp_graphs/tsp_1313.graph,9,10,False,-1.9216385,0.18758398
tsp_1314.graph,data/tsp_graphs/tsp_1314.graph,9,20,True,2.136238,0.3099339
tsp_1315.graph,data/tsp_graphs/tsp_1315.graph,10,20,False,1.270607,0.6504069
tsp_1316.graph,data/tsp_graphs/tsp_1316.graph,8,10,True,1.6203613,0.1300903
tsp_1317.graph,data/tsp_graphs/tsp_1317.graph,7,20,False,-0.52726364,0.22270972
tsp_1318.graph,data/tsp_graphs/tsp_1318.graph,10,15,True,1.4813232,0.47634596
tsp_1319.graph,data/tsp_graphs/tsp_1319.graph,6,10,False,-0.90033907,-0.86148834
tsp_132.graph,data/tsp_graphs/tsp_132.graph,5,20,True,1.8747869,-0.158517
tsp_1320.graph,data/tsp_graphs/tsp_1320.graph,10,10,True,2.6458664,0.33583814
tsp_1321.graph,data/tsp_graphs/tsp_1321.graph,6,10,False,0.450325,-0.7358353
tsp_1322.graph,data/tsp_graphs/tsp_1322.graph,10,10,True,1.840208,0.027343214
tsp_1323.graph,data/tsp_graphs/tsp_1323.graph,7,10,False,-1.513504,-0.14376989
tsp_1324.graph,data/tsp_graphs/tsp_1324.graph,10,10,True,2.2286224,0.42321295
tsp_1325.graph,data/tsp_graphs/tsp_1325.graph,7,15,False,-1.6447868,-0.45351237
tsp_1326.graph,data/tsp_graphs/tsp_1326.graph,8,10,True,1.2758904,-0.0042146742
tsp_1327.graph,data/tsp_graphs/tsp_1327.graph,6,10,False,-0.24132538,-0.2954213
tsp_1328.graph,data/tsp_graphs/tsp_1328.graph,6,10,True,-0.47994232,-0.60861707
tsp_1329.graph,data/tsp_graphs/tsp_1329.graph,10,15,False,-1.1260242,0.27999538
tsp_133.graph,data/tsp_graphs/tsp_133.graph,6,15,False,-1.2776508,-0.32998884
tsp_1330.graph,data/tsp_graphs/tsp_1330.graph,7,15,True,0.4271946,0.072230875
tsp_1331.graph,data/tsp_graphs/tsp_1331.graph,5,20,False,-2.302701,-0.3718262
tsp_1332.graph,data/tsp_graphs/tsp_1332.graph,5,10,True,-0.10103607,-1.3551884
tsp_1333.graph,data/tsp_graphs/tsp_1333.graph,10,20,False,-0.14977264,0.47898692
tsp_1334.graph,data/tsp_graphs/tsp_1334.graph,7,20,True,2.5926514,0.19905216
tsp_1335.graph,data/tsp_graphs/tsp_1335.graph,10,20,False,0.036949158,0.6672391
tsp_1336.graph,data/tsp_graphs/tsp_1336.graph,9,15,True,-2.1561565,0.58224493
tsp_1337.graph,data/tsp_graphs/tsp_1337.graph,7,15,False,1.0775318,0.031137526
tsp_1338.graph,data/tsp_graphs/tsp_1338.graph,6,20,True,0.19358063,-0.19040197
tsp_1339.graph,data/tsp_graphs/tsp_1339.graph,6,20,False,-0.7973633,-0.18370861
tsp_134.graph,data/tsp_graphs/tsp_134.graph,7,10,True,-0.22102356,-0.48635316
tsp_1340.graph,data/tsp_graphs/tsp_1340.graph,7,10,True,0.5156708,-0.39763921
tsp_1341.graph,data/tsp_graphs/tsp_1341.graph,7,15,False,-0.42986107,-0.06807649
tsp_1342.graph,data/tsp_graphs/tsp_1342.graph,9,15,True,0.18590164,0.20958513
tsp_1343.graph,data/tsp_graphs/tsp_1343.graph,9,15,False,0.6659126,0.024799824
tsp_1344.graph,data/tsp_graphs/tsp_1344.graph,6,15,True,-0.050876617,-0.61380696
tsp_1345.graph,data/tsp_graphs/tsp_1345.graph,7,20,False,-2.5997124,-0.2146033
tsp_1346.graph,data/tsp_graphs/tsp_1346.graph,5,10,True,0.3816254,-1.2205985
tsp_1347.graph,data/tsp_graphs/tsp_1347.graph,10,20,False,-0.053733826,0.51034266
tsp_1348.graph,data/tsp_graphs/tsp_1348.graph,9,20,True,-0.23260498,0.38977492
tsp_1349.graph,data/tsp_graphs/tsp_1349.graph,6,15,False,0.3345766,0.14146125
tsp_135.graph,data/tsp_graphs/tsp_135.graph,7,10,False,-0.9963913,-0.03577587
tsp_1350.graph,data/tsp_graphs/tsp_1350.graph,9,15,True,0.06983948,0.18834019
tsp_1351.graph,data/tsp_graphs/tsp_1351.graph,10,20,False,1.1118622,0.61732966
tsp_1352.graph,data/tsp_graphs/tsp_1352.graph,5,20,True,0.83691406,0.0062229633
tsp_1353.graph,data/tsp_graphs/tsp_1353.graph,9,20,False,-1.4242096,0.5161261
tsp_1354.graph,data/tsp_graphs/tsp_1354.graph,10,15,True,1.8419228,0.86637205
tsp_1355.graph,data/tsp_graphs/tsp_1355.graph,7,15,False,-2.1808128,0.24320048
tsp_1356.graph,data/tsp_graphs/tsp_1356.graph,8,20,True,0.22773361,0.052570462
tsp_1357.graph,data/tsp_graphs/tsp_1357.graph,8,15,False,0.27185917,-0.033008426
tsp_1358.graph,data/tsp_graphs/tsp_1358.graph,8,10,True,0.6144867,0.26869136
tsp_1359.graph,data/tsp_graphs/tsp_1359.graph,5,10,False,-0.3547516,-0.67763484
tsp_136.graph,data/tsp_graphs/tsp_136.graph,8,15,True,1.0569534,0.22031796
tsp_1360.graph,data/tsp_graphs/tsp_1360.graph,10,20,True,1.0213776,0.5194276
tsp_1361.graph,data/tsp_graphs/tsp_1361.graph,8,15,False,-0.899456,0.17596889
tsp_1362.graph,data/tsp_graphs/tsp_1362.graph,10,15,True,1.0410957,0.33325726
tsp_1363.graph,data/tsp_graphs/tsp_1363.graph,10,15,False,0.8640785,0.50170606
tsp_1364.graph,data/tsp_graphs/tsp_1364.graph,7,15,True,1.9479389,0.08607215
tsp_1365.graph,data/tsp_graphs/tsp_1365.graph,7,10,False,-0.96214294,-0.17818412
tsp_1366.graph,data/tsp_graphs/tsp_1366.graph,6,20,True,0.38312912,-0.40726462
tsp_1367.graph,data/tsp_graphs/tsp_1367.graph,10,10,False,1.1033363,-0.0072446167
tsp_1368.graph,data/tsp_graphs/tsp_1368.graph,10,15,True,0.697742,0.6645642
tsp_1369.graph,data/tsp_graphs/tsp_1369.graph,8,20,False,-0.349823,0.38574857
tsp_137.graph,data/tsp_graphs/tsp_137.graph,5,10,False,-0.11748505,-0.6211363
tsp_1370.graph,data/tsp_graphs/tsp_1370.graph,9,15,True,0.383852,0.2926687
tsp_1371.graph,data/tsp_graphs/tsp_1371.graph,8,15,False,1.5912552,0.36830407
tsp_1372.graph,data/tsp_graphs/tsp_1372.graph,8,10,True,-0.35891724,-0.29615223
tsp_1373.graph,data/tsp_graphs/tsp_1373.graph,10,10,False,2.1467743,0.43367296
tsp_1374.graph,data/tsp_graphs/tsp_1374.graph,6,15,True,-1.2398014,-0.5165228
tsp_1375.graph,data/tsp_graphs/tsp_1375.graph,6,10,False,-0.84601974,-0.30997178
tsp_1376.graph,data/tsp_graphs/tsp_1376.graph,5,20,True,0.3663597,-0.030011505
tsp_1377.graph,data/tsp_graphs/tsp_1377.graph,10,20,False,1.0392151,0.6688128
tsp_1378.graph,data/tsp_graphs/tsp_1378.graph,7,15,True,1.307579,-0.075298905
tsp_1379.graph,data/tsp_graphs/tsp_1379.graph,9,20,False,-0.25387573,0.27488106
tsp_138.graph,data/tsp_graphs/tsp_138.graph,9,10,True,-0.71787643,0.22590011
tsp_1380.graph,data/tsp_graphs/tsp_1380.graph,8,20,True,-0.4094658,0.24162042
tsp_1381.graph,data/tsp_graphs/tsp_1381.graph,6,20,False,0.60710907,-0.22646865
tsp_1382.graph,data/tsp_graphs/tsp_1382.graph,7,15,True,-0.5222912,-0.111668915
tsp_1383.graph,data/tsp_graphs/tsp_1383.graph,7,10,False,-0.055065155,-0.26653606
tsp_1384.graph,data/tsp_graphs/tsp_1384.graph,8,10,True,-1.3359604,0.009091556
tsp_1385.graph,data/tsp_graphs/tsp_1385.graph,7,15,False,0.11335182,0.13110024
tsp_1386.graph,data/tsp_graphs/tsp_1386.graph,10,15,True,-2.2381406,0.86391073
tsp_1387.graph,data/tsp_graphs/tsp_1387.graph,10,20,False,-0.38944244,0.6719399
tsp_1388.graph,data/tsp_graphs/tsp_1388.graph,10,10,True,-1.3272095,0.40149838
tsp_1389.graph,data/tsp_graphs/tsp_1389.graph,10,15,False,-1.9320202,0.620971
tsp_139.graph,data/tsp_graphs/tsp_139.graph,10,15,False,0.23401642,0.7107746
tsp_1390.graph,data/tsp_graphs/tsp_1390.graph,9,20,True,-2.214798,0.54922074
tsp_1391.graph,data/tsp_graphs/tsp_1391.graph,5,10,False,0.10856056,-0.7294911
tsp_1392.graph,data/tsp_graphs/tsp_1392.graph,7,10,True,0.13761902,-0.35252407
tsp_1393.graph,data/tsp_graphs/tsp_1393.graph,6,20,False,0.6150665,-0.10063845
tsp_1394.graph,data/tsp_graphs/tsp_1394.graph,10,10,True,2.0077744,0.38144952
tsp_1395.graph,data/tsp_graphs/tsp_1395.graph,7,15,False,0.4001484,-0.010591537
tsp_1396.graph,data/tsp_graphs/tsp_1396.graph,6,20,True,-2.7146015,-0.14881247
tsp_1397.graph,data/tsp_graphs/tsp_1397.graph,5,20,False,1.5648172,-0.28365612
tsp_1398.graph,data/tsp_graphs/tsp_1398.graph,5,15,True,-0.34207153,-0.21984005
tsp_1399.graph,data/tsp_graphs/tsp_1399.graph,10,20,False,-0.2145462,0.6599682
tsp_14.graph,data/tsp_graphs/tsp_14.graph,9,20,True,-0.4135666,0.76799256
tsp_140.graph,data/tsp_graphs/tsp_140.graph,10,10,True,0.24749947,0.3315875
tsp_1400.graph,data/tsp_graphs/tsp_1400.graph,5,10,True,0.3963089,-0.85114074
tsp_1401.graph,data/tsp_graphs/tsp_1401.graph,6,10,False,-0.49314117,-0.27871054
tsp_1402.graph,data/tsp_graphs/tsp_1402.graph,9,20,True,-0.30252838,0.24960917
tsp_1403.graph,data/tsp_graphs/tsp_1403.graph,6,20,False,-1.2675896,-0.019746065
tsp_1404.graph,data/tsp_graphs/tsp_1404.graph,8,15,True,0.34257126,0.20906335
tsp_1405.graph,data/tsp_graphs/tsp_1405.graph,8,15,False,-0.87220883,0.49310344
tsp_1406.graph,data/tsp_graphs/tsp_1406.graph,9,10,True,2.314682,0.35322767
tsp_1407.graph,data/tsp_graphs/tsp_1407.graph,7,20,False,0.50455856,-0.04598874
tsp_1408.graph,data/tsp_graphs/tsp_1408.graph,10,15,True,-0.14974594,0.40852326
tsp_1409.graph,data/tsp_graphs/tsp_1409.graph,9,20,False,1.0977402,0.523282
tsp_141.graph,data/tsp_graphs/tsp_141.graph,6,15,False,-0.2571249,-0.4016362
tsp_1410.graph,data/tsp_graphs/tsp_1410.graph,6,15,True,-0.02240467,0.084177434
tsp_1411.graph,data/tsp_graphs/tsp_1411.graph,9,10,False,0.15502167,-0.011525899
tsp_1412.graph,data/tsp_graphs/tsp_1412.graph,5,15,True,-0.6466732,-0.55446
tsp_1413.graph,data/tsp_graphs/tsp_1413.graph,5,10,False,0.33230972,-0.80106497
tsp_1414.graph,data/tsp_graphs/tsp_1414.graph,7,20,True,-0.7181854,0.24744338
tsp_1415.graph,data/tsp_graphs/tsp_1415.graph,6,20,False,-0.55395126,0.02658099
tsp_1416.graph,data/tsp_graphs/tsp_1416.graph,5,10,True,-0.8220291,-0.77719736
tsp_1417.graph,data/tsp_graphs/tsp_1417.graph,5,10,False,-0.6288614,-0.99747926
tsp_1418.graph,data/tsp_graphs/tsp_1418.graph,6,10,True,-0.5998459,-0.25320122
tsp_1419.graph,data/tsp_graphs/tsp_1419.graph,6,20,False,-1.4541931,-0.17778134
tsp_142.graph,data/tsp_graphs/tsp_142.graph,6,15,True,-0.49094963,-0.21962482
tsp_1420.graph,data/tsp_graphs/tsp_1420.graph,6,10,True,1.942337,-0.6261811
tsp_1421.graph,data/tsp_graphs/tsp_1421.graph,5,15,False,-0.3984604,-0.843073
tsp_1422.graph,data/tsp_graphs/tsp_1422.graph,10,15,True,2.4220066,0.71852225
tsp_1423.graph,data/tsp_graphs/tsp_1423.graph,9,15,False,-1.1445718,0.07707149
tsp_1424.graph,data/tsp_graphs/tsp_1424.graph,5,15,True,0.98573494,-0.42432272
tsp_1425.graph,data/tsp_graphs/tsp_1425.graph,9,10,False,0.66114044,-0.22405037
tsp_1426.graph,data/tsp_graphs/tsp_1426.graph,9,20,True,1.3387451,0.2180652
tsp_1427.graph,data/tsp_graphs/tsp_1427.graph,9,15,False,1.5730972,0.6187808
tsp_1428.graph,data/tsp_graphs/tsp_1428.graph,6,15,True,0.10008788,-0.34175336
tsp_1429.graph,data/tsp_graphs/tsp_1429.graph,5,10,False,-0.78635406,-0.8781857
tsp_143.graph,data/tsp_graphs/tsp_143.graph,10,10,False,-2.2353668,0.4950657
tsp_1430.graph,data/tsp_graphs/tsp_1430.graph,5,10,True,-0.49274528,-0.89186287
tsp_1431.graph,data/tsp_graphs/tsp_1431.graph,10,15,False,-0.038517,0.56959873
tsp_1432.graph,data/tsp_graphs/tsp_1432.graph,10,10,True,-2.1172333,0.5422768
tsp_1433.graph,data/tsp_graphs/tsp_1433.graph,7,15,False,0.58103466,-0.2703144
tsp_1434.graph,data/tsp_graphs/tsp_1434.graph,8,20,True,1.7941055,0.4479475
tsp_1435.graph,data/tsp_graphs/tsp_1435.graph,6,20,False,0.03437805,0.1295144
tsp_1436.graph,data/tsp_graphs/tsp_1436.graph,9,10,True,0.34656143,0.15080166
tsp_1437.graph,data/tsp_graphs/tsp_1437.graph,10,15,False,-0.6881485,0.6174771
tsp_1438.graph,data/tsp_graphs/tsp_1438.graph,8,10,True,1.2893028,-0.30717385
tsp_1439.graph,data/tsp_graphs/tsp_1439.graph,6,20,False,-0.36534786,-0.082027644
tsp_144.graph,data/tsp_graphs/tsp_144.graph,7,20,True,-0.21494293,0.30118483
tsp_1440.graph,data/tsp_graphs/tsp_1440.graph,9,10,True,-0.14212036,-0.07014641
tsp_1441.graph,data/tsp_graphs/tsp_1441.graph,9,20,False,-2.8174744,0.18393397
tsp_1442.graph,data/tsp_graphs/tsp_1442.graph,5,20,True,-1.6043873,-0.06361887
tsp_1443.graph,data/tsp_graphs/tsp_1443.graph,8,10,False,1.0139427,0.052918434
tsp_1444.graph,data/tsp_graphs/tsp_1444.graph,7,15,True,-0.7150154,-0.41104886
tsp_1445.graph,data/tsp_graphs/tsp_1445.graph,5,10,False,0.10860062,-0.7610301
tsp_1446.graph,data/tsp_graphs/tsp_1446.graph,10,20,True,-1.294693,0.8723292
tsp_1447.graph,data/tsp_graphs/tsp_1447.graph,7,15,False,-1.8134685,0.30655867
tsp_1448.graph,data/tsp_graphs/tsp_1448.graph,6,10,True,0.63978577,-0.6617162
tsp_1449.graph,data/tsp_graphs/tsp_1449.graph,8,15,False,-1.3538837,-0.29588932
tsp_145.graph,data/tsp_graphs/tsp_145.graph,10,20,False,-1.1576614,0.6802388
tsp_1450.graph,data/tsp_graphs/tsp_1450.graph,6,20,True,-0.17757034,-0.3277225
tsp_1451.graph,data/tsp_graphs/tsp_1451.graph,5,15,False,0.30103302,-0.28697056
tsp_1452.graph,data/tsp_graphs/tsp_1452.graph,9,15,True,0.29587173,0.4117219
tsp_1453.graph,data/tsp_graphs/tsp_1453.graph,5,20,False,0.98479843,-0.62032163
tsp_1454.graph,data/tsp_graphs/tsp_1454.graph,6,20,True,1.6769753,-0.046548188
tsp_1455.graph,data/tsp_graphs/tsp_1455.graph,10,15,False,0.3091011,0.38607448
tsp_1456.graph,data/tsp_graphs/tsp_1456.graph,5,15,True,1.69697,-0.4536649
tsp_1457.graph,data/tsp_graphs/tsp_1457.graph,7,15,False,-0.73641634,-0.28004095
tsp_1458.graph,data/tsp_graphs/tsp_1458.graph,7,10,True,1.1812553,-0.2101151
tsp_1459.graph,data/tsp_graphs/tsp_1459.graph,6,20,False,0.038974762,-0.37645984
tsp_146.graph,data/tsp_graphs/tsp_146.graph,10,20,True,0.54751587,0.85385126
tsp_1460.graph,data/tsp_graphs/tsp_1460.graph,5,15,True,-0.7366352,-0.58979666
tsp_1461.graph,data/tsp_graphs/tsp_1461.graph,9,20,False,1.3683739,0.6083763
tsp_1462.graph,data/tsp_graphs/tsp_1462.graph,7,15,True,0.5462856,0.18674248
tsp_1463.graph,data/tsp_graphs/tsp_1463.graph,6,20,False,-1.133851,0.14261621
tsp_1464.graph,data/tsp_graphs/tsp_1464.graph,9,20,True,2.3274918,0.35753208
tsp_1465.graph,data/tsp_graphs/tsp_1465.graph,9,20,False,-0.4548111,0.5678949
tsp_1466.graph,data/tsp_graphs/tsp_1466.graph,7,10,True,0.63497925,-0.5457647
tsp_1467.graph,data/tsp_graphs/tsp_1467.graph,6,20,False,-1.3018265,0.015906155
tsp_1468.graph,data/tsp_graphs/tsp_1468.graph,5,20,True,2.0071137,-0.23823926
tsp_1469.graph,data/tsp_graphs/tsp_1469.graph,9,15,False,-1.1163839,0.2754869
tsp_147.graph,data/tsp_graphs/tsp_147.graph,9,10,False,0.811615,-0.112336755
tsp_1470.graph,data/tsp_graphs/tsp_1470.graph,9,20,True,1.7949524,0.4901833
tsp_1471.graph,data/tsp_graphs/tsp_1471.graph,10,20,False,1.0545273,0.6286277
tsp_1472.graph,data/tsp_graphs/tsp_1472.graph,10,20,True,0.70433044,0.2836396
tsp_1473.graph,data/tsp_graphs/tsp_1473.graph,9,15,False,-1.3291512,0.6343798
tsp_1474.graph,data/tsp_graphs/tsp_1474.graph,7,10,True,-0.67458725,-0.61620367
tsp_1475.graph,data/tsp_graphs/tsp_1475.graph,5,20,False,0.62052345,-0.27898163
tsp_1476.graph,data/tsp_graphs/tsp_1476.graph,7,15,True,0.7083626,-0.05104655
tsp_1477.graph,data/tsp_graphs/tsp_1477.graph,7,15,False,0.0976367,-0.179851
tsp_1478.graph,data/tsp_graphs/tsp_1478.graph,9,15,True,1.0265694,0.57960004
tsp_1479.graph,data/tsp_graphs/tsp_1479.graph,10,15,False,0.5360527,0.59854084
tsp_148.graph,data/tsp_graphs/tsp_148.graph,9,20,True,0.19023132,0.3576638
tsp_1480.graph,data/tsp_graphs/tsp_1480.graph,9,15,True,-0.77828217,0.26390046
tsp_1481.graph,data/tsp_graphs/tsp_1481.graph,6,20,False,-0.7865677,-0.39220238
tsp_1482.graph,data/tsp_graphs/tsp_1482.graph,7,20,True,-0.15500498,0.0751825
tsp_1483.graph,data/tsp_graphs/tsp_1483.graph,7,20,False,-1.1066704,-0.064587414
tsp_1484.graph,data/tsp_graphs/tsp_1484.graph,5,15,True,1.2256088,-0.4478281
tsp_1485.graph,data/tsp_graphs/tsp_1485.graph,6,15,False,-1.6402397,-0.45367992
tsp_1486.graph,data/tsp_graphs/tsp_1486.graph,5,10,True,-0.36579895,-0.81453854
tsp_1487.graph,data/tsp_graphs/tsp_1487.graph,7,15,False,-1.5226669,-0.2685805
tsp_1488.graph,data/tsp_graphs/tsp_1488.graph,5,15,True,2.6151824,-0.46008426
tsp_1489.graph,data/tsp_graphs/tsp_1489.graph,5,20,False,-0.32894707,-0.4951855
tsp_149.graph,data/tsp_graphs/tsp_149.graph,7,10,False,-1.558548,0.058099568
tsp_1490.graph,data/tsp_graphs/tsp_1490.graph,10,15,True,0.12960052,0.2923898
tsp_1491.graph,data/tsp_graphs/tsp_1491.graph,5,20,False,-1.2716045,-0.65231645
tsp_1492.graph,data/tsp_graphs/tsp_1492.graph,7,10,True,-0.26468277,-0.20380962
tsp_1493.graph,data/tsp_graphs/tsp_1493.graph,8,20,False,-1.0026932,0.3208083
tsp_1494.graph,data/tsp_graphs/tsp_1494.graph,10,20,True,0.58878326,0.65356165
tsp_1495.graph,data/tsp_graphs/tsp_1495.graph,8,20,False,1.0178299,0.335167
tsp_1496.graph,data/tsp_graphs/tsp_1496.graph,6,10,True,0.8357277,-0.52427953
tsp_1497.graph,data/tsp_graphs/tsp_1497.graph,10,10,False,0.6777592,0.15705109
tsp_1498.graph,data/tsp_graphs/tsp_1498.graph,6,15,True,0.21821022,-0.13643032
tsp_1499.graph,data/tsp_graphs/tsp_1499.graph,8,15,False,-0.36782455,0.26795632
tsp_15.graph,data/tsp_graphs/tsp_15.graph,10,15,False,-0.96040344,0.38086385
tsp_150.graph,data/tsp_graphs/tsp_150.graph,5,20,True,-1.0332413,-0.2971545
tsp_1500.graph,data/tsp_graphs/tsp_1500.graph,10,15,True,1.8506866,0.62471515
tsp_1501.graph,data/tsp_graphs/tsp_1501.graph,10,10,False,-0.9997177,0.45612758
tsp_1502.graph,data/tsp_graphs/tsp_1502.graph,5,20,True,0.30370045,-0.5250106
tsp_1503.graph,data/tsp_graphs/tsp_1503.graph,5,20,False,-1.9253063,-0.7738541
tsp_1504.graph,data/tsp_graphs/tsp_1504.graph,5,15,True,-0.6014246,-0.42267108
tsp_1505.graph,data/tsp_graphs/tsp_1505.graph,6,15,False,-0.9542351,-0.1919896
tsp_1506.graph,data/tsp_graphs/tsp_1506.graph,9,20,True,1.2733002,0.39053315
tsp_1507.graph,data/tsp_graphs/tsp_1507.graph,6,10,False,0.56534576,-0.5850224
tsp_1508.graph,data/tsp_graphs/tsp_1508.graph,6,20,True,0.5039549,-0.049228728
tsp_1509.graph,data/tsp_graphs/tsp_1509.graph,10,10,False,-1.3295994,0.38699967
tsp_151.graph,data/tsp_graphs/tsp_151.graph,10,15,False,-0.9387932,0.41872817
tsp_1510.graph,data/tsp_graphs/tsp_1510.graph,9,15,True,1.8269758,0.6419067
tsp_1511.graph,data/tsp_graphs/tsp_1511.graph,7,10,False,-2.1356888,-0.1554032
tsp_1512.graph,data/tsp_graphs/tsp_1512.graph,5,10,True,-1.5134964,-0.88605326
tsp_1513.graph,data/tsp_graphs/tsp_1513.graph,5,15,False,-2.4107742,-0.73260045
tsp_1514.graph,data/tsp_graphs/tsp_1514.graph,8,10,True,0.33885956,-0.102404535
tsp_1515.graph,data/tsp_graphs/tsp_1515.graph,5,15,False,-1.8639946,-0.34842688
tsp_1516.graph,data/tsp_graphs/tsp_1516.graph,7,20,True,-1.6239548,-0.17522144
tsp_1517.graph,data/tsp_graphs/tsp_1517.graph,7,10,False,0.69340515,-0.43163136
tsp_1518.graph,data/tsp_graphs/tsp_1518.graph,8,15,True,-1.044344,0.14420629
tsp_1519.graph,data/tsp_graphs/tsp_1519.graph,6,20,False,-0.6540365,0.05771631
tsp_152.graph,data/tsp_graphs/tsp_152.graph,5,20,True,0.61619186,-0.17090774
tsp_1520.graph,data/tsp_graphs/tsp_1520.graph,7,10,True,2.1962738,-0.08731738
tsp_1521.graph,data/tsp_graphs/tsp_1521.graph,7,10,False,0.46116638,-0.46907297
tsp_1522.graph,data/tsp_graphs/tsp_1522.graph,7,10,True,0.34202576,-0.088454396
tsp_1523.graph,data/tsp_graphs/tsp_1523.graph,7,10,False,0.36344147,-0.3516063
tsp_1524.graph,data/tsp_graphs/tsp_1524.graph,9,10,True,1.446415,0.20710254
tsp_1525.graph,data/tsp_graphs/tsp_1525.graph,7,20,False,0.5365257,0.04675132
tsp_1526.graph,data/tsp_graphs/tsp_1526.graph,9,20,True,1.3565979,0.6065417
tsp_1527.graph,data/tsp_graphs/tsp_1527.graph,7,20,False,-0.5984459,0.17196065
tsp_1528.graph,data/tsp_graphs/tsp_1528.graph,9,20,True,0.83223724,0.38335735
tsp_1529.graph,data/tsp_graphs/tsp_1529.graph,7,10,False,-1.7986641,-0.4238549
tsp_153.graph,data/tsp_graphs/tsp_153.graph,7,20,False,-0.7810364,0.010608375
tsp_1530.graph,data/tsp_graphs/tsp_1530.graph,9,15,True,4.28819,0.5833115
tsp_1531.graph,data/tsp_graphs/tsp_1531.graph,6,10,False,1.15131,-0.5877144
tsp_1532.graph,data/tsp_graphs/tsp_1532.graph,7,20,True,0.6889038,0.10438883
tsp_1533.graph,data/tsp_graphs/tsp_1533.graph,10,10,False,0.047124863,0.12614447
tsp_1534.graph,data/tsp_graphs/tsp_1534.graph,9,10,True,-0.5539589,0.10935253
tsp_1535.graph,data/tsp_graphs/tsp_1535.graph,6,15,False,-1.1196713,-0.41157037
tsp_1536.graph,data/tsp_graphs/tsp_1536.graph,9,20,True,2.325611,0.5261093
tsp_1537.graph,data/tsp_graphs/tsp_1537.graph,10,10,False,0.008544922,0.55508465
tsp_1538.graph,data/tsp_graphs/tsp_1538.graph,9,15,True,-0.5951309,0.25933582
tsp_1539.graph,data/tsp_graphs/tsp_1539.graph,7,10,False,0.21392822,-0.20700136
tsp_154.graph,data/tsp_graphs/tsp_154.graph,10,15,True,1.4316978,0.58473355
tsp_1540.graph,data/tsp_graphs/tsp_1540.graph,6,15,True,-0.5726869,-0.35517836
tsp_1541.graph,data/tsp_graphs/tsp_1541.graph,9,15,False,-0.7201538,0.2864998
tsp_1542.graph,data/tsp_graphs/tsp_1542.graph,8,15,True,1.3776131,0.14601535
tsp_1543.graph,data/tsp_graphs/tsp_1543.graph,5,15,False,-0.89175797,-0.86606336
tsp_1544.graph,data/tsp_graphs/tsp_1544.graph,10,10,True,0.326746,0.31933737
tsp_1545.graph,data/tsp_graphs/tsp_1545.graph,9,20,False,-2.9539356,0.8183518
tsp_1546.graph,data/tsp_graphs/tsp_1546.graph,6,15,True,0.834877,-0.1421313
tsp_1547.graph,data/tsp_graphs/tsp_1547.graph,10,20,False,0.10992813,0.85037524
tsp_1548.graph,data/tsp_graphs/tsp_1548.graph,7,10,True,1.2240143,0.08686036
tsp_1549.graph,data/tsp_graphs/tsp_1549.graph,5,15,False,-2.2214012,-0.3401045
tsp_155.graph,data/tsp_graphs/tsp_155.graph,5,15,False,-0.5124893,-0.89644307
tsp_1550.graph,data/tsp_graphs/tsp_1550.graph,7,10,True,-0.14290237,-0.5984833
tsp_1551.graph,data/tsp_graphs/tsp_1551.graph,7,10,False,-1.2657814,-0.43296593
tsp_1552.graph,data/tsp_graphs/tsp_1552.graph,7,15,True,-1.290732,-0.12237057
tsp_1553.graph,data/tsp_graphs/tsp_1553.graph,10,20,False,-0.093818665,0.5036396
tsp_1554.graph,data/tsp_graphs/tsp_1554.graph,6,15,True,0.18526459,-0.021972269
tsp_1555.graph,data/tsp_graphs/tsp_1555.graph,9,10,False,0.21425247,-0.07360178
tsp_1556.graph,data/tsp_graphs/tsp_1556.graph,6,10,True,-1.1829557,-0.58816856
tsp_1557.graph,data/tsp_graphs/tsp_1557.graph,9,20,False,-0.5279465,0.44581348
tsp_1558.graph,data/tsp_graphs/tsp_1558.graph,7,15,True,1.2207966,-0.011817694
tsp_1559.graph,data/tsp_graphs/tsp_1559.graph,8,10,False,-0.45986176,-0.037654698
tsp_156.graph,data/tsp_graphs/tsp_156.graph,10,10,True,2.3407211,0.3693959
tsp_1560.graph,data/tsp_graphs/tsp_1560.graph,5,10,True,-0.059791565,-0.7888218
tsp_1561.graph,data/tsp_graphs/tsp_1561.graph,6,15,False,-2.3644295,-0.51573664
tsp_1562.graph,data/tsp_graphs/tsp_1562.graph,9,20,True,0.45213318,0.49878907
tsp_1563.graph,data/tsp_graphs/tsp_1563.graph,9,10,False,-2.3145065,0.37264603
tsp_1564.graph,data/tsp_graphs/tsp_1564.graph,6,10,True,-0.6658554,-0.6571432
tsp_1565.graph,data/tsp_graphs/tsp_1565.graph,9,10,False,-2.077568,0.41725147
tsp_1566.graph,data/tsp_graphs/tsp_1566.graph,8,10,True,0.1255951,-0.5236346
tsp_1567.graph,data/tsp_graphs/tsp_1567.graph,5,15,False,-0.5597229,-1.0053651
tsp_1568.graph,data/tsp_graphs/tsp_1568.graph,8,10,True,0.11846161,-0.49377888
tsp_1569.graph,data/tsp_graphs/tsp_1569.graph,8,20,False,0.015872955,0.13100046
tsp_157.graph,data/tsp_graphs/tsp_157.graph,6,15,False,-1.4670153,-0.23261768
tsp_1570.graph,data/tsp_graphs/tsp_1570.graph,6,20,True,0.9843483,-0.12720448
tsp_1571.graph,data/tsp_graphs/tsp_1571.graph,5,10,False,0.41899872,-0.7306689
tsp_1572.graph,data/tsp_graphs/tsp_1572.graph,5,20,True,0.39264852,-0.5700618
tsp_1573.graph,data/tsp_graphs/tsp_1573.graph,7,15,False,-0.77108765,0.031050384
tsp_1574.graph,data/tsp_graphs/tsp_1574.graph,8,10,True,-0.7656708,-0.20310843
tsp_1575.graph,data/tsp_graphs/tsp_1575.graph,7,10,False,-1.146225,-0.3951589
tsp_1576.graph,data/tsp_graphs/tsp_1576.graph,6,20,True,-0.14574432,-0.24618238
tsp_1577.graph,data/tsp_graphs/tsp_1577.graph,8,15,False,0.61014175,0.4366216
tsp_1578.graph,data/tsp_graphs/tsp_1578.graph,6,10,True,0.35939026,-0.55802613
tsp_1579.graph,data/tsp_graphs/tsp_1579.graph,10,10,False,0.13806725,0.19643492
tsp_158.graph,data/tsp_graphs/tsp_158.graph,8,15,True,0.15660477,0.19087827
tsp_1580.graph,data/tsp_graphs/tsp_1580.graph,9,10,True,-0.94939804,-0.0887593
tsp_1581.graph,data/tsp_graphs/tsp_1581.graph,7,20,False,-0.6632385,0.051692188
tsp_1582.graph,data/tsp_graphs/tsp_1582.graph,8,10,True,0.41112518,0.26368862
tsp_1583.graph,data/tsp_graphs/tsp_1583.graph,10,20,False,-1.0706253,0.5840182
tsp_1584.graph,data/tsp_graphs/tsp_1584.graph,10,10,True,1.1268997,0.26062596
tsp_1585.graph,data/tsp_graphs/tsp_1585.graph,10,10,False,-0.73526,-0.0972397
tsp_1586.graph,data/tsp_graphs/tsp_1586.graph,6,15,True,0.9202919,-0.08233431
tsp_1587.graph,data/tsp_graphs/tsp_1587.graph,5,10,False,0.0654335,-0.8453063
tsp_1588.graph,data/tsp_graphs/tsp_1588.graph,5,20,True,1.9693546,-0.3968741
tsp_1589.graph,data/tsp_graphs/tsp_1589.graph,9,10,False,0.6406956,0.27462363
tsp_159.graph,data/tsp_graphs/tsp_159.graph,8,10,False,-1.3081589,-0.08992028
tsp_1590.graph,data/tsp_graphs/tsp_1590.graph,9,10,True,-0.41389465,0.39823455
tsp_1591.graph,data/tsp_graphs/tsp_1591.graph,7,10,False,-1.3432922,-0.08932826
tsp_1592.graph,data/tsp_graphs/tsp_1592.graph,6,15,True,-0.14069748,-0.11253685
tsp_1593.graph,data/tsp_graphs/tsp_1593.graph,7,15,False,1.0404215,0.17278308
tsp_1594.graph,data/tsp_graphs/tsp_1594.graph,5,20,True,-0.16310501,-0.6434152
tsp_1595.graph,data/tsp_graphs/tsp_1595.graph,5,10,False,0.49774075,-1.2904366
tsp_1596.graph,data/tsp_graphs/tsp_1596.graph,9,10,True,1.0729828,0.30974525
tsp_1597.graph,data/tsp_graphs/tsp_1597.graph,10,15,False,-2.0320883,0.02327162
tsp_1598.graph,data/tsp_graphs/tsp_1598.graph,7,10,True,-1.601656,-0.5853217
tsp_1599.graph,data/tsp_graphs/tsp_1599.graph,9,15,False,0.274086,0.29271895
tsp_16.graph,data/tsp_graphs/tsp_16.graph,5,15,True,0.7751055,-0.17874178
tsp_160.graph,data/tsp_graphs/tsp_160.graph,8,15,True,0.7176361,0.0377087
tsp_1600.graph,data/tsp_graphs/tsp_1600.graph,6,20,True,1.1962357,-0.09912568
tsp_1601.graph,data/tsp_graphs/tsp_1601.graph,7,20,False,-0.32913208,0.076132834
tsp_1602.graph,data/tsp_graphs/tsp_1602.graph,6,20,True,0.10239601,-0.21031377
tsp_1603.graph,data/tsp_graphs/tsp_1603.graph,7,15,False,-2.0338364,-0.05957392
tsp_1604.graph,data/tsp_graphs/tsp_1604.graph,9,20,True,0.81017303,0.5621533
tsp_1605.graph,data/tsp_graphs/tsp_1605.graph,7,10,False,-0.2763977,-0.21978906
tsp_1606.graph,data/tsp_graphs/tsp_1606.graph,5,15,True,1.4822998,-0.19935834
tsp_1607.graph,data/tsp_graphs/tsp_1607.graph,6,15,False,-2.1268501,-0.12676704
tsp_1608.graph,data/tsp_graphs/tsp_1608.graph,6,15,True,0.85621357,-0.37008044
tsp_1609.graph,data/tsp_graphs/tsp_1609.graph,10,10,False,-0.7570629,0.066569924
tsp_161.graph,data/tsp_graphs/tsp_161.graph,9,20,False,-1.279686,0.33327204
tsp_1610.graph,data/tsp_graphs/tsp_1610.graph,5,15,True,1.1779146,-0.49532288
tsp_1611.graph,data/tsp_graphs/tsp_1611.graph,6,15,False,-0.3193817,-0.2770373
tsp_1612.graph,data/tsp_graphs/tsp_1612.graph,8,10,True,-2.1210823,-0.2236852
tsp_1613.graph,data/tsp_graphs/tsp_1613.graph,7,15,False,-0.47181702,-0.03964317
tsp_1614.graph,data/tsp_graphs/tsp_1614.graph,7,10,True,1.6953068,-0.06263298
tsp_1615.graph,data/tsp_graphs/tsp_1615.graph,7,10,False,-2.6156006,-0.7398575
tsp_1616.graph,data/tsp_graphs/tsp_1616.graph,5,20,True,0.03866577,-0.23209822
tsp_1617.graph,data/tsp_graphs/tsp_1617.graph,5,15,False,-0.22244072,-0.66009575
tsp_1618.graph,data/tsp_graphs/tsp_1618.graph,6,20,True,-0.2475338,-0.53098184
tsp_1619.graph,data/tsp_graphs/tsp_1619.graph,5,15,False,-3.6716678,-0.74119097
tsp_162.graph,data/tsp_graphs/tsp_162.graph,7,10,True,2.0289688,0.061287045
tsp_1620.graph,data/tsp_graphs/tsp_1620.graph,8,20,True,-0.8386116,0.2604491
tsp_1621.graph,data/tsp_graphs/tsp_1621.graph,7,15,False,-0.6188879,0.35659343
tsp_1622.graph,data/tsp_graphs/tsp_1622.graph,6,20,True,0.39526176,-0.28680378
tsp_1623.graph,data/tsp_graphs/tsp_1623.graph,5,10,False,-0.48207855,-0.52964324
tsp_1624.graph,data/tsp_graphs/tsp_1624.graph,5,15,True,0.42475128,-0.5023079
tsp_1625.graph,data/tsp_graphs/tsp_1625.graph,9,20,False,0.51026154,0.28047496
tsp_1626.graph,data/tsp_graphs/tsp_1626.graph,8,20,True,-0.61553574,0.44361168
tsp_1627.graph,data/tsp_graphs/tsp_1627.graph,8,15,False,0.28025818,0.24654037
tsp_1628.graph,data/tsp_graphs/tsp_1628.graph,7,15,True,-0.84967756,-0.28297415
tsp_1629.graph,data/tsp_graphs/tsp_1629.graph,9,10,False,-1.1053467,0.08716363
tsp_163.graph,data/tsp_graphs/tsp_163.graph,6,15,False,-1.3269539,-0.102807015
tsp_1630.graph,data/tsp_graphs/tsp_1630.graph,10,20,True,-0.46539307,0.5073816
tsp_1631.graph,data/tsp_graphs/tsp_1631.graph,5,15,False,-0.71120834,-0.6945191
tsp_1632.graph,data/tsp_graphs/tsp_1632.graph,10,15,True,-0.39569855,0.66089004
tsp_1633.graph,data/tsp_graphs/tsp_1633.graph,5,20,False,-1.1361828,0.11180812
tsp_1634.graph,data/tsp_graphs/tsp_1634.graph,5,20,True,0.62532616,-0.5024828
tsp_1635.graph,data/tsp_graphs/tsp_1635.graph,8,15,False,1.2024784,0.1965909
tsp_1636.graph,data/tsp_graphs/tsp_1636.graph,9,10,True,1.0797157,-0.14420399
tsp_1637.graph,data/tsp_graphs/tsp_1637.graph,9,20,False,-0.8106766,0.36847633
tsp_1638.graph,data/tsp_graphs/tsp_1638.graph,10,15,True,1.1764772,0.74998575
tsp_1639.graph,data/tsp_graphs/tsp_1639.graph,9,15,False,0.7585106,0.36663383
tsp_164.graph,data/tsp_graphs/tsp_164.graph,9,10,True,1.0958099,0.30070114
tsp_1640.graph,data/tsp_graphs/tsp_1640.graph,5,20,True,-0.35084915,-0.4110304
tsp_1641.graph,data/tsp_graphs/tsp_1641.graph,10,20,False,0.5986519,0.7369514
tsp_1642.graph,data/tsp_graphs/tsp_1642.graph,5,10,True,0.07888031,-0.6717819
tsp_1643.graph,data/tsp_graphs/tsp_1643.graph,9,15,False,-1.8809347,0.33575493
tsp_1644.graph,data/tsp_graphs/tsp_1644.graph,5,20,True,0.7191353,-0.17055541
tsp_1645.graph,data/tsp_graphs/tsp_1645.graph,9,15,False,-1.4545918,0.28748983
tsp_1646.graph,data/tsp_graphs/tsp_1646.graph,10,20,True,1.7845688,0.39758784
tsp_1647.graph,data/tsp_graphs/tsp_1647.graph,7,10,False,0.6759453,-0.3736486
tsp_1648.graph,data/tsp_graphs/tsp_1648.graph,9,20,True,0.99230194,0.45280713
tsp_1649.graph,data/tsp_graphs/tsp_1649.graph,7,10,False,-0.33764648,0.053750455
tsp_165.graph,data/tsp_graphs/tsp_165.graph,10,15,False,-0.8799373,0.76239043
tsp_1650.graph,data/tsp_graphs/tsp_1650.graph,8,15,True,-0.19534779,0.0014307499
tsp_1651.graph,data/tsp_graphs/tsp_1651.graph,8,20,False,-2.3083344,0.2738995
tsp_1652.graph,data/tsp_graphs/tsp_1652.graph,6,10,True,1.6027145,-0.66474664
tsp_1653.graph,data/tsp_graphs/tsp_1653.graph,5,20,False,1.3112864,-0.72061145
tsp_1654.graph,data/tsp_graphs/tsp_1654.graph,6,10,True,0.443573,-0.28497463
tsp_1655.graph,data/tsp_graphs/tsp_1655.graph,10,20,False,0.8707886,0.7838021
tsp_1656.graph,data/tsp_graphs/tsp_1656.graph,5,10,True,2.239952,-0.48319307
tsp_1657.graph,data/tsp_graphs/tsp_1657.graph,7,15,False,-1.8126526,-0.4721557
tsp_1658.graph,data/tsp_graphs/tsp_1658.graph,7,10,True,2.2886086,-0.2235817
tsp_1659.graph,data/tsp_graphs/tsp_1659.graph,9,20,False,-0.5018692,0.36817926
tsp_166.graph,data/tsp_graphs/tsp_166.graph,6,15,True,0.5324588,-0.28411984
tsp_1660.graph,data/tsp_graphs/tsp_1660.graph,9,20,True,-0.8019943,0.5454442
tsp_1661.graph,data/tsp_graphs/tsp_1661.graph,9,15,False,-0.020801544,0.29586643
tsp_1662.graph,data/tsp_graphs/tsp_1662.graph,7,20,True,0.31456757,-0.27256483
tsp_1663.graph,data/tsp_graphs/tsp_1663.graph,7,10,False,-0.51046944,-0.62775475
tsp_1664.graph,data/tsp_graphs/tsp_1664.graph,5,20,True,-1.3090692,-0.052056313
tsp_1665.graph,data/tsp_graphs/tsp_1665.graph,9,15,False,-0.36260223,0.43582213
tsp_1666.graph,data/tsp_graphs/tsp_1666.graph,10,20,True,-0.58849335,0.1902892
tsp_1667.graph,data/tsp_graphs/tsp_1667.graph,9,15,False,-1.7291756,0.56274766
tsp_1668.graph,data/tsp_graphs/tsp_1668.graph,8,10,True,-0.7847824,-0.36210334
tsp_1669.graph,data/tsp_graphs/tsp_1669.graph,7,20,False,-0.5878525,0.28126615
tsp_167.graph,data/tsp_graphs/tsp_167.graph,10,20,False,1.6664276,0.72118145
tsp_1670.graph,data/tsp_graphs/tsp_1670.graph,10,20,True,1.0256081,0.8267506
tsp_1671.graph,data/tsp_graphs/tsp_1671.graph,10,15,False,-1.653225,0.5560133
tsp_1672.graph,data/tsp_graphs/tsp_1672.graph,9,20,True,0.48970795,0.64494807
tsp_1673.graph,data/tsp_graphs/tsp_1673.graph,10,20,False,0.6887398,0.7819455
tsp_1674.graph,data/tsp_graphs/tsp_1674.graph,6,20,True,0.9914017,-0.08160329
tsp_1675.graph,data/tsp_graphs/tsp_1675.graph,5,20,False,-0.4199524,-0.2046467
tsp_1676.graph,data/tsp_graphs/tsp_1676.graph,5,20,True,-0.2484045,-0.6518176
tsp_1677.graph,data/tsp_graphs/tsp_1677.graph,7,10,False,-1.9504318,-0.26855293
tsp_1678.graph,data/tsp_graphs/tsp_1678.graph,7,15,True,-0.20716476,-0.44940528
tsp_1679.graph,data/tsp_graphs/tsp_1679.graph,7,20,False,0.53295135,0.28580046
tsp_168.graph,data/tsp_graphs/tsp_168.graph,6,15,True,1.742804,-0.28849238
tsp_1680.graph,data/tsp_graphs/tsp_1680.graph,5,15,True,1.2520027,-0.12833235
tsp_1681.graph,data/tsp_graphs/tsp_1681.graph,9,20,False,-1.442955,0.16143793
tsp_1682.graph,data/tsp_graphs/tsp_1682.graph,8,10,True,0.06310177,-0.38267696
tsp_1683.graph,data/tsp_graphs/tsp_1683.graph,5,20,False,0.4581442,-0.44908968
tsp_1684.graph,data/tsp_graphs/tsp_1684.graph,8,15,True,-0.45254797,0.45907706
tsp_1685.graph,data/tsp_graphs/tsp_1685.graph,8,20,False,-0.5239258,-0.007448733
tsp_1686.graph,data/tsp_graphs/tsp_1686.graph,10,15,True,-0.31059408,0.82001954
tsp_1687.graph,data/tsp_graphs/tsp_1687.graph,10,15,False,-0.13893127,0.30020362
tsp_1688.graph,data/tsp_graphs/tsp_1688.graph,8,10,True,0.44153595,-0.32578975
tsp_1689.graph,data/tsp_graphs/tsp_1689.graph,10,10,False,-1.5475693,0.6021281
tsp_169.graph,data/tsp_graphs/tsp_169.graph,6,15,False,-1.7338847,-0.18282494
tsp_1690.graph,data/tsp_graphs/tsp_1690.graph,5,10,True,-0.94836426,-0.61824477
tsp_1691.graph,data/tsp_graphs/tsp_1691.graph,7,15,False,-1.1876392,0.14103991
tsp_1692.graph,data/tsp_graphs/tsp_1692.graph,6,15,True,0.98449135,-0.31660813
tsp_1693.graph,data/tsp_graphs/tsp_1693.graph,7,20,False,-0.7905121,0.2958284
tsp_1694.graph,data/tsp_graphs/tsp_1694.graph,6,20,True,0.8399091,-0.5007278
tsp_1695.graph,data/tsp_graphs/tsp_1695.graph,5,10,False,-0.7875557,-0.8983654
tsp_1696.graph,data/tsp_graphs/tsp_1696.graph,9,10,True,-0.6651478,0.1553443
tsp_1697.graph,data/tsp_graphs/tsp_1697.graph,7,15,False,0.44193268,-0.04655391
tsp_1698.graph,data/tsp_graphs/tsp_1698.graph,8,20,True,0.6650963,0.5869089
tsp_1699.graph,data/tsp_graphs/tsp_1699.graph,5,15,False,-0.8718071,-0.28358155
tsp_17.graph,data/tsp_graphs/tsp_17.graph,5,20,False,-1.1342793,-0.49197832
tsp_170.graph,data/tsp_graphs/tsp_170.graph,8,15,True,2.899619,0.31430584
tsp_1700.graph,data/tsp_graphs/tsp_1700.graph,8,20,True,-0.6879959,0.29985696
tsp_1701.graph,data/tsp_graphs/tsp_1701.graph,6,20,False,0.48993683,-0.18867385
tsp_1702.graph,data/tsp_graphs/tsp_1702.graph,5,10,True,-0.36619568,-0.47460717
tsp_1703.graph,data/tsp_graphs/tsp_1703.graph,5,20,False,-1.5778141,-0.10328901
tsp_1704.graph,data/tsp_graphs/tsp_1704.graph,5,20,True,-0.043769836,-0.123832345
tsp_1705.graph,data/tsp_graphs/tsp_1705.graph,9,20,False,-0.77562714,0.30229336
tsp_1706.graph,data/tsp_graphs/tsp_1706.graph,8,10,True,-0.60917664,0.27149063
tsp_1707.graph,data/tsp_graphs/tsp_1707.graph,9,15,False,-1.4278151,0.7346068
tsp_1708.graph,data/tsp_graphs/tsp_1708.graph,6,15,True,-0.8586788,0.089692056
tsp_1709.graph,data/tsp_graphs/tsp_1709.graph,6,10,False,-0.4427414,-0.48525053
tsp_171.graph,data/tsp_graphs/tsp_171.graph,9,10,False,-1.7538986,0.14904219
tsp_1710.graph,data/tsp_graphs/tsp_1710.graph,8,20,True,0.26438904,-0.022294104
tsp_1711.graph,data/tsp_graphs/tsp_1711.graph,9,20,False,-1.47686,0.23384756
tsp_1712.graph,data/tsp_graphs/tsp_1712.graph,9,10,True,0.9460182,-0.09924391
tsp_1713.graph,data/tsp_graphs/tsp_1713.graph,5,20,False,-0.78666687,-0.14976212
tsp_1714.graph,data/tsp_graphs/tsp_1714.graph,9,10,True,-0.260334,-0.07652989
tsp_1715.graph,data/tsp_graphs/tsp_1715.graph,9,10,False,-1.082264,-0.40890673
tsp_1716.graph,data/tsp_graphs/tsp_1716.graph,5,15,True,1.396656,-0.71503586
tsp_1717.graph,data/tsp_graphs/tsp_1717.graph,8,20,False,0.11111069,0.25944453
tsp_1718.graph,data/tsp_graphs/tsp_1718.graph,5,15,True,0.4897766,-0.56659883
tsp_1719.graph,data/tsp_graphs/tsp_1719.graph,9,10,False,-0.23628998,0.04652357
tsp_172.graph,data/tsp_graphs/tsp_172.graph,5,20,True,-0.41064644,-0.31369853
tsp_1720.graph,data/tsp_graphs/tsp_1720.graph,7,20,True,1.3553047,0.3811741
tsp_1721.graph,data/tsp_graphs/tsp_1721.graph,5,10,False,-1.0799942,-0.79503095
tsp_1722.graph,data/tsp_graphs/tsp_1722.graph,9,10,True,1.0994492,0.169828
tsp_1723.graph,data/tsp_graphs/tsp_1723.graph,10,20,False,0.49480438,0.7037855
tsp_1724.graph,data/tsp_graphs/tsp_1724.graph,7,15,True,-0.5182953,0.015818238
tsp_1725.graph,data/tsp_graphs/tsp_1725.graph,8,15,False,-0.19781113,0.1976437
tsp_1726.graph,data/tsp_graphs/tsp_1726.graph,9,10,True,2.8330994,-0.028443426
tsp_1727.graph,data/tsp_graphs/tsp_1727.graph,6,20,False,-1.0498686,-0.23771164
tsp_1728.graph,data/tsp_graphs/tsp_1728.graph,7,15,True,-0.65099716,0.06483388
tsp_1729.graph,data/tsp_graphs/tsp_1729.graph,9,10,False,-2.2873077,0.4317569
tsp_173.graph,data/tsp_graphs/tsp_173.graph,5,15,False,-1.9900055,-0.1783725
tsp_1730.graph,data/tsp_graphs/tsp_1730.graph,10,20,True,1.3055191,0.591
tsp_1731.graph,data/tsp_graphs/tsp_1731.graph,6,15,False,-0.9750557,-0.456272
tsp_1732.graph,data/tsp_graphs/tsp_1732.graph,10,15,True,-0.87476826,0.8796943
tsp_1733.graph,data/tsp_graphs/tsp_1733.graph,10,10,False,0.64621735,-0.25810814
tsp_1734.graph,data/tsp_graphs/tsp_1734.graph,6,10,True,0.43069077,-0.6494243
tsp_1735.graph,data/tsp_graphs/tsp_1735.graph,8,20,False,0.49017334,0.1815244
tsp_1736.graph,data/tsp_graphs/tsp_1736.graph,10,10,True,1.1861267,0.4401359
tsp_1737.graph,data/tsp_graphs/tsp_1737.graph,5,15,False,0.9261303,-0.33232844
tsp_1738.graph,data/tsp_graphs/tsp_1738.graph,9,10,True,-1.560585,0.19027197
tsp_1739.graph,data/tsp_graphs/tsp_1739.graph,5,10,False,-1.1961212,-0.6445685
tsp_174.graph,data/tsp_graphs/tsp_174.graph,5,15,True,0.6862602,-0.74258196
tsp_1740.graph,data/tsp_graphs/tsp_1740.graph,9,10,True,1.044075,-0.02003467
tsp_1741.graph,data/tsp_graphs/tsp_1741.graph,10,20,False,-0.19908142,0.47611886
tsp_1742.graph,data/tsp_graphs/tsp_1742.graph,7,10,True,-1.1835022,-0.3573242
tsp_1743.graph,data/tsp_graphs/tsp_1743.graph,8,15,False,-0.5164604,0.14974314
tsp_1744.graph,data/tsp_graphs/tsp_1744.graph,5,15,True,0.71941376,-0.5482122
tsp_1745.graph,data/tsp_graphs/tsp_1745.graph,7,10,False,-0.9220352,-0.10786039
tsp_1746.graph,data/tsp_graphs/tsp_1746.graph,7,15,True,1.0321808,0.12791973
tsp_1747.graph,data/tsp_graphs/tsp_1747.graph,7,15,False,-0.34313965,-0.10422212
tsp_1748.graph,data/tsp_graphs/tsp_1748.graph,7,20,True,-1.0998726,0.26028574
tsp_1749.graph,data/tsp_graphs/tsp_1749.graph,5,15,False,-0.63663864,-0.63323
tsp_175.graph,data/tsp_graphs/tsp_175.graph,5,20,False,-0.14379406,-0.45352003
tsp_1750.graph,data/tsp_graphs/tsp_1750.graph,6,10,True,1.7396927,-0.90310705
tsp_1751.graph,data/tsp_graphs/tsp_1751.graph,7,15,False,-1.0693226,0.2310186
tsp_1752.graph,data/tsp_graphs/tsp_1752.graph,10,20,True,1.0494919,0.7384158
tsp_1753.graph,data/tsp_graphs/tsp_1753.graph,9,15,False,0.36826038,0.625758
tsp_1754.graph,data/tsp_graphs/tsp_1754.graph,6,20,True,0.19594574,-0.15217903
tsp_1755.graph,data/tsp_graphs/tsp_1755.graph,8,20,False,-0.9729748,0.52778584
tsp_1756.graph,data/tsp_graphs/tsp_1756.graph,7,10,True,0.1750412,-0.34316236
tsp_1757.graph,data/tsp_graphs/tsp_1757.graph,10,15,False,-0.13376129,0.8454228
tsp_1758.graph,data/tsp_graphs/tsp_1758.graph,9,10,True,-1.250433,-0.2994799
tsp_1759.graph,data/tsp_graphs/tsp_1759.graph,9,10,False,0.90229416,-0.044053316
tsp_176.graph,data/tsp_graphs/tsp_176.graph,6,20,True,2.3134918,-0.10332215
tsp_1760.graph,data/tsp_graphs/tsp_1760.graph,8,10,True,0.32899475,-0.12261018
tsp_1761.graph,data/tsp_graphs/tsp_1761.graph,9,15,False,0.014389038,0.34922034
tsp_1762.graph,data/tsp_graphs/tsp_1762.graph,6,15,True,-0.052461624,-0.4512602
tsp_1763.graph,data/tsp_graphs/tsp_1763.graph,5,20,False,-0.6701584,-0.1888875
tsp_1764.graph,data/tsp_graphs/tsp_1764.graph,8,10,True,1.4447994,-0.414905
tsp_1765.graph,data/tsp_graphs/tsp_1765.graph,6,15,False,0.32043934,-0.43620896
tsp_1766.graph,data/tsp_graphs/tsp_1766.graph,9,20,True,0.32067108,0.26753843
tsp_1767.graph,data/tsp_graphs/tsp_1767.graph,9,10,False,-0.33009338,0.14425951
tsp_1768.graph,data/tsp_graphs/tsp_1768.graph,7,15,True,1.4077339,-0.091733694
tsp_1769.graph,data/tsp_graphs/tsp_1769.graph,5,20,False,-1.0083504,-0.5614321
tsp_177.graph,data/tsp_graphs/tsp_177.graph,8,10,False,-1.9496536,0.13810605
tsp_1770.graph,data/tsp_graphs/tsp_1770.graph,5,20,True,1.836174,-0.5596774
tsp_1771.graph,data/tsp_graphs/tsp_1771.graph,10,15,False,-1.9027214,0.6690429
tsp_1772.graph,data/tsp_graphs/tsp_1772.graph,9,20,True,-0.10744476,0.38563663
tsp_1773.graph,data/tsp_graphs/tsp_1773.graph,10,20,False,-2.15625,0.1595946
tsp_1774.graph,data/tsp_graphs/tsp_1774.graph,9,15,True,0.55148697,0.50689894
tsp_1775.graph,data/tsp_graphs/tsp_1775.graph,7,20,False,-0.21988106,0.23920268
tsp_1776.graph,data/tsp_graphs/tsp_1776.graph,10,15,True,0.7061081,0.35604906
tsp_1777.graph,data/tsp_graphs/tsp_1777.graph,9,10,False,-2.4460182,0.045711815
tsp_1778.graph,data/tsp_graphs/tsp_1778.graph,10,15,True,-0.85292053,0.26638907
tsp_1779.graph,data/tsp_graphs/tsp_1779.graph,8,15,False,-1.3659363,0.15496558
tsp_178.graph,data/tsp_graphs/tsp_178.graph,8,20,True,1.107769,0.44954258
tsp_1780.graph,data/tsp_graphs/tsp_1780.graph,7,10,True,1.526619,-0.18392584
tsp_1781.graph,data/tsp_graphs/tsp_1781.graph,5,10,False,-0.7732773,-0.98190594
tsp_1782.graph,data/tsp_graphs/tsp_1782.graph,6,15,True,0.34920883,-0.2371707
tsp_1783.graph,data/tsp_graphs/tsp_1783.graph,5,20,False,0.1840229,-0.47822365
tsp_1784.graph,data/tsp_graphs/tsp_1784.graph,10,15,True,0.03835678,0.5069231
tsp_1785.graph,data/tsp_graphs/tsp_1785.graph,9,20,False,0.09498596,0.5762716
tsp_1786.graph,data/tsp_graphs/tsp_1786.graph,8,20,True,0.7574005,0.24657977
tsp_1787.graph,data/tsp_graphs/tsp_1787.graph,8,10,False,-2.9003525,0.036759615
tsp_1788.graph,data/tsp_graphs/tsp_1788.graph,10,20,True,3.123619,0.68473417
tsp_1789.graph,data/tsp_graphs/tsp_1789.graph,7,20,False,1.5621605,0.27220023
tsp_179.graph,data/tsp_graphs/tsp_179.graph,8,20,False,-1.170723,0.34828883
tsp_1790.graph,data/tsp_graphs/tsp_1790.graph,8,15,True,-0.15693283,0.44740444
tsp_1791.graph,data/tsp_graphs/tsp_1791.graph,8,10,False,0.44329453,-0.06552589
tsp_1792.graph,data/tsp_graphs/tsp_1792.graph,5,15,True,0.36898422,-0.70414805
tsp_1793.graph,data/tsp_graphs/tsp_1793.graph,5,20,False,-2.3583984,-0.9613594
tsp_1794.graph,data/tsp_graphs/tsp_1794.graph,5,15,True,-0.5927887,-0.3974281
tsp_1795.graph,data/tsp_graphs/tsp_1795.graph,10,10,False,-0.86455154,-0.2488803
tsp_1796.graph,data/tsp_graphs/tsp_1796.graph,5,10,True,2.4855957,-0.84102714
tsp_1797.graph,data/tsp_graphs/tsp_1797.graph,7,10,False,-0.13212204,-0.16067508
tsp_1798.graph,data/tsp_graphs/tsp_1798.graph,6,15,True,-0.57829285,-0.23384842
tsp_1799.graph,data/tsp_graphs/tsp_1799.graph,8,20,False,-2.9864597,0.6473823
tsp_18.graph,data/tsp_graphs/tsp_18.graph,9,10,True,0.9170933,0.26560658
tsp_180.graph,data/tsp_graphs/tsp_180.graph,10,10,True,0.3244295,0.45905858
tsp_1800.graph,data/tsp_graphs/tsp_1800.graph,8,20,True,-0.41332245,0.65775365
tsp_1801.graph,data/tsp_graphs/tsp_1801.graph,5,15,False,1.7016029,-0.5565482
tsp_1802.graph,data/tsp_graphs/tsp_1802.graph,9,10,True,-0.21302032,-0.021105975
tsp_1803.graph,data/tsp_graphs/tsp_1803.graph,7,15,False,-0.078546524,0.4051202
tsp_1804.graph,data/tsp_graphs/tsp_1804.graph,8,10,True,0.9403,0.15079385
tsp_1805.graph,data/tsp_graphs/tsp_1805.graph,7,20,False,-2.1094513,-0.0318951
tsp_1806.graph,data/tsp_graphs/tsp_1806.graph,5,20,True,1.1105461,-0.04629606
tsp_1807.graph,data/tsp_graphs/tsp_1807.graph,7,10,False,-0.98527527,-0.14170587
tsp_1808.graph,data/tsp_graphs/tsp_1808.graph,5,15,True,2.690384,-0.2929392
tsp_1809.graph,data/tsp_graphs/tsp_1809.graph,6,15,False,-0.8486538,-0.27058542
tsp_181.graph,data/tsp_graphs/tsp_181.graph,5,20,False,0.16098785,-0.25287947
tsp_1810.graph,data/tsp_graphs/tsp_1810.graph,7,15,True,0.2788043,-0.019134492
tsp_1811.graph,data/tsp_graphs/tsp_1811.graph,5,20,False,-1.1095047,-0.45887917
tsp_1812.graph,data/tsp_graphs/tsp_1812.graph,7,15,True,0.463974,-0.0002424717
tsp_1813.graph,data/tsp_graphs/tsp_1813.graph,9,20,False,0.07324219,0.44329238
tsp_1814.graph,data/tsp_graphs/tsp_1814.graph,5,20,True,0.9664078,-0.06310406
tsp_1815.graph,data/tsp_graphs/tsp_1815.graph,8,20,False,-1.2453384,0.19716668
tsp_1816.graph,data/tsp_graphs/tsp_1816.graph,7,15,True,-0.8428669,-0.32600725
tsp_1817.graph,data/tsp_graphs/tsp_1817.graph,10,15,False,0.5558548,0.5044798
tsp_1818.graph,data/tsp_graphs/tsp_1818.graph,10,15,True,1.6014938,0.84872323
tsp_1819.graph,data/tsp_graphs/tsp_1819.graph,10,15,False,-1.1508255,0.50954586
tsp_182.graph,data/tsp_graphs/tsp_182.graph,10,15,True,0.19742203,0.3938229
tsp_1820.graph,data/tsp_graphs/tsp_1820.graph,10,15,True,1.1528022,0.8068808
tsp_1821.graph,data/tsp_graphs/tsp_1821.graph,7,10,False,0.93972015,0.03906417
tsp_1822.graph,data/tsp_graphs/tsp_1822.graph,9,15,True,-1.3556957,0.5982323
tsp_1823.graph,data/tsp_graphs/tsp_1823.graph,7,10,False,-0.0503006,-0.23845837
tsp_1824.graph,data/tsp_graphs/tsp_1824.graph,8,20,True,-1.4865189,0.35668993
tsp_1825.graph,data/tsp_graphs/tsp_1825.graph,8,15,False,-3.8252525,0.083186984
tsp_1826.graph,data/tsp_graphs/tsp_1826.graph,5,15,True,0.45184326,-0.33095074
tsp_1827.graph,data/tsp_graphs/tsp_1827.graph,8,10,False,2.3118439,0.23684478
tsp_1828.graph,data/tsp_graphs/tsp_1828.graph,10,20,True,1.6483612,0.65516776
tsp_1829.graph,data/tsp_graphs/tsp_1829.graph,10,10,False,-0.37006378,0.3533442
tsp_183.graph,data/tsp_graphs/tsp_183.graph,9,10,False,0.77581024,-0.25617445
tsp_1830.graph,data/tsp_graphs/tsp_1830.graph,6,20,True,-1.5660324,-0.24241228
tsp_1831.graph,data/tsp_graphs/tsp_1831.graph,6,20,False,0.25998187,0.19863123
tsp_1832.graph,data/tsp_graphs/tsp_1832.graph,10,20,True,0.32341766,0.46694416
tsp_1833.graph,data/tsp_graphs/tsp_1833.graph,10,15,False,-1.0776749,0.3944435
tsp_1834.graph,data/tsp_graphs/tsp_1834.graph,6,15,True,-0.6426468,-0.10880309
tsp_1835.graph,data/tsp_graphs/tsp_1835.graph,10,15,False,-1.687151,0.7547031
tsp_1836.graph,data/tsp_graphs/tsp_1836.graph,9,20,True,-0.52293396,0.2460559
tsp_1837.graph,data/tsp_graphs/tsp_1837.graph,9,15,False,-1.6255875,0.01132381
tsp_1838.graph,data/tsp_graphs/tsp_1838.graph,7,20,True,-0.76135635,0.055191338
tsp_1839.graph,data/tsp_graphs/tsp_1839.graph,8,15,False,-0.8302536,0.6682976
tsp_184.graph,data/tsp_graphs/tsp_184.graph,10,15,True,-0.3838377,0.8943382
tsp_1840.graph,data/tsp_graphs/tsp_1840.graph,8,15,True,0.8755417,0.2413578
tsp_1841.graph,data/tsp_graphs/tsp_1841.graph,8,20,False,-0.82489777,0.20546365
tsp_1842.graph,data/tsp_graphs/tsp_1842.graph,6,15,True,-0.42830276,-0.17091161
tsp_1843.graph,data/tsp_graphs/tsp_1843.graph,8,15,False,-0.41732788,0.28248888
tsp_1844.graph,data/tsp_graphs/tsp_1844.graph,6,15,True,0.9557072,-0.0056936145
tsp_1845.graph,data/tsp_graphs/tsp_1845.graph,8,20,False,0.8244648,0.6335749
tsp_1846.graph,data/tsp_graphs/tsp_1846.graph,5,15,True,1.3673153,-0.3157918
tsp_1847.graph,data/tsp_graphs/tsp_1847.graph,9,15,False,0.8678551,0.38164812
tsp_1848.graph,data/tsp_graphs/tsp_1848.graph,10,10,True,-0.6691265,0.341551
tsp_1849.graph,data/tsp_graphs/tsp_1849.graph,5,10,False,-1.4359436,-0.5441238
tsp_185.graph,data/tsp_graphs/tsp_185.graph,9,15,False,0.34257126,0.29893702
tsp_1850.graph,data/tsp_graphs/tsp_1850.graph,5,10,True,0.5638733,-1.1393058
tsp_1851.graph,data/tsp_graphs/tsp_1851.graph,10,10,False,-0.93320465,-0.10494113
tsp_1852.graph,data/tsp_graphs/tsp_1852.graph,6,15,True,-0.51138306,-0.52856946
tsp_1853.graph,data/tsp_graphs/tsp_1853.graph,6,10,False,0.44696808,-0.5880759
tsp_1854.graph,data/tsp_graphs/tsp_1854.graph,6,15,True,1.190773,-0.07699576
tsp_1855.graph,data/tsp_graphs/tsp_1855.graph,8,20,False,-1.5028992,0.30952233
tsp_1856.graph,data/tsp_graphs/tsp_1856.graph,7,20,True,-0.056056976,0.056022108
tsp_1857.graph,data/tsp_graphs/tsp_1857.graph,7,20,False,-0.14126205,-0.097798884
tsp_1858.graph,data/tsp_graphs/tsp_1858.graph,8,15,True,1.52616,0.4112965
tsp_1859.graph,data/tsp_graphs/tsp_1859.graph,6,10,False,-1.3506289,-0.75492084
tsp_186.graph,data/tsp_graphs/tsp_186.graph,10,10,True,0.13292503,0.22594649
tsp_1860.graph,data/tsp_graphs/tsp_1860.graph,5,10,True,1.2248421,-0.8387351
tsp_1861.graph,data/tsp_graphs/tsp_1861.graph,10,20,False,-0.26300812,0.48521703
tsp_1862.graph,data/tsp_graphs/tsp_1862.graph,10,15,True,0.18733215,0.47755963
tsp_1863.graph,data/tsp_graphs/tsp_1863.graph,10,15,False,-1.1592407,0.5162819
tsp_1864.graph,data/tsp_graphs/tsp_1864.graph,6,15,True,0.6594124,-0.0064026415
tsp_1865.graph,data/tsp_graphs/tsp_1865.graph,5,10,False,-0.67731285,-1.1251044
tsp_1866.graph,data/tsp_graphs/tsp_1866.graph,6,15,True,0.2807331,-0.37474883
tsp_1867.graph,data/tsp_graphs/tsp_1867.graph,10,20,False,0.7483063,0.5307724
tsp_1868.graph,data/tsp_graphs/tsp_1868.graph,5,20,True,1.4229851,-0.256482
tsp_1869.graph,data/tsp_graphs/tsp_1869.graph,8,10,False,0.12200928,-0.090153515
tsp_187.graph,data/tsp_graphs/tsp_187.graph,10,10,False,1.1465988,0.49178833
tsp_1870.graph,data/tsp_graphs/tsp_1870.graph,5,10,True,0.5311127,-0.9467391
tsp_1871.graph,data/tsp_graphs/tsp_1871.graph,8,10,False,-2.066288,-0.11053306
tsp_1872.graph,data/tsp_graphs/tsp_1872.graph,9,20,True,-0.013191223,0.39501166
tsp_1873.graph,data/tsp_graphs/tsp_1873.graph,7,15,False,0.92897224,0.22900301
tsp_1874.graph,data/tsp_graphs/tsp_1874.graph,6,10,True,0.26244736,-0.73043966
tsp_1875.graph,data/tsp_graphs/tsp_1875.graph,10,20,False,-0.09449005,0.5025309
tsp_1876.graph,data/tsp_graphs/tsp_1876.graph,7,15,True,0.05780673,-0.14788863
tsp_1877.graph,data/tsp_graphs/tsp_1877.graph,9,15,False,-1.9082894,0.63531595
tsp_1878.graph,data/tsp_graphs/tsp_1878.graph,10,10,True,0.51041603,0.2894717
tsp_1879.graph,data/tsp_graphs/tsp_1879.graph,9,20,False,1.2266083,0.5454307
tsp_188.graph,data/tsp_graphs/tsp_188.graph,6,10,True,0.24921799,-0.2393094
tsp_1880.graph,data/tsp_graphs/tsp_1880.graph,10,15,True,0.5808754,0.40393788
tsp_1881.graph,data/tsp_graphs/tsp_1881.graph,8,10,False,-1.952446,0.060189366
tsp_1882.graph,data/tsp_graphs/tsp_1882.graph,7,20,True,-1.1898565,0.2232604
tsp_1883.graph,data/tsp_graphs/tsp_1883.graph,9,10,False,0.7116432,-0.07255548
tsp_1884.graph,data/tsp_graphs/tsp_1884.graph,10,20,True,0.46738434,0.43991685
tsp_1885.graph,data/tsp_graphs/tsp_1885.graph,9,10,False,0.41565704,0.34375042
tsp_1886.graph,data/tsp_graphs/tsp_1886.graph,9,20,True,-1.4959373,0.6459721
tsp_1887.graph,data/tsp_graphs/tsp_1887.graph,8,20,False,-3.6495152,0.6184376
tsp_1888.graph,data/tsp_graphs/tsp_1888.graph,5,15,True,0.31329727,-0.895489
tsp_1889.graph,data/tsp_graphs/tsp_1889.graph,6,15,False,1.2508883,-0.2264587
tsp_189.graph,data/tsp_graphs/tsp_189.graph,10,20,False,-0.20853424,0.62705773
tsp_1890.graph,data/tsp_graphs/tsp_1890.graph,8,10,True,1.13171,-0.4376784
tsp_1891.graph,data/tsp_graphs/tsp_1891.graph,6,15,False,-0.6971345,-0.4626181
tsp_1892.graph,data/tsp_graphs/tsp_1892.graph,6,10,True,0.19213104,-0.058396697
tsp_1893.graph,data/tsp_graphs/tsp_1893.graph,7,20,False,-1.8741951,-0.03487891
tsp_1894.graph,data/tsp_graphs/tsp_1894.graph,7,15,True,0.63959885,-0.3148218
tsp_1895.graph,data/tsp_graphs/tsp_1895.graph,7,10,False,-0.28469467,-0.3046515
tsp_1896.graph,data/tsp_graphs/tsp_1896.graph,7,15,True,-0.47027397,0.14523953
tsp_1897.graph,data/tsp_graphs/tsp_1897.graph,7,20,False,-0.44654846,0.3043818
tsp_1898.graph,data/tsp_graphs/tsp_1898.graph,10,15,True,0.82869816,0.77374727
tsp_1899.graph,data/tsp_graphs/tsp_1899.graph,8,15,False,1.2716427,0.3562914
tsp_19.graph,data/tsp_graphs/tsp_19.graph,8,10,False,0.29122925,0.33828634
tsp_190.graph,data/tsp_graphs/tsp_190.graph,9,10,True,0.38896942,-0.019515127
tsp_1900.graph,data/tsp_graphs/tsp_1900.graph,9,10,True,-0.5729561,0.09628773
tsp_1901.graph,data/tsp_graphs/tsp_1901.graph,5,20,False,-1.0566559,-0.46261805
tsp_1902.graph,data/tsp_graphs/tsp_1902.graph,9,10,True,2.302906,0.5431544
tsp_1903.graph,data/tsp_graphs/tsp_1903.graph,5,10,False,-0.2536621,-0.8659534
tsp_1904.graph,data/tsp_graphs/tsp_1904.graph,7,15,True,-0.26705933,0.006686032
tsp_1905.graph,data/tsp_graphs/tsp_1905.graph,10,10,False,-0.5925083,-0.104554415
tsp_1906.graph,data/tsp_graphs/tsp_1906.graph,9,10,True,-1.236927,-0.08450675
tsp_1907.graph,data/tsp_graphs/tsp_1907.graph,5,10,False,0.8049545,-0.8933772
tsp_1908.graph,data/tsp_graphs/tsp_1908.graph,10,20,True,1.6262894,0.5166076
tsp_1909.graph,data/tsp_graphs/tsp_1909.graph,6,10,False,-0.816597,-0.43796822
tsp_191.graph,data/tsp_graphs/tsp_191.graph,7,10,False,-0.68061066,-0.21311852
tsp_1910.graph,data/tsp_graphs/tsp_1910.graph,6,15,True,0.50127125,0.039455056
tsp_1911.graph,data/tsp_graphs/tsp_1911.graph,7,10,False,0.120700836,-0.5681964
tsp_1912.graph,data/tsp_graphs/tsp_1912.graph,7,10,True,0.5115433,-0.19645524
tsp_1913.graph,data/tsp_graphs/tsp_1913.graph,8,15,False,0.7263336,0.20986438
tsp_1914.graph,data/tsp_graphs/tsp_1914.graph,6,10,True,0.25283813,-0.608197
tsp_1915.graph,data/tsp_graphs/tsp_1915.graph,9,10,False,-0.8048668,0.24733824
tsp_1916.graph,data/tsp_graphs/tsp_1916.graph,7,15,True,-0.2013588,-0.4938564
tsp_1917.graph,data/tsp_graphs/tsp_1917.graph,10,10,False,-1.4743576,0.6056891
tsp_1918.graph,data/tsp_graphs/tsp_1918.graph,7,20,True,0.70144653,0.14112896
tsp_1919.graph,data/tsp_graphs/tsp_1919.graph,8,15,False,0.20552826,0.11901736
tsp_192.graph,data/tsp_graphs/tsp_192.graph,9,20,True,1.1696625,0.59911007
tsp_1920.graph,data/tsp_graphs/tsp_1920.graph,10,15,True,0.7782669,0.28154987
tsp_1921.graph,data/tsp_graphs/tsp_1921.graph,10,15,False,-1.090693,0.7725324
tsp_1922.graph,data/tsp_graphs/tsp_1922.graph,10,20,True,0.28330994,0.2720707
tsp_1923.graph,data/tsp_graphs/tsp_1923.graph,6,10,False,1.428669,-0.43604082
tsp_1924.graph,data/tsp_graphs/tsp_1924.graph,5,15,True,0.2053299,-0.5384337
tsp_1925.graph,data/tsp_graphs/tsp_1925.graph,5,20,False,0.42232513,-0.47732365
tsp_1926.graph,data/tsp_graphs/tsp_1926.graph,7,10,True,0.21726608,-0.3771348
tsp_1927.graph,data/tsp_graphs/tsp_1927.graph,6,15,False,0.5838814,-0.25332224
tsp_1928.graph,data/tsp_graphs/tsp_1928.graph,7,10,True,0.8190689,-0.37165743
tsp_1929.graph,data/tsp_graphs/tsp_1929.graph,9,20,False,-0.8267975,0.43573564
tsp_193.graph,data/tsp_graphs/tsp_193.graph,5,20,False,-0.45314956,-0.5844031
tsp_1930.graph,data/tsp_graphs/tsp_1930.graph,8,15,True,-1.2492676,0.13331962
tsp_1931.graph,data/tsp_graphs/tsp_1931.graph,9,20,False,-0.8630676,0.14780456
tsp_1932.graph,data/tsp_graphs/tsp_1932.graph,5,20,True,0.2791834,-0.51622176
tsp_1933.graph,data/tsp_graphs/tsp_1933.graph,10,10,False,-1.0116577,0.43311232
tsp_1934.graph,data/tsp_graphs/tsp_1934.graph,10,15,True,2.180725,0.26281178
tsp_1935.graph,data/tsp_graphs/tsp_1935.graph,8,10,False,-1.7002716,0.12609011
tsp_1936.graph,data/tsp_graphs/tsp_1936.graph,8,10,True,2.2032013,0.026923656
tsp_1937.graph,data/tsp_graphs/tsp_1937.graph,6,10,False,-1.8816833,-0.40470865
tsp_1938.graph,data/tsp_graphs/tsp_1938.graph,10,10,True,1.104084,0.35993296
tsp_1939.graph,data/tsp_graphs/tsp_1939.graph,6,10,False,-2.0033722,-0.30952224
tsp_194.graph,data/tsp_graphs/tsp_194.graph,6,15,True,1.8362503,-0.069066525
tsp_1940.graph,data/tsp_graphs/tsp_1940.graph,7,20,True,3.0319748,0.12371504
tsp_1941.graph,data/tsp_graphs/tsp_1941.graph,5,20,False,-0.6536212,-0.50650346
tsp_1942.graph,data/tsp_graphs/tsp_1942.graph,7,20,True,0.69659424,-0.23427105
tsp_1943.graph,data/tsp_graphs/tsp_1943.graph,10,10,False,-0.8378868,0.2828353
tsp_1944.graph,data/tsp_graphs/tsp_1944.graph,7,10,True,-0.12416458,-0.43711704
tsp_1945.graph,data/tsp_graphs/tsp_1945.graph,9,20,False,-1.4107056,0.08032942
tsp_1946.graph,data/tsp_graphs/tsp_1946.graph,7,10,True,-0.40052605,-0.6141976
tsp_1947.graph,data/tsp_graphs/tsp_1947.graph,5,20,False,0.015899658,-0.48630714
tsp_1948.graph,data/tsp_graphs/tsp_1948.graph,8,15,True,1.4645176,0.21346068
tsp_1949.graph,data/tsp_graphs/tsp_1949.graph,6,10,False,-0.9380188,-0.5801396
tsp_195.graph,data/tsp_graphs/tsp_195.graph,6,20,False,-0.19516182,-0.19703144
tsp_1950.graph,data/tsp_graphs/tsp_1950.graph,6,10,True,0.59150696,-0.6199659
tsp_1951.graph,data/tsp_graphs/tsp_1951.graph,8,15,False,-0.69602203,0.03881651
tsp_1952.graph,data/tsp_graphs/tsp_1952.graph,8,20,True,-0.53544617,0.40203565
tsp_1953.graph,data/tsp_graphs/tsp_1953.graph,7,20,False,0.51535034,0.050411105
tsp_1954.graph,data/tsp_graphs/tsp_1954.graph,8,20,True,-0.44259644,0.2801159
tsp_1955.graph,data/tsp_graphs/tsp_1955.graph,8,20,False,-0.2931137,0.2897876
tsp_1956.graph,data/tsp_graphs/tsp_1956.graph,8,20,True,0.41947556,0.4610513
tsp_1957.graph,data/tsp_graphs/tsp_1957.graph,6,15,False,-0.40184784,-0.0930025
tsp_1958.graph,data/tsp_graphs/tsp_1958.graph,5,10,True,0.3523178,-0.77493167
tsp_1959.graph,data/tsp_graphs/tsp_1959.graph,9,20,False,-2.0658417,-0.0073530376
tsp_196.graph,data/tsp_graphs/tsp_196.graph,5,20,True,0.8996744,-0.16572097
tsp_1960.graph,data/tsp_graphs/tsp_1960.graph,7,20,True,0.08844757,0.17568725
tsp_1961.graph,data/tsp_graphs/tsp_1961.graph,6,10,False,0.31922913,-0.42373568
tsp_1962.graph,data/tsp_graphs/tsp_1962.graph,6,10,True,0.7952881,-0.63164055
tsp_1963.graph,data/tsp_graphs/tsp_1963.graph,5,10,False,-0.45967102,-0.921186
tsp_1964.graph,data/tsp_graphs/tsp_1964.graph,9,10,True,0.4054718,0.5107704
tsp_1965.graph,data/tsp_graphs/tsp_1965.graph,8,10,False,-1.2943592,-0.3943122
tsp_1966.graph,data/tsp_graphs/tsp_1966.graph,8,20,True,1.0400772,0.2100625
tsp_1967.graph,data/tsp_graphs/tsp_1967.graph,9,15,False,-0.09185791,0.4051878
tsp_1968.graph,data/tsp_graphs/tsp_1968.graph,7,10,True,-0.9846649,-0.043415308
tsp_1969.graph,data/tsp_graphs/tsp_1969.graph,10,20,False,-0.45791626,0.55890614
tsp_197.graph,data/tsp_graphs/tsp_197.graph,10,20,False,-0.75102997,0.49417436
tsp_1970.graph,data/tsp_graphs/tsp_1970.graph,7,10,True,2.4486237,-0.42707825
tsp_1971.graph,data/tsp_graphs/tsp_1971.graph,6,15,False,-0.077905655,-0.1074512
tsp_1972.graph,data/tsp_graphs/tsp_1972.graph,10,10,True,0.16627598,-0.15605128
tsp_1973.graph,data/tsp_graphs/tsp_1973.graph,8,10,False,1.5008392,0.009756386
tsp_1974.graph,data/tsp_graphs/tsp_1974.graph,5,15,True,0.5364075,-0.8045523
tsp_1975.graph,data/tsp_graphs/tsp_1975.graph,6,10,False,-1.5126495,-0.22510219
tsp_1976.graph,data/tsp_graphs/tsp_1976.graph,6,15,True,1.3085961,-0.23051119
tsp_1977.graph,data/tsp_graphs/tsp_1977.graph,8,20,False,-0.21469879,0.048100352
tsp_1978.graph,data/tsp_graphs/tsp_1978.graph,7,10,True,0.70303726,-0.2671098
tsp_1979.graph,data/tsp_graphs/tsp_1979.graph,10,15,False,-1.6448269,0.8253024
tsp_198.graph,data/tsp_graphs/tsp_198.graph,7,20,True,0.99874115,0.13396013
tsp_1980.graph,data/tsp_graphs/tsp_1980.graph,7,10,True,0.98872375,-0.3719166
tsp_1981.graph,data/tsp_graphs/tsp_1981.graph,7,15,False,-0.55823135,-0.16671777
tsp_1982.graph,data/tsp_graphs/tsp_1982.graph,10,10,True,0.041345596,0.35665017
tsp_1983.graph,data/tsp_graphs/tsp_1983.graph,6,20,False,0.2130394,-0.14794457
tsp_1984.graph,data/tsp_graphs/tsp_1984.graph,7,10,True,1.4322586,-0.2320655
tsp_1985.graph,data/tsp_graphs/tsp_1985.graph,8,10,False,0.4667511,-0.24237823
tsp_1986.graph,data/tsp_graphs/tsp_1986.graph,6,15,True,1.0408783,-0.2778721
tsp_1987.graph,data/tsp_graphs/tsp_1987.graph,5,10,False,-0.5804138,-0.82933974
tsp_1988.graph,data/tsp_graphs/tsp_1988.graph,9,20,True,-1.0358315,0.4968348
tsp_1989.graph,data/tsp_graphs/tsp_1989.graph,5,15,False,-1.0972481,-0.71258163
tsp_199.graph,data/tsp_graphs/tsp_199.graph,5,15,False,-1.3730545,-0.76761293
tsp_1990.graph,data/tsp_graphs/tsp_1990.graph,6,10,True,0.5249443,-0.8972251
tsp_1991.graph,data/tsp_graphs/tsp_1991.graph,5,20,False,-0.67760277,-0.28541052
tsp_1992.graph,data/tsp_graphs/tsp_1992.graph,10,20,True,-0.7951164,0.5885802
tsp_1993.graph,data/tsp_graphs/tsp_1993.graph,5,10,False,0.22318077,-0.91502655
tsp_1994.graph,data/tsp_graphs/tsp_1994.graph,5,10,True,2.4431763,-0.71079254
tsp_1995.graph,data/tsp_graphs/tsp_1995.graph,7,10,False,-1.8402863,-0.3528483
tsp_1996.graph,data/tsp_graphs/tsp_1996.graph,6,10,True,-0.0026931763,-0.063999414
tsp_1997.graph,data/tsp_graphs/tsp_1997.graph,7,20,False,-1.5596604,0.36249554
tsp_1998.graph,data/tsp_graphs/tsp_1998.graph,7,20,True,1.2483673,0.15377599
tsp_1999.graph,data/tsp_graphs/tsp_1999.graph,6,10,False,-2.1335526,-0.29479772
tsp_2.graph,data/tsp_graphs/tsp_2.graph,10,20,True,1.6832504,0.55887765
tsp_20.graph,data/tsp_graphs/tsp_20.graph,9,15,True,-0.4280119,0.20420903
tsp_200.graph,data/tsp_graphs/tsp_200.graph,10,20,True,1.0292358,0.50097126
tsp_2000.graph,data/tsp_graphs/tsp_2000.graph,10,15,True,1.0687294,0.7429299
tsp_2001.graph,data/tsp_graphs/tsp_2001.graph,6,15,False,0.7175498,-0.43861777
tsp_2002.graph,data/tsp_graphs/tsp_2002.graph,5,20,True,0.3124256,-0.06106615
tsp_2003.graph,data/tsp_graphs/tsp_2003.graph,6,10,False,-0.3798828,-0.6952069
tsp_2004.graph,data/tsp_graphs/tsp_2004.graph,8,15,True,0.24907303,0.3355859
tsp_2005.graph,data/tsp_graphs/tsp_2005.graph,5,15,False,-0.23962402,-0.8424119
tsp_2006.graph,data/tsp_graphs/tsp_2006.graph,8,20,True,0.73573303,0.1756438
tsp_2007.graph,data/tsp_graphs/tsp_2007.graph,10,20,False,-0.6960449,0.38023746
tsp_2008.graph,data/tsp_graphs/tsp_2008.graph,9,20,True,-0.0032577515,0.49200314
tsp_2009.graph,data/tsp_graphs/tsp_2009.graph,7,20,False,-0.54468155,0.33191025
tsp_201.graph,data/tsp_graphs/tsp_201.graph,9,10,False,-1.0098724,0.32585937
tsp_2010.graph,data/tsp_graphs/tsp_2010.graph,8,10,True,0.46316338,-0.051816225
tsp_2011.graph,data/tsp_graphs/tsp_2011.graph,10,15,False,-1.6370125,0.40168935
tsp_2012.graph,data/tsp_graphs/tsp_2012.graph,6,15,True,-0.44755173,0.037759364
tsp_2013.graph,data/tsp_graphs/tsp_2013.graph,6,15,False,-0.48552656,-0.34673107
tsp_2014.graph,data/tsp_graphs/tsp_2014.graph,6,20,True,0.8148842,-0.13164142
tsp_2015.graph,data/tsp_graphs/tsp_2015.graph,8,20,False,-1.0534363,0.09709716
tsp_2016.graph,data/tsp_graphs/tsp_2016.graph,9,15,True,1.7047052,0.5027978
tsp_2017.graph,data/tsp_graphs/tsp_2017.graph,6,15,False,1.4539754,0.095066845
tsp_2018.graph,data/tsp_graphs/tsp_2018.graph,8,10,True,2.384758,0.06453842
tsp_2019.graph,data/tsp_graphs/tsp_2019.graph,8,20,False,-0.2863083,-0.02641499
tsp_202.graph,data/tsp_graphs/tsp_202.graph,6,20,True,0.7015953,-0.1734331
tsp_2020.graph,data/tsp_graphs/tsp_2020.graph,6,20,True,0.1264267,-0.07316762
tsp_2021.graph,data/tsp_graphs/tsp_2021.graph,9,10,False,-0.015180588,0.29939407
tsp_2022.graph,data/tsp_graphs/tsp_2022.graph,5,15,True,0.38928986,-0.8353729
tsp_2023.graph,data/tsp_graphs/tsp_2023.graph,10,20,False,-1.4636688,0.7092343
tsp_2024.graph,data/tsp_graphs/tsp_2024.graph,9,15,True,-0.3730278,0.5330203
tsp_2025.graph,data/tsp_graphs/tsp_2025.graph,8,20,False,-0.2915268,-0.061150312
tsp_2026.graph,data/tsp_graphs/tsp_2026.graph,5,20,True,-1.3198304,-0.3959992
tsp_2027.graph,data/tsp_graphs/tsp_2027.graph,5,10,False,-0.8031082,-1.0305469
tsp_2028.graph,data/tsp_graphs/tsp_2028.graph,5,20,True,0.1912179,-0.4990989
tsp_2029.graph,data/tsp_graphs/tsp_2029.graph,9,10,False,0.5129051,-0.054343402
tsp_203.graph,data/tsp_graphs/tsp_203.graph,5,20,False,0.20183372,-0.45120913
tsp_2030.graph,data/tsp_graphs/tsp_2030.graph,10,20,True,0.5744705,0.57677335
tsp_2031.graph,data/tsp_graphs/tsp_2031.graph,10,15,False,1.1578138,0.79634565
tsp_2032.graph,data/tsp_graphs/tsp_2032.graph,7,15,True,1.1949558,-0.10433656
tsp_2033.graph,data/tsp_graphs/tsp_2033.graph,7,10,False,-2.1032715,-0.23277804
tsp_2034.graph,data/tsp_graphs/tsp_2034.graph,5,10,True,2.0812836,-1.0733564
tsp_2035.graph,data/tsp_graphs/tsp_2035.graph,6,15,False,0.13718796,0.028320134
tsp_2036.graph,data/tsp_graphs/tsp_2036.graph,7,20,True,0.5530777,-0.12746537
tsp_2037.graph,data/tsp_graphs/tsp_2037.graph,8,10,False,-0.6960983,0.23549908
tsp_2038.graph,data/tsp_graphs/tsp_2038.graph,8,20,True,-2.2127037,0.46840167
tsp_2039.graph,data/tsp_graphs/tsp_2039.graph,7,15,False,-0.5459213,-0.3421353
tsp_204.graph,data/tsp_graphs/tsp_204.graph,7,10,True,1.102623,-0.09648776
tsp_2040.graph,data/tsp_graphs/tsp_2040.graph,5,20,True,0.12890625,-0.37667263
tsp_2041.graph,data/tsp_graphs/tsp_2041.graph,8,15,False,0.58846474,0.34930468
tsp_2042.graph,data/tsp_graphs/tsp_2042.graph,9,20,True,0.09890747,0.37272054
tsp_2043.graph,data/tsp_graphs/tsp_2043.graph,9,10,False,-0.7084999,-0.07840055
tsp_2044.graph,data/tsp_graphs/tsp_2044.graph,9,15,True,1.9523163,0.46763343
tsp_2045.graph,data/tsp_graphs/tsp_2045.graph,8,15,False,-0.11387634,0.27382952
tsp_2046.graph,data/tsp_graphs/tsp_2046.graph,6,15,True,1.7608576,-0.35381508
tsp_2047.graph,data/tsp_graphs/tsp_2047.graph,10,10,False,0.1903534,0.13404566
tsp_2048.graph,data/tsp_graphs/tsp_2048.graph,5,15,True,0.73998785,-0.46387035
tsp_2049.graph,data/tsp_graphs/tsp_2049.graph,8,10,False,-1.257122,-0.09646773
tsp_205.graph,data/tsp_graphs/tsp_205.graph,6,20,False,-1.7041969,-0.060281098
tsp_2050.graph,data/tsp_graphs/tsp_2050.graph,6,20,True,-0.66012955,0.06478411
tsp_2051.graph,data/tsp_graphs/tsp_2051.graph,10,10,False,-1.6226025,0.056580186
tsp_2052.graph,data/tsp_graphs/tsp_2052.graph,5,15,True,1.8965476,-0.5831273
tsp_2053.graph,data/tsp_graphs/tsp_2053.graph,10,15,False,0.36979675,0.54530424
tsp_2054.graph,data/tsp_graphs/tsp_2054.graph,10,20,True,0.93486786,0.8208223
tsp_2055.graph,data/tsp_graphs/tsp_2055.graph,10,20,False,-0.034431458,0.4680943
tsp_2056.graph,data/tsp_graphs/tsp_2056.graph,10,20,True,0.14283752,0.4278136
tsp_2057.graph,data/tsp_graphs/tsp_2057.graph,8,15,False,0.52542305,0.39214426
tsp_2058.graph,data/tsp_graphs/tsp_2058.graph,9,15,True,0.39453125,0.39480144
tsp_2059.graph,data/tsp_graphs/tsp_2059.graph,9,20,False,-0.43299103,0.148251
tsp_206.graph,data/tsp_graphs/tsp_206.graph,5,15,True,-0.4985962,-0.48743123
tsp_2060.graph,data/tsp_graphs/tsp_2060.graph,5,20,True,-0.6871567,-0.30249274
tsp_2061.graph,data/tsp_graphs/tsp_2061.graph,7,10,False,-2.4258423,-0.16508693
tsp_2062.graph,data/tsp_graphs/tsp_2062.graph,7,15,True,-0.9762293,-0.1387577
tsp_2063.graph,data/tsp_graphs/tsp_2063.graph,5,20,False,-0.6556034,-0.46473593
tsp_2064.graph,data/tsp_graphs/tsp_2064.graph,10,20,True,-1.3779526,0.84662277
tsp_2065.graph,data/tsp_graphs/tsp_2065.graph,7,10,False,-1.9646988,0.024900138
tsp_2066.graph,data/tsp_graphs/tsp_2066.graph,5,10,True,0.23631668,-0.9211799
tsp_2067.graph,data/tsp_graphs/tsp_2067.graph,8,20,False,-0.213871,0.11059791
tsp_2068.graph,data/tsp_graphs/tsp_2068.graph,8,10,True,1.2072449,0.0132982135
tsp_2069.graph,data/tsp_graphs/tsp_2069.graph,6,10,False,-0.092163086,-0.2696719
tsp_207.graph,data/tsp_graphs/tsp_207.graph,9,15,False,-1.0331554,0.3130464
tsp_2070.graph,data/tsp_graphs/tsp_2070.graph,8,20,True,0.4576187,0.16583419
tsp_2071.graph,data/tsp_graphs/tsp_2071.graph,6,15,False,-0.97163486,-0.23041123
tsp_2072.graph,data/tsp_graphs/tsp_2072.graph,10,10,True,1.8809137,0.28615028
tsp_2073.graph,data/tsp_graphs/tsp_2073.graph,7,20,False,1.6195755,0.22283298
tsp_2074.graph,data/tsp_graphs/tsp_2074.graph,9,10,True,-0.75862503,0.113949835
tsp_2075.graph,data/tsp_graphs/tsp_2075.graph,9,20,False,0.68588257,0.43114263
tsp_2076.graph,data/tsp_graphs/tsp_2076.graph,8,15,True,0.7115307,0.57952243
tsp_2077.graph,data/tsp_graphs/tsp_2077.graph,6,20,False,1.1958008,-0.097204566
tsp_2078.graph,data/tsp_graphs/tsp_2078.graph,5,10,True,-0.48978806,-0.7147434
tsp_2079.graph,data/tsp_graphs/tsp_2079.graph,8,15,False,-0.08449936,0.19785815
tsp_208.graph,data/tsp_graphs/tsp_208.graph,9,10,True,-1.0235596,-0.15815544
tsp_2080.graph,data/tsp_graphs/tsp_2080.graph,8,15,True,1.2920623,0.41882616
tsp_2081.graph,data/tsp_graphs/tsp_2081.graph,9,10,False,-0.019069672,0.10699779
tsp_2082.graph,data/tsp_graphs/tsp_2082.graph,5,20,True,-0.78993607,-0.4767973
tsp_2083.graph,data/tsp_graphs/tsp_2083.graph,9,20,False,-0.33412933,0.3836432
tsp_2084.graph,data/tsp_graphs/tsp_2084.graph,6,10,True,-1.5133877,-0.89313614
tsp_2085.graph,data/tsp_graphs/tsp_2085.graph,10,10,False,-2.6951504,0.31714964
tsp_2086.graph,data/tsp_graphs/tsp_2086.graph,9,20,True,0.32585144,0.26880878
tsp_2087.graph,data/tsp_graphs/tsp_2087.graph,6,20,False,-1.8463211,-0.06888613
tsp_2088.graph,data/tsp_graphs/tsp_2088.graph,10,15,True,2.9679441,0.6482814
tsp_2089.graph,data/tsp_graphs/tsp_2089.graph,5,10,False,-0.2190361,-0.7807089
tsp_209.graph,data/tsp_graphs/tsp_209.graph,7,20,False,1.1590385,0.16685218
tsp_2090.graph,data/tsp_graphs/tsp_2090.graph,7,10,True,0.4407196,0.104880035
tsp_2091.graph,data/tsp_graphs/tsp_2091.graph,8,20,False,-3.3211937,0.12987077
tsp_2092.graph,data/tsp_graphs/tsp_2092.graph,7,10,True,1.7923107,-0.23003328
tsp_2093.graph,data/tsp_graphs/tsp_2093.graph,7,15,False,-2.8846493,0.0660997
tsp_2094.graph,data/tsp_graphs/tsp_2094.graph,5,20,True,0.2528038,-0.41930258
tsp_2095.graph,data/tsp_graphs/tsp_2095.graph,10,15,False,0.15119171,0.4710173
tsp_2096.graph,data/tsp_graphs/tsp_2096.graph,6,15,True,0.97151375,-0.22338721
tsp_2097.graph,data/tsp_graphs/tsp_2097.graph,6,10,False,-2.164978,-0.32869446
tsp_2098.graph,data/tsp_graphs/tsp_2098.graph,7,20,True,1.0294495,0.18533635
tsp_2099.graph,data/tsp_graphs/tsp_2099.graph,8,10,False,-1.0193825,-0.3896374
tsp_21.graph,data/tsp_graphs/tsp_21.graph,7,20,False,-0.45624542,-0.05300218
tsp_210.graph,data/tsp_graphs/tsp_210.graph,8,15,True,-0.996902,0.023461938
tsp_2100.graph,data/tsp_graphs/tsp_2100.graph,7,15,True,-0.6851444,0.030017257
tsp_2101.graph,data/tsp_graphs/tsp_2101.graph,7,15,False,-0.455903,-0.13968879
tsp_2102.graph,data/tsp_graphs/tsp_2102.graph,7,15,True,-0.37555218,0.3456145
tsp_2103.graph,data/tsp_graphs/tsp_2103.graph,10,15,False,-2.8730488,0.54653054
tsp_2104.graph,data/tsp_graphs/tsp_2104.graph,9,20,True,0.7308121,0.2895403
tsp_2105.graph,data/tsp_graphs/tsp_2105.graph,6,15,False,0.4537506,-0.24694368
tsp_2106.graph,data/tsp_graphs/tsp_2106.graph,6,10,True,1.7131119,-0.9421897
tsp_2107.graph,data/tsp_graphs/tsp_2107.graph,9,20,False,-1.9424286,0.29464024
tsp_2108.graph,data/tsp_graphs/tsp_2108.graph,8,10,True,1.6767578,0.16272193
tsp_2109.graph,data/tsp_graphs/tsp_2109.graph,10,20,False,-0.27734375,0.57953316
tsp_211.graph,data/tsp_graphs/tsp_211.graph,7,15,False,1.0971546,-0.06584349
tsp_2110.graph,data/tsp_graphs/tsp_2110.graph,7,15,True,-1.3772469,-0.03017968
tsp_2111.graph,data/tsp_graphs/tsp_2111.graph,9,10,False,-1.4964676,0.2701301
tsp_2112.graph,data/tsp_graphs/tsp_2112.graph,6,15,True,-0.51546407,-0.3737156
tsp_2113.graph,data/tsp_graphs/tsp_2113.graph,7,15,False,0.7884445,0.123078406
tsp_2114.graph,data/tsp_graphs/tsp_2114.graph,8,10,True,-0.49436188,-0.16765705
tsp_2115.graph,data/tsp_graphs/tsp_2115.graph,5,10,False,-0.19740868,-1.0187006
tsp_2116.graph,data/tsp_graphs/tsp_2116.graph,6,10,True,1.4654179,-1.2151463
tsp_2117.graph,data/tsp_graphs/tsp_2117.graph,5,10,False,-0.4205475,-1.1612417
tsp_2118.graph,data/tsp_graphs/tsp_2118.graph,6,15,True,-0.95752335,-0.4848858
tsp_2119.graph,data/tsp_graphs/tsp_2119.graph,8,10,False,0.22677612,0.10130572
tsp_212.graph,data/tsp_graphs/tsp_212.graph,10,15,True,-0.60694885,0.36706316
tsp_2120.graph,data/tsp_graphs/tsp_2120.graph,8,20,True,0.26739883,0.6324313
tsp_2121.graph,data/tsp_graphs/tsp_2121.graph,5,15,False,-0.05843693,-0.50597453
tsp_2122.graph,data/tsp_graphs/tsp_2122.graph,8,10,True,2.012598,-0.15666577
tsp_2123.graph,data/tsp_graphs/tsp_2123.graph,7,20,False,-0.8655515,0.16088408
tsp_2124.graph,data/tsp_graphs/tsp_2124.graph,5,10,True,-0.1845169,-0.7524408
tsp_2125.graph,data/tsp_graphs/tsp_2125.graph,8,10,False,0.09302521,-0.36799112
tsp_2126.graph,data/tsp_graphs/tsp_2126.graph,9,15,True,0.40953636,0.011591494
tsp_2127.graph,data/tsp_graphs/tsp_2127.graph,5,10,False,1.683115,-1.0285287
tsp_2128.graph,data/tsp_graphs/tsp_2128.graph,9,10,True,1.9031906,-0.10823071
tsp_2129.graph,data/tsp_graphs/tsp_2129.graph,8,10,False,-0.14657593,-0.4252044
tsp_213.graph,data/tsp_graphs/tsp_213.graph,5,20,False,-1.466156,-0.38288024
tsp_2130.graph,data/tsp_graphs/tsp_2130.graph,8,20,True,1.0076141,0.34732574
tsp_2131.graph,data/tsp_graphs/tsp_2131.graph,7,15,False,-0.6341572,-0.03777975
tsp_2132.graph,data/tsp_graphs/tsp_2132.graph,10,20,True,2.0261993,0.7011487
tsp_2133.graph,data/tsp_graphs/tsp_2133.graph,8,15,False,-0.38891983,0.32550496
tsp_2134.graph,data/tsp_graphs/tsp_2134.graph,5,15,True,0.3850937,-0.7347928
tsp_2135.graph,data/tsp_graphs/tsp_2135.graph,9,20,False,-3.6783772,0.5419126
tsp_2136.graph,data/tsp_graphs/tsp_2136.graph,9,20,True,-0.40650177,0.38225704
tsp_2137.graph,data/tsp_graphs/tsp_2137.graph,5,10,False,-1.3961916,-0.98573315
tsp_2138.graph,data/tsp_graphs/tsp_2138.graph,10,10,True,-1.1880798,0.5123616
tsp_2139.graph,data/tsp_graphs/tsp_2139.graph,5,10,False,-0.9302521,-0.52536744
tsp_214.graph,data/tsp_graphs/tsp_214.graph,5,20,True,0.20515823,-0.18690911
tsp_2140.graph,data/tsp_graphs/tsp_2140.graph,10,20,True,-0.50025177,0.7300969
tsp_2141.graph,data/tsp_graphs/tsp_2141.graph,5,15,False,1.3688393,-0.79412866
tsp_2142.graph,data/tsp_graphs/tsp_2142.graph,6,20,True,2.4138527,-0.055342495
tsp_2143.graph,data/tsp_graphs/tsp_2143.graph,10,20,False,0.2895584,0.6490918
tsp_2144.graph,data/tsp_graphs/tsp_2144.graph,6,15,True,-1.5527916,-0.45588014
tsp_2145.graph,data/tsp_graphs/tsp_2145.graph,5,20,False,-1.6023636,-0.51539516
tsp_2146.graph,data/tsp_graphs/tsp_2146.graph,6,20,True,1.3978767,0.09484154
tsp_2147.graph,data/tsp_graphs/tsp_2147.graph,10,20,False,-1.975338,0.8072806
tsp_2148.graph,data/tsp_graphs/tsp_2148.graph,9,10,True,-0.14735794,-0.2260975
tsp_2149.graph,data/tsp_graphs/tsp_2149.graph,6,20,False,-0.28030014,-0.3009638
tsp_215.graph,data/tsp_graphs/tsp_215.graph,6,15,False,-0.44491577,-0.16868183
tsp_2150.graph,data/tsp_graphs/tsp_2150.graph,5,10,True,1.965416,-0.82132494
tsp_2151.graph,data/tsp_graphs/tsp_2151.graph,6,15,False,-0.38677406,-0.3171141
tsp_2152.graph,data/tsp_graphs/tsp_2152.graph,7,10,True,2.4719925,-0.013000339
tsp_2153.graph,data/tsp_graphs/tsp_2153.graph,5,20,False,0.2641375,-0.1269857
tsp_2154.graph,data/tsp_graphs/tsp_2154.graph,8,20,True,0.5341873,0.3357219
tsp_2155.graph,data/tsp_graphs/tsp_2155.graph,5,20,False,0.06294632,-0.19733489
tsp_2156.graph,data/tsp_graphs/tsp_2156.graph,7,20,True,0.065330386,0.20859581
tsp_2157.graph,data/tsp_graphs/tsp_2157.graph,10,10,False,-0.3336563,0.6221917
tsp_2158.graph,data/tsp_graphs/tsp_2158.graph,9,15,True,0.86297226,0.10255313
tsp_2159.graph,data/tsp_graphs/tsp_2159.graph,5,20,False,-1.3900766,-0.11105424
tsp_216.graph,data/tsp_graphs/tsp_216.graph,8,10,True,1.4177322,0.07457429
tsp_2160.graph,data/tsp_graphs/tsp_2160.graph,6,15,True,-0.5755787,-0.21932378
tsp_2161.graph,data/tsp_graphs/tsp_2161.graph,10,15,False,-1.5203724,0.23632127
tsp_2162.graph,data/tsp_graphs/tsp_2162.graph,6,10,True,-0.3412323,-0.52003735
tsp_2163.graph,data/tsp_graphs/tsp_2163.graph,10,15,False,-0.87293625,0.4665872
tsp_2164.graph,data/tsp_graphs/tsp_2164.graph,9,20,True,0.07834625,0.5163141
tsp_2165.graph,data/tsp_graphs/tsp_2165.graph,6,20,False,-0.29680634,-0.2363885
tsp_2166.graph,data/tsp_graphs/tsp_2166.graph,10,10,True,-0.53507996,0.26269102
tsp_2167.graph,data/tsp_graphs/tsp_2167.graph,8,15,False,-0.23418999,-0.06293371
tsp_2168.graph,data/tsp_graphs/tsp_2168.graph,5,15,True,0.105861664,-0.6910718
tsp_2169.graph,data/tsp_graphs/tsp_2169.graph,9,20,False,-0.32375336,0.50089383
tsp_217.graph,data/tsp_graphs/tsp_217.graph,5,20,False,-0.70303345,-0.64020085
tsp_2170.graph,data/tsp_graphs/tsp_2170.graph,10,15,True,-1.2038689,0.56561905
tsp_2171.graph,data/tsp_graphs/tsp_2171.graph,6,10,False,-1.7271576,-0.5329543
tsp_2172.graph,data/tsp_graphs/tsp_2172.graph,8,10,True,0.4706154,-0.14545593
tsp_2173.graph,data/tsp_graphs/tsp_2173.graph,10,10,False,0.6976776,0.42181796
tsp_2174.graph,data/tsp_graphs/tsp_2174.graph,10,10,True,0.44116974,0.41077298
tsp_2175.graph,data/tsp_graphs/tsp_2175.graph,9,10,False,-0.7077942,-0.06776884
tsp_2176.graph,data/tsp_graphs/tsp_2176.graph,5,20,True,1.4880753,-0.054008126
tsp_2177.graph,data/tsp_graphs/tsp_2177.graph,5,15,False,-0.14613914,-0.17249858
tsp_2178.graph,data/tsp_graphs/tsp_2178.graph,6,20,True,-1.9905319,-0.35636288
tsp_2179.graph,data/tsp_graphs/tsp_2179.graph,6,15,False,-0.57915974,0.09484196
tsp_218.graph,data/tsp_graphs/tsp_218.graph,8,15,True,0.861496,0.039758682
tsp_2180.graph,data/tsp_graphs/tsp_2180.graph,9,20,True,1.669487,0.2713592
tsp_2181.graph,data/tsp_graphs/tsp_2181.graph,6,20,False,-0.8741207,-0.6194946
tsp_2182.graph,data/tsp_graphs/tsp_2182.graph,9,15,True,-2.0149307,0.64720505
tsp_2183.graph,data/tsp_graphs/tsp_2183.graph,5,15,False,-0.69324684,-0.49106297
tsp_2184.graph,data/tsp_graphs/tsp_2184.graph,9,10,True,0.7718277,-0.031185955
tsp_2185.graph,data/tsp_graphs/tsp_2185.graph,9,10,False,-1.5376053,0.43086964
tsp_2186.graph,data/tsp_graphs/tsp_2186.graph,7,10,True,1.2547188,-0.37877476
tsp_2187.graph,data/tsp_graphs/tsp_2187.graph,10,10,False,1.7929306,0.2401672
tsp_2188.graph,data/tsp_graphs/tsp_2188.graph,5,10,True,2.016861,-0.7738942
tsp_2189.graph,data/tsp_graphs/tsp_2189.graph,10,10,False,-4.1146774,0.22250038
tsp_219.graph,data/tsp_graphs/tsp_219.graph,10,15,False,0.66320086,0.779713
tsp_2190.graph,data/tsp_graphs/tsp_2190.graph,10,15,True,-0.10182619,0.74643594
tsp_2191.graph,data/tsp_graphs/tsp_2191.graph,5,15,False,1.1210575,-0.46048546
tsp_2192.graph,data/tsp_graphs/tsp_2192.graph,7,10,True,-1.1249466,0.05464351
tsp_2193.graph,data/tsp_graphs/tsp_2193.graph,9,15,False,1.2706223,0.29550403
tsp_2194.graph,data/tsp_graphs/tsp_2194.graph,9,20,True,-0.07967377,0.47532654
tsp_2195.graph,data/tsp_graphs/tsp_2195.graph,6,20,False,-1.3265305,0.02791518
tsp_2196.graph,data/tsp_graphs/tsp_2196.graph,5,15,True,-0.18164444,-0.42542762
tsp_2197.graph,data/tsp_graphs/tsp_2197.graph,10,20,False,-1.9672012,0.6086373
tsp_2198.graph,data/tsp_graphs/tsp_2198.graph,6,20,True,1.192482,-0.008720309
tsp_2199.graph,data/tsp_graphs/tsp_2199.graph,9,10,False,-2.6663818,0.3323918
tsp_22.graph,data/tsp_graphs/tsp_22.graph,10,15,True,0.74707794,0.32841623
tsp_220.graph,data/tsp_graphs/tsp_220.graph,6,10,True,0.21743774,-0.39098808
tsp_2200.graph,data/tsp_graphs/tsp_2200.graph,6,10,True,1.3838744,-0.6823808
tsp_2201.graph,data/tsp_graphs/tsp_2201.graph,8,15,False,-1.5998077,0.22589165
tsp_2202.graph,data/tsp_graphs/tsp_2202.graph,9,10,True,1.5742416,0.38311595
tsp_2203.graph,data/tsp_graphs/tsp_2203.graph,9,15,False,-2.2550945,0.35769004
tsp_2204.graph,data/tsp_graphs/tsp_2204.graph,10,10,True,0.75520325,0.23708373
tsp_2205.graph,data/tsp_graphs/tsp_2205.graph,10,10,False,-2.1542816,0.60542876
tsp_2206.graph,data/tsp_graphs/tsp_2206.graph,5,20,True,0.29205036,-0.27016413
tsp_2207.graph,data/tsp_graphs/tsp_2207.graph,6,15,False,-0.5208287,-0.22828418
tsp_2208.graph,data/tsp_graphs/tsp_2208.graph,9,20,True,-0.27209473,0.5621827
tsp_2209.graph,data/tsp_graphs/tsp_2209.graph,5,10,False,-2.3439102,-0.6794227
tsp_221.graph,data/tsp_graphs/tsp_221.graph,6,10,False,0.48028183,-0.6124002
tsp_2210.graph,data/tsp_graphs/tsp_2210.graph,10,20,True,0.323349,0.47187513
tsp_2211.graph,data/tsp_graphs/tsp_2211.graph,8,20,False,-1.4871826,0.56458014
tsp_2212.graph,data/tsp_graphs/tsp_2212.graph,8,15,True,0.824255,0.4730813
tsp_2213.graph,data/tsp_graphs/tsp_2213.graph,6,15,False,0.6143322,-0.12003374
tsp_2214.graph,data/tsp_graphs/tsp_2214.graph,5,10,True,-1.2847176,-0.8280091
tsp_2215.graph,data/tsp_graphs/tsp_2215.graph,8,10,False,-0.8304825,-0.0009381175
tsp_2216.graph,data/tsp_graphs/tsp_2216.graph,10,15,True,1.0989519,0.7152129
tsp_2217.graph,data/tsp_graphs/tsp_2217.graph,8,15,False,0.10519314,0.4161616
tsp_2218.graph,data/tsp_graphs/tsp_2218.graph,5,15,True,0.49244976,-0.22019997
tsp_2219.graph,data/tsp_graphs/tsp_2219.graph,10,20,False,1.1277924,0.488558
tsp_222.graph,data/tsp_graphs/tsp_222.graph,7,10,True,0.49600983,-0.08576512
tsp_2220.graph,data/tsp_graphs/tsp_2220.graph,8,10,True,0.3383026,-0.11289522
tsp_2221.graph,data/tsp_graphs/tsp_2221.graph,7,20,False,1.0155334,0.01251024
tsp_2222.graph,data/tsp_graphs/tsp_2222.graph,5,20,True,-0.5807686,-0.04496509
tsp_2223.graph,data/tsp_graphs/tsp_2223.graph,9,15,False,-0.62454605,0.1982727
tsp_2224.graph,data/tsp_graphs/tsp_2224.graph,5,15,True,0.14348221,-0.6136832
tsp_2225.graph,data/tsp_graphs/tsp_2225.graph,7,10,False,-0.7885742,-0.22992313
tsp_2226.graph,data/tsp_graphs/tsp_2226.graph,9,20,True,0.4367981,0.4944713
tsp_2227.graph,data/tsp_graphs/tsp_2227.graph,9,15,False,-0.3999424,0.29697782
tsp_2228.graph,data/tsp_graphs/tsp_2228.graph,9,20,True,-0.7390747,0.28247297
tsp_2229.graph,data/tsp_graphs/tsp_2229.graph,9,10,False,-0.39927292,-0.03650999
tsp_223.graph,data/tsp_graphs/tsp_223.graph,8,10,False,-1.9960442,-0.14103901
tsp_2230.graph,data/tsp_graphs/tsp_2230.graph,8,10,True,-0.8585129,0.082131326
tsp_2231.graph,data/tsp_graphs/tsp_2231.graph,10,15,False,-0.79483795,0.5600117
tsp_2232.graph,data/tsp_graphs/tsp_2232.graph,9,20,True,0.5170288,0.44668907
tsp_2233.graph,data/tsp_graphs/tsp_2233.graph,9,15,False,-0.7629299,0.2877025
tsp_2234.graph,data/tsp_graphs/tsp_2234.graph,5,20,True,-0.008128166,-0.4928776
tsp_2235.graph,data/tsp_graphs/tsp_2235.graph,5,15,False,-0.98822784,-0.65013474
tsp_2236.graph,data/tsp_graphs/tsp_2236.graph,7,20,True,-0.9889374,0.14049834
tsp_2237.graph,data/tsp_graphs/tsp_2237.graph,9,15,False,-1.3263049,0.5925496
tsp_2238.graph,data/tsp_graphs/tsp_2238.graph,7,20,True,2.3064575,0.08294016
tsp_2239.graph,data/tsp_graphs/tsp_2239.graph,8,15,False,-1.3451033,-0.050368667
tsp_224.graph,data/tsp_graphs/tsp_224.graph,8,10,True,0.6208992,-0.1095196
tsp_2240.graph,data/tsp_graphs/tsp_2240.graph,6,10,True,0.9765701,-0.5334849
tsp_2241.graph,data/tsp_graphs/tsp_2241.graph,5,15,False,-0.6923027,-0.5931038
tsp_2242.graph,data/tsp_graphs/tsp_2242.graph,9,20,True,0.49147034,0.632412
tsp_2243.graph,data/tsp_graphs/tsp_2243.graph,5,20,False,-0.6021805,-0.40108275
tsp_2244.graph,data/tsp_graphs/tsp_2244.graph,9,10,True,1.9444122,0.30030185
tsp_2245.graph,data/tsp_graphs/tsp_2245.graph,8,15,False,-0.33448935,0.047510207
tsp_2246.graph,data/tsp_graphs/tsp_2246.graph,9,20,True,0.9890213,0.30457956
tsp_2247.graph,data/tsp_graphs/tsp_2247.graph,7,15,False,-1.1193657,-0.06887561
tsp_2248.graph,data/tsp_graphs/tsp_2248.graph,8,10,True,0.3584442,-0.329661
tsp_2249.graph,data/tsp_graphs/tsp_2249.graph,9,20,False,0.6028061,0.6997226
tsp_225.graph,data/tsp_graphs/tsp_225.graph,9,20,False,-0.5069809,0.5606428
tsp_2250.graph,data/tsp_graphs/tsp_2250.graph,10,15,True,3.4644408,0.80616504
tsp_2251.graph,data/tsp_graphs/tsp_2251.graph,6,10,False,0.08016968,-0.44964966
tsp_2252.graph,data/tsp_graphs/tsp_2252.graph,6,15,True,0.5551443,-0.47159812
tsp_2253.graph,data/tsp_graphs/tsp_2253.graph,9,15,False,-2.5519505,0.63888294
tsp_2254.graph,data/tsp_graphs/tsp_2254.graph,6,10,True,0.23803711,-0.60087353
tsp_2255.graph,data/tsp_graphs/tsp_2255.graph,5,15,False,-3.5730286,-0.62157327
tsp_2256.graph,data/tsp_graphs/tsp_2256.graph,7,10,True,1.0074482,-0.55821735
tsp_2257.graph,data/tsp_graphs/tsp_2257.graph,8,10,False,-1.2715836,-0.070577025
tsp_2258.graph,data/tsp_graphs/tsp_2258.graph,7,20,True,1.3800735,0.29068822
tsp_2259.graph,data/tsp_graphs/tsp_2259.graph,5,15,False,0.1417942,-0.53967834
tsp_226.graph,data/tsp_graphs/tsp_226.graph,5,15,True,0.52404785,-0.12986118
tsp_2260.graph,data/tsp_graphs/tsp_2260.graph,9,15,True,2.4971771,0.7147773
tsp_2261.graph,data/tsp_graphs/tsp_2261.graph,10,15,False,-2.0660863,0.8193813
tsp_2262.graph,data/tsp_graphs/tsp_2262.graph,6,20,True,1.7080144,0.1333164
tsp_2263.graph,data/tsp_graphs/tsp_2263.graph,10,20,False,-1.356575,0.86523587
tsp_2264.graph,data/tsp_graphs/tsp_2264.graph,7,15,True,-0.6472988,0.024630547
tsp_2265.graph,data/tsp_graphs/tsp_2265.graph,10,20,False,-0.47994995,0.45114303
tsp_2266.graph,data/tsp_graphs/tsp_2266.graph,5,10,True,0.54413986,-0.6522596
tsp_2267.graph,data/tsp_graphs/tsp_2267.graph,7,15,False,-0.15247011,-0.20809436
tsp_2268.graph,data/tsp_graphs/tsp_2268.graph,8,10,True,0.96871185,0.048285484
tsp_2269.graph,data/tsp_graphs/tsp_2269.graph,9,15,False,-0.473238,0.33672535
tsp_227.graph,data/tsp_graphs/tsp_227.graph,10,15,False,-1.0304985,0.79056555
tsp_2270.graph,data/tsp_graphs/tsp_2270.graph,8,10,True,0.2781868,-0.19347289
tsp_2271.graph,data/tsp_graphs/tsp_2271.graph,10,10,False,0.54369354,0.2606262
tsp_2272.graph,data/tsp_graphs/tsp_2272.graph,5,20,True,0.1845169,-0.0044302344
tsp_2273.graph,data/tsp_graphs/tsp_2273.graph,8,20,False,-1.8586197,0.40261012
tsp_2274.graph,data/tsp_graphs/tsp_2274.graph,8,15,True,1.3105068,0.38576818
tsp_2275.graph,data/tsp_graphs/tsp_2275.graph,5,20,False,-1.1532187,-0.18270195
tsp_2276.graph,data/tsp_graphs/tsp_2276.graph,6,15,True,0.18161583,0.009932399
tsp_2277.graph,data/tsp_graphs/tsp_2277.graph,10,10,False,0.7640486,0.20697445
tsp_2278.graph,data/tsp_graphs/tsp_2278.graph,6,15,True,-0.47645187,-0.099225104
tsp_2279.graph,data/tsp_graphs/tsp_2279.graph,7,10,False,-0.61053085,-0.41228044
tsp_228.graph,data/tsp_graphs/tsp_228.graph,6,10,True,1.258255,-0.37154588
tsp_2280.graph,data/tsp_graphs/tsp_2280.graph,8,20,True,0.62374115,0.2238993
tsp_2281.graph,data/tsp_graphs/tsp_2281.graph,5,20,False,0.15509033,-0.25186118
tsp_2282.graph,data/tsp_graphs/tsp_2282.graph,8,10,True,0.69050217,-0.34854305
tsp_2283.graph,data/tsp_graphs/tsp_2283.graph,10,15,False,0.59949875,0.31126088
tsp_2284.graph,data/tsp_graphs/tsp_2284.graph,6,20,True,1.8003922,-0.239595
tsp_2285.graph,data/tsp_graphs/tsp_2285.graph,7,10,False,-1.007885,-0.3188966
tsp_2286.graph,data/tsp_graphs/tsp_2286.graph,8,15,True,-1.4413033,-0.018077552
tsp_2287.graph,data/tsp_graphs/tsp_2287.graph,9,20,False,0.73573303,0.4133379
tsp_2288.graph,data/tsp_graphs/tsp_2288.graph,10,15,True,0.56601334,0.20072848
tsp_2289.graph,data/tsp_graphs/tsp_2289.graph,6,20,False,-1.0283089,-0.051494002
tsp_229.graph,data/tsp_graphs/tsp_229.graph,9,20,False,0.027740479,0.6378352
tsp_2290.graph,data/tsp_graphs/tsp_2290.graph,6,10,True,-0.24762726,-0.27148765
tsp_2291.graph,data/tsp_graphs/tsp_2291.graph,5,15,False,0.059501648,-0.7204102
tsp_2292.graph,data/tsp_graphs/tsp_2292.graph,10,10,True,-0.04820633,0.13721293
tsp_2293.graph,data/tsp_graphs/tsp_2293.graph,5,15,False,-0.5338421,-0.7905396
tsp_2294.graph,data/tsp_graphs/tsp_2294.graph,10,10,True,0.79034996,0.10162735
tsp_2295.graph,data/tsp_graphs/tsp_2295.graph,5,10,False,0.8452072,-0.74796987
tsp_2296.graph,data/tsp_graphs/tsp_2296.graph,10,20,True,-2.5688782,0.6364954
tsp_2297.graph,data/tsp_graphs/tsp_2297.graph,6,20,False,1.0595627,-0.22181118
tsp_2298.graph,data/tsp_graphs/tsp_2298.graph,9,10,True,0.87596893,0.35825747
tsp_2299.graph,data/tsp_graphs/tsp_2299.graph,10,20,False,-0.3451004,0.8151782
tsp_23.graph,data/tsp_graphs/tsp_23.graph,8,10,False,-0.4187317,-0.4234203
tsp_230.graph,data/tsp_graphs/tsp_230.graph,9,20,True,-0.4199829,0.3350913
tsp_2300.graph,data/tsp_graphs/tsp_2300.graph,8,20,True,-0.6799469,0.13328183
tsp_2301.graph,data/tsp_graphs/tsp_2301.graph,8,10,False,-1.5836945,0.2887432
tsp_2302.graph,data/tsp_graphs/tsp_2302.graph,8,10,True,-0.16407013,-0.17046225
tsp_2303.graph,data/tsp_graphs/tsp_2303.graph,6,10,False,-0.31920433,-0.9117085
tsp_2304.graph,data/tsp_graphs/tsp_2304.graph,8,20,True,2.3661652,0.0998463
tsp_2305.graph,data/tsp_graphs/tsp_2305.graph,7,10,False,-1.8757896,-0.41071263
tsp_2306.graph,data/tsp_graphs/tsp_2306.graph,10,10,True,-0.20106506,0.27676278
tsp_2307.graph,data/tsp_graphs/tsp_2307.graph,8,15,False,-0.5347576,-0.08707267
tsp_2308.graph,data/tsp_graphs/tsp_2308.graph,5,20,True,-0.22662735,-0.2821302
tsp_2309.graph,data/tsp_graphs/tsp_2309.graph,5,10,False,-1.4802017,-0.81133264
tsp_231.graph,data/tsp_graphs/tsp_231.graph,8,20,False,0.009996414,0.5273941
tsp_2310.graph,data/tsp_graphs/tsp_2310.graph,9,10,True,-0.76750565,0.18874174
tsp_2311.graph,data/tsp_graphs/tsp_2311.graph,7,10,False,-0.749073,-0.088872254
tsp_2312.graph,data/tsp_graphs/tsp_2312.graph,6,20,True,1.0922165,0.005084276
tsp_2313.graph,data/tsp_graphs/tsp_2313.graph,5,20,False,0.18979263,-0.15400228
tsp_2314.graph,data/tsp_graphs/tsp_2314.graph,5,10,True,0.052116394,-0.78624177
tsp_2315.graph,data/tsp_graphs/tsp_2315.graph,8,20,False,-0.7920532,0.19634843
tsp_2316.graph,data/tsp_graphs/tsp_2316.graph,10,20,True,0.14083862,0.90093607
tsp_2317.graph,data/tsp_graphs/tsp_2317.graph,5,10,False,0.94408417,-0.79269445
tsp_2318.graph,data/tsp_graphs/tsp_2318.graph,10,10,True,-0.7896881,-0.14913389
tsp_2319.graph,data/tsp_graphs/tsp_2319.graph,8,20,False,-1.2236176,0.17268676
tsp_232.graph,data/tsp_graphs/tsp_232.graph,10,15,True,-0.9047775,0.49685693
tsp_2320.graph,data/tsp_graphs/tsp_2320.graph,10,15,True,0.9382589,0.7398246
tsp_2321.graph,data/tsp_graphs/tsp_2321.graph,6,10,False,-0.00015640259,-0.8652692
tsp_2322.graph,data/tsp_graphs/tsp_2322.graph,5,10,True,0.15984344,-0.8109526
tsp_2323.graph,data/tsp_graphs/tsp_2323.graph,10,10,False,1.0202274,0.2577147
tsp_2324.graph,data/tsp_graphs/tsp_2324.graph,8,10,True,1.3072262,0.091437876
tsp_2325.graph,data/tsp_graphs/tsp_2325.graph,6,15,False,-2.8745213,-0.57300985
tsp_2326.graph,data/tsp_graphs/tsp_2326.graph,10,10,True,0.5519848,0.11710423
tsp_2327.graph,data/tsp_graphs/tsp_2327.graph,6,10,False,-0.339859,-0.38832745
tsp_2328.graph,data/tsp_graphs/tsp_2328.graph,6,20,True,0.7014923,-0.14131138
tsp_2329.graph,data/tsp_graphs/tsp_2329.graph,5,10,False,-0.40280914,-0.8778903
tsp_233.graph,data/tsp_graphs/tsp_233.graph,7,15,False,0.20023727,-0.355235
tsp_2330.graph,data/tsp_graphs/tsp_2330.graph,10,20,True,1.2885437,0.5496152
tsp_2331.graph,data/tsp_graphs/tsp_2331.graph,7,10,False,-1.4284134,0.031719744
tsp_2332.graph,data/tsp_graphs/tsp_2332.graph,7,15,True,2.2135715,0.12862915
tsp_2333.graph,data/tsp_graphs/tsp_2333.graph,6,15,False,0.018790245,-0.48778093
tsp_2334.graph,data/tsp_graphs/tsp_2334.graph,9,15,True,1.2316437,0.557972
tsp_2335.graph,data/tsp_graphs/tsp_2335.graph,9,10,False,0.7130699,-0.10309672
tsp_2336.graph,data/tsp_graphs/tsp_2336.graph,8,15,True,-0.56334114,-0.07339078
tsp_2337.graph,data/tsp_graphs/tsp_2337.graph,7,10,False,-0.5643158,-0.54023135
tsp_2338.graph,data/tsp_graphs/tsp_2338.graph,7,20,True,1.295166,0.0077876747
tsp_2339.graph,data/tsp_graphs/tsp_2339.graph,10,15,False,-2.1541777,0.7433148
tsp_234.graph,data/tsp_graphs/tsp_234.graph,10,10,True,0.37347794,0.06645322
tsp_2340.graph,data/tsp_graphs/tsp_2340.graph,9,10,True,0.5469284,0.2003625
tsp_2341.graph,data/tsp_graphs/tsp_2341.graph,9,10,False,-0.6101761,0.026316106
tsp_2342.graph,data/tsp_graphs/tsp_2342.graph,9,20,True,-0.6683655,0.448435
tsp_2343.graph,data/tsp_graphs/tsp_2343.graph,8,20,False,-1.3511562,-0.11524716
tsp_2344.graph,data/tsp_graphs/tsp_2344.graph,6,20,True,0.5993271,-0.27320415
tsp_2345.graph,data/tsp_graphs/tsp_2345.graph,10,10,False,-1.4966736,0.12848157
tsp_2346.graph,data/tsp_graphs/tsp_2346.graph,6,10,True,-0.59155655,-0.84531075
tsp_2347.graph,data/tsp_graphs/tsp_2347.graph,10,15,False,-1.6416559,0.8222217
tsp_2348.graph,data/tsp_graphs/tsp_2348.graph,7,20,True,-0.32609558,-0.1297603
tsp_2349.graph,data/tsp_graphs/tsp_2349.graph,5,20,False,0.13587666,-0.039108753
tsp_235.graph,data/tsp_graphs/tsp_235.graph,10,20,False,1.0345001,0.529862
tsp_2350.graph,data/tsp_graphs/tsp_2350.graph,5,20,True,2.1645203,-0.12326646
tsp_2351.graph,data/tsp_graphs/tsp_2351.graph,5,20,False,1.1926098,-0.16008204
tsp_2352.graph,data/tsp_graphs/tsp_2352.graph,10,20,True,1.7806549,0.59155256
tsp_2353.graph,data/tsp_graphs/tsp_2353.graph,10,10,False,0.5025635,0.3434295
tsp_2354.graph,data/tsp_graphs/tsp_2354.graph,5,15,True,-0.50896835,-0.7338541
tsp_2355.graph,data/tsp_graphs/tsp_2355.graph,5,15,False,-1.7911453,-0.72973275
tsp_2356.graph,data/tsp_graphs/tsp_2356.graph,10,15,True,0.561182,0.6017888
tsp_2357.graph,data/tsp_graphs/tsp_2357.graph,7,10,False,-2.0493622,-0.38537022
tsp_2358.graph,data/tsp_graphs/tsp_2358.graph,8,10,True,0.7206192,0.0640533
tsp_2359.graph,data/tsp_graphs/tsp_2359.graph,9,10,False,-1.0696335,0.14280444
tsp_236.graph,data/tsp_graphs/tsp_236.graph,8,20,True,0.2743225,0.46895635
tsp_2360.graph,data/tsp_graphs/tsp_2360.graph,5,10,True,-0.06332016,-0.9881915
tsp_2361.graph,data/tsp_graphs/tsp_2361.graph,10,15,False,-2.1962056,0.82740265
tsp_2362.graph,data/tsp_graphs/tsp_2362.graph,6,15,True,-0.5816269,-0.023044467
tsp_2363.graph,data/tsp_graphs/tsp_2363.graph,10,10,False,-0.37129974,0.3602826
tsp_2364.graph,data/tsp_graphs/tsp_2364.graph,6,10,True,-0.02735138,-0.15000033
tsp_2365.graph,data/tsp_graphs/tsp_2365.graph,9,20,False,0.6852112,0.6555255
tsp_2366.graph,data/tsp_graphs/tsp_2366.graph,6,20,True,0.649971,-0.17897654
tsp_2367.graph,data/tsp_graphs/tsp_2367.graph,6,10,False,-0.71815777,-0.71019995
tsp_2368.graph,data/tsp_graphs/tsp_2368.graph,6,15,True,0.29555988,-0.23007774
tsp_2369.graph,data/tsp_graphs/tsp_2369.graph,8,15,False,-1.2708282,0.33651382
tsp_237.graph,data/tsp_graphs/tsp_237.graph,5,10,False,-1.2285614,-0.71219
tsp_2370.graph,data/tsp_graphs/tsp_2370.graph,5,15,True,-0.034564972,-0.6244987
tsp_2371.graph,data/tsp_graphs/tsp_2371.graph,8,15,False,-1.3429818,0.10056269
tsp_2372.graph,data/tsp_graphs/tsp_2372.graph,8,20,True,-0.77878904,-0.038167924
tsp_2373.graph,data/tsp_graphs/tsp_2373.graph,10,15,False,-1.321352,0.29956955
tsp_2374.graph,data/tsp_graphs/tsp_2374.graph,9,20,True,0.8202858,0.5694279
tsp_2375.graph,data/tsp_graphs/tsp_2375.graph,6,20,False,-0.6214466,-0.10836515
tsp_2376.graph,data/tsp_graphs/tsp_2376.graph,7,20,True,1.6204243,0.2782504
tsp_2377.graph,data/tsp_graphs/tsp_2377.graph,7,15,False,-1.8448887,-0.15100679
tsp_2378.graph,data/tsp_graphs/tsp_2378.graph,8,10,True,0.2681694,-0.07274145
tsp_2379.graph,data/tsp_graphs/tsp_2379.graph,7,10,False,1.2910113,-0.4232188
tsp_238.graph,data/tsp_graphs/tsp_238.graph,10,20,True,1.2012825,0.6952408
tsp_2380.graph,data/tsp_graphs/tsp_2380.graph,6,10,True,2.3502808,-0.3866086
tsp_2381.graph,data/tsp_graphs/tsp_2381.graph,5,15,False,-0.2213974,-0.30792117
tsp_2382.graph,data/tsp_graphs/tsp_2382.graph,9,20,True,0.89562225,0.33969897
tsp_2383.graph,data/tsp_graphs/tsp_2383.graph,10,20,False,-0.71369934,0.65591174
tsp_2384.graph,data/tsp_graphs/tsp_2384.graph,5,15,True,-0.13153076,-0.9325218
tsp_2385.graph,data/tsp_graphs/tsp_2385.graph,7,15,False,-0.43683815,0.028874278
tsp_2386.graph,data/tsp_graphs/tsp_2386.graph,6,20,True,3.0398865,-0.2649907
tsp_2387.graph,data/tsp_graphs/tsp_2387.graph,6,15,False,0.09533453,-0.288957
tsp_2388.graph,data/tsp_graphs/tsp_2388.graph,9,15,True,0.044685364,0.54311234
tsp_2389.graph,data/tsp_graphs/tsp_2389.graph,5,10,False,-0.2342453,-0.6817647
tsp_239.graph,data/tsp_graphs/tsp_239.graph,7,20,False,-1.1486435,0.067204
tsp_2390.graph,data/tsp_graphs/tsp_2390.graph,9,10,True,1.4585495,0.10331887
tsp_2391.graph,data/tsp_graphs/tsp_2391.graph,8,10,False,-2.1327744,-0.10184118
tsp_2392.graph,data/tsp_graphs/tsp_2392.graph,6,20,True,1.174511,-0.120601416
tsp_2393.graph,data/tsp_graphs/tsp_2393.graph,8,10,False,-1.4692345,-0.23093969
tsp_2394.graph,data/tsp_graphs/tsp_2394.graph,8,15,True,0.13100052,0.03633946
tsp_2395.graph,data/tsp_graphs/tsp_2395.graph,10,20,False,-1.5211487,0.21890658
tsp_2396.graph,data/tsp_graphs/tsp_2396.graph,10,10,True,0.46230316,0.18008375
tsp_2397.graph,data/tsp_graphs/tsp_2397.graph,5,20,False,-0.605484,-0.4033063
tsp_2398.graph,data/tsp_graphs/tsp_2398.graph,10,10,True,0.8140459,0.4375748
tsp_2399.graph,data/tsp_graphs/tsp_2399.graph,10,15,False,-1.967495,0.40594548
tsp_24.graph,data/tsp_graphs/tsp_24.graph,9,10,True,0.92560196,0.0510996
tsp_240.graph,data/tsp_graphs/tsp_240.graph,10,15,True,-0.54546165,0.62505025
tsp_2400.graph,data/tsp_graphs/tsp_2400.graph,5,10,True,0.7293854,-0.958387
tsp_2401.graph,data/tsp_graphs/tsp_2401.graph,5,20,False,-0.92736816,-0.124215215
tsp_2402.graph,data/tsp_graphs/tsp_2402.graph,8,10,True,1.7666683,0.03388667
tsp_2403.graph,data/tsp_graphs/tsp_2403.graph,6,15,False,0.21716252,-0.34956297
tsp_2404.graph,data/tsp_graphs/tsp_2404.graph,9,15,True,0.4056549,0.24795854
tsp_2405.graph,data/tsp_graphs/tsp_2405.graph,6,10,False,-2.2456207,-0.4992314
tsp_2406.graph,data/tsp_graphs/tsp_2406.graph,9,15,True,1.314848,0.5726289
tsp_2407.graph,data/tsp_graphs/tsp_2407.graph,9,20,False,-0.73934174,0.6970063
tsp_2408.graph,data/tsp_graphs/tsp_2408.graph,9,10,True,-0.82922745,0.29337066
tsp_2409.graph,data/tsp_graphs/tsp_2409.graph,9,10,False,-1.0208244,0.2841559
tsp_241.graph,data/tsp_graphs/tsp_241.graph,10,15,False,0.48698044,0.71412843
tsp_2410.graph,data/tsp_graphs/tsp_2410.graph,8,15,True,2.5108185,0.20853144
tsp_2411.graph,data/tsp_graphs/tsp_2411.graph,8,15,False,0.46245766,0.034771264
tsp_2412.graph,data/tsp_graphs/tsp_2412.graph,10,15,True,0.03213501,0.38440824
tsp_2413.graph,data/tsp_graphs/tsp_2413.graph,9,10,False,0.77841187,-0.027365565
tsp_2414.graph,data/tsp_graphs/tsp_2414.graph,8,15,True,1.977406,0.34274822
tsp_2415.graph,data/tsp_graphs/tsp_2415.graph,5,15,False,0.7753105,-0.2731064
tsp_2416.graph,data/tsp_graphs/tsp_2416.graph,5,15,True,0.59839916,-0.5764918
tsp_2417.graph,data/tsp_graphs/tsp_2417.graph,7,10,False,-0.06323624,-0.41789606
tsp_2418.graph,data/tsp_graphs/tsp_2418.graph,9,10,True,2.3156128,0.20132482
tsp_2419.graph,data/tsp_graphs/tsp_2419.graph,6,10,False,-0.8512535,-0.51896304
tsp_242.graph,data/tsp_graphs/tsp_242.graph,9,10,True,0.4080124,0.3863749
tsp_2420.graph,data/tsp_graphs/tsp_2420.graph,9,10,True,-0.7559929,0.1128878
tsp_2421.graph,data/tsp_graphs/tsp_2421.graph,8,15,False,-0.01423645,0.47773594
tsp_2422.graph,data/tsp_graphs/tsp_2422.graph,10,15,True,0.9587307,0.79285914
tsp_2423.graph,data/tsp_graphs/tsp_2423.graph,10,10,False,-1.2154655,0.036892593
tsp_2424.graph,data/tsp_graphs/tsp_2424.graph,7,20,True,0.090164185,0.3015719
tsp_2425.graph,data/tsp_graphs/tsp_2425.graph,8,10,False,-1.41922,0.01567328
tsp_2426.graph,data/tsp_graphs/tsp_2426.graph,8,20,True,-1.6124725,0.12614459
tsp_2427.graph,data/tsp_graphs/tsp_2427.graph,9,20,False,-1.2272491,0.42955893
tsp_2428.graph,data/tsp_graphs/tsp_2428.graph,5,10,True,0.41584015,-0.71891487
tsp_2429.graph,data/tsp_graphs/tsp_2429.graph,8,15,False,-1.9476318,0.23488945
tsp_243.graph,data/tsp_graphs/tsp_243.graph,6,10,False,-0.6111984,-0.44384181
tsp_2430.graph,data/tsp_graphs/tsp_2430.graph,6,15,True,0.68947315,-0.46777514
tsp_2431.graph,data/tsp_graphs/tsp_2431.graph,9,15,False,0.090797424,0.45032072
tsp_2432.graph,data/tsp_graphs/tsp_2432.graph,6,15,True,0.4865532,-0.42675608
tsp_2433.graph,data/tsp_graphs/tsp_2433.graph,10,20,False,0.28123474,0.43364847
tsp_2434.graph,data/tsp_graphs/tsp_2434.graph,5,20,True,1.2949181,-0.47261125
tsp_2435.graph,data/tsp_graphs/tsp_2435.graph,9,10,False,-0.51065063,0.13049245
tsp_2436.graph,data/tsp_graphs/tsp_2436.graph,6,15,True,1.7222843,-0.27312395
tsp_2437.graph,data/tsp_graphs/tsp_2437.graph,8,10,False,-1.2435379,0.05225593
tsp_2438.graph,data/tsp_graphs/tsp_2438.graph,9,10,True,0.62662506,0.036011875
tsp_2439.graph,data/tsp_graphs/tsp_2439.graph,10,20,False,-0.96170807,0.7465766
tsp_244.graph,data/tsp_graphs/tsp_244.graph,8,10,True,-0.5072136,-0.1935032
tsp_2440.graph,data/tsp_graphs/tsp_2440.graph,7,10,True,0.6326866,-0.28141755
tsp_2441.graph,data/tsp_graphs/tsp_2441.graph,6,20,False,-0.8235283,-0.17628881
tsp_2442.graph,data/tsp_graphs/tsp_2442.graph,5,20,True,-0.34270096,-0.3759771
tsp_2443.graph,data/tsp_graphs/tsp_2443.graph,9,10,False,-2.3642159,0.11237079
tsp_2444.graph,data/tsp_graphs/tsp_2444.graph,7,20,True,-0.47058868,-0.034309447
tsp_2445.graph,data/tsp_graphs/tsp_2445.graph,10,20,False,-1.2909775,0.38801748
tsp_2446.graph,data/tsp_graphs/tsp_2446.graph,5,20,True,1.3718567,-0.13864443
tsp_2447.graph,data/tsp_graphs/tsp_2447.graph,7,20,False,-0.8184471,0.03523165
tsp_2448.graph,data/tsp_graphs/tsp_2448.graph,7,10,True,0.15519714,-0.4293823
tsp_2449.graph,data/tsp_graphs/tsp_2449.graph,7,20,False,-0.96806335,0.15419263
tsp_245.graph,data/tsp_graphs/tsp_245.graph,7,20,False,0.27626038,0.14127272
tsp_2450.graph,data/tsp_graphs/tsp_2450.graph,6,20,True,-0.08869982,-0.013762474
tsp_2451.graph,data/tsp_graphs/tsp_2451.graph,5,10,False,-1.5529938,-0.6990733
tsp_2452.graph,data/tsp_graphs/tsp_2452.graph,10,10,True,-0.34851456,0.08442384
tsp_2453.graph,data/tsp_graphs/tsp_2453.graph,5,10,False,0.1696229,-0.97020006
tsp_2454.graph,data/tsp_graphs/tsp_2454.graph,5,10,True,0.22679901,-1.0342818
tsp_2455.graph,data/tsp_graphs/tsp_2455.graph,7,10,False,-0.59622955,-0.100645304
tsp_2456.graph,data/tsp_graphs/tsp_2456.graph,7,20,True,-0.3395462,0.066690445
tsp_2457.graph,data/tsp_graphs/tsp_2457.graph,5,10,False,-0.8279724,-0.5999811
tsp_2458.graph,data/tsp_graphs/tsp_2458.graph,10,15,True,1.3951778,0.9283373
tsp_2459.graph,data/tsp_graphs/tsp_2459.graph,9,10,False,-2.7332458,0.19734293
tsp_246.graph,data/tsp_graphs/tsp_246.graph,10,20,True,-0.41941833,0.7613285
tsp_2460.graph,data/tsp_graphs/tsp_2460.graph,5,20,True,-0.21759033,-0.80325085
tsp_2461.graph,data/tsp_graphs/tsp_2461.graph,8,15,False,0.100234985,0.08152336
tsp_2462.graph,data/tsp_graphs/tsp_2462.graph,8,20,True,0.37026978,0.48719877
tsp_2463.graph,data/tsp_graphs/tsp_2463.graph,8,10,False,-1.0321579,0.17428654
tsp_2464.graph,data/tsp_graphs/tsp_2464.graph,5,15,True,-0.13210678,-0.24279591
tsp_2465.graph,data/tsp_graphs/tsp_2465.graph,8,15,False,-1.250906,-0.23295581
tsp_2466.graph,data/tsp_graphs/tsp_2466.graph,7,10,True,1.1149712,-0.4745686
tsp_2467.graph,data/tsp_graphs/tsp_2467.graph,9,15,False,-1.6684418,0.034547746
tsp_2468.graph,data/tsp_graphs/tsp_2468.graph,7,15,True,0.26167774,0.16976845
tsp_2469.graph,data/tsp_graphs/tsp_2469.graph,7,20,False,-2.188511,0.012621105
tsp_247.graph,data/tsp_graphs/tsp_247.graph,6,10,False,-1.1202246,-1.0496078
tsp_2470.graph,data/tsp_graphs/tsp_2470.graph,9,15,True,-0.36491776,-0.0111218095
tsp_2471.graph,data/tsp_graphs/tsp_2471.graph,7,10,False,0.58228683,-0.34835124
tsp_2472.graph,data/tsp_graphs/tsp_2472.graph,9,20,True,0.83457947,0.65927416
tsp_2473.graph,data/tsp_graphs/tsp_2473.graph,6,20,False,-1.1892109,0.14001435
tsp_2474.graph,data/tsp_graphs/tsp_2474.graph,10,15,True,0.33615112,0.3420775
tsp_2475.graph,data/tsp_graphs/tsp_2475.graph,9,15,False,-1.2471905,0.31745106
tsp_2476.graph,data/tsp_graphs/tsp_2476.graph,10,20,True,-0.8874512,0.44826275
tsp_2477.graph,data/tsp_graphs/tsp_2477.graph,7,15,False,-2.0409594,-0.10859579
tsp_2478.graph,data/tsp_graphs/tsp_2478.graph,10,15,True,0.09883118,0.3559664
tsp_2479.graph,data/tsp_graphs/tsp_2479.graph,9,15,False,0.36502838,0.38075048
tsp_248.graph,data/tsp_graphs/tsp_248.graph,10,15,True,1.0918655,0.5738601
tsp_2480.graph,data/tsp_graphs/tsp_2480.graph,10,20,True,0.7524185,0.63980514
tsp_2481.graph,data/tsp_graphs/tsp_2481.graph,10,10,False,1.720787,0.100265205
tsp_2482.graph,data/tsp_graphs/tsp_2482.graph,6,10,True,2.6334991,-0.4422742
tsp_2483.graph,data/tsp_graphs/tsp_2483.graph,6,15,False,0.4402218,-0.3347633
tsp_2484.graph,data/tsp_graphs/tsp_2484.graph,9,15,True,0.4222107,0.4478023
tsp_2485.graph,data/tsp_graphs/tsp_2485.graph,6,20,False,-1.0697937,-0.15123019
tsp_2486.graph,data/tsp_graphs/tsp_2486.graph,9,15,True,-0.4655652,0.7335754
tsp_2487.graph,data/tsp_graphs/tsp_2487.graph,6,10,False,-0.14662933,-0.42947814
tsp_2488.graph,data/tsp_graphs/tsp_2488.graph,8,20,True,0.3814392,0.60200936
tsp_2489.graph,data/tsp_graphs/tsp_2489.graph,9,15,False,-0.13445759,0.68554157
tsp_249.graph,data/tsp_graphs/tsp_249.graph,6,15,False,-0.36618423,-0.24029544
tsp_2490.graph,data/tsp_graphs/tsp_2490.graph,6,20,True,0.94620514,0.16007084
tsp_2491.graph,data/tsp_graphs/tsp_2491.graph,7,15,False,-0.90857506,-0.20040396
tsp_2492.graph,data/tsp_graphs/tsp_2492.graph,5,15,True,0.7042804,-0.48636115
tsp_2493.graph,data/tsp_graphs/tsp_2493.graph,8,20,False,-1.5528412,0.09915489
tsp_2494.graph,data/tsp_graphs/tsp_2494.graph,9,10,True,2.119872,0.2238605
tsp_2495.graph,data/tsp_graphs/tsp_2495.graph,7,20,False,-1.1803455,0.37965697
tsp_2496.graph,data/tsp_graphs/tsp_2496.graph,9,10,True,0.9029732,-0.18158013
tsp_2497.graph,data/tsp_graphs/tsp_2497.graph,8,20,False,0.46712875,-0.07905954
tsp_2498.graph,data/tsp_graphs/tsp_2498.graph,9,10,True,-0.75902367,-0.21844614
tsp_2499.graph,data/tsp_graphs/tsp_2499.graph,8,20,False,0.3131485,0.4332716
tsp_25.graph,data/tsp_graphs/tsp_25.graph,10,10,False,-0.2812729,0.59788924
tsp_250.graph,data/tsp_graphs/tsp_250.graph,5,15,True,0.87646484,-0.78107834
tsp_2500.graph,data/tsp_graphs/tsp_2500.graph,5,15,True,-0.08943653,-0.46711016
tsp_2501.graph,data/tsp_graphs/tsp_2501.graph,8,10,False,-0.7735748,-0.30235073
tsp_2502.graph,data/tsp_graphs/tsp_2502.graph,7,15,True,-1.1701899,-0.05380088
tsp_2503.graph,data/tsp_graphs/tsp_2503.graph,7,10,False,-1.1685944,-0.37053502
tsp_2504.graph,data/tsp_graphs/tsp_2504.graph,10,10,True,0.16134644,0.34603375
tsp_2505.graph,data/tsp_graphs/tsp_2505.graph,9,10,False,-1.5965271,0.26937205
tsp_2506.graph,data/tsp_graphs/tsp_2506.graph,8,15,True,0.605526,0.52442235
tsp_2507.graph,data/tsp_graphs/tsp_2507.graph,5,10,False,-1.0652771,-0.6287489
tsp_2508.graph,data/tsp_graphs/tsp_2508.graph,10,20,True,1.0954666,0.51246196
tsp_2509.graph,data/tsp_graphs/tsp_2509.graph,9,10,False,0.9892273,-0.107280314
tsp_251.graph,data/tsp_graphs/tsp_251.graph,7,15,False,-1.2912674,-0.19244686
tsp_2510.graph,data/tsp_graphs/tsp_2510.graph,10,10,True,-0.46500015,0.45344275
tsp_2511.graph,data/tsp_graphs/tsp_2511.graph,10,15,False,0.7236061,0.34263986
tsp_2512.graph,data/tsp_graphs/tsp_2512.graph,7,15,True,0.8924763,-0.2571895
tsp_2513.graph,data/tsp_graphs/tsp_2513.graph,5,10,False,-0.33953857,-0.67375416
tsp_2514.graph,data/tsp_graphs/tsp_2514.graph,8,10,True,2.364769,0.12024331
tsp_2515.graph,data/tsp_graphs/tsp_2515.graph,9,10,False,-2.343708,-0.0807164
tsp_2516.graph,data/tsp_graphs/tsp_2516.graph,10,15,True,-0.5888481,0.46320635
tsp_2517.graph,data/tsp_graphs/tsp_2517.graph,9,20,False,-1.3599434,0.71001655
tsp_2518.graph,data/tsp_graphs/tsp_2518.graph,8,15,True,0.4989853,0.15492052
tsp_2519.graph,data/tsp_graphs/tsp_2519.graph,7,20,False,0.63279724,-0.020064384
tsp_252.graph,data/tsp_graphs/tsp_252.graph,7,20,True,0.6202936,0.226654
tsp_2520.graph,data/tsp_graphs/tsp_2520.graph,5,15,True,1.6572456,-0.4522349
tsp_2521.graph,data/tsp_graphs/tsp_2521.graph,9,20,False,-0.7163162,0.49430603
tsp_2522.graph,data/tsp_graphs/tsp_2522.graph,5,10,True,0.20035553,-0.91322947
tsp_2523.graph,data/tsp_graphs/tsp_2523.graph,8,20,False,-0.5139046,0.3382241
tsp_2524.graph,data/tsp_graphs/tsp_2524.graph,8,20,True,0.5592804,0.23269695
tsp_2525.graph,data/tsp_graphs/tsp_2525.graph,5,15,False,-0.60183024,-0.39912313
tsp_2526.graph,data/tsp_graphs/tsp_2526.graph,7,15,True,-0.5603256,0.13301128
tsp_2527.graph,data/tsp_graphs/tsp_2527.graph,8,20,False,0.061164856,0.4031706
tsp_2528.graph,data/tsp_graphs/tsp_2528.graph,6,10,True,1.872078,-0.3197232
tsp_2529.graph,data/tsp_graphs/tsp_2529.graph,6,10,False,-0.5720215,-0.46701443
tsp_253.graph,data/tsp_graphs/tsp_253.graph,8,15,False,-0.8059654,0.013538659
tsp_2530.graph,data/tsp_graphs/tsp_2530.graph,5,10,True,0.30096817,-0.68094814
tsp_2531.graph,data/tsp_graphs/tsp_2531.graph,7,10,False,-0.38219452,-0.47589064
tsp_2532.graph,data/tsp_graphs/tsp_2532.graph,7,20,True,1.1255417,0.26099318
tsp_2533.graph,data/tsp_graphs/tsp_2533.graph,10,15,False,0.78676987,0.38656497
tsp_2534.graph,data/tsp_graphs/tsp_2534.graph,5,10,True,0.42555618,-0.73996747
tsp_2535.graph,data/tsp_graphs/tsp_2535.graph,5,15,False,-3.386795,-0.5772223
tsp_2536.graph,data/tsp_graphs/tsp_2536.graph,8,15,True,-1.0020638,0.19829398
tsp_2537.graph,data/tsp_graphs/tsp_2537.graph,7,20,False,-0.71066284,0.3149665
tsp_2538.graph,data/tsp_graphs/tsp_2538.graph,9,15,True,0.8479309,0.4633246
tsp_2539.graph,data/tsp_graphs/tsp_2539.graph,7,15,False,1.148787,-0.12479699
tsp_254.graph,data/tsp_graphs/tsp_254.graph,10,20,True,0.99674225,0.6449289
tsp_2540.graph,data/tsp_graphs/tsp_2540.graph,7,10,True,1.1205139,0.04145366
tsp_2541.graph,data/tsp_graphs/tsp_2541.graph,7,10,False,-0.1495285,0.041215956
tsp_2542.graph,data/tsp_graphs/tsp_2542.graph,6,10,True,2.4486923,-0.25430223
tsp_2543.graph,data/tsp_graphs/tsp_2543.graph,7,20,False,-0.6377182,0.10763878
tsp_2544.graph,data/tsp_graphs/tsp_2544.graph,9,20,True,0.3402481,0.53452617
tsp_2545.graph,data/tsp_graphs/tsp_2545.graph,9,15,False,-1.0120945,0.365519
tsp_2546.graph,data/tsp_graphs/tsp_2546.graph,9,20,True,-0.6804886,0.40625376
tsp_2547.graph,data/tsp_graphs/tsp_2547.graph,10,10,False,-2.7490768,0.5017045
tsp_2548.graph,data/tsp_graphs/tsp_2548.graph,5,15,True,1.2085686,-0.39391205
tsp_2549.graph,data/tsp_graphs/tsp_2549.graph,7,20,False,-0.53367996,0.076369286
tsp_255.graph,data/tsp_graphs/tsp_255.graph,6,20,False,-1.327385,0.04025525
tsp_2550.graph,data/tsp_graphs/tsp_2550.graph,8,15,True,-1.5827253,0.17493361
tsp_2551.graph,data/tsp_graphs/tsp_2551.graph,7,15,False,-0.25061417,-0.04047942
tsp_2552.graph,data/tsp_graphs/tsp_2552.graph,9,15,True,-1.8722663,0.007887423
tsp_2553.graph,data/tsp_graphs/tsp_2553.graph,5,15,False,0.9714937,-0.48150745
tsp_2554.graph,data/tsp_graphs/tsp_2554.graph,9,10,True,2.4637299,0.2912264
tsp_2555.graph,data/tsp_graphs/tsp_2555.graph,9,20,False,-0.64540863,0.33161503
tsp_2556.graph,data/tsp_graphs/tsp_2556.graph,9,20,True,0.9721527,0.5569797
tsp_2557.graph,data/tsp_graphs/tsp_2557.graph,7,10,False,-0.5081978,-0.20848578
tsp_2558.graph,data/tsp_graphs/tsp_2558.graph,10,15,True,-1.6712189,0.44592005
tsp_2559.graph,data/tsp_graphs/tsp_2559.graph,8,15,False,-1.2044315,0.3698055
tsp_256.graph,data/tsp_graphs/tsp_256.graph,8,10,True,2.4274063,-0.034385324
tsp_2560.graph,data/tsp_graphs/tsp_2560.graph,8,10,True,2.5058975,0.19140315
tsp_2561.graph,data/tsp_graphs/tsp_2561.graph,6,15,False,-0.0917483,-0.3719055
tsp_2562.graph,data/tsp_graphs/tsp_2562.graph,8,15,True,1.1502273,0.5246206
tsp_2563.graph,data/tsp_graphs/tsp_2563.graph,7,15,False,-0.54669,-0.15255997
tsp_2564.graph,data/tsp_graphs/tsp_2564.graph,7,10,True,0.25846863,-0.3508609
tsp_2565.graph,data/tsp_graphs/tsp_2565.graph,7,20,False,-0.5787773,0.3300897
tsp_2566.graph,data/tsp_graphs/tsp_2566.graph,10,10,True,0.012641907,0.27478832
tsp_2567.graph,data/tsp_graphs/tsp_2567.graph,7,10,False,0.09814453,-0.41705176
tsp_2568.graph,data/tsp_graphs/tsp_2568.graph,5,15,True,1.8201008,-0.20845562
tsp_2569.graph,data/tsp_graphs/tsp_2569.graph,8,20,False,-0.40361023,0.49074537
tsp_257.graph,data/tsp_graphs/tsp_257.graph,5,10,False,-1.1071014,-0.46587408
tsp_2570.graph,data/tsp_graphs/tsp_2570.graph,5,20,True,0.21654984,-0.20350435
tsp_2571.graph,data/tsp_graphs/tsp_2571.graph,8,15,False,-1.0395141,-0.1012398
tsp_2572.graph,data/tsp_graphs/tsp_2572.graph,6,10,True,-0.34968948,-0.34416693
tsp_2573.graph,data/tsp_graphs/tsp_2573.graph,9,20,False,-1.4332275,0.70440537
tsp_2574.graph,data/tsp_graphs/tsp_2574.graph,10,10,True,-1.5224228,0.14883476
tsp_2575.graph,data/tsp_graphs/tsp_2575.graph,10,10,False,-2.4850616,0.33024448
tsp_2576.graph,data/tsp_graphs/tsp_2576.graph,7,10,True,0.53292847,-0.34257388
tsp_2577.graph,data/tsp_graphs/tsp_2577.graph,6,10,False,-1.6085281,-0.2654901
tsp_2578.graph,data/tsp_graphs/tsp_2578.graph,5,15,True,0.16978645,-0.46918035
tsp_2579.graph,data/tsp_graphs/tsp_2579.graph,6,20,False,0.94620895,-0.17477709
tsp_258.graph,data/tsp_graphs/tsp_258.graph,7,10,True,1.6305923,-0.2996264
tsp_2580.graph,data/tsp_graphs/tsp_2580.graph,9,10,True,1.1164398,0.3624118
tsp_2581.graph,data/tsp_graphs/tsp_2581.graph,6,15,False,-0.9516182,-0.30538976
tsp_2582.graph,data/tsp_graphs/tsp_2582.graph,7,10,True,0.12713623,-0.6789053
tsp_2583.graph,data/tsp_graphs/tsp_2583.graph,10,20,False,-0.1472702,0.42667514
tsp_2584.graph,data/tsp_graphs/tsp_2584.graph,7,10,True,2.2347946,-0.17363515
tsp_2585.graph,data/tsp_graphs/tsp_2585.graph,5,15,False,1.6209087,-0.21396741
tsp_2586.graph,data/tsp_graphs/tsp_2586.graph,8,15,True,0.07129383,0.1780011
tsp_2587.graph,data/tsp_graphs/tsp_2587.graph,6,15,False,0.284729,-0.15906483
tsp_2588.graph,data/tsp_graphs/tsp_2588.graph,5,15,True,0.61052036,-0.44183797
tsp_2589.graph,data/tsp_graphs/tsp_2589.graph,9,20,False,-0.6857605,0.5071302
tsp_259.graph,data/tsp_graphs/tsp_259.graph,7,15,False,-0.8081143,-0.24508603
tsp_2590.graph,data/tsp_graphs/tsp_2590.graph,6,15,True,-0.44963646,-0.45018035
tsp_2591.graph,data/tsp_graphs/tsp_2591.graph,7,10,False,0.5102825,-0.34605163
tsp_2592.graph,data/tsp_graphs/tsp_2592.graph,9,10,True,1.3848305,-0.009110749
tsp_2593.graph,data/tsp_graphs/tsp_2593.graph,6,10,False,1.6395874,-0.47998834
tsp_2594.graph,data/tsp_graphs/tsp_2594.graph,7,15,True,-0.39668655,-0.17162457
tsp_2595.graph,data/tsp_graphs/tsp_2595.graph,9,10,False,-0.78326416,0.21635205
tsp_2596.graph,data/tsp_graphs/tsp_2596.graph,7,20,True,0.11771202,0.17461067
tsp_2597.graph,data/tsp_graphs/tsp_2597.graph,9,10,False,-1.266674,0.3338564
tsp_2598.graph,data/tsp_graphs/tsp_2598.graph,5,20,True,-0.64185166,-0.093706965
tsp_2599.graph,data/tsp_graphs/tsp_2599.graph,6,20,False,1.2039852,-0.04026243
tsp_26.graph,data/tsp_graphs/tsp_26.graph,9,10,True,0.58982086,0.09954643
tsp_260.graph,data/tsp_graphs/tsp_260.graph,10,10,True,-0.21287537,-0.107204735
tsp_2600.graph,data/tsp_graphs/tsp_2600.graph,7,20,True,-0.61930466,0.22984225
tsp_2601.graph,data/tsp_graphs/tsp_2601.graph,9,20,False,0.9335251,0.42540616
tsp_2602.graph,data/tsp_graphs/tsp_2602.graph,5,20,True,-0.27278137,-0.002877295
tsp_2603.graph,data/tsp_graphs/tsp_2603.graph,6,15,False,-0.6088848,-0.21169055
tsp_2604.graph,data/tsp_graphs/tsp_2604.graph,8,15,True,1.2236615,0.42493004
tsp_2605.graph,data/tsp_graphs/tsp_2605.graph,6,15,False,-0.2868805,-0.59989965
tsp_2606.graph,data/tsp_graphs/tsp_2606.graph,10,10,True,-0.5027809,0.15298826
tsp_2607.graph,data/tsp_graphs/tsp_2607.graph,10,15,False,-1.5997009,0.25737756
tsp_2608.graph,data/tsp_graphs/tsp_2608.graph,10,15,True,0.8238487,0.6679236
tsp_2609.graph,data/tsp_graphs/tsp_2609.graph,8,15,False,1.0621881,0.43831235
tsp_261.graph,data/tsp_graphs/tsp_261.graph,8,15,False,-1.836812,-0.12954491
tsp_2610.graph,data/tsp_graphs/tsp_2610.graph,5,10,True,0.3912468,-0.85825765
tsp_2611.graph,data/tsp_graphs/tsp_2611.graph,9,15,False,-1.2516174,0.44792098
tsp_2612.graph,data/tsp_graphs/tsp_2612.graph,9,10,True,2.4259186,0.44913942
tsp_2613.graph,data/tsp_graphs/tsp_2613.graph,9,10,False,-0.6576767,0.038984716
tsp_2614.graph,data/tsp_graphs/tsp_2614.graph,5,20,True,0.41699982,-0.35414284
tsp_2615.graph,data/tsp_graphs/tsp_2615.graph,9,10,False,0.3238716,0.0638023
tsp_2616.graph,data/tsp_graphs/tsp_2616.graph,8,10,True,-1.6052704,0.11580336
tsp_2617.graph,data/tsp_graphs/tsp_2617.graph,7,15,False,-0.10160065,-0.15624315
tsp_2618.graph,data/tsp_graphs/tsp_2618.graph,7,10,True,1.3417435,-0.28600705
tsp_2619.graph,data/tsp_graphs/tsp_2619.graph,6,20,False,1.3097506,-0.01111567
tsp_262.graph,data/tsp_graphs/tsp_262.graph,6,15,True,2.1840057,-0.19699955
tsp_2620.graph,data/tsp_graphs/tsp_2620.graph,9,10,True,0.015705109,-0.033825576
tsp_2621.graph,data/tsp_graphs/tsp_2621.graph,5,20,False,0.19090271,-0.17964327
tsp_2622.graph,data/tsp_graphs/tsp_2622.graph,8,10,True,0.111385345,-0.15254804
tsp_2623.graph,data/tsp_graphs/tsp_2623.graph,7,20,False,-1.263771,0.31354606
tsp_2624.graph,data/tsp_graphs/tsp_2624.graph,7,15,True,1.03156,-0.15283072
tsp_2625.graph,data/tsp_graphs/tsp_2625.graph,9,20,False,-1.0253983,0.25509077
tsp_2626.graph,data/tsp_graphs/tsp_2626.graph,10,15,True,0.065395355,0.6934095
tsp_2627.graph,data/tsp_graphs/tsp_2627.graph,10,10,False,-0.68592834,0.36800534
tsp_2628.graph,data/tsp_graphs/tsp_2628.graph,5,15,True,0.13816452,-0.3464172
tsp_2629.graph,data/tsp_graphs/tsp_2629.graph,6,15,False,-0.76553917,-0.3829287
tsp_263.graph,data/tsp_graphs/tsp_263.graph,6,20,False,-1.7428036,-0.15594882
tsp_2630.graph,data/tsp_graphs/tsp_2630.graph,8,20,True,-0.23197174,0.5845757
tsp_2631.graph,data/tsp_graphs/tsp_2631.graph,7,15,False,0.39022735,0.32387656
tsp_2632.graph,data/tsp_graphs/tsp_2632.graph,8,15,True,1.7339356,0.39744192
tsp_2633.graph,data/tsp_graphs/tsp_2633.graph,7,20,False,-0.5528183,-0.24244674
tsp_2634.graph,data/tsp_graphs/tsp_2634.graph,7,10,True,0.37397766,-0.26700085
tsp_2635.graph,data/tsp_graphs/tsp_2635.graph,5,15,False,-1.0498295,-0.46474993
tsp_2636.graph,data/tsp_graphs/tsp_2636.graph,10,20,True,-0.09740448,0.39281076
tsp_2637.graph,data/tsp_graphs/tsp_2637.graph,9,10,False,0.658947,-0.17920345
tsp_2638.graph,data/tsp_graphs/tsp_2638.graph,10,10,True,1.2646046,0.0351668
tsp_2639.graph,data/tsp_graphs/tsp_2639.graph,10,20,False,0.85014343,0.65393597
tsp_264.graph,data/tsp_graphs/tsp_264.graph,10,20,True,1.2458725,0.6741987
tsp_2640.graph,data/tsp_graphs/tsp_2640.graph,9,20,True,0.47766113,0.21486872
tsp_2641.graph,data/tsp_graphs/tsp_2641.graph,6,15,False,-1.154171,-0.63501686
tsp_2642.graph,data/tsp_graphs/tsp_2642.graph,10,20,True,1.4898605,0.53516597
tsp_2643.graph,data/tsp_graphs/tsp_2643.graph,5,20,False,-1.701231,-0.38422787
tsp_2644.graph,data/tsp_graphs/tsp_2644.graph,5,10,True,0.022140503,-0.66879344
tsp_2645.graph,data/tsp_graphs/tsp_2645.graph,10,10,False,-3.0744705,0.35242432
tsp_2646.graph,data/tsp_graphs/tsp_2646.graph,5,20,True,-0.7357216,-0.039639235
tsp_2647.graph,data/tsp_graphs/tsp_2647.graph,5,10,False,-0.28025818,-0.959833
tsp_2648.graph,data/tsp_graphs/tsp_2648.graph,9,20,True,1.5437622,0.44946593
tsp_2649.graph,data/tsp_graphs/tsp_2649.graph,5,20,False,-2.267857,-0.6771194
tsp_265.graph,data/tsp_graphs/tsp_265.graph,5,20,False,-0.5126686,-0.23824781
tsp_2650.graph,data/tsp_graphs/tsp_2650.graph,10,15,True,0.74092746,0.69797796
tsp_2651.graph,data/tsp_graphs/tsp_2651.graph,7,20,False,0.73506546,-0.014450967
tsp_2652.graph,data/tsp_graphs/tsp_2652.graph,10,20,True,0.6085968,0.42251498
tsp_2653.graph,data/tsp_graphs/tsp_2653.graph,5,10,False,-0.29493237,-1.2214866
tsp_2654.graph,data/tsp_graphs/tsp_2654.graph,10,20,True,0.1496582,0.85015553
tsp_2655.graph,data/tsp_graphs/tsp_2655.graph,7,15,False,-1.2152271,-0.32656068
tsp_2656.graph,data/tsp_graphs/tsp_2656.graph,6,15,True,0.71530914,-0.070322335
tsp_2657.graph,data/tsp_graphs/tsp_2657.graph,7,20,False,-1.2254181,0.13972723
tsp_2658.graph,data/tsp_graphs/tsp_2658.graph,6,15,True,-0.023918152,-0.55224127
tsp_2659.graph,data/tsp_graphs/tsp_2659.graph,8,15,False,-1.1929998,-0.10672861
tsp_266.graph,data/tsp_graphs/tsp_266.graph,6,15,True,-0.18238544,-0.3942345
tsp_2660.graph,data/tsp_graphs/tsp_2660.graph,6,10,True,0.43888855,-0.30334222
tsp_2661.graph,data/tsp_graphs/tsp_2661.graph,8,10,False,-1.7633972,-0.5437482
tsp_2662.graph,data/tsp_graphs/tsp_2662.graph,6,20,True,2.1642914,-0.2411083
tsp_2663.graph,data/tsp_graphs/tsp_2663.graph,9,15,False,-0.6182251,0.115248024
tsp_2664.graph,data/tsp_graphs/tsp_2664.graph,7,20,True,-0.3320465,0.25824136
tsp_2665.graph,data/tsp_graphs/tsp_2665.graph,7,10,False,-0.99515533,-0.086946666
tsp_2666.graph,data/tsp_graphs/tsp_2666.graph,6,10,True,-0.1043396,-0.28287098
tsp_2667.graph,data/tsp_graphs/tsp_2667.graph,9,20,False,-0.69314575,0.23314494
tsp_2668.graph,data/tsp_graphs/tsp_2668.graph,7,15,True,1.654747,0.038736463
tsp_2669.graph,data/tsp_graphs/tsp_2669.graph,6,15,False,-1.3329353,-0.7807301
tsp_267.graph,data/tsp_graphs/tsp_267.graph,7,15,False,-0.55793875,-0.07541603
tsp_2670.graph,data/tsp_graphs/tsp_2670.graph,6,15,True,1.534626,-0.21052822
tsp_2671.graph,data/tsp_graphs/tsp_2671.graph,6,10,False,-0.342556,-0.6743071
tsp_2672.graph,data/tsp_graphs/tsp_2672.graph,10,20,True,0.9372635,0.8733874
tsp_2673.graph,data/tsp_graphs/tsp_2673.graph,5,15,False,-1.9607964,-0.5904153
tsp_2674.graph,data/tsp_graphs/tsp_2674.graph,5,10,True,0.45124817,-0.68682206
tsp_2675.graph,data/tsp_graphs/tsp_2675.graph,5,10,False,0.29576874,-0.71970487
tsp_2676.graph,data/tsp_graphs/tsp_2676.graph,8,10,True,0.8495636,-0.06287876
tsp_2677.graph,data/tsp_graphs/tsp_2677.graph,10,20,False,0.27570343,0.72850114
tsp_2678.graph,data/tsp_graphs/tsp_2678.graph,5,20,True,0.5429783,-0.07437739
tsp_2679.graph,data/tsp_graphs/tsp_2679.graph,10,10,False,0.27887726,0.3574993
tsp_268.graph,data/tsp_graphs/tsp_268.graph,8,15,True,-0.020620346,-0.02896735
tsp_2680.graph,data/tsp_graphs/tsp_2680.graph,6,10,True,2.416336,-0.38472643
tsp_2681.graph,data/tsp_graphs/tsp_2681.graph,9,10,False,-2.319542,0.2499727
tsp_2682.graph,data/tsp_graphs/tsp_2682.graph,10,10,True,0.96481323,0.10530782
tsp_2683.graph,data/tsp_graphs/tsp_2683.graph,8,15,False,-1.9583473,0.15204406
tsp_2684.graph,data/tsp_graphs/tsp_2684.graph,10,15,True,0.9739418,0.66504246
tsp_2685.graph,data/tsp_graphs/tsp_2685.graph,7,10,False,-0.98285675,-0.5640388
tsp_2686.graph,data/tsp_graphs/tsp_2686.graph,8,10,True,0.027086258,-0.09167057
tsp_2687.graph,data/tsp_graphs/tsp_2687.graph,6,15,False,-0.69161034,-0.4458326
tsp_2688.graph,data/tsp_graphs/tsp_2688.graph,10,20,True,-1.5668716,0.8112213
tsp_2689.graph,data/tsp_graphs/tsp_2689.graph,8,10,False,-1.3322296,-0.017723978
tsp_269.graph,data/tsp_graphs/tsp_269.graph,7,15,False,-0.7640848,-0.008402944
tsp_2690.graph,data/tsp_graphs/tsp_2690.graph,7,15,True,-0.6862793,0.16586334
tsp_2691.graph,data/tsp_graphs/tsp_2691.graph,10,15,False,-0.65011215,0.49501258
tsp_2692.graph,data/tsp_graphs/tsp_2692.graph,6,15,True,-0.7858715,-0.4126187
tsp_2693.graph,data/tsp_graphs/tsp_2693.graph,7,10,False,-0.5066681,-0.04021567
tsp_2694.graph,data/tsp_graphs/tsp_2694.graph,7,20,True,1.0116615,0.15547031
tsp_2695.graph,data/tsp_graphs/tsp_2695.graph,6,15,False,-1.3214054,-0.43949527
tsp_2696.graph,data/tsp_graphs/tsp_2696.graph,8,10,True,0.6904564,-0.15811926
tsp_2697.graph,data/tsp_graphs/tsp_2697.graph,8,10,False,-0.18581963,-0.5246391
tsp_2698.graph,data/tsp_graphs/tsp_2698.graph,5,20,True,0.28184128,-0.2575618
tsp_2699.graph,data/tsp_graphs/tsp_2699.graph,6,15,False,0.43634796,-0.529898
tsp_27.graph,data/tsp_graphs/tsp_27.graph,5,20,False,0.33711815,-0.2803964
tsp_270.graph,data/tsp_graphs/tsp_270.graph,8,10,True,2.1807556,0.21912163
tsp_2700.graph,data/tsp_graphs/tsp_2700.graph,7,10,True,2.2380028,-0.21746883
tsp_2701.graph,data/tsp_graphs/tsp_2701.graph,10,15,False,0.7318968,0.7867566
tsp_2702.graph,data/tsp_graphs/tsp_2702.graph,6,15,True,-0.8782711,-0.3059608
tsp_2703.graph,data/tsp_graphs/tsp_2703.graph,8,10,False,-1.4012222,0.075660646
tsp_2704.graph,data/tsp_graphs/tsp_2704.graph,9,10,True,0.5281601,-0.21537602
tsp_2705.graph,data/tsp_graphs/tsp_2705.graph,8,20,False,0.1936531,0.22877473
tsp_2706.graph,data/tsp_graphs/tsp_2706.graph,7,20,True,0.68344116,0.23857886
tsp_2707.graph,data/tsp_graphs/tsp_2707.graph,9,10,False,0.5578613,-0.13629848
tsp_2708.graph,data/tsp_graphs/tsp_2708.graph,8,15,True,0.17465973,0.18561989
tsp_2709.graph,data/tsp_graphs/tsp_2709.graph,6,15,False,1.6911087,-0.52245533
tsp_271.graph,data/tsp_graphs/tsp_271.graph,10,20,False,-2.0912476,0.36759925
tsp_2710.graph,data/tsp_graphs/tsp_2710.graph,7,20,True,-1.1153336,0.07077521
tsp_2711.graph,data/tsp_graphs/tsp_2711.graph,6,15,False,-0.95780754,-0.43007
tsp_2712.graph,data/tsp_graphs/tsp_2712.graph,10,20,True,0.97774124,0.93087393
tsp_2713.graph,data/tsp_graphs/tsp_2713.graph,10,20,False,1.3038483,0.5650644
tsp_2714.graph,data/tsp_graphs/tsp_2714.graph,7,10,True,1.573349,-0.17757031
tsp_2715.graph,data/tsp_graphs/tsp_2715.graph,8,10,False,-1.7110901,-0.098724544
tsp_2716.graph,data/tsp_graphs/tsp_2716.graph,8,15,True,-0.3625679,-0.026445389
tsp_2717.graph,data/tsp_graphs/tsp_2717.graph,5,10,False,0.26647186,-0.9701456
tsp_2718.graph,data/tsp_graphs/tsp_2718.graph,9,20,True,0.51586914,0.50507504
tsp_2719.graph,data/tsp_graphs/tsp_2719.graph,10,10,False,-0.2748909,0.31519097
tsp_272.graph,data/tsp_graphs/tsp_272.graph,8,10,True,-0.5542526,-0.47991183
tsp_2720.graph,data/tsp_graphs/tsp_2720.graph,5,20,True,1.3310971,-0.42337227
tsp_2721.graph,data/tsp_graphs/tsp_2721.graph,10,10,False,0.2081356,0.31763858
tsp_2722.graph,data/tsp_graphs/tsp_2722.graph,9,10,True,2.2099533,0.42708474
tsp_2723.graph,data/tsp_graphs/tsp_2723.graph,8,10,False,-0.23478699,-0.3932047
tsp_2724.graph,data/tsp_graphs/tsp_2724.graph,9,10,True,-1.6094513,0.056096435
tsp_2725.graph,data/tsp_graphs/tsp_2725.graph,9,15,False,0.75608444,0.6392744
tsp_2726.graph,data/tsp_graphs/tsp_2726.graph,7,15,True,0.32020187,0.1504358
tsp_2727.graph,data/tsp_graphs/tsp_2727.graph,9,10,False,0.7867737,0.33211112
tsp_2728.graph,data/tsp_graphs/tsp_2728.graph,8,20,True,0.5319748,0.312509
tsp_2729.graph,data/tsp_graphs/tsp_2729.graph,5,20,False,-0.21374321,-0.30785525
tsp_273.graph,data/tsp_graphs/tsp_273.graph,8,20,False,-0.19911194,0.1645841
tsp_2730.graph,data/tsp_graphs/tsp_2730.graph,9,20,True,-0.24466705,0.10953629
tsp_2731.graph,data/tsp_graphs/tsp_2731.graph,7,20,False,-1.1683979,0.47308135
tsp_2732.graph,data/tsp_graphs/tsp_2732.graph,10,15,True,0.22492218,0.5116444
tsp_2733.graph,data/tsp_graphs/tsp_2733.graph,8,15,False,-1.3696289,0.24255347
tsp_2734.graph,data/tsp_graphs/tsp_2734.graph,9,20,True,-0.2626648,0.58023053
tsp_2735.graph,data/tsp_graphs/tsp_2735.graph,7,10,False,-1.4910393,-0.41665334
tsp_2736.graph,data/tsp_graphs/tsp_2736.graph,8,15,True,0.21453476,0.46628708
tsp_2737.graph,data/tsp_graphs/tsp_2737.graph,7,10,False,-0.5890732,-0.5604938
tsp_2738.graph,data/tsp_graphs/tsp_2738.graph,7,15,True,2.7127037,0.09054798
tsp_2739.graph,data/tsp_graphs/tsp_2739.graph,8,15,False,0.13518429,0.14624798
tsp_274.graph,data/tsp_graphs/tsp_274.graph,9,15,True,0.4281578,0.17797834
tsp_2740.graph,data/tsp_graphs/tsp_2740.graph,10,15,True,0.7931442,0.8075648
tsp_2741.graph,data/tsp_graphs/tsp_2741.graph,10,15,False,-1.0739517,0.5977945
tsp_2742.graph,data/tsp_graphs/tsp_2742.graph,6,15,True,0.12041855,-0.12728393
tsp_2743.graph,data/tsp_graphs/tsp_2743.graph,10,20,False,-0.77759933,0.70643705
tsp_2744.graph,data/tsp_graphs/tsp_2744.graph,9,20,True,0.21075058,0.63777465
tsp_2745.graph,data/tsp_graphs/tsp_2745.graph,10,15,False,-1.0558534,0.7432881
tsp_2746.graph,data/tsp_graphs/tsp_2746.graph,8,10,True,3.0112762,-0.17326081
tsp_2747.graph,data/tsp_graphs/tsp_2747.graph,5,10,False,0.39723206,-0.58760685
tsp_2748.graph,data/tsp_graphs/tsp_2748.graph,6,10,True,-0.15144348,-0.39940974
tsp_2749.graph,data/tsp_graphs/tsp_2749.graph,8,20,False,0.70638275,0.18786448
tsp_275.graph,data/tsp_graphs/tsp_275.graph,7,10,False,-1.1541595,-0.66242754
tsp_2750.graph,data/tsp_graphs/tsp_2750.graph,5,15,True,0.7821121,-0.43093705
tsp_2751.graph,data/tsp_graphs/tsp_2751.graph,5,20,False,-0.92790604,-0.44537842
tsp_2752.graph,data/tsp_graphs/tsp_2752.graph,6,10,True,1.145256,-0.23643923
tsp_2753.graph,data/tsp_graphs/tsp_2753.graph,9,10,False,-0.4307518,-0.05871868
tsp_2754.graph,data/tsp_graphs/tsp_2754.graph,9,10,True,0.7217865,-0.045560926
tsp_2755.graph,data/tsp_graphs/tsp_2755.graph,8,10,False,-1.1465302,-0.22538576
tsp_2756.graph,data/tsp_graphs/tsp_2756.graph,8,20,True,1.7909851,0.5693975
tsp_2757.graph,data/tsp_graphs/tsp_2757.graph,8,20,False,-1.8414621,0.42469203
tsp_2758.graph,data/tsp_graphs/tsp_2758.graph,7,15,True,-0.34399796,-0.15170601
tsp_2759.graph,data/tsp_graphs/tsp_2759.graph,10,15,False,-1.9485703,0.68998
tsp_276.graph,data/tsp_graphs/tsp_276.graph,5,15,True,1.0163269,-0.53991854
tsp_2760.graph,data/tsp_graphs/tsp_2760.graph,10,10,True,-0.038232803,-0.43741637
tsp_2761.graph,data/tsp_graphs/tsp_2761.graph,9,10,False,-0.14622879,0.11861962
tsp_2762.graph,data/tsp_graphs/tsp_2762.graph,9,20,True,0.71865463,0.4851203
tsp_2763.graph,data/tsp_graphs/tsp_2763.graph,9,10,False,-0.798893,0.11445308
tsp_2764.graph,data/tsp_graphs/tsp_2764.graph,10,15,True,-0.7823143,0.5383746
tsp_2765.graph,data/tsp_graphs/tsp_2765.graph,6,15,False,-1.7409077,-0.7684406
tsp_2766.graph,data/tsp_graphs/tsp_2766.graph,10,15,True,-0.76179504,0.71213585
tsp_2767.graph,data/tsp_graphs/tsp_2767.graph,9,10,False,-0.60837173,-0.1348758
tsp_2768.graph,data/tsp_graphs/tsp_2768.graph,9,15,True,-0.59261703,0.41610152
tsp_2769.graph,data/tsp_graphs/tsp_2769.graph,10,10,False,-1.4965591,0.07636613
tsp_277.graph,data/tsp_graphs/tsp_277.graph,9,15,False,0.32204437,0.3628288
tsp_2770.graph,data/tsp_graphs/tsp_2770.graph,5,15,True,1.3566895,-0.36493093
tsp_2771.graph,data/tsp_graphs/tsp_2771.graph,9,10,False,-2.3086777,0.10461295
tsp_2772.graph,data/tsp_graphs/tsp_2772.graph,5,10,True,0.037368774,-0.7993244
tsp_2773.graph,data/tsp_graphs/tsp_2773.graph,7,10,False,-1.0301476,-0.24621889
tsp_2774.graph,data/tsp_graphs/tsp_2774.graph,7,20,True,0.64486694,0.11354989
tsp_2775.graph,data/tsp_graphs/tsp_2775.graph,9,20,False,-0.2921524,0.47457457
tsp_2776.graph,data/tsp_graphs/tsp_2776.graph,9,10,True,-1.0876617,0.18388349
tsp_2777.graph,data/tsp_graphs/tsp_2777.graph,7,20,False,-0.91412354,-0.15479445
tsp_2778.graph,data/tsp_graphs/tsp_2778.graph,10,20,True,2.0868912,0.70855266
tsp_2779.graph,data/tsp_graphs/tsp_2779.graph,5,20,False,-0.6032891,-0.56593996
tsp_278.graph,data/tsp_graphs/tsp_278.graph,9,20,True,-0.8172989,0.66547734
tsp_2780.graph,data/tsp_graphs/tsp_2780.graph,7,15,True,-1.0195236,-0.18092784
tsp_2781.graph,data/tsp_graphs/tsp_2781.graph,5,20,False,-0.6526966,-0.3113734
tsp_2782.graph,data/tsp_graphs/tsp_2782.graph,9,15,True,0.18412685,0.5472072
tsp_2783.graph,data/tsp_graphs/tsp_2783.graph,10,10,False,0.1720047,0.5260082
tsp_2784.graph,data/tsp_graphs/tsp_2784.graph,6,20,True,0.7416458,0.15782171
tsp_2785.graph,data/tsp_graphs/tsp_2785.graph,8,15,False,0.7881031,0.135755
tsp_2786.graph,data/tsp_graphs/tsp_2786.graph,10,20,True,0.17371368,0.49291688
tsp_2787.graph,data/tsp_graphs/tsp_2787.graph,10,20,False,-0.6176834,0.7078548
tsp_2788.graph,data/tsp_graphs/tsp_2788.graph,9,20,True,1.3929825,0.46962696
tsp_2789.graph,data/tsp_graphs/tsp_2789.graph,7,10,False,0.040590763,-0.57961065
tsp_279.graph,data/tsp_graphs/tsp_279.graph,10,10,False,0.34387589,0.3273245
tsp_2790.graph,data/tsp_graphs/tsp_2790.graph,10,20,True,1.4066925,0.9559019
tsp_2791.graph,data/tsp_graphs/tsp_2791.graph,9,10,False,0.5017624,0.2530741
tsp_2792.graph,data/tsp_graphs/tsp_2792.graph,9,10,True,1.3164825,0.45532376
tsp_2793.graph,data/tsp_graphs/tsp_2793.graph,9,15,False,-1.5892023,0.7441388
tsp_2794.graph,data/tsp_graphs/tsp_2794.graph,10,20,True,1.019661,0.5884803
tsp_2795.graph,data/tsp_graphs/tsp_2795.graph,7,15,False,-0.39788818,-0.23193038
tsp_2796.graph,data/tsp_graphs/tsp_2796.graph,9,10,True,0.30896378,-0.20179838
tsp_2797.graph,data/tsp_graphs/tsp_2797.graph,6,20,False,-1.3877811,-0.22375858
tsp_2798.graph,data/tsp_graphs/tsp_2798.graph,10,10,True,0.4814129,0.2456078
tsp_2799.graph,data/tsp_graphs/tsp_2799.graph,10,15,False,-0.28075027,0.5482934
tsp_28.graph,data/tsp_graphs/tsp_28.graph,6,20,True,-0.5648079,-0.059161574
tsp_280.graph,data/tsp_graphs/tsp_280.graph,10,10,True,-0.34657288,-0.26072487
tsp_2800.graph,data/tsp_graphs/tsp_2800.graph,6,15,True,-0.12118614,-0.20836261
tsp_2801.graph,data/tsp_graphs/tsp_2801.graph,5,10,False,0.21763611,-0.7492733
tsp_2802.graph,data/tsp_graphs/tsp_2802.graph,5,15,True,0.71589184,-0.32891923
tsp_2803.graph,data/tsp_graphs/tsp_2803.graph,10,20,False,0.45162964,0.5506154
tsp_2804.graph,data/tsp_graphs/tsp_2804.graph,7,15,True,-1.0370121,0.21476096
tsp_2805.graph,data/tsp_graphs/tsp_2805.graph,9,10,False,-0.5776863,-0.13057348
tsp_2806.graph,data/tsp_graphs/tsp_2806.graph,8,15,True,-0.13357544,0.2956794
tsp_2807.graph,data/tsp_graphs/tsp_2807.graph,8,15,False,-1.3011446,-0.118202835
tsp_2808.graph,data/tsp_graphs/tsp_2808.graph,7,10,True,-0.6199341,-0.15470129
tsp_2809.graph,data/tsp_graphs/tsp_2809.graph,6,10,False,0.7151451,-0.45925114
tsp_281.graph,data/tsp_graphs/tsp_281.graph,7,20,False,-1.8555984,0.02562648
tsp_2810.graph,data/tsp_graphs/tsp_2810.graph,5,20,True,1.841949,-0.32634592
tsp_2811.graph,data/tsp_graphs/tsp_2811.graph,5,10,False,-0.011871338,-0.6774476
tsp_2812.graph,data/tsp_graphs/tsp_2812.graph,6,20,True,-1.4481258,-0.26672035
tsp_2813.graph,data/tsp_graphs/tsp_2813.graph,6,15,False,0.4033718,-0.36509156
tsp_2814.graph,data/tsp_graphs/tsp_2814.graph,8,20,True,0.24256897,0.08070344
tsp_2815.graph,data/tsp_graphs/tsp_2815.graph,8,15,False,0.1388588,0.035467982
tsp_2816.graph,data/tsp_graphs/tsp_2816.graph,7,20,True,0.85163116,-0.0120075345
tsp_2817.graph,data/tsp_graphs/tsp_2817.graph,7,10,False,-0.90198135,-0.34043694
tsp_2818.graph,data/tsp_graphs/tsp_2818.graph,6,15,True,-0.2935717,-0.42478162
tsp_2819.graph,data/tsp_graphs/tsp_2819.graph,7,15,False,-1.05686,-0.030781984
tsp_282.graph,data/tsp_graphs/tsp_282.graph,6,15,True,-0.8149185,-0.73554677
tsp_2820.graph,data/tsp_graphs/tsp_2820.graph,6,10,True,-0.11896896,-0.5905543
tsp_2821.graph,data/tsp_graphs/tsp_2821.graph,10,10,False,-1.200779,0.2556715
tsp_2822.graph,data/tsp_graphs/tsp_2822.graph,7,15,True,0.44740582,0.19661933
tsp_2823.graph,data/tsp_graphs/tsp_2823.graph,8,10,False,-1.4002495,-0.48858726
tsp_2824.graph,data/tsp_graphs/tsp_2824.graph,8,10,True,0.49752045,-0.084202826
tsp_2825.graph,data/tsp_graphs/tsp_2825.graph,5,20,False,-1.43927,-0.083168626
tsp_2826.graph,data/tsp_graphs/tsp_2826.graph,6,20,True,0.5263901,-0.2806611
tsp_2827.graph,data/tsp_graphs/tsp_2827.graph,5,15,False,0.098148346,-0.9086954
tsp_2828.graph,data/tsp_graphs/tsp_2828.graph,7,10,True,1.2260971,0.030727148
tsp_2829.graph,data/tsp_graphs/tsp_2829.graph,8,15,False,-1.6728964,0.3486603
tsp_283.graph,data/tsp_graphs/tsp_283.graph,5,15,False,0.5553789,-0.36180592
tsp_2830.graph,data/tsp_graphs/tsp_2830.graph,8,10,True,0.682312,-0.40748855
tsp_2831.graph,data/tsp_graphs/tsp_2831.graph,5,15,False,-0.4522133,-0.24632585
tsp_2832.graph,data/tsp_graphs/tsp_2832.graph,8,15,True,0.79955673,0.08510548
tsp_2833.graph,data/tsp_graphs/tsp_2833.graph,9,10,False,0.7668419,0.013531268
tsp_2834.graph,data/tsp_graphs/tsp_2834.graph,10,10,True,-0.040462494,0.15976346
tsp_2835.graph,data/tsp_graphs/tsp_2835.graph,5,10,False,-1.4431076,-0.7007798
tsp_2836.graph,data/tsp_graphs/tsp_2836.graph,7,10,True,2.560997,-0.2510922
tsp_2837.graph,data/tsp_graphs/tsp_2837.graph,5,20,False,0.9892473,-0.07046878
tsp_2838.graph,data/tsp_graphs/tsp_2838.graph,6,15,True,1.0819852,-0.123547375
tsp_2839.graph,data/tsp_graphs/tsp_2839.graph,10,20,False,-0.2425003,0.41566294
tsp_284.graph,data/tsp_graphs/tsp_284.graph,7,15,True,1.9129705,0.013929486
tsp_2840.graph,data/tsp_graphs/tsp_2840.graph,5,15,True,0.59703636,-0.17035499
tsp_2841.graph,data/tsp_graphs/tsp_2841.graph,7,15,False,-0.76444435,0.20647007
tsp_2842.graph,data/tsp_graphs/tsp_2842.graph,7,20,True,2.9773026,0.13286442
tsp_2843.graph,data/tsp_graphs/tsp_2843.graph,5,15,False,0.1623764,-0.32901174
tsp_2844.graph,data/tsp_graphs/tsp_2844.graph,7,10,True,0.3759079,-0.1818515
tsp_2845.graph,data/tsp_graphs/tsp_2845.graph,6,15,False,-0.56763077,-0.16152698
tsp_2846.graph,data/tsp_graphs/tsp_2846.graph,7,10,True,-1.0294876,-0.035088122
tsp_2847.graph,data/tsp_graphs/tsp_2847.graph,10,20,False,-1.2835083,0.5131683
tsp_2848.graph,data/tsp_graphs/tsp_2848.graph,7,10,True,1.914608,-0.2962986
tsp_2849.graph,data/tsp_graphs/tsp_2849.graph,9,20,False,-0.4287796,0.5037569
tsp_285.graph,data/tsp_graphs/tsp_285.graph,8,15,False,-0.28463364,0.026706755
tsp_2850.graph,data/tsp_graphs/tsp_2850.graph,10,20,True,0.22699738,0.4099176
tsp_2851.graph,data/tsp_graphs/tsp_2851.graph,8,10,False,0.4348526,0.1495263
tsp_2852.graph,data/tsp_graphs/tsp_2852.graph,9,20,True,2.0393982,0.54943055
tsp_2853.graph,data/tsp_graphs/tsp_2853.graph,9,20,False,-0.098526,0.26737112
tsp_2854.graph,data/tsp_graphs/tsp_2854.graph,9,10,True,0.721344,0.29107922
tsp_2855.graph,data/tsp_graphs/tsp_2855.graph,5,10,False,-2.3667374,-0.7110028
tsp_2856.graph,data/tsp_graphs/tsp_2856.graph,5,10,True,0.18793106,-0.8007596
tsp_2857.graph,data/tsp_graphs/tsp_2857.graph,10,15,False,-0.8325777,0.5647796
tsp_2858.graph,data/tsp_graphs/tsp_2858.graph,9,15,True,0.20508194,0.42135483
tsp_2859.graph,data/tsp_graphs/tsp_2859.graph,10,20,False,-0.5851898,0.7420588
tsp_286.graph,data/tsp_graphs/tsp_286.graph,7,15,True,0.16858101,-0.04756403
tsp_2860.graph,data/tsp_graphs/tsp_2860.graph,9,15,True,-0.50947976,0.22152925
tsp_2861.graph,data/tsp_graphs/tsp_2861.graph,5,15,False,0.18538952,-0.47138608
tsp_2862.graph,data/tsp_graphs/tsp_2862.graph,6,20,True,-0.68087006,-0.40140626
tsp_2863.graph,data/tsp_graphs/tsp_2863.graph,8,10,False,0.6877861,-0.4316324
tsp_2864.graph,data/tsp_graphs/tsp_2864.graph,7,20,True,-0.5574112,0.16540343
tsp_2865.graph,data/tsp_graphs/tsp_2865.graph,9,15,False,-0.3538561,0.16802233
tsp_2866.graph,data/tsp_graphs/tsp_2866.graph,9,20,True,0.9911003,0.5074566
tsp_2867.graph,data/tsp_graphs/tsp_2867.graph,7,10,False,-0.46618652,0.02964598
tsp_2868.graph,data/tsp_graphs/tsp_2868.graph,9,15,True,-0.37840652,0.17992026
tsp_2869.graph,data/tsp_graphs/tsp_2869.graph,8,10,False,-0.65044785,-0.14114329
tsp_287.graph,data/tsp_graphs/tsp_287.graph,6,15,False,-0.50499725,-0.48277822
tsp_2870.graph,data/tsp_graphs/tsp_2870.graph,7,20,True,0.1244812,-0.18629152
tsp_2871.graph,data/tsp_graphs/tsp_2871.graph,8,20,False,0.1893692,0.094848335
tsp_2872.graph,data/tsp_graphs/tsp_2872.graph,8,10,True,1.9806366,0.095608294
tsp_2873.graph,data/tsp_graphs/tsp_2873.graph,9,15,False,-2.1713886,0.48414212
tsp_2874.graph,data/tsp_graphs/tsp_2874.graph,7,20,True,-1.4205954,0.26067173
tsp_2875.graph,data/tsp_graphs/tsp_2875.graph,5,20,False,-0.60367966,-0.29000056
tsp_2876.graph,data/tsp_graphs/tsp_2876.graph,5,20,True,-0.27993774,-0.5285282
tsp_2877.graph,data/tsp_graphs/tsp_2877.graph,7,15,False,0.11267853,-0.08343884
tsp_2878.graph,data/tsp_graphs/tsp_2878.graph,8,10,True,2.672699,0.18760222
tsp_2879.graph,data/tsp_graphs/tsp_2879.graph,7,15,False,-0.5515728,-0.14469108
tsp_288.graph,data/tsp_graphs/tsp_288.graph,6,10,True,1.0821266,-0.8879053
tsp_2880.graph,data/tsp_graphs/tsp_2880.graph,7,20,True,0.55760574,0.38913095
tsp_2881.graph,data/tsp_graphs/tsp_2881.graph,7,15,False,-1.2491837,0.0386585
tsp_2882.graph,data/tsp_graphs/tsp_2882.graph,8,15,True,0.08153534,0.20463067
tsp_2883.graph,data/tsp_graphs/tsp_2883.graph,10,10,False,-1.2662735,0.08899504
tsp_2884.graph,data/tsp_graphs/tsp_2884.graph,6,20,True,-0.6519623,-0.16235992
tsp_2885.graph,data/tsp_graphs/tsp_2885.graph,7,10,False,-0.98275375,-0.06065479
tsp_2886.graph,data/tsp_graphs/tsp_2886.graph,9,20,True,0.21743774,0.7156102
tsp_2887.graph,data/tsp_graphs/tsp_2887.graph,10,15,False,0.979393,0.52662224
tsp_2888.graph,data/tsp_graphs/tsp_2888.graph,5,20,True,1.969759,-0.22756901
tsp_2889.graph,data/tsp_graphs/tsp_2889.graph,7,15,False,-0.46339226,-0.42634374
tsp_289.graph,data/tsp_graphs/tsp_289.graph,5,10,False,-1.1430435,-0.48131025
tsp_2890.graph,data/tsp_graphs/tsp_2890.graph,7,15,True,2.1850395,-0.029574782
tsp_2891.graph,data/tsp_graphs/tsp_2891.graph,6,20,False,1.3651276,-0.3273037
tsp_2892.graph,data/tsp_graphs/tsp_2892.graph,10,10,True,0.6373234,0.11792964
tsp_2893.graph,data/tsp_graphs/tsp_2893.graph,10,20,False,0.5936203,0.50315404
tsp_2894.graph,data/tsp_graphs/tsp_2894.graph,10,20,True,0.3786621,0.6655181
tsp_2895.graph,data/tsp_graphs/tsp_2895.graph,9,20,False,-1.6156998,0.23891234
tsp_2896.graph,data/tsp_graphs/tsp_2896.graph,5,10,True,0.61811066,-0.5105201
tsp_2897.graph,data/tsp_graphs/tsp_2897.graph,10,20,False,-0.08579254,0.72079474
tsp_2898.graph,data/tsp_graphs/tsp_2898.graph,6,15,True,1.1473958,-0.32543027
tsp_2899.graph,data/tsp_graphs/tsp_2899.graph,10,10,False,-0.44692612,0.2892607
tsp_29.graph,data/tsp_graphs/tsp_29.graph,5,20,False,0.6876148,-0.06877315
tsp_290.graph,data/tsp_graphs/tsp_290.graph,7,15,True,-1.4648616,0.41821164
tsp_2900.graph,data/tsp_graphs/tsp_2900.graph,7,10,True,0.9480667,-0.46099353
tsp_2901.graph,data/tsp_graphs/tsp_2901.graph,8,15,False,0.08811569,0.12728733
tsp_2902.graph,data/tsp_graphs/tsp_2902.graph,7,15,True,-1.1243339,0.24202567
tsp_2903.graph,data/tsp_graphs/tsp_2903.graph,10,15,False,1.0221443,0.38843733
tsp_2904.graph,data/tsp_graphs/tsp_2904.graph,10,15,True,1.8478456,0.73647386
tsp_2905.graph,data/tsp_graphs/tsp_2905.graph,9,15,False,-0.49851227,0.5045487
tsp_2906.graph,data/tsp_graphs/tsp_2906.graph,7,20,True,0.685791,0.082497776
tsp_2907.graph,data/tsp_graphs/tsp_2907.graph,10,10,False,-0.22070312,0.3404531
tsp_2908.graph,data/tsp_graphs/tsp_2908.graph,9,10,True,0.3388481,0.22080547
tsp_2909.graph,data/tsp_graphs/tsp_2909.graph,5,10,False,0.7701149,-1.0012836
tsp_291.graph,data/tsp_graphs/tsp_291.graph,8,10,False,-1.221199,-0.3161185
tsp_2910.graph,data/tsp_graphs/tsp_2910.graph,9,15,True,-0.30453968,0.2516629
tsp_2911.graph,data/tsp_graphs/tsp_2911.graph,10,20,False,-0.47773743,0.69694
tsp_2912.graph,data/tsp_graphs/tsp_2912.graph,7,20,True,0.24306488,0.03241855
tsp_2913.graph,data/tsp_graphs/tsp_2913.graph,7,20,False,-0.723732,0.43280196
tsp_2914.graph,data/tsp_graphs/tsp_2914.graph,7,10,True,0.76438904,-0.052850932
tsp_2915.graph,data/tsp_graphs/tsp_2915.graph,7,10,False,-2.0142975,-0.2859496
tsp_2916.graph,data/tsp_graphs/tsp_2916.graph,9,10,True,-0.06815338,0.19392109
tsp_2917.graph,data/tsp_graphs/tsp_2917.graph,5,15,False,-0.52160645,-0.68433297
tsp_2918.graph,data/tsp_graphs/tsp_2918.graph,7,20,True,1.5024796,-0.11106208
tsp_2919.graph,data/tsp_graphs/tsp_2919.graph,5,20,False,0.36335087,-0.08605242
tsp_292.graph,data/tsp_graphs/tsp_292.graph,9,15,True,-0.15496445,0.0758819
tsp_2920.graph,data/tsp_graphs/tsp_2920.graph,8,20,True,-0.43374634,0.31731266
tsp_2921.graph,data/tsp_graphs/tsp_2921.graph,8,20,False,1.0045013,0.18356138
tsp_2922.graph,data/tsp_graphs/tsp_2922.graph,10,20,True,1.9195938,0.8180888
tsp_2923.graph,data/tsp_graphs/tsp_2923.graph,9,15,False,0.6055393,0.41940248
tsp_2924.graph,data/tsp_graphs/tsp_2924.graph,6,15,True,0.7338865,-0.29260135
tsp_2925.graph,data/tsp_graphs/tsp_2925.graph,10,15,False,0.4364071,0.062037885
tsp_2926.graph,data/tsp_graphs/tsp_2926.graph,10,15,True,0.09762955,0.6926361
tsp_2927.graph,data/tsp_graphs/tsp_2927.graph,10,10,False,-0.99829483,0.3763345
tsp_2928.graph,data/tsp_graphs/tsp_2928.graph,9,15,True,-0.33215523,0.33627695
tsp_2929.graph,data/tsp_graphs/tsp_2929.graph,10,10,False,-0.2604599,0.56546074
tsp_293.graph,data/tsp_graphs/tsp_293.graph,7,10,False,-3.095459,-0.03979063
tsp_2930.graph,data/tsp_graphs/tsp_2930.graph,10,15,True,1.2353969,0.7960685
tsp_2931.graph,data/tsp_graphs/tsp_2931.graph,10,15,False,-0.3887148,0.68094045
tsp_2932.graph,data/tsp_graphs/tsp_2932.graph,9,15,True,3.0806224,0.5010293
tsp_2933.graph,data/tsp_graphs/tsp_2933.graph,5,10,False,-0.21078491,-0.8679738
tsp_2934.graph,data/tsp_graphs/tsp_2934.graph,8,10,True,1.735817,0.3857624
tsp_2935.graph,data/tsp_graphs/tsp_2935.graph,5,10,False,1.1396942,-0.81869113
tsp_2936.graph,data/tsp_graphs/tsp_2936.graph,5,10,True,0.33793545,-0.80998164
tsp_2937.graph,data/tsp_graphs/tsp_2937.graph,5,20,False,-0.04718113,-0.33906567
tsp_2938.graph,data/tsp_graphs/tsp_2938.graph,5,15,True,-0.65974426,-0.9047681
tsp_2939.graph,data/tsp_graphs/tsp_2939.graph,5,15,False,0.13032913,-0.1926496
tsp_294.graph,data/tsp_graphs/tsp_294.graph,7,10,True,1.2311554,-0.11561257
tsp_2940.graph,data/tsp_graphs/tsp_2940.graph,6,20,True,-1.2805605,-0.0410586
tsp_2941.graph,data/tsp_graphs/tsp_2941.graph,10,10,False,-1.6507473,0.086422324
tsp_2942.graph,data/tsp_graphs/tsp_2942.graph,9,15,True,-0.2740593,0.51856846
tsp_2943.graph,data/tsp_graphs/tsp_2943.graph,10,20,False,0.8845978,0.65588623
tsp_2944.graph,data/tsp_graphs/tsp_2944.graph,9,20,True,1.2752457,0.69809955
tsp_2945.graph,data/tsp_graphs/tsp_2945.graph,5,10,False,0.397583,-0.7769233
tsp_2946.graph,data/tsp_graphs/tsp_2946.graph,6,20,True,0.43850327,-0.16544431
tsp_2947.graph,data/tsp_graphs/tsp_2947.graph,7,20,False,-1.1037521,-0.16955245
tsp_2948.graph,data/tsp_graphs/tsp_2948.graph,5,15,True,0.22242546,-0.54486275
tsp_2949.graph,data/tsp_graphs/tsp_2949.graph,6,20,False,-1.0836983,0.022561133
tsp_295.graph,data/tsp_graphs/tsp_295.graph,7,10,False,-1.3176746,-0.5014979
tsp_2950.graph,data/tsp_graphs/tsp_2950.graph,8,10,True,2.67424,-0.09698868
tsp_2951.graph,data/tsp_graphs/tsp_2951.graph,6,15,False,-0.6900482,-0.77257913
tsp_2952.graph,data/tsp_graphs/tsp_2952.graph,10,20,True,-0.61933136,0.2860852
tsp_2953.graph,data/tsp_graphs/tsp_2953.graph,8,20,False,0.12526703,0.4206192
tsp_2954.graph,data/tsp_graphs/tsp_2954.graph,6,15,True,0.3013649,-0.13801008
tsp_2955.graph,data/tsp_graphs/tsp_2955.graph,10,15,False,0.6959572,0.47430795
tsp_2956.graph,data/tsp_graphs/tsp_2956.graph,8,15,True,-0.35821843,-0.13029683
tsp_2957.graph,data/tsp_graphs/tsp_2957.graph,6,20,False,0.13239288,-0.1798647
tsp_2958.graph,data/tsp_graphs/tsp_2958.graph,6,15,True,-0.40542126,0.040685534
tsp_2959.graph,data/tsp_graphs/tsp_2959.graph,5,20,False,0.058568954,-0.25180757
tsp_296.graph,data/tsp_graphs/tsp_296.graph,6,15,True,-0.47035313,-0.19289875
tsp_2960.graph,data/tsp_graphs/tsp_2960.graph,9,10,True,-0.64881134,-0.23313755
tsp_2961.graph,data/tsp_graphs/tsp_2961.graph,6,10,False,-0.7403717,-0.56540495
tsp_2962.graph,data/tsp_graphs/tsp_2962.graph,8,10,True,-0.86151123,0.35583335
tsp_2963.graph,data/tsp_graphs/tsp_2963.graph,7,20,False,0.09940338,0.35929638
tsp_2964.graph,data/tsp_graphs/tsp_2964.graph,9,20,True,0.2866211,0.7258616
tsp_2965.graph,data/tsp_graphs/tsp_2965.graph,8,20,False,-0.027511597,0.2894761
tsp_2966.graph,data/tsp_graphs/tsp_2966.graph,8,10,True,-0.2799778,-0.4042018
tsp_2967.graph,data/tsp_graphs/tsp_2967.graph,9,10,False,0.8199692,-0.24430752
tsp_2968.graph,data/tsp_graphs/tsp_2968.graph,9,15,True,0.767601,0.37684435
tsp_2969.graph,data/tsp_graphs/tsp_2969.graph,10,20,False,-0.19110107,0.4967631
tsp_297.graph,data/tsp_graphs/tsp_297.graph,9,10,False,-1.2269783,0.105627835
tsp_2970.graph,data/tsp_graphs/tsp_2970.graph,9,20,True,0.61958313,0.41896266
tsp_2971.graph,data/tsp_graphs/tsp_2971.graph,5,20,False,0.548336,-0.3370521
tsp_2972.graph,data/tsp_graphs/tsp_2972.graph,8,10,True,0.522892,-0.09877539
tsp_2973.graph,data/tsp_graphs/tsp_2973.graph,10,10,False,1.6153193,0.30539972
tsp_2974.graph,data/tsp_graphs/tsp_2974.graph,7,20,True,-0.5424614,0.0011745393
tsp_2975.graph,data/tsp_graphs/tsp_2975.graph,5,20,False,0.4691162,-0.2081188
tsp_2976.graph,data/tsp_graphs/tsp_2976.graph,6,20,True,1.8166618,-0.35560134
tsp_2977.graph,data/tsp_graphs/tsp_2977.graph,7,20,False,0.7398758,0.2740963
tsp_2978.graph,data/tsp_graphs/tsp_2978.graph,6,10,True,0.20134735,-0.51677674
tsp_2979.graph,data/tsp_graphs/tsp_2979.graph,6,15,False,-0.15009308,-0.56774783
tsp_298.graph,data/tsp_graphs/tsp_298.graph,10,20,True,0.22978973,0.6043071
tsp_2980.graph,data/tsp_graphs/tsp_2980.graph,8,10,True,0.4768219,-0.08915609
tsp_2981.graph,data/tsp_graphs/tsp_2981.graph,6,20,False,0.13010788,0.17326105
tsp_2982.graph,data/tsp_graphs/tsp_2982.graph,10,10,True,1.002451,0.3715505
tsp_2983.graph,data/tsp_graphs/tsp_2983.graph,8,15,False,-1.4470186,0.5213707
tsp_2984.graph,data/tsp_graphs/tsp_2984.graph,10,10,True,2.135147,0.35567862
tsp_2985.graph,data/tsp_graphs/tsp_2985.graph,6,10,False,0.35075378,-0.4714575
tsp_2986.graph,data/tsp_graphs/tsp_2986.graph,6,10,True,0.49345398,-0.83397824
tsp_2987.graph,data/tsp_graphs/tsp_2987.graph,6,15,False,-0.12901115,-0.28187567
tsp_2988.graph,data/tsp_graphs/tsp_2988.graph,10,20,True,1.1053238,0.59279436
tsp_2989.graph,data/tsp_graphs/tsp_2989.graph,8,20,False,-1.3780289,0.34554154
tsp_299.graph,data/tsp_graphs/tsp_299.graph,7,20,False,-0.6516876,0.12138885
tsp_2990.graph,data/tsp_graphs/tsp_2990.graph,6,15,True,-0.2871933,-0.12104872
tsp_2991.graph,data/tsp_graphs/tsp_2991.graph,8,20,False,-2.0293198,0.39970952
tsp_2992.graph,data/tsp_graphs/tsp_2992.graph,10,15,True,-1.1506577,0.61204916
tsp_2993.graph,data/tsp_graphs/tsp_2993.graph,10,10,False,-1.5599365,0.45190364
tsp_2994.graph,data/tsp_graphs/tsp_2994.graph,9,20,True,0.8647156,0.18491513
tsp_2995.graph,data/tsp_graphs/tsp_2995.graph,9,10,False,1.0108147,0.006018549
tsp_2996.graph,data/tsp_graphs/tsp_2996.graph,7,10,True,0.6457825,-0.44272912
tsp_2997.graph,data/tsp_graphs/tsp_2997.graph,9,10,False,-1.324379,-0.06620979
tsp_2998.graph,data/tsp_graphs/tsp_2998.graph,5,20,True,-0.44001102,-0.27780974
tsp_2999.graph,data/tsp_graphs/tsp_2999.graph,7,15,False,-1.394661,0.18118536
tsp_3.graph,data/tsp_graphs/tsp_3.graph,8,10,False,-1.9837761,-0.1625855
tsp_30.graph,data/tsp_graphs/tsp_30.graph,9,20,True,-0.047477722,0.5487128
tsp_300.graph,data/tsp_graphs/tsp_300.graph,6,15,True,1.0634251,-0.042142063
tsp_3000.graph,data/tsp_graphs/tsp_3000.graph,6,15,True,-0.0750885,0.06274909
tsp_3001.graph,data/tsp_graphs/tsp_3001.graph,5,10,False,0.6292877,-0.86075103
tsp_3002.graph,data/tsp_graphs/tsp_3002.graph,10,15,True,1.4916763,0.45259506
tsp_3003.graph,data/tsp_graphs/tsp_3003.graph,8,10,False,-3.5472183,-0.23288906
tsp_3004.graph,data/tsp_graphs/tsp_3004.graph,8,10,True,-0.5988693,0.101213634
tsp_3005.graph,data/tsp_graphs/tsp_3005.graph,6,10,False,-0.96255493,-0.5874066
tsp_3006.graph,data/tsp_graphs/tsp_3006.graph,10,10,True,1.4983673,0.22738963
tsp_3007.graph,data/tsp_graphs/tsp_3007.graph,8,20,False,-0.287014,0.31209886
tsp_3008.graph,data/tsp_graphs/tsp_3008.graph,6,10,True,2.369156,-0.50228834
tsp_3009.graph,data/tsp_graphs/tsp_3009.graph,7,15,False,-0.08498001,-0.33022448
tsp_301.graph,data/tsp_graphs/tsp_301.graph,7,20,False,-1.3963165,0.123809874
tsp_3010.graph,data/tsp_graphs/tsp_3010.graph,7,20,True,1.1912384,0.38957983
tsp_3011.graph,data/tsp_graphs/tsp_3011.graph,7,20,False,-0.13005066,0.29058057
tsp_3012.graph,data/tsp_graphs/tsp_3012.graph,9,15,True,0.67682266,0.55281633
tsp_3013.graph,data/tsp_graphs/tsp_3013.graph,7,10,False,0.13890076,-0.6130714
tsp_3014.graph,data/tsp_graphs/tsp_3014.graph,5,10,True,0.15535736,-0.8441362
tsp_3015.graph,data/tsp_graphs/tsp_3015.graph,7,15,False,-0.8433862,-0.2421932
tsp_3016.graph,data/tsp_graphs/tsp_3016.graph,5,20,True,0.21258545,-0.16458768
tsp_3017.graph,data/tsp_graphs/tsp_3017.graph,7,10,False,-1.8226624,0.1772067
tsp_3018.graph,data/tsp_graphs/tsp_3018.graph,5,15,True,1.0606709,-0.2256963
tsp_3019.graph,data/tsp_graphs/tsp_3019.graph,5,10,False,-0.9523535,-0.90181655
tsp_302.graph,data/tsp_graphs/tsp_302.graph,5,10,True,-0.15345764,-1.09233
tsp_3020.graph,data/tsp_graphs/tsp_3020.graph,6,10,True,-0.0741663,-0.7674213
tsp_3021.graph,data/tsp_graphs/tsp_3021.graph,10,10,False,0.61715317,0.15620422
tsp_3022.graph,data/tsp_graphs/tsp_3022.graph,6,15,True,-0.81130433,-0.30362338
tsp_3023.graph,data/tsp_graphs/tsp_3023.graph,5,20,False,-1.5341702,-0.23714763
tsp_3024.graph,data/tsp_graphs/tsp_3024.graph,9,10,True,2.5386972,0.17309022
tsp_3025.graph,data/tsp_graphs/tsp_3025.graph,5,15,False,-0.10148239,-0.23604509
tsp_3026.graph,data/tsp_graphs/tsp_3026.graph,8,10,True,0.1523819,-0.06811562
tsp_3027.graph,data/tsp_graphs/tsp_3027.graph,7,20,False,-0.3831215,0.15712053
tsp_3028.graph,data/tsp_graphs/tsp_3028.graph,7,10,True,0.34271622,-0.28982693
tsp_3029.graph,data/tsp_graphs/tsp_3029.graph,7,20,False,-1.9522915,0.30733263
tsp_303.graph,data/tsp_graphs/tsp_303.graph,5,20,False,0.3083706,-0.4957266
tsp_3030.graph,data/tsp_graphs/tsp_3030.graph,10,10,True,1.0517883,0.17411876
tsp_3031.graph,data/tsp_graphs/tsp_3031.graph,10,10,False,0.13249207,0.2849719
tsp_3032.graph,data/tsp_graphs/tsp_3032.graph,8,10,True,-0.52098846,-0.23489535
tsp_3033.graph,data/tsp_graphs/tsp_3033.graph,6,20,False,0.6765709,-0.13209909
tsp_3034.graph,data/tsp_graphs/tsp_3034.graph,7,15,True,0.38208032,0.33857423
tsp_3035.graph,data/tsp_graphs/tsp_3035.graph,9,15,False,-0.22447562,0.74525315
tsp_3036.graph,data/tsp_graphs/tsp_3036.graph,10,10,True,-1.3905983,-0.026072681
tsp_3037.graph,data/tsp_graphs/tsp_3037.graph,5,15,False,0.6086521,-0.1792207
tsp_3038.graph,data/tsp_graphs/tsp_3038.graph,7,15,True,1.0852461,0.27616894
tsp_3039.graph,data/tsp_graphs/tsp_3039.graph,6,20,False,-1.300148,-0.19139495
tsp_304.graph,data/tsp_graphs/tsp_304.graph,7,15,True,2.9639816,0.18540227
tsp_3040.graph,data/tsp_graphs/tsp_3040.graph,10,15,True,0.2034874,0.51007515
tsp_3041.graph,data/tsp_graphs/tsp_3041.graph,10,15,False,0.30143738,0.5042599
tsp_3042.graph,data/tsp_graphs/tsp_3042.graph,5,15,True,0.50040436,-0.25889736
tsp_3043.graph,data/tsp_graphs/tsp_3043.graph,7,20,False,-0.7130356,0.13081074
tsp_3044.graph,data/tsp_graphs/tsp_3044.graph,10,15,True,0.29688835,0.05472994
tsp_3045.graph,data/tsp_graphs/tsp_3045.graph,10,20,False,1.433075,0.36841345
tsp_3046.graph,data/tsp_graphs/tsp_3046.graph,6,15,True,0.16583633,-0.45320004
tsp_3047.graph,data/tsp_graphs/tsp_3047.graph,9,15,False,-0.49196434,-0.019130707
tsp_3048.graph,data/tsp_graphs/tsp_3048.graph,8,10,True,-1.4668427,-0.100029916
tsp_3049.graph,data/tsp_graphs/tsp_3049.graph,9,20,False,-1.267456,0.5742956
tsp_305.graph,data/tsp_graphs/tsp_305.graph,7,15,False,-0.8498335,0.019212902
tsp_3050.graph,data/tsp_graphs/tsp_3050.graph,5,10,True,1.2381897,-0.6731426
tsp_3051.graph,data/tsp_graphs/tsp_3051.graph,5,20,False,-2.2078972,-0.24781436
tsp_3052.graph,data/tsp_graphs/tsp_3052.graph,8,15,True,1.4581041,0.39584225
tsp_3053.graph,data/tsp_graphs/tsp_3053.graph,8,20,False,-0.9291687,0.06989312
tsp_3054.graph,data/tsp_graphs/tsp_3054.graph,5,15,True,-0.02147293,-0.35429642
tsp_3055.graph,data/tsp_graphs/tsp_3055.graph,9,10,False,0.85448074,-0.22644886
tsp_3056.graph,data/tsp_graphs/tsp_3056.graph,6,10,True,2.1265984,-0.7969916
tsp_3057.graph,data/tsp_graphs/tsp_3057.graph,8,15,False,-0.3112812,0.22653812
tsp_3058.graph,data/tsp_graphs/tsp_3058.graph,8,10,True,-0.64068794,-0.21224555
tsp_3059.graph,data/tsp_graphs/tsp_3059.graph,10,10,False,-1.8732834,0.2694859
tsp_306.graph,data/tsp_graphs/tsp_306.graph,7,15,True,1.4178276,0.23487395
tsp_3060.graph,data/tsp_graphs/tsp_3060.graph,6,20,True,1.9905128,-0.22486356
tsp_3061.graph,data/tsp_graphs/tsp_3061.graph,10,20,False,1.1719666,0.81898874
tsp_3062.graph,data/tsp_graphs/tsp_3062.graph,8,10,True,2.2749481,0.09099352
tsp_3063.graph,data/tsp_graphs/tsp_3063.graph,6,20,False,-0.24829102,-0.21035016
tsp_3064.graph,data/tsp_graphs/tsp_3064.graph,5,20,True,3.4222298,-0.19232017
tsp_3065.graph,data/tsp_graphs/tsp_3065.graph,6,20,False,0.05986786,-0.24093616
tsp_3066.graph,data/tsp_graphs/tsp_3066.graph,8,20,True,-0.5849228,-0.021163344
tsp_3067.graph,data/tsp_graphs/tsp_3067.graph,8,15,False,0.7465286,0.13407248
tsp_3068.graph,data/tsp_graphs/tsp_3068.graph,6,10,True,-1.9949265,-0.3963609
tsp_3069.graph,data/tsp_graphs/tsp_3069.graph,5,10,False,-0.093112946,-0.6711309
tsp_307.graph,data/tsp_graphs/tsp_307.graph,9,20,False,-0.36278534,0.49277222
tsp_3070.graph,data/tsp_graphs/tsp_3070.graph,7,15,True,0.36950493,-0.47396883
tsp_3071.graph,data/tsp_graphs/tsp_3071.graph,9,20,False,-1.5359268,0.42593747
tsp_3072.graph,data/tsp_graphs/tsp_3072.graph,6,10,True,1.8749619,-0.42323306
tsp_3073.graph,data/tsp_graphs/tsp_3073.graph,5,20,False,0.41030502,-0.5036358
tsp_3074.graph,data/tsp_graphs/tsp_3074.graph,9,15,True,-0.35183716,0.44450825
tsp_3075.graph,data/tsp_graphs/tsp_3075.graph,7,10,False,-1.5755157,-0.1293936
tsp_3076.graph,data/tsp_graphs/tsp_3076.graph,9,20,True,-0.009223938,0.35378927
tsp_3077.graph,data/tsp_graphs/tsp_3077.graph,9,10,False,-1.6559525,0.18128425
tsp_3078.graph,data/tsp_graphs/tsp_3078.graph,5,20,True,0.36491394,-0.46237102
tsp_3079.graph,data/tsp_graphs/tsp_3079.graph,9,10,False,-0.5648422,0.13090771
tsp_308.graph,data/tsp_graphs/tsp_308.graph,10,10,True,1.7200012,0.48967177
tsp_3080.graph,data/tsp_graphs/tsp_3080.graph,6,15,True,1.1458149,-0.42465854
tsp_3081.graph,data/tsp_graphs/tsp_3081.graph,8,20,False,-0.8020096,0.16121548
tsp_3082.graph,data/tsp_graphs/tsp_3082.graph,10,10,True,2.5660477,0.25567913
tsp_3083.graph,data/tsp_graphs/tsp_3083.graph,8,15,False,0.5070114,0.12747014
tsp_3084.graph,data/tsp_graphs/tsp_3084.graph,5,20,True,0.11923885,-0.1662274
tsp_3085.graph,data/tsp_graphs/tsp_3085.graph,9,20,False,-0.5276718,0.2747777
tsp_3086.graph,data/tsp_graphs/tsp_3086.graph,8,20,True,1.0566902,0.3666119
tsp_3087.graph,data/tsp_graphs/tsp_3087.graph,9,20,False,-0.5980301,0.3351372
tsp_3088.graph,data/tsp_graphs/tsp_3088.graph,5,15,True,1.2269759,-0.4482113
tsp_3089.graph,data/tsp_graphs/tsp_3089.graph,10,15,False,0.17186737,0.24810982
tsp_309.graph,data/tsp_graphs/tsp_309.graph,10,10,False,-1.9195175,0.46124274
tsp_3090.graph,data/tsp_graphs/tsp_3090.graph,5,10,True,1.0661712,-0.8099383
tsp_3091.graph,data/tsp_graphs/tsp_3091.graph,6,20,False,-0.1336441,-0.24133468
tsp_3092.graph,data/tsp_graphs/tsp_3092.graph,5,15,True,0.0742836,-0.5452478
tsp_3093.graph,data/tsp_graphs/tsp_3093.graph,6,10,False,-0.2714119,-0.6613203
tsp_3094.graph,data/tsp_graphs/tsp_3094.graph,10,20,True,1.3547211,0.5540747
tsp_3095.graph,data/tsp_graphs/tsp_3095.graph,8,15,False,0.95338136,0.33482414
tsp_3096.graph,data/tsp_graphs/tsp_3096.graph,7,10,True,1.965622,-0.2527473
tsp_3097.graph,data/tsp_graphs/tsp_3097.graph,5,10,False,0.31367493,-0.71208656
tsp_3098.graph,data/tsp_graphs/tsp_3098.graph,8,20,True,-1.6736946,0.4540376
tsp_3099.graph,data/tsp_graphs/tsp_3099.graph,10,15,False,-2.2736359,0.544198
tsp_31.graph,data/tsp_graphs/tsp_31.graph,8,20,False,0.2940979,0.33643538
tsp_310.graph,data/tsp_graphs/tsp_310.graph,7,15,True,1.6259594,-0.19295359
tsp_3100.graph,data/tsp_graphs/tsp_3100.graph,7,10,True,0.44685745,-0.17680782
tsp_3101.graph,data/tsp_graphs/tsp_3101.graph,8,20,False,-0.7784805,-0.11592305
tsp_3102.graph,data/tsp_graphs/tsp_3102.graph,7,10,True,0.13140106,-0.3454396
tsp_3103.graph,data/tsp_graphs/tsp_3103.graph,9,15,False,-1.4644561,-0.11080518
tsp_3104.graph,data/tsp_graphs/tsp_3104.graph,5,15,True,0.3360939,-0.49587768
tsp_3105.graph,data/tsp_graphs/tsp_3105.graph,5,20,False,-0.7804793,-0.06399998
tsp_3106.graph,data/tsp_graphs/tsp_3106.graph,5,10,True,2.5637894,-0.57289475
tsp_3107.graph,data/tsp_graphs/tsp_3107.graph,9,10,False,0.5134926,-0.14032856
tsp_3108.graph,data/tsp_graphs/tsp_3108.graph,9,15,True,0.07083511,0.5428446
tsp_3109.graph,data/tsp_graphs/tsp_3109.graph,10,20,False,-1.1199493,0.33102185
tsp_311.graph,data/tsp_graphs/tsp_311.graph,6,10,False,-0.69257355,-0.53989863
tsp_3110.graph,data/tsp_graphs/tsp_3110.graph,5,20,True,0.16584778,-0.43347573
tsp_3111.graph,data/tsp_graphs/tsp_3111.graph,6,10,False,0.30800247,-0.7081172
tsp_3112.graph,data/tsp_graphs/tsp_3112.graph,6,20,True,0.53865814,0.03924352
tsp_3113.graph,data/tsp_graphs/tsp_3113.graph,7,10,False,0.60066986,-0.31298447
tsp_3114.graph,data/tsp_graphs/tsp_3114.graph,6,15,True,1.2656116,-0.18352234
tsp_3115.graph,data/tsp_graphs/tsp_3115.graph,6,20,False,0.0045318604,-0.13988996
tsp_3116.graph,data/tsp_graphs/tsp_3116.graph,10,10,True,-2.1311035,0.3308934
tsp_3117.graph,data/tsp_graphs/tsp_3117.graph,9,20,False,-0.71510315,0.7208727
tsp_3118.graph,data/tsp_graphs/tsp_3118.graph,9,10,True,-0.49489594,0.32690138
tsp_3119.graph,data/tsp_graphs/tsp_3119.graph,7,15,False,-0.30070496,-0.18345091
tsp_312.graph,data/tsp_graphs/tsp_312.graph,6,20,True,0.20593262,-0.0075636804
tsp_3120.graph,data/tsp_graphs/tsp_3120.graph,7,10,True,0.52479553,-0.6531333
tsp_3121.graph,data/tsp_graphs/tsp_3121.graph,6,20,False,-0.80068207,-0.14078927
tsp_3122.graph,data/tsp_graphs/tsp_3122.graph,7,10,True,0.63098526,-0.46988916
tsp_3123.graph,data/tsp_graphs/tsp_3123.graph,10,10,False,-2.4409866,0.39220983
tsp_3124.graph,data/tsp_graphs/tsp_3124.graph,10,15,True,-1.1812515,0.2748142
tsp_3125.graph,data/tsp_graphs/tsp_3125.graph,7,20,False,-0.9497261,0.045236528
tsp_3126.graph,data/tsp_graphs/tsp_3126.graph,10,20,True,0.7321625,0.45938176
tsp_3127.graph,data/tsp_graphs/tsp_3127.graph,9,20,False,-2.2574997,0.57288307
tsp_3128.graph,data/tsp_graphs/tsp_3128.graph,6,20,True,0.5682297,-0.19311357
tsp_3129.graph,data/tsp_graphs/tsp_3129.graph,5,10,False,-1.0922422,-0.7792797
tsp_313.graph,data/tsp_graphs/tsp_313.graph,9,10,False,1.8167839,-0.2764562
tsp_3130.graph,data/tsp_graphs/tsp_3130.graph,8,10,True,-0.01876831,-0.113847345
tsp_3131.graph,data/tsp_graphs/tsp_3131.graph,8,10,False,-1.6959839,-0.1382432
tsp_3132.graph,data/tsp_graphs/tsp_3132.graph,8,15,True,-1.1497746,0.1789034
tsp_3133.graph,data/tsp_graphs/tsp_3133.graph,5,20,False,-2.09544,-0.49203223
tsp_3134.graph,data/tsp_graphs/tsp_3134.graph,7,20,True,-0.86370087,-0.06804526
tsp_3135.graph,data/tsp_graphs/tsp_3135.graph,8,10,False,0.51763535,0.07374424
tsp_3136.graph,data/tsp_graphs/tsp_3136.graph,9,15,True,0.7546387,0.1693691
tsp_3137.graph,data/tsp_graphs/tsp_3137.graph,6,20,False,-1.2087517,-0.09744346
tsp_3138.graph,data/tsp_graphs/tsp_3138.graph,6,10,True,0.1890068,-0.52663875
tsp_3139.graph,data/tsp_graphs/tsp_3139.graph,5,15,False,-0.4228239,-0.23895371
tsp_314.graph,data/tsp_graphs/tsp_314.graph,8,20,True,1.2395229,0.3680184
tsp_3140.graph,data/tsp_graphs/tsp_3140.graph,9,10,True,1.4927864,-0.16750896
tsp_3141.graph,data/tsp_graphs/tsp_3141.graph,6,10,False,-2.4370956,-0.74327374
tsp_3142.graph,data/tsp_graphs/tsp_3142.graph,5,15,True,0.43118668,-0.22899187
tsp_3143.graph,data/tsp_graphs/tsp_3143.graph,9,15,False,-1.3523197,0.22888994
tsp_3144.graph,data/tsp_graphs/tsp_3144.graph,10,10,True,1.14505,0.08914429
tsp_3145.graph,data/tsp_graphs/tsp_3145.graph,5,15,False,0.07883453,-0.5841577
tsp_3146.graph,data/tsp_graphs/tsp_3146.graph,9,20,True,1.8812943,0.67795044
tsp_3147.graph,data/tsp_graphs/tsp_3147.graph,9,20,False,1.0236053,0.43629807
tsp_3148.graph,data/tsp_graphs/tsp_3148.graph,9,20,True,-0.101924896,0.519481
tsp_3149.graph,data/tsp_graphs/tsp_3149.graph,10,20,False,-0.51314545,0.60154825
tsp_315.graph,data/tsp_graphs/tsp_315.graph,10,10,False,-1.8624496,0.45875221
tsp_3150.graph,data/tsp_graphs/tsp_3150.graph,7,10,True,2.0464916,-0.18783292
tsp_3151.graph,data/tsp_graphs/tsp_3151.graph,8,15,False,-1.6837368,-0.02558738
tsp_3152.graph,data/tsp_graphs/tsp_3152.graph,5,10,True,-0.48876953,-0.72403866
tsp_3153.graph,data/tsp_graphs/tsp_3153.graph,8,15,False,0.17870331,0.1585198
tsp_3154.graph,data/tsp_graphs/tsp_3154.graph,7,15,True,0.6951256,-0.08875704
tsp_3155.graph,data/tsp_graphs/tsp_3155.graph,5,15,False,0.94708633,-0.7038162
tsp_3156.graph,data/tsp_graphs/tsp_3156.graph,10,20,True,0.7625351,0.8479486
tsp_3157.graph,data/tsp_graphs/tsp_3157.graph,10,20,False,-0.47386932,0.6630439
tsp_3158.graph,data/tsp_graphs/tsp_3158.graph,6,15,True,1.2367916,-0.21943972
tsp_3159.graph,data/tsp_graphs/tsp_3159.graph,10,20,False,-0.9776459,0.36419445
tsp_316.graph,data/tsp_graphs/tsp_316.graph,10,10,True,1.7899895,0.12608242
tsp_3160.graph,data/tsp_graphs/tsp_3160.graph,8,20,True,-0.48049927,0.13231307
tsp_3161.graph,data/tsp_graphs/tsp_3161.graph,6,20,False,1.3048515,-0.05133927
tsp_3162.graph,data/tsp_graphs/tsp_3162.graph,9,15,True,2.277159,0.5567823
tsp_3163.graph,data/tsp_graphs/tsp_3163.graph,9,20,False,0.5308075,0.40154797
tsp_3164.graph,data/tsp_graphs/tsp_3164.graph,6,10,True,1.5792503,-0.40505508
tsp_3165.graph,data/tsp_graphs/tsp_3165.graph,8,10,False,0.5937214,-0.2396099
tsp_3166.graph,data/tsp_graphs/tsp_3166.graph,9,15,True,-1.1620407,0.4368114
tsp_3167.graph,data/tsp_graphs/tsp_3167.graph,8,20,False,-0.70220184,0.53162366
tsp_3168.graph,data/tsp_graphs/tsp_3168.graph,7,15,True,0.33132362,-0.24470286
tsp_3169.graph,data/tsp_graphs/tsp_3169.graph,9,10,False,-0.30421448,0.17915499
tsp_317.graph,data/tsp_graphs/tsp_317.graph,9,20,False,-0.7577019,0.6167678
tsp_3170.graph,data/tsp_graphs/tsp_3170.graph,9,10,True,-0.8672333,0.19168729
tsp_3171.graph,data/tsp_graphs/tsp_3171.graph,9,10,False,-0.86408615,-0.21295616
tsp_3172.graph,data/tsp_graphs/tsp_3172.graph,6,15,True,0.16218281,-0.30145794
tsp_3173.graph,data/tsp_graphs/tsp_3173.graph,7,10,False,-0.92295074,0.0801788
tsp_3174.graph,data/tsp_graphs/tsp_3174.graph,6,20,True,1.7394409,-0.027004302
tsp_3175.graph,data/tsp_graphs/tsp_3175.graph,9,20,False,-1.3476868,0.25891602
tsp_3176.graph,data/tsp_graphs/tsp_3176.graph,5,10,True,1.8424072,-0.47855777
tsp_3177.graph,data/tsp_graphs/tsp_3177.graph,10,20,False,-0.67878723,0.6403735
tsp_3178.graph,data/tsp_graphs/tsp_3178.graph,9,10,True,1.1080761,0.28839332
tsp_3179.graph,data/tsp_graphs/tsp_3179.graph,10,20,False,-1.3432465,0.5024465
tsp_318.graph,data/tsp_graphs/tsp_318.graph,10,20,True,0.5520706,0.54943997
tsp_3180.graph,data/tsp_graphs/tsp_3180.graph,7,10,True,-0.21194077,-0.1254254
tsp_3181.graph,data/tsp_graphs/tsp_3181.graph,8,15,False,-0.81804276,-0.16615495
tsp_3182.graph,data/tsp_graphs/tsp_3182.graph,7,10,True,-0.6830311,-0.5744641
tsp_3183.graph,data/tsp_graphs/tsp_3183.graph,10,20,False,-1.9805374,0.6370484
tsp_3184.graph,data/tsp_graphs/tsp_3184.graph,8,15,True,-0.9457207,0.18580842
tsp_3185.graph,data/tsp_graphs/tsp_3185.graph,8,15,False,-0.037620544,0.070467174
tsp_3186.graph,data/tsp_graphs/tsp_3186.graph,6,20,True,0.5547104,-0.3650077
tsp_3187.graph,data/tsp_graphs/tsp_3187.graph,10,20,False,0.04270935,0.6141115
tsp_3188.graph,data/tsp_graphs/tsp_3188.graph,5,20,True,0.4202795,-0.34702387
tsp_3189.graph,data/tsp_graphs/tsp_3189.graph,8,20,False,-0.5210724,0.3711626
tsp_319.graph,data/tsp_graphs/tsp_319.graph,7,10,False,-0.8922272,-0.5187226
tsp_3190.graph,data/tsp_graphs/tsp_3190.graph,7,20,True,1.144741,0.22091001
tsp_3191.graph,data/tsp_graphs/tsp_3191.graph,10,20,False,0.7895546,0.8809102
tsp_3192.graph,data/tsp_graphs/tsp_3192.graph,7,20,True,-0.2705307,-0.18960273
tsp_3193.graph,data/tsp_graphs/tsp_3193.graph,5,10,False,-1.0580215,-0.7884741
tsp_3194.graph,data/tsp_graphs/tsp_3194.graph,5,15,True,0.07942867,-0.44291157
tsp_3195.graph,data/tsp_graphs/tsp_3195.graph,9,10,False,0.20100021,-0.123924375
tsp_3196.graph,data/tsp_graphs/tsp_3196.graph,7,20,True,0.2367897,0.05031264
tsp_3197.graph,data/tsp_graphs/tsp_3197.graph,10,20,False,-1.2102127,0.5632817
tsp_3198.graph,data/tsp_graphs/tsp_3198.graph,6,15,True,1.4565172,-0.15807879
tsp_3199.graph,data/tsp_graphs/tsp_3199.graph,8,10,False,-1.3638916,-0.25656706
tsp_32.graph,data/tsp_graphs/tsp_32.graph,9,15,True,2.610467,0.42315382
tsp_320.graph,data/tsp_graphs/tsp_320.graph,6,20,True,0.07896805,-0.11155677
tsp_3200.graph,data/tsp_graphs/tsp_3200.graph,8,15,True,0.9692898,0.2697397
tsp_3201.graph,data/tsp_graphs/tsp_3201.graph,10,15,False,-1.3042755,0.7242331
tsp_3202.graph,data/tsp_graphs/tsp_3202.graph,9,10,True,0.09794617,0.15744847
tsp_3203.graph,data/tsp_graphs/tsp_3203.graph,5,20,False,-1.0276012,-0.4210897
tsp_3204.graph,data/tsp_graphs/tsp_3204.graph,9,10,True,0.56920624,0.30618435
tsp_3205.graph,data/tsp_graphs/tsp_3205.graph,8,10,False,1.1379013,-0.037394017
tsp_3206.graph,data/tsp_graphs/tsp_3206.graph,7,10,True,-0.6470909,-0.4238486
tsp_3207.graph,data/tsp_graphs/tsp_3207.graph,6,15,False,-0.8405113,-0.16722259
tsp_3208.graph,data/tsp_graphs/tsp_3208.graph,8,10,True,1.2875977,0.21144044
tsp_3209.graph,data/tsp_graphs/tsp_3209.graph,6,20,False,-0.6447296,0.113305986
tsp_321.graph,data/tsp_graphs/tsp_321.graph,9,20,False,-0.17671204,0.32653052
tsp_3210.graph,data/tsp_graphs/tsp_3210.graph,7,15,True,1.793705,-0.14389175
tsp_3211.graph,data/tsp_graphs/tsp_3211.graph,6,15,False,-0.14888,-0.2615147
tsp_3212.graph,data/tsp_graphs/tsp_3212.graph,9,10,True,1.7878189,0.27954084
tsp_3213.graph,data/tsp_graphs/tsp_3213.graph,9,15,False,-2.3921738,0.43549627
tsp_3214.graph,data/tsp_graphs/tsp_3214.graph,5,15,True,-0.08389735,-0.15108252
tsp_3215.graph,data/tsp_graphs/tsp_3215.graph,10,15,False,0.24155807,0.8827148
tsp_3216.graph,data/tsp_graphs/tsp_3216.graph,9,10,True,1.2507591,-0.036233306
tsp_3217.graph,data/tsp_graphs/tsp_3217.graph,7,20,False,-0.8858948,0.05241984
tsp_3218.graph,data/tsp_graphs/tsp_3218.graph,6,15,True,0.25226974,-0.3994377
tsp_3219.graph,data/tsp_graphs/tsp_3219.graph,6,20,False,-4.2402554,-0.7597307
tsp_322.graph,data/tsp_graphs/tsp_322.graph,10,20,True,-0.74816895,0.6476708
tsp_3220.graph,data/tsp_graphs/tsp_3220.graph,9,10,True,1.272934,0.42437214
tsp_3221.graph,data/tsp_graphs/tsp_3221.graph,5,15,False,-2.9009247,-0.508307
tsp_3222.graph,data/tsp_graphs/tsp_3222.graph,7,20,True,1.4164772,-0.27546725
tsp_3223.graph,data/tsp_graphs/tsp_3223.graph,7,15,False,0.33992147,0.26522928
tsp_3224.graph,data/tsp_graphs/tsp_3224.graph,6,10,True,1.0718594,-0.42381066
tsp_3225.graph,data/tsp_graphs/tsp_3225.graph,7,15,False,-0.3104,-0.13702923
tsp_3226.graph,data/tsp_graphs/tsp_3226.graph,10,15,True,1.0704613,0.22711468
tsp_3227.graph,data/tsp_graphs/tsp_3227.graph,5,15,False,-0.5498886,-0.32846075
tsp_3228.graph,data/tsp_graphs/tsp_3228.graph,6,10,True,-0.64832306,-0.4700248
tsp_3229.graph,data/tsp_graphs/tsp_3229.graph,6,15,False,-2.081644,-0.08801621
tsp_323.graph,data/tsp_graphs/tsp_323.graph,5,20,False,-0.86828995,-0.49737665
tsp_3230.graph,data/tsp_graphs/tsp_3230.graph,6,20,True,2.2387314,0.0062880516
tsp_3231.graph,data/tsp_graphs/tsp_3231.graph,5,10,False,0.67331696,-0.5697752
tsp_3232.graph,data/tsp_graphs/tsp_3232.graph,7,10,True,-0.08976555,-0.6908876
tsp_3233.graph,data/tsp_graphs/tsp_3233.graph,6,10,False,-0.08547592,-0.6338186
tsp_3234.graph,data/tsp_graphs/tsp_3234.graph,6,15,True,0.09910965,-0.10117832
tsp_3235.graph,data/tsp_graphs/tsp_3235.graph,9,10,False,-0.15694332,-0.30830127
tsp_3236.graph,data/tsp_graphs/tsp_3236.graph,5,10,True,-0.6512909,-0.6205671
tsp_3237.graph,data/tsp_graphs/tsp_3237.graph,5,15,False,-1.1556664,-0.52394456
tsp_3238.graph,data/tsp_graphs/tsp_3238.graph,5,20,True,0.8387904,-0.60156417
tsp_3239.graph,data/tsp_graphs/tsp_3239.graph,8,10,False,0.13375092,-0.046352267
tsp_324.graph,data/tsp_graphs/tsp_324.graph,7,15,True,-0.13359094,-0.25247478
tsp_3240.graph,data/tsp_graphs/tsp_3240.graph,9,15,True,0.19822311,0.522824
tsp_3241.graph,data/tsp_graphs/tsp_3241.graph,9,20,False,-0.06275177,0.62614805
tsp_3242.graph,data/tsp_graphs/tsp_3242.graph,6,10,True,1.3700027,-0.6741112
tsp_3243.graph,data/tsp_graphs/tsp_3243.graph,7,20,False,-0.9271774,0.12078339
tsp_3244.graph,data/tsp_graphs/tsp_3244.graph,10,10,True,0.9691658,-0.14272451
tsp_3245.graph,data/tsp_graphs/tsp_3245.graph,5,15,False,0.36867523,-0.678936
tsp_3246.graph,data/tsp_graphs/tsp_3246.graph,10,15,True,0.5030899,0.86557776
tsp_3247.graph,data/tsp_graphs/tsp_3247.graph,10,15,False,0.122657776,0.6027096
tsp_3248.graph,data/tsp_graphs/tsp_3248.graph,7,20,True,1.8903122,0.14782816
tsp_3249.graph,data/tsp_graphs/tsp_3249.graph,7,15,False,-1.0034382,-0.10096508
tsp_325.graph,data/tsp_graphs/tsp_325.graph,9,15,False,-1.0420742,0.1032182
tsp_3250.graph,data/tsp_graphs/tsp_3250.graph,5,10,True,-0.57720184,-0.711232
tsp_3251.graph,data/tsp_graphs/tsp_3251.graph,10,20,False,-3.537857,0.7807577
tsp_3252.graph,data/tsp_graphs/tsp_3252.graph,6,20,True,0.42947102,0.15844995
tsp_3253.graph,data/tsp_graphs/tsp_3253.graph,9,20,False,-1.4291534,0.5407954
tsp_3254.graph,data/tsp_graphs/tsp_3254.graph,7,10,True,1.2190857,0.059546888
tsp_3255.graph,data/tsp_graphs/tsp_3255.graph,10,10,False,-3.2078247,0.400981
tsp_3256.graph,data/tsp_graphs/tsp_3256.graph,7,15,True,1.0927038,-0.3531133
tsp_3257.graph,data/tsp_graphs/tsp_3257.graph,7,15,False,-0.08573276,-0.33545426
tsp_3258.graph,data/tsp_graphs/tsp_3258.graph,9,20,True,1.3861084,0.49526674
tsp_3259.graph,data/tsp_graphs/tsp_3259.graph,9,15,False,-1.5437927,0.49376762
tsp_326.graph,data/tsp_graphs/tsp_326.graph,8,10,True,1.9770966,-0.033195674
tsp_3260.graph,data/tsp_graphs/tsp_3260.graph,6,20,True,1.7235107,-0.26613376
tsp_3261.graph,data/tsp_graphs/tsp_3261.graph,7,20,False,-1.898099,-0.07856992
tsp_3262.graph,data/tsp_graphs/tsp_3262.graph,10,15,True,-1.3436787,0.81065995
tsp_3263.graph,data/tsp_graphs/tsp_3263.graph,9,10,False,-1.7804871,0.4881248
tsp_3264.graph,data/tsp_graphs/tsp_3264.graph,7,20,True,-0.3400154,0.3286422
tsp_3265.graph,data/tsp_graphs/tsp_3265.graph,6,15,False,-1.3636017,-0.7421488
tsp_3266.graph,data/tsp_graphs/tsp_3266.graph,5,15,True,0.68149805,-0.48979932
tsp_3267.graph,data/tsp_graphs/tsp_3267.graph,8,20,False,-0.9141159,0.29546994
tsp_3268.graph,data/tsp_graphs/tsp_3268.graph,5,10,True,1.1816101,-0.52915835
tsp_3269.graph,data/tsp_graphs/tsp_3269.graph,9,20,False,-2.3028488,0.28995496
tsp_327.graph,data/tsp_graphs/tsp_327.graph,8,10,False,-1.6226006,0.093161166
tsp_3270.graph,data/tsp_graphs/tsp_3270.graph,8,20,True,-0.556427,0.06795591
tsp_3271.graph,data/tsp_graphs/tsp_3271.graph,10,15,False,-0.077732086,0.5353001
tsp_3272.graph,data/tsp_graphs/tsp_3272.graph,10,15,True,0.8476677,0.4861825
tsp_3273.graph,data/tsp_graphs/tsp_3273.graph,9,20,False,0.37244034,0.79050475
tsp_3274.graph,data/tsp_graphs/tsp_3274.graph,8,20,True,-0.0079193115,0.12636083
tsp_3275.graph,data/tsp_graphs/tsp_3275.graph,7,20,False,0.4554062,-0.17487717
tsp_3276.graph,data/tsp_graphs/tsp_3276.graph,7,15,True,-0.45519638,-0.082152426
tsp_3277.graph,data/tsp_graphs/tsp_3277.graph,9,20,False,-0.75403595,0.5725896
tsp_3278.graph,data/tsp_graphs/tsp_3278.graph,6,15,True,-0.99762535,-0.18864658
tsp_3279.graph,data/tsp_graphs/tsp_3279.graph,6,20,False,-0.24317932,-0.012694061
tsp_328.graph,data/tsp_graphs/tsp_328.graph,6,20,True,0.43143082,-0.042078257
tsp_3280.graph,data/tsp_graphs/tsp_3280.graph,5,10,True,2.8270912,-0.6941421
tsp_3281.graph,data/tsp_graphs/tsp_3281.graph,9,15,False,-1.8183435,0.77599555
tsp_3282.graph,data/tsp_graphs/tsp_3282.graph,7,10,True,-1.0007935,-0.41065446
tsp_3283.graph,data/tsp_graphs/tsp_3283.graph,7,10,False,-1.7292328,-0.242908
tsp_3284.graph,data/tsp_graphs/tsp_3284.graph,10,15,True,1.4081445,0.74630195
tsp_3285.graph,data/tsp_graphs/tsp_3285.graph,7,15,False,0.8639426,-0.31320632
tsp_3286.graph,data/tsp_graphs/tsp_3286.graph,7,15,True,-0.39870262,-0.21597138
tsp_3287.graph,data/tsp_graphs/tsp_3287.graph,6,10,False,0.21107483,-0.79827905
tsp_3288.graph,data/tsp_graphs/tsp_3288.graph,7,10,True,-0.39419556,-0.16284338
tsp_3289.graph,data/tsp_graphs/tsp_3289.graph,10,20,False,-0.78852844,0.830988
tsp_329.graph,data/tsp_graphs/tsp_329.graph,7,10,False,0.24151611,-0.20162842
tsp_3290.graph,data/tsp_graphs/tsp_3290.graph,5,10,True,2.122013,-0.72638917
tsp_3291.graph,data/tsp_graphs/tsp_3291.graph,9,10,False,-1.979351,0.09041172
tsp_3292.graph,data/tsp_graphs/tsp_3292.graph,9,10,True,-0.9316635,0.30699414
tsp_3293.graph,data/tsp_graphs/tsp_3293.graph,8,15,False,-0.04361725,0.052369297
tsp_3294.graph,data/tsp_graphs/tsp_3294.graph,10,10,True,1.4308491,-0.009607315
tsp_3295.graph,data/tsp_graphs/tsp_3295.graph,9,10,False,-0.79089355,0.021057546
tsp_3296.graph,data/tsp_graphs/tsp_3296.graph,9,15,True,0.1797905,0.39251763
tsp_3297.graph,data/tsp_graphs/tsp_3297.graph,8,10,False,2.2324944,-0.026248723
tsp_3298.graph,data/tsp_graphs/tsp_3298.graph,6,15,True,-1.8711205,-0.082421005
tsp_3299.graph,data/tsp_graphs/tsp_3299.graph,10,10,False,0.047714233,0.06065452
tsp_33.graph,data/tsp_graphs/tsp_33.graph,8,10,False,-1.9866905,-0.062492013
tsp_330.graph,data/tsp_graphs/tsp_330.graph,5,20,True,-0.13821411,-0.30847588
tsp_3300.graph,data/tsp_graphs/tsp_3300.graph,7,15,True,0.391222,0.04023397
tsp_3301.graph,data/tsp_graphs/tsp_3301.graph,10,10,False,-0.9201679,0.3898875
tsp_3302.graph,data/tsp_graphs/tsp_3302.graph,7,15,True,1.348266,0.31398398
tsp_3303.graph,data/tsp_graphs/tsp_3303.graph,5,10,False,0.5013046,-0.74510324
tsp_3304.graph,data/tsp_graphs/tsp_3304.graph,6,10,True,0.33473969,-0.684089
tsp_3305.graph,data/tsp_graphs/tsp_3305.graph,7,15,False,-0.75407887,-0.074148
tsp_3306.graph,data/tsp_graphs/tsp_3306.graph,9,15,True,0.72574043,0.0725885
tsp_3307.graph,data/tsp_graphs/tsp_3307.graph,10,10,False,0.5220318,0.24247909
tsp_3308.graph,data/tsp_graphs/tsp_3308.graph,9,15,True,1.5351096,0.56393355
tsp_3309.graph,data/tsp_graphs/tsp_3309.graph,7,10,False,-1.3884964,-0.09807551
tsp_331.graph,data/tsp_graphs/tsp_331.graph,8,10,False,-0.70895004,-0.31547824
tsp_3310.graph,data/tsp_graphs/tsp_3310.graph,7,20,True,0.9442177,0.07598251
tsp_3311.graph,data/tsp_graphs/tsp_3311.graph,6,10,False,0.0845871,-0.43424895
tsp_3312.graph,data/tsp_graphs/tsp_3312.graph,6,10,True,-0.051750183,-0.6582601
tsp_3313.graph,data/tsp_graphs/tsp_3313.graph,8,10,False,-1.468132,0.17952484
tsp_3314.graph,data/tsp_graphs/tsp_3314.graph,6,20,True,1.8368607,0.0699383
tsp_3315.graph,data/tsp_graphs/tsp_3315.graph,6,10,False,-0.67162323,-0.45845664
tsp_3316.graph,data/tsp_graphs/tsp_3316.graph,6,10,True,-2.6121979,-0.4430427
tsp_3317.graph,data/tsp_graphs/tsp_3317.graph,8,15,False,0.9167776,0.3620965
tsp_3318.graph,data/tsp_graphs/tsp_3318.graph,8,15,True,1.5839815,0.57949215
tsp_3319.graph,data/tsp_graphs/tsp_3319.graph,8,10,False,1.8036938,0.123939574
tsp_332.graph,data/tsp_graphs/tsp_332.graph,10,15,True,-0.5170355,0.6863242
tsp_3320.graph,data/tsp_graphs/tsp_3320.graph,9,15,True,0.8511832,0.66448194
tsp_3321.graph,data/tsp_graphs/tsp_3321.graph,8,10,False,-2.0707397,-0.1817564
tsp_3322.graph,data/tsp_graphs/tsp_3322.graph,5,10,True,0.03907776,-0.93256295
tsp_3323.graph,data/tsp_graphs/tsp_3323.graph,8,20,False,-0.71411896,0.2558077
tsp_3324.graph,data/tsp_graphs/tsp_3324.graph,8,15,True,1.8865862,0.2599181
tsp_3325.graph,data/tsp_graphs/tsp_3325.graph,6,20,False,-1.2825928,0.09689069
tsp_3326.graph,data/tsp_graphs/tsp_3326.graph,10,20,True,-0.3705597,0.7587758
tsp_3327.graph,data/tsp_graphs/tsp_3327.graph,6,15,False,0.4285965,-0.42030415
tsp_3328.graph,data/tsp_graphs/tsp_3328.graph,9,15,True,2.0082932,0.36500353
tsp_3329.graph,data/tsp_graphs/tsp_3329.graph,10,10,False,-0.5277786,0.40121746
tsp_333.graph,data/tsp_graphs/tsp_333.graph,7,10,False,0.56406784,-0.6630186
tsp_3330.graph,data/tsp_graphs/tsp_3330.graph,10,10,True,0.598547,0.32908374
tsp_3331.graph,data/tsp_graphs/tsp_3331.graph,7,10,False,-0.2580433,-0.62867725
tsp_3332.graph,data/tsp_graphs/tsp_3332.graph,5,10,True,-0.6305828,-0.9211456
tsp_3333.graph,data/tsp_graphs/tsp_3333.graph,10,20,False,-1.104599,0.7265292
tsp_3334.graph,data/tsp_graphs/tsp_3334.graph,10,10,True,-0.65120316,0.2466597
tsp_3335.graph,data/tsp_graphs/tsp_3335.graph,9,15,False,-0.20737076,0.4511332
tsp_3336.graph,data/tsp_graphs/tsp_3336.graph,5,10,True,-0.3277626,-1.0703161
tsp_3337.graph,data/tsp_graphs/tsp_3337.graph,5,10,False,0.15248108,-0.7677633
tsp_3338.graph,data/tsp_graphs/tsp_3338.graph,10,15,True,-0.61816025,0.49606615
tsp_3339.graph,data/tsp_graphs/tsp_3339.graph,5,20,False,0.30092812,-0.23278996
tsp_334.graph,data/tsp_graphs/tsp_334.graph,6,20,True,2.1357193,-0.09080994
tsp_3340.graph,data/tsp_graphs/tsp_3340.graph,8,10,True,0.25119781,0.23457044
tsp_3341.graph,data/tsp_graphs/tsp_3341.graph,10,10,False,-0.94820404,0.45221454
tsp_3342.graph,data/tsp_graphs/tsp_3342.graph,5,20,True,0.93053055,-0.21033248
tsp_3343.graph,data/tsp_graphs/tsp_3343.graph,6,20,False,-1.0441017,0.04010117
tsp_3344.graph,data/tsp_graphs/tsp_3344.graph,8,15,True,0.7688389,-0.110254675
tsp_3345.graph,data/tsp_graphs/tsp_3345.graph,6,15,False,-0.8841491,-0.10018462
tsp_3346.graph,data/tsp_graphs/tsp_3346.graph,8,20,True,0.35955048,-0.00512442
tsp_3347.graph,data/tsp_graphs/tsp_3347.graph,7,15,False,-1.6810732,-0.31236103
tsp_3348.graph,data/tsp_graphs/tsp_3348.graph,6,15,True,-0.22037697,-0.25689802
tsp_3349.graph,data/tsp_graphs/tsp_3349.graph,5,20,False,-1.0694942,-0.3772885
tsp_335.graph,data/tsp_graphs/tsp_335.graph,9,10,False,-0.2641182,0.13048571
tsp_3350.graph,data/tsp_graphs/tsp_3350.graph,10,10,True,-0.08057022,0.4852941
tsp_3351.graph,data/tsp_graphs/tsp_3351.graph,10,20,False,-0.23902893,0.84455067
tsp_3352.graph,data/tsp_graphs/tsp_3352.graph,10,15,True,1.1903152,0.40515476
tsp_3353.graph,data/tsp_graphs/tsp_3353.graph,7,20,False,-1.9358711,0.22991246
tsp_3354.graph,data/tsp_graphs/tsp_3354.graph,10,20,True,1.518074,0.6534577
tsp_3355.graph,data/tsp_graphs/tsp_3355.graph,10,10,False,-0.8114395,0.020463824
tsp_3356.graph,data/tsp_graphs/tsp_3356.graph,5,20,True,2.39674,-0.2319726
tsp_3357.graph,data/tsp_graphs/tsp_3357.graph,10,20,False,-1.042469,0.8368562
tsp_3358.graph,data/tsp_graphs/tsp_3358.graph,7,20,True,0.4906311,0.12887555
tsp_3359.graph,data/tsp_graphs/tsp_3359.graph,6,15,False,-0.03762436,-0.48372075
tsp_336.graph,data/tsp_graphs/tsp_336.graph,10,10,True,0.74212074,0.19353747
tsp_3360.graph,data/tsp_graphs/tsp_3360.graph,6,15,True,0.5934601,-0.03159854
tsp_3361.graph,data/tsp_graphs/tsp_3361.graph,10,10,False,-0.20641327,0.27537197
tsp_3362.graph,data/tsp_graphs/tsp_3362.graph,9,20,True,-0.54816437,0.24249208
tsp_3363.graph,data/tsp_graphs/tsp_3363.graph,6,10,False,-1.9392929,-0.2303586
tsp_3364.graph,data/tsp_graphs/tsp_3364.graph,7,10,True,1.1476974,-0.050278246
tsp_3365.graph,data/tsp_graphs/tsp_3365.graph,9,20,False,0.27543068,0.7212004
tsp_3366.graph,data/tsp_graphs/tsp_3366.graph,6,20,True,-0.06933212,-0.1897954
tsp_3367.graph,data/tsp_graphs/tsp_3367.graph,9,20,False,-0.046920776,0.41434485
tsp_3368.graph,data/tsp_graphs/tsp_3368.graph,8,10,True,1.2086334,0.17515004
tsp_3369.graph,data/tsp_graphs/tsp_3369.graph,7,15,False,-2.2891922,0.038440406
tsp_337.graph,data/tsp_graphs/tsp_337.graph,5,20,False,0.015611649,-0.35513794
tsp_3370.graph,data/tsp_graphs/tsp_3370.graph,9,10,True,0.9391861,0.1255607
tsp_3371.graph,data/tsp_graphs/tsp_3371.graph,9,15,False,0.78580093,0.3252586
tsp_3372.graph,data/tsp_graphs/tsp_3372.graph,7,20,True,-0.4465618,0.18171006
tsp_3373.graph,data/tsp_graphs/tsp_3373.graph,10,10,False,-1.2916985,-0.048266232
tsp_3374.graph,data/tsp_graphs/tsp_3374.graph,7,20,True,0.45113754,0.15227103
tsp_3375.graph,data/tsp_graphs/tsp_3375.graph,6,15,False,0.010025024,-0.60992885
tsp_3376.graph,data/tsp_graphs/tsp_3376.graph,8,15,True,0.4738598,0.51812035
tsp_3377.graph,data/tsp_graphs/tsp_3377.graph,5,15,False,0.15134048,-0.8227582
tsp_3378.graph,data/tsp_graphs/tsp_3378.graph,10,20,True,1.5166512,0.9538842
tsp_3379.graph,data/tsp_graphs/tsp_3379.graph,6,10,False,-1.4561424,-0.49096018
tsp_338.graph,data/tsp_graphs/tsp_338.graph,9,20,True,-0.115615845,0.33698195
tsp_3380.graph,data/tsp_graphs/tsp_3380.graph,6,10,True,-0.3052826,-0.7672384
tsp_3381.graph,data/tsp_graphs/tsp_3381.graph,5,15,False,-0.67332625,-0.40949208
tsp_3382.graph,data/tsp_graphs/tsp_3382.graph,8,10,True,0.0018157959,-0.27853101
tsp_3383.graph,data/tsp_graphs/tsp_3383.graph,5,10,False,0.6430073,-0.9899163
tsp_3384.graph,data/tsp_graphs/tsp_3384.graph,10,15,True,0.57328033,0.6907082
tsp_3385.graph,data/tsp_graphs/tsp_3385.graph,10,10,False,-0.60417366,0.3482346
tsp_3386.graph,data/tsp_graphs/tsp_3386.graph,5,20,True,0.39474487,-0.2876969
tsp_3387.graph,data/tsp_graphs/tsp_3387.graph,8,15,False,0.27682877,0.087197006
tsp_3388.graph,data/tsp_graphs/tsp_3388.graph,10,10,True,1.4838486,0.35047948
tsp_3389.graph,data/tsp_graphs/tsp_3389.graph,6,15,False,-0.46363068,0.051473558
tsp_339.graph,data/tsp_graphs/tsp_339.graph,7,20,False,1.3938637,-0.043505996
tsp_3390.graph,data/tsp_graphs/tsp_3390.graph,9,20,True,0.11704254,0.5502419
tsp_3391.graph,data/tsp_graphs/tsp_3391.graph,10,15,False,-1.6371384,0.2925555
tsp_3392.graph,data/tsp_graphs/tsp_3392.graph,6,10,True,0.4184742,-0.73070693
tsp_3393.graph,data/tsp_graphs/tsp_3393.graph,5,15,False,-0.3033142,-0.35883823
tsp_3394.graph,data/tsp_graphs/tsp_3394.graph,10,20,True,1.3702545,0.667378
tsp_3395.graph,data/tsp_graphs/tsp_3395.graph,10,15,False,-1.2517853,0.4947415
tsp_3396.graph,data/tsp_graphs/tsp_3396.graph,7,20,True,3.1640472,0.13640207
tsp_3397.graph,data/tsp_graphs/tsp_3397.graph,8,20,False,0.9564476,0.05521512
tsp_3398.graph,data/tsp_graphs/tsp_3398.graph,7,15,True,0.1109848,0.2326858
tsp_3399.graph,data/tsp_graphs/tsp_3399.graph,5,15,False,0.034968615,-0.47248763
tsp_34.graph,data/tsp_graphs/tsp_34.graph,6,15,True,-0.6873512,-0.5356744
tsp_340.graph,data/tsp_graphs/tsp_340.graph,7,10,True,0.6117096,-0.1856539
tsp_3400.graph,data/tsp_graphs/tsp_3400.graph,10,15,True,-0.14577103,0.48427755
tsp_3401.graph,data/tsp_graphs/tsp_3401.graph,7,20,False,-1.2255096,-0.05728954
tsp_3402.graph,data/tsp_graphs/tsp_3402.graph,8,15,True,0.8477135,-0.01643619
tsp_3403.graph,data/tsp_graphs/tsp_3403.graph,8,15,False,-2.080926,-0.19673103
tsp_3404.graph,data/tsp_graphs/tsp_3404.graph,5,15,True,2.5406246,-0.5352782
tsp_3405.graph,data/tsp_graphs/tsp_3405.graph,9,10,False,-0.45726013,-0.122297734
tsp_3406.graph,data/tsp_graphs/tsp_3406.graph,6,20,True,-0.9150276,-0.29770714
tsp_3407.graph,data/tsp_graphs/tsp_3407.graph,9,20,False,-0.04449463,0.40631908
tsp_3408.graph,data/tsp_graphs/tsp_3408.graph,7,20,True,2.5260124,0.021432996
tsp_3409.graph,data/tsp_graphs/tsp_3409.graph,9,15,False,-0.8881502,0.6123797
tsp_341.graph,data/tsp_graphs/tsp_341.graph,5,15,False,-0.38163757,-0.42231718
tsp_3410.graph,data/tsp_graphs/tsp_3410.graph,10,15,True,0.46569824,0.74214417
tsp_3411.graph,data/tsp_graphs/tsp_3411.graph,6,10,False,-0.041267395,-0.6247276
tsp_3412.graph,data/tsp_graphs/tsp_3412.graph,5,20,True,0.3578596,-0.6311017
tsp_3413.graph,data/tsp_graphs/tsp_3413.graph,7,20,False,-1.2684021,-0.038545698
tsp_3414.graph,data/tsp_graphs/tsp_3414.graph,8,20,True,1.5295372,0.21925408
tsp_3415.graph,data/tsp_graphs/tsp_3415.graph,10,15,False,-2.1146169,0.75065094
tsp_3416.graph,data/tsp_graphs/tsp_3416.graph,7,10,True,1.7434349,-0.4014845
tsp_3417.graph,data/tsp_graphs/tsp_3417.graph,10,10,False,-1.8880234,0.594441
tsp_3418.graph,data/tsp_graphs/tsp_3418.graph,8,15,True,0.9370575,0.06251532
tsp_3419.graph,data/tsp_graphs/tsp_3419.graph,7,20,False,-0.58755493,0.19327527
tsp_342.graph,data/tsp_graphs/tsp_342.graph,8,15,True,0.7797718,0.021920204
tsp_3420.graph,data/tsp_graphs/tsp_3420.graph,8,20,True,2.0455513,0.44502962
tsp_3421.graph,data/tsp_graphs/tsp_3421.graph,8,15,False,-0.29168034,0.020410478
tsp_3422.graph,data/tsp_graphs/tsp_3422.graph,10,10,True,0.5000191,0.07112771
tsp_3423.graph,data/tsp_graphs/tsp_3423.graph,8,10,False,-0.62501526,-0.099728435
tsp_3424.graph,data/tsp_graphs/tsp_3424.graph,10,20,True,0.790535,0.72837025
tsp_3425.graph,data/tsp_graphs/tsp_3425.graph,8,20,False,-0.62444305,0.16931939
tsp_3426.graph,data/tsp_graphs/tsp_3426.graph,7,10,True,0.4693451,-0.019269645
tsp_3427.graph,data/tsp_graphs/tsp_3427.graph,8,20,False,-1.528656,0.2909748
tsp_3428.graph,data/tsp_graphs/tsp_3428.graph,10,20,True,-0.63053894,0.43761206
tsp_3429.graph,data/tsp_graphs/tsp_3429.graph,10,15,False,-0.9546318,0.4801526
tsp_343.graph,data/tsp_graphs/tsp_343.graph,10,15,False,0.7374611,0.42760998
tsp_3430.graph,data/tsp_graphs/tsp_3430.graph,8,10,True,1.1516342,-0.098175466
tsp_3431.graph,data/tsp_graphs/tsp_3431.graph,6,20,False,-0.50605106,0.13806683
tsp_3432.graph,data/tsp_graphs/tsp_3432.graph,8,10,True,-0.5732498,-0.15471843
tsp_3433.graph,data/tsp_graphs/tsp_3433.graph,9,10,False,1.3056145,-0.21097392
tsp_3434.graph,data/tsp_graphs/tsp_3434.graph,10,20,True,0.55625916,0.89593774
tsp_3435.graph,data/tsp_graphs/tsp_3435.graph,9,10,False,0.65917206,0.27693015
tsp_3436.graph,data/tsp_graphs/tsp_3436.graph,9,20,True,0.6746597,0.48077983
tsp_3437.graph,data/tsp_graphs/tsp_3437.graph,8,20,False,1.6868744,0.5741164
tsp_3438.graph,data/tsp_graphs/tsp_3438.graph,7,20,True,-0.4535036,0.02479893
tsp_3439.graph,data/tsp_graphs/tsp_3439.graph,9,10,False,-0.3500557,-0.20641714
tsp_344.graph,data/tsp_graphs/tsp_344.graph,5,20,True,-0.53569984,-0.669309
tsp_3440.graph,data/tsp_graphs/tsp_3440.graph,8,15,True,-0.557621,0.17593235
tsp_3441.graph,data/tsp_graphs/tsp_3441.graph,10,20,False,-0.38603973,0.27791333
tsp_3442.graph,data/tsp_graphs/tsp_3442.graph,6,20,True,3.3614807,-0.13596693
tsp_3443.graph,data/tsp_graphs/tsp_3443.graph,8,10,False,-0.25724792,0.0810774
tsp_3444.graph,data/tsp_graphs/tsp_3444.graph,9,15,True,1.3328619,0.61294705
tsp_3445.graph,data/tsp_graphs/tsp_3445.graph,9,20,False,0.87519836,0.53965086
tsp_3446.graph,data/tsp_graphs/tsp_3446.graph,5,20,True,0.048545837,-0.10125032
tsp_3447.graph,data/tsp_graphs/tsp_3447.graph,7,15,False,-0.23671055,0.22861928
tsp_3448.graph,data/tsp_graphs/tsp_3448.graph,5,15,True,-0.33602047,-0.510482
tsp_3449.graph,data/tsp_graphs/tsp_3449.graph,8,20,False,-0.96221924,0.37237382
tsp_345.graph,data/tsp_graphs/tsp_345.graph,10,20,False,0.5155678,0.6473606
tsp_3450.graph,data/tsp_graphs/tsp_3450.graph,7,15,True,0.7069092,0.3062228
tsp_3451.graph,data/tsp_graphs/tsp_3451.graph,8,10,False,-2.4443665,0.067976415
tsp_3452.graph,data/tsp_graphs/tsp_3452.graph,6,20,True,0.46016693,-0.023091018
tsp_3453.graph,data/tsp_graphs/tsp_3453.graph,10,10,False,-0.65019417,0.40249527
tsp_3454.graph,data/tsp_graphs/tsp_3454.graph,10,15,True,1.0853744,0.84082085
tsp_3455.graph,data/tsp_graphs/tsp_3455.graph,9,20,False,-1.9245415,0.39379686
tsp_3456.graph,data/tsp_graphs/tsp_3456.graph,9,15,True,-0.7077389,0.13272518
tsp_3457.graph,data/tsp_graphs/tsp_3457.graph,9,20,False,0.47349548,0.6858092
tsp_3458.graph,data/tsp_graphs/tsp_3458.graph,6,10,True,1.0218658,-0.6684558
tsp_3459.graph,data/tsp_graphs/tsp_3459.graph,10,20,False,-1.2715683,0.7077368
tsp_346.graph,data/tsp_graphs/tsp_346.graph,5,10,True,0.49012756,-0.64506125
tsp_3460.graph,data/tsp_graphs/tsp_3460.graph,9,10,True,2.609846,0.07040995
tsp_3461.graph,data/tsp_graphs/tsp_3461.graph,8,20,False,-1.2861557,0.12905437
tsp_3462.graph,data/tsp_graphs/tsp_3462.graph,5,20,True,0.19621658,-0.2436545
tsp_3463.graph,data/tsp_graphs/tsp_3463.graph,7,15,False,-0.65493965,0.09252542
tsp_3464.graph,data/tsp_graphs/tsp_3464.graph,5,10,True,1.7397156,-0.5905672
tsp_3465.graph,data/tsp_graphs/tsp_3465.graph,10,15,False,-0.9832382,0.590895
tsp_3466.graph,data/tsp_graphs/tsp_3466.graph,7,10,True,1.6679039,-0.21098283
tsp_3467.graph,data/tsp_graphs/tsp_3467.graph,8,10,False,-0.26167297,0.026330888
tsp_3468.graph,data/tsp_graphs/tsp_3468.graph,7,15,True,1.3020077,0.06882763
tsp_3469.graph,data/tsp_graphs/tsp_3469.graph,10,10,False,-0.49077988,0.28288347
tsp_347.graph,data/tsp_graphs/tsp_347.graph,8,20,False,0.70474243,0.49017698
tsp_3470.graph,data/tsp_graphs/tsp_3470.graph,6,10,True,-0.7098256,-0.620278
tsp_3471.graph,data/tsp_graphs/tsp_3471.graph,6,10,False,-1.2939911,-0.5026063
tsp_3472.graph,data/tsp_graphs/tsp_3472.graph,5,20,True,0.24843597,-0.57638705
tsp_3473.graph,data/tsp_graphs/tsp_3473.graph,10,15,False,-1.8284307,0.7113138
tsp_3474.graph,data/tsp_graphs/tsp_3474.graph,9,15,True,-0.08454132,0.46768957
tsp_3475.graph,data/tsp_graphs/tsp_3475.graph,8,10,False,-1.8831558,-0.07559568
tsp_3476.graph,data/tsp_graphs/tsp_3476.graph,6,20,True,0.8830929,-0.068300724
tsp_3477.graph,data/tsp_graphs/tsp_3477.graph,7,10,False,0.13839722,0.088118136
tsp_3478.graph,data/tsp_graphs/tsp_3478.graph,8,20,True,1.755127,0.45405203
tsp_3479.graph,data/tsp_graphs/tsp_3479.graph,9,20,False,-0.49450684,0.13622314
tsp_348.graph,data/tsp_graphs/tsp_348.graph,10,20,True,1.0282898,0.8172248
tsp_3480.graph,data/tsp_graphs/tsp_3480.graph,7,20,True,-0.12981033,0.2372902
tsp_3481.graph,data/tsp_graphs/tsp_3481.graph,9,15,False,0.5790367,0.21588206
tsp_3482.graph,data/tsp_graphs/tsp_3482.graph,7,20,True,-1.1339817,0.38806194
tsp_3483.graph,data/tsp_graphs/tsp_3483.graph,8,10,False,-1.8952179,-0.03810039
tsp_3484.graph,data/tsp_graphs/tsp_3484.graph,6,10,True,-1.014965,-0.6731683
tsp_3485.graph,data/tsp_graphs/tsp_3485.graph,9,15,False,-1.5871859,0.6691094
tsp_3486.graph,data/tsp_graphs/tsp_3486.graph,9,10,True,-0.5952568,-0.12488428
tsp_3487.graph,data/tsp_graphs/tsp_3487.graph,6,20,False,-0.2063942,-0.17171335
tsp_3488.graph,data/tsp_graphs/tsp_3488.graph,10,10,True,-0.8646946,0.13632244
tsp_3489.graph,data/tsp_graphs/tsp_3489.graph,7,10,False,-0.69353485,-0.09646359
tsp_349.graph,data/tsp_graphs/tsp_349.graph,6,10,False,-0.7435303,-0.6127113
tsp_3490.graph,data/tsp_graphs/tsp_3490.graph,8,20,True,-0.51218414,0.034775138
tsp_3491.graph,data/tsp_graphs/tsp_3491.graph,8,20,False,-1.2598953,0.074683964
tsp_3492.graph,data/tsp_graphs/tsp_3492.graph,8,20,True,1.1113281,0.49868244
tsp_3493.graph,data/tsp_graphs/tsp_3493.graph,8,10,False,0.646904,0.27843374
tsp_3494.graph,data/tsp_graphs/tsp_3494.graph,9,15,True,0.49593353,0.30212927
tsp_3495.graph,data/tsp_graphs/tsp_3495.graph,9,20,False,-0.67128754,0.46809012
tsp_3496.graph,data/tsp_graphs/tsp_3496.graph,10,20,True,0.3478012,0.7749718
tsp_3497.graph,data/tsp_graphs/tsp_3497.graph,8,20,False,0.4902115,-0.16722947
tsp_3498.graph,data/tsp_graphs/tsp_3498.graph,9,10,True,0.5862045,-0.014193684
tsp_3499.graph,data/tsp_graphs/tsp_3499.graph,7,20,False,-1.2029572,0.027403057
tsp_35.graph,data/tsp_graphs/tsp_35.graph,9,20,False,0.35485077,0.31382018
tsp_350.graph,data/tsp_graphs/tsp_350.graph,7,15,True,0.45780087,-0.24376278
tsp_3500.graph,data/tsp_graphs/tsp_3500.graph,8,20,True,0.08859253,0.4485799
tsp_3501.graph,data/tsp_graphs/tsp_3501.graph,5,15,False,-0.017900467,-0.6234729
tsp_3502.graph,data/tsp_graphs/tsp_3502.graph,8,20,True,1.5441895,0.1315031
tsp_3503.graph,data/tsp_graphs/tsp_3503.graph,7,15,False,0.45176268,-0.17404673
tsp_3504.graph,data/tsp_graphs/tsp_3504.graph,9,10,True,0.8518791,0.128156
tsp_3505.graph,data/tsp_graphs/tsp_3505.graph,7,15,False,-0.40190125,-0.042718858
tsp_3506.graph,data/tsp_graphs/tsp_3506.graph,6,20,True,-1.1058903,-0.44724727
tsp_3507.graph,data/tsp_graphs/tsp_3507.graph,10,10,False,-1.210823,0.18788797
tsp_3508.graph,data/tsp_graphs/tsp_3508.graph,9,20,True,1.7792244,0.6414309
tsp_3509.graph,data/tsp_graphs/tsp_3509.graph,9,15,False,0.542799,0.6018583
tsp_351.graph,data/tsp_graphs/tsp_351.graph,10,10,False,-1.6031113,0.25771594
tsp_3510.graph,data/tsp_graphs/tsp_3510.graph,8,10,True,1.7925415,-0.20641515
tsp_3511.graph,data/tsp_graphs/tsp_3511.graph,6,20,False,-0.74619675,-0.10619074
tsp_3512.graph,data/tsp_graphs/tsp_3512.graph,9,15,True,0.51597977,0.36581397
tsp_3513.graph,data/tsp_graphs/tsp_3513.graph,5,15,False,-0.65711594,-0.55170715
tsp_3514.graph,data/tsp_graphs/tsp_3514.graph,5,20,True,0.6699085,-0.16732687
tsp_3515.graph,data/tsp_graphs/tsp_3515.graph,6,20,False,-1.1545238,-0.54345894
tsp_3516.graph,data/tsp_graphs/tsp_3516.graph,6,15,True,0.3502426,-0.006651163
tsp_3517.graph,data/tsp_graphs/tsp_3517.graph,5,10,False,-0.792366,-0.67789596
tsp_3518.graph,data/tsp_graphs/tsp_3518.graph,10,20,True,-0.79623413,0.4563511
tsp_3519.graph,data/tsp_graphs/tsp_3519.graph,5,15,False,0.58532333,-0.33629718
tsp_352.graph,data/tsp_graphs/tsp_352.graph,10,10,True,1.0377693,0.07890153
tsp_3520.graph,data/tsp_graphs/tsp_3520.graph,8,10,True,1.8417263,-0.04320249
tsp_3521.graph,data/tsp_graphs/tsp_3521.graph,8,15,False,-1.7599144,0.15152937
tsp_3522.graph,data/tsp_graphs/tsp_3522.graph,9,20,True,0.47790527,0.40594506
tsp_3523.graph,data/tsp_graphs/tsp_3523.graph,8,20,False,0.3202362,0.29067916
tsp_3524.graph,data/tsp_graphs/tsp_3524.graph,5,20,True,2.1881561,-0.20753932
tsp_3525.graph,data/tsp_graphs/tsp_3525.graph,7,15,False,0.09981346,-0.09554356
tsp_3526.graph,data/tsp_graphs/tsp_3526.graph,8,15,True,1.2716484,0.35084897
tsp_3527.graph,data/tsp_graphs/tsp_3527.graph,5,20,False,0.01713562,-0.2567819
tsp_3528.graph,data/tsp_graphs/tsp_3528.graph,8,10,True,-1.3575134,-0.6735388
tsp_3529.graph,data/tsp_graphs/tsp_3529.graph,8,15,False,-1.5104961,-0.014887989
tsp_353.graph,data/tsp_graphs/tsp_353.graph,5,10,False,0.51075745,-0.7503182
tsp_3530.graph,data/tsp_graphs/tsp_3530.graph,5,20,True,1.2894175,-0.15385005
tsp_3531.graph,data/tsp_graphs/tsp_3531.graph,10,10,False,-1.1947002,0.12608403
tsp_3532.graph,data/tsp_graphs/tsp_3532.graph,9,10,True,1.4447784,0.23346686
tsp_3533.graph,data/tsp_graphs/tsp_3533.graph,10,15,False,0.7162628,0.44312853
tsp_3534.graph,data/tsp_graphs/tsp_3534.graph,5,20,True,0.9763665,-0.52713567
tsp_3535.graph,data/tsp_graphs/tsp_3535.graph,10,10,False,0.7500019,0.23003131
tsp_3536.graph,data/tsp_graphs/tsp_3536.graph,5,10,True,1.4685917,-0.83121824
tsp_3537.graph,data/tsp_graphs/tsp_3537.graph,8,20,False,-1.2884064,0.19657284
tsp_3538.graph,data/tsp_graphs/tsp_3538.graph,8,15,True,0.019824982,0.005895525
tsp_3539.graph,data/tsp_graphs/tsp_3539.graph,8,20,False,-0.23854828,0.29608268
tsp_354.graph,data/tsp_graphs/tsp_354.graph,10,10,True,-0.24721146,0.25303274
tsp_3540.graph,data/tsp_graphs/tsp_3540.graph,7,10,True,-0.5949936,-0.69078326
tsp_3541.graph,data/tsp_graphs/tsp_3541.graph,7,15,False,-0.532177,-0.18864465
tsp_3542.graph,data/tsp_graphs/tsp_3542.graph,7,20,True,-0.4026184,0.106193244
tsp_3543.graph,data/tsp_graphs/tsp_3543.graph,10,20,False,0.26522827,0.2780838
tsp_3544.graph,data/tsp_graphs/tsp_3544.graph,10,15,True,0.93093586,0.8835129
tsp_3545.graph,data/tsp_graphs/tsp_3545.graph,5,20,False,-1.4691696,-0.22110483
tsp_3546.graph,data/tsp_graphs/tsp_3546.graph,10,10,True,-0.34120178,0.3999251
tsp_3547.graph,data/tsp_graphs/tsp_3547.graph,6,15,False,-0.7583885,-0.48409367
tsp_3548.graph,data/tsp_graphs/tsp_3548.graph,6,20,True,0.002166748,-0.35386834
tsp_3549.graph,data/tsp_graphs/tsp_3549.graph,10,10,False,-0.3030815,0.11990911
tsp_355.graph,data/tsp_graphs/tsp_355.graph,9,20,False,0.8547516,0.5850572
tsp_3550.graph,data/tsp_graphs/tsp_3550.graph,5,20,True,2.7878838,-0.28013736
tsp_3551.graph,data/tsp_graphs/tsp_3551.graph,7,15,False,-1.8792105,-0.05337295
tsp_3552.graph,data/tsp_graphs/tsp_3552.graph,10,20,True,0.41885376,0.6763354
tsp_3553.graph,data/tsp_graphs/tsp_3553.graph,10,20,False,-2.6203384,0.74839526
tsp_3554.graph,data/tsp_graphs/tsp_3554.graph,6,15,True,-0.87192154,-0.18661875
tsp_3555.graph,data/tsp_graphs/tsp_3555.graph,8,20,False,-0.5149765,0.29802006
tsp_3556.graph,data/tsp_graphs/tsp_3556.graph,9,10,True,-0.17561722,-0.26532003
tsp_3557.graph,data/tsp_graphs/tsp_3557.graph,8,10,False,-0.10300827,-0.118193686
tsp_3558.graph,data/tsp_graphs/tsp_3558.graph,8,10,True,-0.7249069,-0.033223987
tsp_3559.graph,data/tsp_graphs/tsp_3559.graph,5,20,False,-1.0632792,-0.56815726
tsp_356.graph,data/tsp_graphs/tsp_356.graph,6,20,True,1.8976746,0.15128648
tsp_3560.graph,data/tsp_graphs/tsp_3560.graph,10,15,True,0.39920807,0.6016486
tsp_3561.graph,data/tsp_graphs/tsp_3561.graph,7,10,False,1.3867836,-0.7416251
tsp_3562.graph,data/tsp_graphs/tsp_3562.graph,7,10,True,1.7749481,-0.25247395
tsp_3563.graph,data/tsp_graphs/tsp_3563.graph,9,20,False,-0.58727264,0.3293935
tsp_3564.graph,data/tsp_graphs/tsp_3564.graph,7,10,True,0.495327,-0.35173333
tsp_3565.graph,data/tsp_graphs/tsp_3565.graph,10,20,False,-1.57267,0.63514775
tsp_3566.graph,data/tsp_graphs/tsp_3566.graph,5,10,True,2.9139538,-1.0383382
tsp_3567.graph,data/tsp_graphs/tsp_3567.graph,9,15,False,-1.9543533,0.32559317
tsp_3568.graph,data/tsp_graphs/tsp_3568.graph,6,15,True,1.3518162,-0.46455398
tsp_3569.graph,data/tsp_graphs/tsp_3569.graph,7,10,False,0.48712158,-0.23677242
tsp_357.graph,data/tsp_graphs/tsp_357.graph,6,10,False,0.36489964,-0.4036545
tsp_3570.graph,data/tsp_graphs/tsp_3570.graph,6,15,True,-0.5215006,-0.48297516
tsp_3571.graph,data/tsp_graphs/tsp_3571.graph,7,10,False,-0.4120865,-0.01143831
tsp_3572.graph,data/tsp_graphs/tsp_3572.graph,8,10,True,-0.8846054,-0.16232169
tsp_3573.graph,data/tsp_graphs/tsp_3573.graph,6,20,False,-1.2659187,0.047246873
tsp_3574.graph,data/tsp_graphs/tsp_3574.graph,8,20,True,1.1431885,0.19319576
tsp_3575.graph,data/tsp_graphs/tsp_3575.graph,8,15,False,-0.54249287,0.3210699
tsp_3576.graph,data/tsp_graphs/tsp_3576.graph,10,10,True,0.71073914,0.36302382
tsp_3577.graph,data/tsp_graphs/tsp_3577.graph,8,20,False,-1.7153778,0.61488825
tsp_3578.graph,data/tsp_graphs/tsp_3578.graph,10,15,True,0.6072922,0.6627856
tsp_3579.graph,data/tsp_graphs/tsp_3579.graph,5,10,False,0.11784363,-0.8741009
tsp_358.graph,data/tsp_graphs/tsp_358.graph,8,20,True,0.28264618,0.20794278
tsp_3580.graph,data/tsp_graphs/tsp_3580.graph,10,20,True,0.075431824,0.6318169
tsp_3581.graph,data/tsp_graphs/tsp_3581.graph,8,20,False,-0.55840683,0.54300207
tsp_3582.graph,data/tsp_graphs/tsp_3582.graph,9,20,True,-1.1660843,0.20007265
tsp_3583.graph,data/tsp_graphs/tsp_3583.graph,6,15,False,-1.9323196,-0.61567533
tsp_3584.graph,data/tsp_graphs/tsp_3584.graph,8,15,True,-0.82967854,0.48128664
tsp_3585.graph,data/tsp_graphs/tsp_3585.graph,8,15,False,-0.7930279,0.48986542
tsp_3586.graph,data/tsp_graphs/tsp_3586.graph,5,20,True,1.4479179,-0.66878504
tsp_3587.graph,data/tsp_graphs/tsp_3587.graph,7,20,False,0.09978485,0.24805969
tsp_3588.graph,data/tsp_graphs/tsp_3588.graph,8,10,True,2.5495987,-0.045547724
tsp_3589.graph,data/tsp_graphs/tsp_3589.graph,5,20,False,-0.37542808,-0.24271902
tsp_359.graph,data/tsp_graphs/tsp_359.graph,10,10,False,-1.6389389,0.56820506
tsp_3590.graph,data/tsp_graphs/tsp_3590.graph,8,20,True,2.0951767,0.34706694
tsp_3591.graph,data/tsp_graphs/tsp_3591.graph,6,15,False,0.3738556,-0.17286569
tsp_3592.graph,data/tsp_graphs/tsp_3592.graph,8,20,True,0.12160492,0.5021295
tsp_3593.graph,data/tsp_graphs/tsp_3593.graph,10,10,False,-0.722229,0.31712896
tsp_3594.graph,data/tsp_graphs/tsp_3594.graph,8,10,True,0.52376175,-0.09310144
tsp_3595.graph,data/tsp_graphs/tsp_3595.graph,6,15,False,0.51657057,0.10026306
tsp_3596.graph,data/tsp_graphs/tsp_3596.graph,9,15,True,0.42998123,0.29198796
tsp_3597.graph,data/tsp_graphs/tsp_3597.graph,7,20,False,-0.12935257,0.31377286
tsp_3598.graph,data/tsp_graphs/tsp_3598.graph,5,20,True,-2.7973528,-0.050488263
tsp_3599.graph,data/tsp_graphs/tsp_3599.graph,7,10,False,-1.6277561,-0.77868575
tsp_36.graph,data/tsp_graphs/tsp_36.graph,10,20,True,0.42125702,0.58949584
tsp_360.graph,data/tsp_graphs/tsp_360.graph,10,15,True,-0.3413887,0.65078384
tsp_3600.graph,data/tsp_graphs/tsp_3600.graph,8,20,True,-0.426445,0.16045922
tsp_3601.graph,data/tsp_graphs/tsp_3601.graph,9,20,False,0.24434662,0.49916118
tsp_3602.graph,data/tsp_graphs/tsp_3602.graph,10,20,True,0.2210083,0.47312957
tsp_3603.graph,data/tsp_graphs/tsp_3603.graph,8,15,False,-0.033123016,-0.053245783
tsp_3604.graph,data/tsp_graphs/tsp_3604.graph,8,20,True,-0.37828827,0.26857418
tsp_3605.graph,data/tsp_graphs/tsp_3605.graph,6,15,False,-0.12098217,-0.25157934
tsp_3606.graph,data/tsp_graphs/tsp_3606.graph,8,20,True,1.0788498,0.12999159
tsp_3607.graph,data/tsp_graphs/tsp_3607.graph,10,20,False,1.15625,0.5290019
tsp_3608.graph,data/tsp_graphs/tsp_3608.graph,5,15,True,0.8089609,-0.52200305
tsp_3609.graph,data/tsp_graphs/tsp_3609.graph,9,10,False,-2.2733994,0.35650367
tsp_361.graph,data/tsp_graphs/tsp_361.graph,10,15,False,-0.24047899,0.7224142
tsp_3610.graph,data/tsp_graphs/tsp_3610.graph,5,10,True,2.9954834,-0.6051035
tsp_3611.graph,data/tsp_graphs/tsp_3611.graph,9,15,False,0.088573456,0.23895282
tsp_3612.graph,data/tsp_graphs/tsp_3612.graph,8,10,True,0.43780518,-0.07075092
tsp_3613.graph,data/tsp_graphs/tsp_3613.graph,9,20,False,-1.4610252,0.5166033
tsp_3614.graph,data/tsp_graphs/tsp_3614.graph,8,10,True,0.5193367,-0.2642181
tsp_3615.graph,data/tsp_graphs/tsp_3615.graph,9,10,False,-0.9290314,-0.2775974
tsp_3616.graph,data/tsp_graphs/tsp_3616.graph,10,10,True,0.43229675,0.027010858
tsp_3617.graph,data/tsp_graphs/tsp_3617.graph,10,10,False,0.13105011,0.05210948
tsp_3618.graph,data/tsp_graphs/tsp_3618.graph,5,15,True,2.2511005,-0.20822856
tsp_3619.graph,data/tsp_graphs/tsp_3619.graph,10,15,False,0.3656366,0.72818846
tsp_362.graph,data/tsp_graphs/tsp_362.graph,8,20,True,-0.71035004,0.051766932
tsp_3620.graph,data/tsp_graphs/tsp_3620.graph,10,10,True,-0.1436863,0.1442802
tsp_3621.graph,data/tsp_graphs/tsp_3621.graph,9,10,False,-2.1783066,0.4879436
tsp_3622.graph,data/tsp_graphs/tsp_3622.graph,6,15,True,-1.308136,-0.052357495
tsp_3623.graph,data/tsp_graphs/tsp_3623.graph,7,10,False,0.3206482,-0.40884143
tsp_3624.graph,data/tsp_graphs/tsp_3624.graph,9,15,True,1.3259377,0.5838445
tsp_3625.graph,data/tsp_graphs/tsp_3625.graph,10,10,False,0.6247711,0.4680413
tsp_3626.graph,data/tsp_graphs/tsp_3626.graph,7,20,True,0.7063751,0.06840676
tsp_3627.graph,data/tsp_graphs/tsp_3627.graph,6,10,False,-0.8925934,-0.16964445
tsp_3628.graph,data/tsp_graphs/tsp_3628.graph,8,20,True,0.23251724,0.60900503
tsp_3629.graph,data/tsp_graphs/tsp_3629.graph,9,15,False,-2.9015312,0.49379116
tsp_363.graph,data/tsp_graphs/tsp_363.graph,8,10,False,-1.9459839,0.11529839
tsp_3630.graph,data/tsp_graphs/tsp_3630.graph,5,20,True,2.5523376,-0.27078182
tsp_3631.graph,data/tsp_graphs/tsp_3631.graph,7,20,False,-0.113422394,0.20577836
tsp_3632.graph,data/tsp_graphs/tsp_3632.graph,6,10,True,0.49834442,-0.7343116
tsp_3633.graph,data/tsp_graphs/tsp_3633.graph,7,20,False,-0.82089996,-0.039676845
tsp_3634.graph,data/tsp_graphs/tsp_3634.graph,7,20,True,0.9783554,0.0916571
tsp_3635.graph,data/tsp_graphs/tsp_3635.graph,10,15,False,-1.7784977,0.4152537
tsp_3636.graph,data/tsp_graphs/tsp_3636.graph,6,15,True,-0.9023895,-0.44941977
tsp_3637.graph,data/tsp_graphs/tsp_3637.graph,8,10,False,0.6166458,-0.113675386
tsp_3638.graph,data/tsp_graphs/tsp_3638.graph,9,10,True,-0.11780548,-0.3864761
tsp_3639.graph,data/tsp_graphs/tsp_3639.graph,9,10,False,-1.9171982,0.18400913
tsp_364.graph,data/tsp_graphs/tsp_364.graph,5,15,True,-0.78482056,-0.54124945
tsp_3640.graph,data/tsp_graphs/tsp_3640.graph,6,15,True,0.054225206,0.05082649
tsp_3641.graph,data/tsp_graphs/tsp_3641.graph,6,20,False,-1.0077896,0.1146723
tsp_3642.graph,data/tsp_graphs/tsp_3642.graph,9,20,True,0.19554901,0.49260277
tsp_3643.graph,data/tsp_graphs/tsp_3643.graph,6,20,False,-0.6415787,0.08574641
tsp_3644.graph,data/tsp_graphs/tsp_3644.graph,8,15,True,-1.0508566,-0.094691545
tsp_3645.graph,data/tsp_graphs/tsp_3645.graph,8,15,False,-1.3081973,0.42575496
tsp_3646.graph,data/tsp_graphs/tsp_3646.graph,9,10,True,0.7381401,0.08259332
tsp_3647.graph,data/tsp_graphs/tsp_3647.graph,10,15,False,-0.25846863,0.45883387
tsp_3648.graph,data/tsp_graphs/tsp_3648.graph,8,20,True,2.2248611,0.20209837
tsp_3649.graph,data/tsp_graphs/tsp_3649.graph,5,20,False,-1.4934821,-0.32632026
tsp_365.graph,data/tsp_graphs/tsp_365.graph,6,15,False,-1.0609818,-0.19649103
tsp_3650.graph,data/tsp_graphs/tsp_3650.graph,8,10,True,2.8521423,0.053911924
tsp_3651.graph,data/tsp_graphs/tsp_3651.graph,7,15,False,-2.2717228,-0.25129086
tsp_3652.graph,data/tsp_graphs/tsp_3652.graph,9,10,True,1.9448929,0.27142566
tsp_3653.graph,data/tsp_graphs/tsp_3653.graph,5,15,False,0.30612564,-0.52555054
tsp_3654.graph,data/tsp_graphs/tsp_3654.graph,7,10,True,0.5437012,-0.2724269
tsp_3655.graph,data/tsp_graphs/tsp_3655.graph,10,20,False,-0.88786316,0.6750043
tsp_3656.graph,data/tsp_graphs/tsp_3656.graph,5,20,True,0.2956848,5.8472157e-05
tsp_3657.graph,data/tsp_graphs/tsp_3657.graph,7,15,False,0.16078854,-0.09886807
tsp_3658.graph,data/tsp_graphs/tsp_3658.graph,10,20,True,1.5512238,0.5625481
tsp_3659.graph,data/tsp_graphs/tsp_3659.graph,9,10,False,0.7372894,-0.14947653
tsp_366.graph,data/tsp_graphs/tsp_366.graph,10,20,True,-0.23944855,0.6641311
tsp_3660.graph,data/tsp_graphs/tsp_3660.graph,6,15,True,0.19937897,-0.13603029
tsp_3661.graph,data/tsp_graphs/tsp_3661.graph,7,15,False,-1.4999008,0.0762558
tsp_3662.graph,data/tsp_graphs/tsp_3662.graph,6,15,True,1.8699245,-0.3371973
tsp_3663.graph,data/tsp_graphs/tsp_3663.graph,7,10,False,1.2123756,-0.2182875
tsp_3664.graph,data/tsp_graphs/tsp_3664.graph,6,20,True,0.6988449,-0.19051278
tsp_3665.graph,data/tsp_graphs/tsp_3665.graph,5,20,False,0.39809036,-0.91426694
tsp_3666.graph,data/tsp_graphs/tsp_3666.graph,9,15,True,-0.4078331,0.44959217
tsp_3667.graph,data/tsp_graphs/tsp_3667.graph,10,10,False,0.8646345,0.22035986
tsp_3668.graph,data/tsp_graphs/tsp_3668.graph,8,10,True,-1.2955475,0.07085824
tsp_3669.graph,data/tsp_graphs/tsp_3669.graph,5,15,False,-1.119236,-0.82746893
tsp_367.graph,data/tsp_graphs/tsp_367.graph,7,10,False,-0.6636658,-0.47272807
tsp_3670.graph,data/tsp_graphs/tsp_3670.graph,8,20,True,2.121006,0.15427744
tsp_3671.graph,data/tsp_graphs/tsp_3671.graph,10,10,False,-0.19833755,0.12932295
tsp_3672.graph,data/tsp_graphs/tsp_3672.graph,6,15,True,0.19905043,-0.2497132
tsp_3673.graph,data/tsp_graphs/tsp_3673.graph,5,10,False,2.0957794,-0.87710524
tsp_3674.graph,data/tsp_graphs/tsp_3674.graph,6,10,True,2.264473,-0.2097129
tsp_3675.graph,data/tsp_graphs/tsp_3675.graph,10,10,False,-0.77077866,0.28406435
tsp_3676.graph,data/tsp_graphs/tsp_3676.graph,6,15,True,1.6872215,-0.32929993
tsp_3677.graph,data/tsp_graphs/tsp_3677.graph,8,10,False,-1.0687332,-0.27506086
tsp_3678.graph,data/tsp_graphs/tsp_3678.graph,6,20,True,1.8303185,-0.17298764
tsp_3679.graph,data/tsp_graphs/tsp_3679.graph,8,20,False,1.2518158,0.028187633
tsp_368.graph,data/tsp_graphs/tsp_368.graph,5,10,True,0.17357254,-1.0937904
tsp_3680.graph,data/tsp_graphs/tsp_3680.graph,9,20,True,0.9285393,0.86725324
tsp_3681.graph,data/tsp_graphs/tsp_3681.graph,5,10,False,-0.50942993,-0.8909213
tsp_3682.graph,data/tsp_graphs/tsp_3682.graph,8,20,True,2.0060291,0.41522986
tsp_3683.graph,data/tsp_graphs/tsp_3683.graph,8,20,False,-0.39091492,0.29795223
tsp_3684.graph,data/tsp_graphs/tsp_3684.graph,9,15,True,0.63910294,0.31927085
tsp_3685.graph,data/tsp_graphs/tsp_3685.graph,7,10,False,-1.0508385,-0.461178
tsp_3686.graph,data/tsp_graphs/tsp_3686.graph,5,15,True,0.24106026,-0.23304188
tsp_3687.graph,data/tsp_graphs/tsp_3687.graph,7,15,False,-1.1412468,0.016254663
tsp_3688.graph,data/tsp_graphs/tsp_3688.graph,5,15,True,0.70040894,-0.45865333
tsp_3689.graph,data/tsp_graphs/tsp_3689.graph,5,20,False,0.43396664,-0.15190578
tsp_369.graph,data/tsp_graphs/tsp_369.graph,9,10,False,-2.7027664,0.3495537
tsp_3690.graph,data/tsp_graphs/tsp_3690.graph,10,20,True,-0.49397278,0.5179345
tsp_3691.graph,data/tsp_graphs/tsp_3691.graph,8,10,False,-1.3911209,0.23806804
tsp_3692.graph,data/tsp_graphs/tsp_3692.graph,8,20,True,-0.82395935,0.27187014
tsp_3693.graph,data/tsp_graphs/tsp_3693.graph,6,15,False,-0.5271492,-0.2968884
tsp_3694.graph,data/tsp_graphs/tsp_3694.graph,7,10,True,2.5414352,-0.21910182
tsp_3695.graph,data/tsp_graphs/tsp_3695.graph,7,15,False,-1.1786556,0.10392028
tsp_3696.graph,data/tsp_graphs/tsp_3696.graph,5,10,True,-0.060074806,-0.8343109
tsp_3697.graph,data/tsp_graphs/tsp_3697.graph,7,15,False,1.367917,-0.16768315
tsp_3698.graph,data/tsp_graphs/tsp_3698.graph,7,10,True,0.09773636,-0.31276837
tsp_3699.graph,data/tsp_graphs/tsp_3699.graph,7,20,False,0.6182709,0.19252223
tsp_37.graph,data/tsp_graphs/tsp_37.graph,10,20,False,0.26750183,0.4698972
tsp_370.graph,data/tsp_graphs/tsp_370.graph,8,10,True,0.729866,0.06955868
tsp_3700.graph,data/tsp_graphs/tsp_3700.graph,7,20,True,-0.06912613,-0.021132886
tsp_3701.graph,data/tsp_graphs/tsp_3701.graph,9,20,False,-0.3681717,0.7285839
tsp_3702.graph,data/tsp_graphs/tsp_3702.graph,7,15,True,1.7149353,0.12010461
tsp_3703.graph,data/tsp_graphs/tsp_3703.graph,10,15,False,-0.32982635,0.705736
tsp_3704.graph,data/tsp_graphs/tsp_3704.graph,7,20,True,-1.0231686,0.009860933
tsp_3705.graph,data/tsp_graphs/tsp_3705.graph,5,15,False,1.4919224,-0.55454224
tsp_3706.graph,data/tsp_graphs/tsp_3706.graph,9,10,True,0.13701248,0.092552245
tsp_3707.graph,data/tsp_graphs/tsp_3707.graph,8,10,False,1.2376862,-0.017598927
tsp_3708.graph,data/tsp_graphs/tsp_3708.graph,7,20,True,1.5318375,0.37954408
tsp_3709.graph,data/tsp_graphs/tsp_3709.graph,9,15,False,-2.736229,0.384713
tsp_371.graph,data/tsp_graphs/tsp_371.graph,9,10,False,0.3947296,0.03526175
tsp_3710.graph,data/tsp_graphs/tsp_3710.graph,10,20,True,-0.7195282,0.59286124
tsp_3711.graph,data/tsp_graphs/tsp_3711.graph,8,15,False,-1.1315765,0.32563674
tsp_3712.graph,data/tsp_graphs/tsp_3712.graph,8,15,True,-0.906003,-0.03692448
tsp_3713.graph,data/tsp_graphs/tsp_3713.graph,9,10,False,-2.1017609,-0.021792829
tsp_3714.graph,data/tsp_graphs/tsp_3714.graph,5,15,True,-0.284729,-0.7454122
tsp_3715.graph,data/tsp_graphs/tsp_3715.graph,7,20,False,-1.572586,-0.10526341
tsp_3716.graph,data/tsp_graphs/tsp_3716.graph,10,20,True,0.3897171,0.5700992
tsp_3717.graph,data/tsp_graphs/tsp_3717.graph,10,20,False,-0.9866562,0.40662283
tsp_3718.graph,data/tsp_graphs/tsp_3718.graph,5,20,True,1.4046593,-0.22525555
tsp_3719.graph,data/tsp_graphs/tsp_3719.graph,5,15,False,-0.85170746,-0.49053928
tsp_372.graph,data/tsp_graphs/tsp_372.graph,9,20,True,-1.3277435,0.13802725
tsp_3720.graph,data/tsp_graphs/tsp_3720.graph,9,10,True,0.6910858,0.15016502
tsp_3721.graph,data/tsp_graphs/tsp_3721.graph,6,20,False,-1.0905037,-0.0064651966
tsp_3722.graph,data/tsp_graphs/tsp_3722.graph,7,20,True,-0.22705078,-0.03689611
tsp_3723.graph,data/tsp_graphs/tsp_3723.graph,8,20,False,0.15515137,0.22429502
tsp_3724.graph,data/tsp_graphs/tsp_3724.graph,7,20,True,-0.99791527,0.051609457
tsp_3725.graph,data/tsp_graphs/tsp_3725.graph,7,15,False,-0.8252144,-0.09982914
tsp_3726.graph,data/tsp_graphs/tsp_3726.graph,8,20,True,0.68239594,0.19892961
tsp_3727.graph,data/tsp_graphs/tsp_3727.graph,6,15,False,0.074150085,-0.5697977
tsp_3728.graph,data/tsp_graphs/tsp_3728.graph,10,20,True,1.1952515,0.47200567
tsp_3729.graph,data/tsp_graphs/tsp_3729.graph,10,20,False,0.83327484,0.89019185
tsp_373.graph,data/tsp_graphs/tsp_373.graph,9,20,False,-0.30832672,0.42090124
tsp_3730.graph,data/tsp_graphs/tsp_3730.graph,5,10,True,0.72343826,-0.80749
tsp_3731.graph,data/tsp_graphs/tsp_3731.graph,10,10,False,-0.8023529,0.48458987
tsp_3732.graph,data/tsp_graphs/tsp_3732.graph,8,15,True,-0.61091447,-0.30840695
tsp_3733.graph,data/tsp_graphs/tsp_3733.graph,9,10,False,-2.9095268,-0.15836036
tsp_3734.graph,data/tsp_graphs/tsp_3734.graph,8,15,True,0.55236816,0.22466582
tsp_3735.graph,data/tsp_graphs/tsp_3735.graph,7,10,False,-1.7590752,-0.09506559
tsp_3736.graph,data/tsp_graphs/tsp_3736.graph,10,20,True,1.4567337,0.6868281
tsp_3737.graph,data/tsp_graphs/tsp_3737.graph,9,10,False,-0.16366196,0.088579476
tsp_3738.graph,data/tsp_graphs/tsp_3738.graph,7,15,True,0.9409046,0.2315048
tsp_3739.graph,data/tsp_graphs/tsp_3739.graph,10,15,False,-1.6390247,0.41883034
tsp_374.graph,data/tsp_graphs/tsp_374.graph,8,20,True,1.3357506,0.4165871
tsp_3740.graph,data/tsp_graphs/tsp_3740.graph,7,20,True,0.89398384,0.30175614
tsp_3741.graph,data/tsp_graphs/tsp_3741.graph,8,10,False,-1.2318268,0.053016305
tsp_3742.graph,data/tsp_graphs/tsp_3742.graph,5,20,True,-0.038951874,-0.52407485
tsp_3743.graph,data/tsp_graphs/tsp_3743.graph,10,15,False,0.48708057,0.71128637
tsp_3744.graph,data/tsp_graphs/tsp_3744.graph,7,15,True,0.3231144,-0.16764265
tsp_3745.graph,data/tsp_graphs/tsp_3745.graph,9,15,False,-0.0218544,0.35551518
tsp_3746.graph,data/tsp_graphs/tsp_3746.graph,7,20,True,-0.5800514,0.29915154
tsp_3747.graph,data/tsp_graphs/tsp_3747.graph,6,15,False,-0.45807266,-0.0110785365
tsp_3748.graph,data/tsp_graphs/tsp_3748.graph,5,15,True,1.1121902,-0.4694316
tsp_3749.graph,data/tsp_graphs/tsp_3749.graph,5,10,False,-0.3071823,-0.57065475
tsp_375.graph,data/tsp_graphs/tsp_375.graph,8,20,False,1.0187225,0.26668638
tsp_3750.graph,data/tsp_graphs/tsp_3750.graph,5,15,True,0.6391449,-0.22603914
tsp_3751.graph,data/tsp_graphs/tsp_3751.graph,10,15,False,-0.48296833,0.8657319
tsp_3752.graph,data/tsp_graphs/tsp_3752.graph,5,20,True,1.3588915,-0.47148493
tsp_3753.graph,data/tsp_graphs/tsp_3753.graph,7,20,False,-1.3549004,-0.012888044
tsp_3754.graph,data/tsp_graphs/tsp_3754.graph,6,15,True,-0.13900757,-0.023736537
tsp_3755.graph,data/tsp_graphs/tsp_3755.graph,5,20,False,-0.9561882,-0.34331244
tsp_3756.graph,data/tsp_graphs/tsp_3756.graph,6,10,True,-0.6019306,-0.7824342
tsp_3757.graph,data/tsp_graphs/tsp_3757.graph,8,20,False,-1.7684021,0.28504616
tsp_3758.graph,data/tsp_graphs/tsp_3758.graph,9,20,True,0.7981262,0.60437757
tsp_3759.graph,data/tsp_graphs/tsp_3759.graph,8,20,False,0.43541718,0.13275611
tsp_376.graph,data/tsp_graphs/tsp_376.graph,6,20,True,-0.90752697,-0.4560941
tsp_3760.graph,data/tsp_graphs/tsp_3760.graph,9,10,True,1.1162109,0.45589578
tsp_3761.graph,data/tsp_graphs/tsp_3761.graph,10,20,False,2.0500488,0.49180466
tsp_3762.graph,data/tsp_graphs/tsp_3762.graph,7,10,True,0.3552475,-0.6442407
tsp_3763.graph,data/tsp_graphs/tsp_3763.graph,6,10,False,0.7089882,-0.5037531
tsp_3764.graph,data/tsp_graphs/tsp_3764.graph,6,10,True,2.0633717,-0.4602587
tsp_3765.graph,data/tsp_graphs/tsp_3765.graph,10,10,False,-2.4873505,0.32118905
tsp_3766.graph,data/tsp_graphs/tsp_3766.graph,10,15,True,1.1862526,0.64362305
tsp_3767.graph,data/tsp_graphs/tsp_3767.graph,10,15,False,-1.8774548,0.2740479
tsp_3768.graph,data/tsp_graphs/tsp_3768.graph,6,15,True,2.7106247,-0.16630581
tsp_3769.graph,data/tsp_graphs/tsp_3769.graph,8,10,False,-0.7590904,0.0021817684
tsp_377.graph,data/tsp_graphs/tsp_377.graph,8,15,False,-0.7524147,0.48428446
tsp_3770.graph,data/tsp_graphs/tsp_3770.graph,6,20,True,-0.7271309,0.15956634
tsp_3771.graph,data/tsp_graphs/tsp_3771.graph,8,15,False,-1.7937121,0.019526541
tsp_3772.graph,data/tsp_graphs/tsp_3772.graph,9,15,True,-1.7161083,0.24507612
tsp_3773.graph,data/tsp_graphs/tsp_3773.graph,8,20,False,-2.9056168,0.26900214
tsp_3774.graph,data/tsp_graphs/tsp_3774.graph,7,20,True,1.9060364,0.26279205
tsp_3775.graph,data/tsp_graphs/tsp_3775.graph,5,10,False,-0.9111252,-0.5974448
tsp_3776.graph,data/tsp_graphs/tsp_3776.graph,9,20,True,0.5377197,0.33612925
tsp_3777.graph,data/tsp_graphs/tsp_3777.graph,5,20,False,-0.75307846,-0.18487245
tsp_3778.graph,data/tsp_graphs/tsp_3778.graph,6,10,True,1.0439014,-0.54655874
tsp_3779.graph,data/tsp_graphs/tsp_3779.graph,5,10,False,-0.92874575,-0.89516187
tsp_378.graph,data/tsp_graphs/tsp_378.graph,5,15,True,0.33803368,-0.42804456
tsp_3780.graph,data/tsp_graphs/tsp_3780.graph,9,10,True,-0.33059692,-0.4084295
tsp_3781.graph,data/tsp_graphs/tsp_3781.graph,9,20,False,-1.4091797,0.5297628
tsp_3782.graph,data/tsp_graphs/tsp_3782.graph,8,10,True,-1.7331772,0.40356487
tsp_3783.graph,data/tsp_graphs/tsp_3783.graph,10,15,False,1.43326,0.201639
tsp_3784.graph,data/tsp_graphs/tsp_3784.graph,9,15,True,-0.6520767,0.47361964
tsp_3785.graph,data/tsp_graphs/tsp_3785.graph,8,20,False,0.019935608,0.3463276
tsp_3786.graph,data/tsp_graphs/tsp_3786.graph,8,10,True,0.74990463,-0.261751
tsp_3787.graph,data/tsp_graphs/tsp_3787.graph,8,20,False,0.3492546,0.5307599
tsp_3788.graph,data/tsp_graphs/tsp_3788.graph,10,20,True,0.5019989,0.57768804
tsp_3789.graph,data/tsp_graphs/tsp_3789.graph,6,15,False,-0.59796906,-0.0128268
tsp_379.graph,data/tsp_graphs/tsp_379.graph,10,15,False,-1.3956585,0.27744693
tsp_3790.graph,data/tsp_graphs/tsp_3790.graph,5,15,True,0.4678135,-0.26543835
tsp_3791.graph,data/tsp_graphs/tsp_3791.graph,8,10,False,0.9178505,-0.044334203
tsp_3792.graph,data/tsp_graphs/tsp_3792.graph,6,15,True,-0.05679989,-0.306759
tsp_3793.graph,data/tsp_graphs/tsp_3793.graph,7,10,False,-1.4777921,-0.553037
tsp_3794.graph,data/tsp_graphs/tsp_3794.graph,8,10,True,0.8733444,-0.03528723
tsp_3795.graph,data/tsp_graphs/tsp_3795.graph,9,20,False,-0.24745941,0.24925119
tsp_3796.graph,data/tsp_graphs/tsp_3796.graph,10,15,True,0.6080589,0.24082297
tsp_3797.graph,data/tsp_graphs/tsp_3797.graph,8,10,False,-1.923378,0.23420888
tsp_3798.graph,data/tsp_graphs/tsp_3798.graph,9,15,True,1.4675636,0.1643613
tsp_3799.graph,data/tsp_graphs/tsp_3799.graph,10,20,False,-0.30441284,0.6645804
tsp_38.graph,data/tsp_graphs/tsp_38.graph,8,20,True,-0.36605835,0.2506413
tsp_380.graph,data/tsp_graphs/tsp_380.graph,6,10,True,0.3726864,-0.5773253
tsp_3800.graph,data/tsp_graphs/tsp_3800.graph,5,20,True,0.14548874,-0.15249753
tsp_3801.graph,data/tsp_graphs/tsp_3801.graph,8,20,False,-0.56702423,0.21695465
tsp_3802.graph,data/tsp_graphs/tsp_3802.graph,6,20,True,-0.1586914,-0.5042636
tsp_3803.graph,data/tsp_graphs/tsp_3803.graph,9,15,False,-1.2956629,0.66895705
tsp_3804.graph,data/tsp_graphs/tsp_3804.graph,6,20,True,0.66337013,0.14331841
tsp_3805.graph,data/tsp_graphs/tsp_3805.graph,9,15,False,-2.049571,0.07940388
tsp_3806.graph,data/tsp_graphs/tsp_3806.graph,6,20,True,-0.0033416748,-0.03990048
tsp_3807.graph,data/tsp_graphs/tsp_3807.graph,10,15,False,-1.8779619,0.744428
tsp_3808.graph,data/tsp_graphs/tsp_3808.graph,6,15,True,-0.7958603,-0.27345014
tsp_3809.graph,data/tsp_graphs/tsp_3809.graph,10,15,False,-0.39626312,0.2970521
tsp_381.graph,data/tsp_graphs/tsp_381.graph,10,10,False,-1.470932,0.09196454
tsp_3810.graph,data/tsp_graphs/tsp_3810.graph,10,10,True,2.0061798,0.41352814
tsp_3811.graph,data/tsp_graphs/tsp_3811.graph,6,15,False,-0.6310959,-0.34448403
tsp_3812.graph,data/tsp_graphs/tsp_3812.graph,5,20,True,2.1372747,-0.48212695
tsp_3813.graph,data/tsp_graphs/tsp_3813.graph,10,20,False,-0.5912628,0.36929178
tsp_3814.graph,data/tsp_graphs/tsp_3814.graph,7,10,True,-0.4872017,-0.54664516
tsp_3815.graph,data/tsp_graphs/tsp_3815.graph,8,10,False,-0.43034363,0.21647352
tsp_3816.graph,data/tsp_graphs/tsp_3816.graph,5,15,True,0.08324814,-0.88398886
tsp_3817.graph,data/tsp_graphs/tsp_3817.graph,6,20,False,-3.6568413,-0.15159947
tsp_3818.graph,data/tsp_graphs/tsp_3818.graph,8,15,True,0.36624956,-0.1900104
tsp_3819.graph,data/tsp_graphs/tsp_3819.graph,10,10,False,-1.9988098,0.39569694
tsp_382.graph,data/tsp_graphs/tsp_382.graph,6,15,True,-0.39575768,-0.3273945
tsp_3820.graph,data/tsp_graphs/tsp_3820.graph,9,20,True,0.0730896,0.5239207
tsp_3821.graph,data/tsp_graphs/tsp_3821.graph,9,10,False,0.1248436,0.001129359
tsp_3822.graph,data/tsp_graphs/tsp_3822.graph,10,10,True,1.2264233,-0.031190276
tsp_3823.graph,data/tsp_graphs/tsp_3823.graph,10,15,False,-0.42533493,0.37945086
tsp_3824.graph,data/tsp_graphs/tsp_3824.graph,5,10,True,3.1815186,-0.5724455
tsp_3825.graph,data/tsp_graphs/tsp_3825.graph,5,20,False,-3.1302185,0.021835387
tsp_3826.graph,data/tsp_graphs/tsp_3826.graph,7,15,True,-0.65423584,0.22632247
tsp_3827.graph,data/tsp_graphs/tsp_3827.graph,6,15,False,-0.7928381,-0.3111114
tsp_3828.graph,data/tsp_graphs/tsp_3828.graph,6,10,True,2.6204147,-0.7190979
tsp_3829.graph,data/tsp_graphs/tsp_3829.graph,9,10,False,-0.8298607,-0.012667477
tsp_383.graph,data/tsp_graphs/tsp_383.graph,9,15,False,-0.04180312,0.65007335
tsp_3830.graph,data/tsp_graphs/tsp_3830.graph,6,15,True,0.18188095,-0.34165576
tsp_3831.graph,data/tsp_graphs/tsp_3831.graph,6,10,False,1.2813721,-0.28418618
tsp_3832.graph,data/tsp_graphs/tsp_3832.graph,8,10,True,1.2816963,-0.08634466
tsp_3833.graph,data/tsp_graphs/tsp_3833.graph,9,10,False,-1.814064,0.5007642
tsp_3834.graph,data/tsp_graphs/tsp_3834.graph,9,20,True,-0.629303,0.4171543
tsp_3835.graph,data/tsp_graphs/tsp_3835.graph,5,10,False,-1.1428986,-0.79480076
tsp_3836.graph,data/tsp_graphs/tsp_3836.graph,7,20,True,1.5446701,0.20379847
tsp_3837.graph,data/tsp_graphs/tsp_3837.graph,6,10,False,0.4011612,-0.6609043
tsp_3838.graph,data/tsp_graphs/tsp_3838.graph,5,10,True,-0.9953613,-0.42755923
tsp_3839.graph,data/tsp_graphs/tsp_3839.graph,7,20,False,-0.89466095,-0.066170454
tsp_384.graph,data/tsp_graphs/tsp_384.graph,9,10,True,2.0468693,0.31665593
tsp_3840.graph,data/tsp_graphs/tsp_3840.graph,10,15,True,0.51784897,0.40972632
tsp_3841.graph,data/tsp_graphs/tsp_3841.graph,5,20,False,-0.78827286,-0.23967531
tsp_3842.graph,data/tsp_graphs/tsp_3842.graph,5,15,True,-0.1829338,-0.8312836
tsp_3843.graph,data/tsp_graphs/tsp_3843.graph,8,20,False,-1.7748947,0.26888645
tsp_3844.graph,data/tsp_graphs/tsp_3844.graph,5,10,True,0.2906189,-0.8935357
tsp_3845.graph,data/tsp_graphs/tsp_3845.graph,7,15,False,-0.8021445,-0.14655536
tsp_3846.graph,data/tsp_graphs/tsp_3846.graph,10,10,True,0.24101067,0.4352873
tsp_3847.graph,data/tsp_graphs/tsp_3847.graph,7,10,False,-1.3530807,0.13226765
tsp_3848.graph,data/tsp_graphs/tsp_3848.graph,9,20,True,0.48764038,0.2788037
tsp_3849.graph,data/tsp_graphs/tsp_3849.graph,5,20,False,-2.1463099,-0.33858424
tsp_385.graph,data/tsp_graphs/tsp_385.graph,6,20,False,-0.5916517,0.05351913
tsp_3850.graph,data/tsp_graphs/tsp_3850.graph,7,15,True,1.1785164,0.23751932
tsp_3851.graph,data/tsp_graphs/tsp_3851.graph,6,20,False,0.7461071,0.019043803
tsp_3852.graph,data/tsp_graphs/tsp_3852.graph,9,10,True,0.1905365,0.17079139
tsp_3853.graph,data/tsp_graphs/tsp_3853.graph,8,10,False,0.310997,0.15153694
tsp_3854.graph,data/tsp_graphs/tsp_3854.graph,5,20,True,1.5003338,-0.36782146
tsp_3855.graph,data/tsp_graphs/tsp_3855.graph,8,20,False,1.0932465,0.38045174
tsp_3856.graph,data/tsp_graphs/tsp_3856.graph,9,20,True,-0.77954865,0.6201654
tsp_3857.graph,data/tsp_graphs/tsp_3857.graph,10,20,False,0.16450882,0.82677275
tsp_3858.graph,data/tsp_graphs/tsp_3858.graph,7,15,True,1.1440258,0.2351954
tsp_3859.graph,data/tsp_graphs/tsp_3859.graph,10,15,False,-0.69454193,0.55810434
tsp_386.graph,data/tsp_graphs/tsp_386.graph,9,20,True,0.6751137,0.5411089
tsp_3860.graph,data/tsp_graphs/tsp_3860.graph,7,15,True,0.7951412,0.09941018
tsp_3861.graph,data/tsp_graphs/tsp_3861.graph,7,15,False,1.1867676,0.12919718
tsp_3862.graph,data/tsp_graphs/tsp_3862.graph,6,10,True,-1.0848007,-0.49448386
tsp_3863.graph,data/tsp_graphs/tsp_3863.graph,7,15,False,-1.6080265,0.1739285
tsp_3864.graph,data/tsp_graphs/tsp_3864.graph,6,15,True,0.61681366,-0.5458088
tsp_3865.graph,data/tsp_graphs/tsp_3865.graph,7,10,False,2.0976028,0.010916173
tsp_3866.graph,data/tsp_graphs/tsp_3866.graph,5,20,True,1.35783,-0.29569983
tsp_3867.graph,data/tsp_graphs/tsp_3867.graph,5,15,False,-0.9029312,-0.2902472
tsp_3868.graph,data/tsp_graphs/tsp_3868.graph,5,15,True,3.1635017,-0.29273155
tsp_3869.graph,data/tsp_graphs/tsp_3869.graph,10,10,False,-2.8582306,0.5475498
tsp_387.graph,data/tsp_graphs/tsp_387.graph,8,15,False,-0.64154816,0.112867475
tsp_3870.graph,data/tsp_graphs/tsp_3870.graph,8,10,True,-1.4975052,0.07838476
tsp_3871.graph,data/tsp_graphs/tsp_3871.graph,6,20,False,-1.6852112,-0.21805468
tsp_3872.graph,data/tsp_graphs/tsp_3872.graph,5,15,True,2.6318283,-0.7353065
tsp_3873.graph,data/tsp_graphs/tsp_3873.graph,8,20,False,0.081474304,0.27835482
tsp_3874.graph,data/tsp_graphs/tsp_3874.graph,6,10,True,0.38806152,-0.29768595
tsp_3875.graph,data/tsp_graphs/tsp_3875.graph,7,20,False,-0.077949524,-0.043920577
tsp_3876.graph,data/tsp_graphs/tsp_3876.graph,8,15,True,-0.18849945,0.03362769
tsp_3877.graph,data/tsp_graphs/tsp_3877.graph,9,15,False,-0.069812775,0.28301454
tsp_3878.graph,data/tsp_graphs/tsp_3878.graph,5,10,True,0.56134796,-0.59272677
tsp_3879.graph,data/tsp_graphs/tsp_3879.graph,10,10,False,0.3347454,0.20716113
tsp_388.graph,data/tsp_graphs/tsp_388.graph,5,20,True,-0.72201157,-0.6427333
tsp_3880.graph,data/tsp_graphs/tsp_3880.graph,7,15,True,-0.053167343,-0.26748556
tsp_3881.graph,data/tsp_graphs/tsp_3881.graph,5,15,False,-0.52212524,-0.9749838
tsp_3882.graph,data/tsp_graphs/tsp_3882.graph,6,10,True,1.5109253,-0.27440602
tsp_3883.graph,data/tsp_graphs/tsp_3883.graph,7,15,False,-1.1020832,0.24435931
tsp_3884.graph,data/tsp_graphs/tsp_3884.graph,7,15,True,-0.40974522,-0.17309079
tsp_3885.graph,data/tsp_graphs/tsp_3885.graph,7,10,False,-1.8080139,-0.45246753
tsp_3886.graph,data/tsp_graphs/tsp_3886.graph,5,20,True,1.2314463,-0.06991613
tsp_3887.graph,data/tsp_graphs/tsp_3887.graph,9,20,False,0.20738411,0.80199915
tsp_3888.graph,data/tsp_graphs/tsp_3888.graph,10,15,True,0.2563057,0.4648897
tsp_3889.graph,data/tsp_graphs/tsp_3889.graph,9,20,False,0.59365845,0.6173993
tsp_389.graph,data/tsp_graphs/tsp_389.graph,8,15,False,1.9085732,0.12514752
tsp_3890.graph,data/tsp_graphs/tsp_3890.graph,6,10,True,1.6484108,-0.834242
tsp_3891.graph,data/tsp_graphs/tsp_3891.graph,10,10,False,-2.2789154,0.22505575
tsp_3892.graph,data/tsp_graphs/tsp_3892.graph,9,10,True,0.8079605,0.29893053
tsp_3893.graph,data/tsp_graphs/tsp_3893.graph,7,20,False,-0.58893585,-0.043268144
tsp_3894.graph,data/tsp_graphs/tsp_3894.graph,5,10,True,-0.5514908,-0.57813966
tsp_3895.graph,data/tsp_graphs/tsp_3895.graph,6,15,False,0.40853024,0.07068831
tsp_3896.graph,data/tsp_graphs/tsp_3896.graph,5,20,True,0.2948227,-0.16915798
tsp_3897.graph,data/tsp_graphs/tsp_3897.graph,8,20,False,-0.44861984,-0.1304599
tsp_3898.graph,data/tsp_graphs/tsp_3898.graph,6,10,True,0.8037987,-0.57917166
tsp_3899.graph,data/tsp_graphs/tsp_3899.graph,5,15,False,-0.90571594,-0.68876624
tsp_39.graph,data/tsp_graphs/tsp_39.graph,7,15,False,0.46885014,-0.22680852
tsp_390.graph,data/tsp_graphs/tsp_390.graph,9,20,True,1.2939911,0.4050998
tsp_3900.graph,data/tsp_graphs/tsp_3900.graph,10,10,True,0.98112106,0.024467707
tsp_3901.graph,data/tsp_graphs/tsp_3901.graph,7,20,False,0.078502655,-0.071739376
tsp_3902.graph,data/tsp_graphs/tsp_3902.graph,6,20,True,1.7280731,-0.16618854
tsp_3903.graph,data/tsp_graphs/tsp_3903.graph,9,15,False,0.48172283,0.6974376
tsp_3904.graph,data/tsp_graphs/tsp_3904.graph,10,15,True,0.36039734,0.7288211
tsp_3905.graph,data/tsp_graphs/tsp_3905.graph,7,15,False,-1.2315445,-0.62175643
tsp_3906.graph,data/tsp_graphs/tsp_3906.graph,7,15,True,-0.5651572,-0.034001708
tsp_3907.graph,data/tsp_graphs/tsp_3907.graph,5,20,False,0.2966962,-0.25535876
tsp_3908.graph,data/tsp_graphs/tsp_3908.graph,5,10,True,1.2187586,-0.86150825
tsp_3909.graph,data/tsp_graphs/tsp_3909.graph,10,15,False,-0.19571304,0.28184837
tsp_391.graph,data/tsp_graphs/tsp_391.graph,9,10,False,-2.5081558,0.17079091
tsp_3910.graph,data/tsp_graphs/tsp_3910.graph,7,10,True,0.6951599,-0.31871784
tsp_3911.graph,data/tsp_graphs/tsp_3911.graph,8,10,False,0.00077438354,-0.25785124
tsp_3912.graph,data/tsp_graphs/tsp_3912.graph,5,15,True,0.85673904,-0.2510928
tsp_3913.graph,data/tsp_graphs/tsp_3913.graph,10,10,False,-0.33459473,-0.25102454
tsp_3914.graph,data/tsp_graphs/tsp_3914.graph,8,10,True,0.43248367,-0.06279862
tsp_3915.graph,data/tsp_graphs/tsp_3915.graph,5,10,False,-0.50328064,-1.1583421
tsp_3916.graph,data/tsp_graphs/tsp_3916.graph,10,15,True,0.37163162,0.49172932
tsp_3917.graph,data/tsp_graphs/tsp_3917.graph,7,15,False,-0.8036928,-0.095579594
tsp_3918.graph,data/tsp_graphs/tsp_3918.graph,8,20,True,0.8381653,0.11401361
tsp_3919.graph,data/tsp_graphs/tsp_3919.graph,6,10,False,-1.9131012,-0.24066415
tsp_392.graph,data/tsp_graphs/tsp_392.graph,8,10,True,0.60569,0.19365424
tsp_3920.graph,data/tsp_graphs/tsp_3920.graph,7,20,True,2.1102104,-0.1236358
tsp_3921.graph,data/tsp_graphs/tsp_3921.graph,9,10,False,-0.07015991,0.06427312
tsp_3922.graph,data/tsp_graphs/tsp_3922.graph,6,10,True,1.0019188,-0.5832659
tsp_3923.graph,data/tsp_graphs/tsp_3923.graph,8,15,False,-1.0805931,0.38641447
tsp_3924.graph,data/tsp_graphs/tsp_3924.graph,8,20,True,1.151413,0.55049366
tsp_3925.graph,data/tsp_graphs/tsp_3925.graph,8,10,False,0.45755005,-0.1367752
tsp_3926.graph,data/tsp_graphs/tsp_3926.graph,9,20,True,0.86040497,0.3716057
tsp_3927.graph,data/tsp_graphs/tsp_3927.graph,6,10,False,-0.13756943,-0.5085645
tsp_3928.graph,data/tsp_graphs/tsp_3928.graph,7,20,True,1.7494583,0.1333602
tsp_3929.graph,data/tsp_graphs/tsp_3929.graph,5,10,False,-0.6337724,-0.942208
tsp_393.graph,data/tsp_graphs/tsp_393.graph,10,10,False,1.5157326,-0.13164169
tsp_3930.graph,data/tsp_graphs/tsp_3930.graph,8,10,True,0.87462234,-0.03032887
tsp_3931.graph,data/tsp_graphs/tsp_3931.graph,8,15,False,-1.0977745,-0.046113104
tsp_3932.graph,data/tsp_graphs/tsp_3932.graph,6,15,True,0.33867073,0.10903716
tsp_3933.graph,data/tsp_graphs/tsp_3933.graph,7,20,False,-1.3863907,0.02308172
tsp_3934.graph,data/tsp_graphs/tsp_3934.graph,7,15,True,-0.5661135,-0.048291385
tsp_3935.graph,data/tsp_graphs/tsp_3935.graph,5,15,False,-0.47395897,-0.24983282
tsp_3936.graph,data/tsp_graphs/tsp_3936.graph,8,20,True,2.0226212,0.31740552
tsp_3937.graph,data/tsp_graphs/tsp_3937.graph,6,15,False,-0.82620907,-0.2713899
tsp_3938.graph,data/tsp_graphs/tsp_3938.graph,9,20,True,-0.7103348,0.561431
tsp_3939.graph,data/tsp_graphs/tsp_3939.graph,7,20,False,-0.8011627,0.13677305
tsp_394.graph,data/tsp_graphs/tsp_394.graph,9,15,True,0.68188095,0.24708062
tsp_3940.graph,data/tsp_graphs/tsp_3940.graph,7,10,True,0.19136429,-0.2516169
tsp_3941.graph,data/tsp_graphs/tsp_3941.graph,7,10,False,-1.2654724,0.004968405
tsp_3942.graph,data/tsp_graphs/tsp_3942.graph,6,15,True,0.895195,-0.12762296
tsp_3943.graph,data/tsp_graphs/tsp_3943.graph,10,15,False,0.70757294,0.49958664
tsp_3944.graph,data/tsp_graphs/tsp_3944.graph,6,15,True,0.056967586,-0.32266724
tsp_3945.graph,data/tsp_graphs/tsp_3945.graph,7,10,False,0.31204224,-0.5252224
tsp_3946.graph,data/tsp_graphs/tsp_3946.graph,10,20,True,1.2123337,0.85518295
tsp_3947.graph,data/tsp_graphs/tsp_3947.graph,5,10,False,-0.45026398,-0.89729613
tsp_3948.graph,data/tsp_graphs/tsp_3948.graph,7,10,True,2.612709,0.04237932
tsp_3949.graph,data/tsp_graphs/tsp_3949.graph,5,10,False,0.16664886,-0.7252368
tsp_395.graph,data/tsp_graphs/tsp_395.graph,8,20,False,0.1973381,0.5562914
tsp_3950.graph,data/tsp_graphs/tsp_3950.graph,7,10,True,-1.0771713,-0.600837
tsp_3951.graph,data/tsp_graphs/tsp_3951.graph,9,20,False,-0.964241,0.2805577
tsp_3952.graph,data/tsp_graphs/tsp_3952.graph,9,15,True,-0.45109463,-0.036191046
tsp_3953.graph,data/tsp_graphs/tsp_3953.graph,9,15,False,-0.15616226,0.76057106
tsp_3954.graph,data/tsp_graphs/tsp_3954.graph,9,20,True,-0.98044586,0.58744305
tsp_3955.graph,data/tsp_graphs/tsp_3955.graph,7,15,False,1.3160038,0.19420981
tsp_3956.graph,data/tsp_graphs/tsp_3956.graph,9,20,True,-1.2127304,0.58180755
tsp_3957.graph,data/tsp_graphs/tsp_3957.graph,5,15,False,0.14935493,-0.4071614
tsp_3958.graph,data/tsp_graphs/tsp_3958.graph,9,15,True,-0.47836494,0.32183605
tsp_3959.graph,data/tsp_graphs/tsp_3959.graph,9,20,False,0.27607727,0.4650218
tsp_396.graph,data/tsp_graphs/tsp_396.graph,5,15,True,1.3027668,-0.28273243
tsp_3960.graph,data/tsp_graphs/tsp_3960.graph,5,20,True,-0.566885,-0.71429247
tsp_3961.graph,data/tsp_graphs/tsp_3961.graph,8,10,False,-0.72641754,0.21987563
tsp_3962.graph,data/tsp_graphs/tsp_3962.graph,5,10,True,0.20151138,-0.9546356
tsp_3963.graph,data/tsp_graphs/tsp_3963.graph,5,10,False,-0.7295494,-1.0860591
tsp_3964.graph,data/tsp_graphs/tsp_3964.graph,9,10,True,1.9102173,0.09304303
tsp_3965.graph,data/tsp_graphs/tsp_3965.graph,7,15,False,-0.6688957,-0.2660616
tsp_3966.graph,data/tsp_graphs/tsp_3966.graph,6,10,True,-0.18363714,-0.52112776
tsp_3967.graph,data/tsp_graphs/tsp_3967.graph,6,20,False,0.25284576,0.10776955
tsp_3968.graph,data/tsp_graphs/tsp_3968.graph,5,15,True,0.39332008,-0.55097526
tsp_3969.graph,data/tsp_graphs/tsp_3969.graph,7,20,False,-0.8626213,0.27375275
tsp_397.graph,data/tsp_graphs/tsp_397.graph,7,20,False,-0.42443085,0.27310294
tsp_3970.graph,data/tsp_graphs/tsp_3970.graph,10,10,True,0.40350723,0.0067712665
tsp_3971.graph,data/tsp_graphs/tsp_3971.graph,9,15,False,0.6352768,0.48557526
tsp_3972.graph,data/tsp_graphs/tsp_3972.graph,5,15,True,-1.4324493,-0.98904425
tsp_3973.graph,data/tsp_graphs/tsp_3973.graph,7,20,False,-1.2214966,-0.03277114
tsp_3974.graph,data/tsp_graphs/tsp_3974.graph,5,15,True,-0.14372587,-0.17477539
tsp_3975.graph,data/tsp_graphs/tsp_3975.graph,9,10,False,0.8165741,-0.0622544
tsp_3976.graph,data/tsp_graphs/tsp_3976.graph,10,20,True,-0.24337769,0.7622972
tsp_3977.graph,data/tsp_graphs/tsp_3977.graph,7,15,False,-0.80097675,-0.11921856
tsp_3978.graph,data/tsp_graphs/tsp_3978.graph,9,20,True,-0.50647736,0.53945214
tsp_3979.graph,data/tsp_graphs/tsp_3979.graph,10,10,False,-0.08205986,0.13243693
tsp_398.graph,data/tsp_graphs/tsp_398.graph,6,10,True,0.8346176,-0.28373232
tsp_3980.graph,data/tsp_graphs/tsp_3980.graph,5,15,True,0.78120565,-0.4657957
tsp_3981.graph,data/tsp_graphs/tsp_3981.graph,8,15,False,-0.17593288,-0.13729191
tsp_3982.graph,data/tsp_graphs/tsp_3982.graph,8,15,True,-1.2168312,0.3485375
tsp_3983.graph,data/tsp_graphs/tsp_3983.graph,6,10,False,-0.18871212,-0.95726126
tsp_3984.graph,data/tsp_graphs/tsp_3984.graph,7,20,True,-0.49929047,0.14865655
tsp_3985.graph,data/tsp_graphs/tsp_3985.graph,7,20,False,-0.43607712,0.18436915
tsp_3986.graph,data/tsp_graphs/tsp_3986.graph,5,10,True,0.65935516,-0.40556797
tsp_3987.graph,data/tsp_graphs/tsp_3987.graph,10,20,False,-1.254219,0.44447815
tsp_3988.graph,data/tsp_graphs/tsp_3988.graph,8,10,True,0.53835297,-0.09783712
tsp_3989.graph,data/tsp_graphs/tsp_3989.graph,9,20,False,-0.18064117,0.61844796
tsp_399.graph,data/tsp_graphs/tsp_399.graph,5,20,False,-0.9147186,-0.35928524
tsp_3990.graph,data/tsp_graphs/tsp_3990.graph,5,15,True,1.4792204,-0.46680123
tsp_3991.graph,data/tsp_graphs/tsp_3991.graph,9,15,False,-0.16496277,0.36014253
tsp_3992.graph,data/tsp_graphs/tsp_3992.graph,9,20,True,-0.95801544,0.2931741
tsp_3993.graph,data/tsp_graphs/tsp_3993.graph,8,20,False,1.256321,0.14890629
tsp_3994.graph,data/tsp_graphs/tsp_3994.graph,8,15,True,-0.18078232,-0.022566319
tsp_3995.graph,data/tsp_graphs/tsp_3995.graph,7,15,False,0.08864689,-0.33461976
tsp_3996.graph,data/tsp_graphs/tsp_3996.graph,10,10,True,1.7944984,-0.19192314
tsp_3997.graph,data/tsp_graphs/tsp_3997.graph,9,10,False,0.7064152,0.14723462
tsp_3998.graph,data/tsp_graphs/tsp_3998.graph,10,15,True,0.7930527,0.43238866
tsp_3999.graph,data/tsp_graphs/tsp_3999.graph,9,20,False,-0.74450684,0.45672268
tsp_4.graph,data/tsp_graphs/tsp_4.graph,9,15,True,1.633564,0.39818996
tsp_40.graph,data/tsp_graphs/tsp_40.graph,7,15,True,1.0977964,0.14029181
tsp_400.graph,data/tsp_graphs/tsp_400.graph,5,20,True,1.4496174,-0.29414478
tsp_4000.graph,data/tsp_graphs/tsp_4000.graph,10,20,True,0.9766464,0.43018556
tsp_4001.graph,data/tsp_graphs/tsp_4001.graph,7,15,False,-0.7798462,0.14425999
tsp_4002.graph,data/tsp_graphs/tsp_4002.graph,9,20,True,-0.35292816,0.40616816
tsp_4003.graph,data/tsp_graphs/tsp_4003.graph,7,10,False,-1.5669785,-0.48430437
tsp_4004.graph,data/tsp_graphs/tsp_4004.graph,9,15,True,-1.0826664,0.5599471
tsp_4005.graph,data/tsp_graphs/tsp_4005.graph,8,15,False,-0.96593094,0.4494539
tsp_4006.graph,data/tsp_graphs/tsp_4006.graph,8,10,True,-0.36434937,-0.06294456
tsp_4007.graph,data/tsp_graphs/tsp_4007.graph,6,10,False,-0.47013664,-0.64229214
tsp_4008.graph,data/tsp_graphs/tsp_4008.graph,5,20,True,0.6169777,-0.34088466
tsp_4009.graph,data/tsp_graphs/tsp_4009.graph,7,15,False,-0.61880875,0.14855301
tsp_401.graph,data/tsp_graphs/tsp_401.graph,5,10,False,-0.9011836,-1.1308362
tsp_4010.graph,data/tsp_graphs/tsp_4010.graph,6,20,True,-0.60941505,0.020996451
tsp_4011.graph,data/tsp_graphs/tsp_4011.graph,8,10,False,1.0206528,0.35180444
tsp_4012.graph,data/tsp_graphs/tsp_4012.graph,5,15,True,2.960369,-0.7278985
tsp_4013.graph,data/tsp_graphs/tsp_4013.graph,7,15,False,-0.31368637,0.10859871
tsp_4014.graph,data/tsp_graphs/tsp_4014.graph,9,10,True,0.86260796,0.18238825
tsp_4015.graph,data/tsp_graphs/tsp_4015.graph,7,20,False,0.6469803,0.27778167
tsp_4016.graph,data/tsp_graphs/tsp_4016.graph,5,15,True,-1.0693245,-0.7268246
tsp_4017.graph,data/tsp_graphs/tsp_4017.graph,7,15,False,0.10519266,-0.12949702
tsp_4018.graph,data/tsp_graphs/tsp_4018.graph,8,20,True,-1.3275452,0.4523598
tsp_4019.graph,data/tsp_graphs/tsp_4019.graph,6,15,False,-0.54823995,0.05091244
tsp_402.graph,data/tsp_graphs/tsp_402.graph,9,15,True,0.5909462,0.45506263
tsp_4020.graph,data/tsp_graphs/tsp_4020.graph,8,10,True,-1.7513199,0.07197708
tsp_4021.graph,data/tsp_graphs/tsp_4021.graph,5,15,False,-2.703394,-0.977096
tsp_4022.graph,data/tsp_graphs/tsp_4022.graph,6,20,True,0.050899506,-0.34225285
tsp_4023.graph,data/tsp_graphs/tsp_4023.graph,8,10,False,-0.76963425,-0.3782707
tsp_4024.graph,data/tsp_graphs/tsp_4024.graph,8,10,True,-0.7722206,-0.09646928
tsp_4025.graph,data/tsp_graphs/tsp_4025.graph,7,15,False,1.0257721,-0.3302955
tsp_4026.graph,data/tsp_graphs/tsp_4026.graph,7,20,True,1.6107483,0.21761876
tsp_4027.graph,data/tsp_graphs/tsp_4027.graph,10,15,False,-0.7993202,0.5695675
tsp_4028.graph,data/tsp_graphs/tsp_4028.graph,7,10,True,0.36180878,-0.14787021
tsp_4029.graph,data/tsp_graphs/tsp_4029.graph,10,10,False,-0.613945,0.23744935
tsp_403.graph,data/tsp_graphs/tsp_403.graph,7,10,False,0.09052658,-0.43963626
tsp_4030.graph,data/tsp_graphs/tsp_4030.graph,6,10,True,-0.5419731,-0.69917065
tsp_4031.graph,data/tsp_graphs/tsp_4031.graph,9,20,False,0.2750473,0.49438518
tsp_4032.graph,data/tsp_graphs/tsp_4032.graph,8,10,True,0.26976395,-0.018052667
tsp_4033.graph,data/tsp_graphs/tsp_4033.graph,9,20,False,1.0691948,0.36251992
tsp_4034.graph,data/tsp_graphs/tsp_4034.graph,7,15,True,0.51200104,0.24224299
tsp_4035.graph,data/tsp_graphs/tsp_4035.graph,5,20,False,-1.3719428,-0.17472088
tsp_4036.graph,data/tsp_graphs/tsp_4036.graph,6,15,True,-0.17070389,-0.4802354
tsp_4037.graph,data/tsp_graphs/tsp_4037.graph,7,10,False,-0.23914337,-0.18215784
tsp_4038.graph,data/tsp_graphs/tsp_4038.graph,7,20,True,-0.84887314,-0.21079585
tsp_4039.graph,data/tsp_graphs/tsp_4039.graph,8,20,False,-0.6945877,0.21836275
tsp_404.graph,data/tsp_graphs/tsp_404.graph,10,10,True,2.1282425,0.46970075
tsp_4040.graph,data/tsp_graphs/tsp_4040.graph,5,20,True,1.8482513,-0.07603681
tsp_4041.graph,data/tsp_graphs/tsp_4041.graph,10,15,False,-1.0647278,0.7065142
tsp_4042.graph,data/tsp_graphs/tsp_4042.graph,7,20,True,-0.6800232,0.04194814
tsp_4043.graph,data/tsp_graphs/tsp_4043.graph,9,10,False,-1.6241226,0.42301857
tsp_4044.graph,data/tsp_graphs/tsp_4044.graph,5,10,True,2.2924194,-0.6880199
tsp_4045.graph,data/tsp_graphs/tsp_4045.graph,8,10,False,1.4585838,-0.057025164
tsp_4046.graph,data/tsp_graphs/tsp_4046.graph,8,20,True,-0.35930634,0.16870278
tsp_4047.graph,data/tsp_graphs/tsp_4047.graph,5,10,False,-0.2825718,-0.68355584
tsp_4048.graph,data/tsp_graphs/tsp_4048.graph,8,10,True,-1.8816986,-0.02780819
tsp_4049.graph,data/tsp_graphs/tsp_4049.graph,8,10,False,1.6319714,0.078349054
tsp_405.graph,data/tsp_graphs/tsp_405.graph,6,10,False,0.060674667,-0.46955383
tsp_4050.graph,data/tsp_graphs/tsp_4050.graph,5,15,True,0.56801605,-0.44124448
tsp_4051.graph,data/tsp_graphs/tsp_4051.graph,10,15,False,-1.1709518,0.2500673
tsp_4052.graph,data/tsp_graphs/tsp_4052.graph,6,15,True,0.31787002,-0.46662775
tsp_4053.graph,data/tsp_graphs/tsp_4053.graph,10,10,False,-1.6595478,0.13082129
tsp_4054.graph,data/tsp_graphs/tsp_4054.graph,5,20,True,-1.19767,-0.29492778
tsp_4055.graph,data/tsp_graphs/tsp_4055.graph,7,15,False,-1.272172,-0.12052983
tsp_4056.graph,data/tsp_graphs/tsp_4056.graph,8,10,True,0.46458054,0.085300684
tsp_4057.graph,data/tsp_graphs/tsp_4057.graph,6,20,False,-0.54034805,0.086970985
tsp_4058.graph,data/tsp_graphs/tsp_4058.graph,10,20,True,1.3693848,0.85920936
tsp_4059.graph,data/tsp_graphs/tsp_4059.graph,7,15,False,-0.7954931,-0.11077568
tsp_406.graph,data/tsp_graphs/tsp_406.graph,10,20,True,1.1893845,0.60813147
tsp_4060.graph,data/tsp_graphs/tsp_4060.graph,8,10,True,-0.12822342,-0.7741831
tsp_4061.graph,data/tsp_graphs/tsp_4061.graph,5,10,False,-0.7192764,-0.60559964
tsp_4062.graph,data/tsp_graphs/tsp_4062.graph,5,15,True,0.09869385,-0.96475416
tsp_4063.graph,data/tsp_graphs/tsp_4063.graph,6,20,False,-2.1124344,-0.06194508
tsp_4064.graph,data/tsp_graphs/tsp_4064.graph,7,15,True,-1.3176842,0.21201247
tsp_4065.graph,data/tsp_graphs/tsp_4065.graph,6,15,False,-1.6807783,-0.2904701
tsp_4066.graph,data/tsp_graphs/tsp_4066.graph,5,20,True,0.4777565,-0.19186544
tsp_4067.graph,data/tsp_graphs/tsp_4067.graph,9,10,False,1.2771149,0.0650025
tsp_4068.graph,data/tsp_graphs/tsp_4068.graph,7,10,True,2.6698418,-0.13617212
tsp_4069.graph,data/tsp_graphs/tsp_4069.graph,8,10,False,-0.74466705,-0.7804688
tsp_407.graph,data/tsp_graphs/tsp_407.graph,8,10,False,-0.9653816,-0.25217348
tsp_4070.graph,data/tsp_graphs/tsp_4070.graph,9,10,True,2.0878067,0.15711224
tsp_4071.graph,data/tsp_graphs/tsp_4071.graph,8,20,False,-0.5627823,0.13507038
tsp_4072.graph,data/tsp_graphs/tsp_4072.graph,6,10,True,1.2061615,-0.50994045
tsp_4073.graph,data/tsp_graphs/tsp_4073.graph,10,10,False,1.6704025,0.20230651
tsp_4074.graph,data/tsp_graphs/tsp_4074.graph,5,10,True,-0.095228195,-0.93109274
tsp_4075.graph,data/tsp_graphs/tsp_4075.graph,10,15,False,-0.091472626,0.116862774
tsp_4076.graph,data/tsp_graphs/tsp_4076.graph,10,15,True,1.3732109,0.62781507
tsp_4077.graph,data/tsp_graphs/tsp_4077.graph,9,15,False,-2.6154099,0.40626168
tsp_4078.graph,data/tsp_graphs/tsp_4078.graph,7,10,True,0.7431488,-0.29610658
tsp_4079.graph,data/tsp_graphs/tsp_4079.graph,8,10,False,-0.47418976,-0.25796664
tsp_408.graph,data/tsp_graphs/tsp_408.graph,8,10,True,0.7183304,-0.49293703
tsp_4080.graph,data/tsp_graphs/tsp_4080.graph,9,15,True,-0.59630775,0.4536988
tsp_4081.graph,data/tsp_graphs/tsp_4081.graph,6,15,False,-0.58994675,-0.5288079
tsp_4082.graph,data/tsp_graphs/tsp_4082.graph,5,10,True,0.7755356,-0.6248261
tsp_4083.graph,data/tsp_graphs/tsp_4083.graph,8,10,False,-0.5296974,-0.39236188
tsp_4084.graph,data/tsp_graphs/tsp_4084.graph,5,20,True,-0.36167526,-0.64187926
tsp_4085.graph,data/tsp_graphs/tsp_4085.graph,7,10,False,0.31692886,-0.5995691
tsp_4086.graph,data/tsp_graphs/tsp_4086.graph,10,10,True,-0.94421387,0.4035179
tsp_4087.graph,data/tsp_graphs/tsp_4087.graph,6,15,False,-1.6138172,-0.29431725
tsp_4088.graph,data/tsp_graphs/tsp_4088.graph,9,20,True,0.9320297,0.74687797
tsp_4089.graph,data/tsp_graphs/tsp_4089.graph,7,10,False,0.33854675,-0.3564921
tsp_409.graph,data/tsp_graphs/tsp_409.graph,8,15,False,-0.5302448,0.13497776
tsp_4090.graph,data/tsp_graphs/tsp_4090.graph,9,15,True,-1.624268,0.05672449
tsp_4091.graph,data/tsp_graphs/tsp_4091.graph,8,20,False,-0.74978256,0.37629682
tsp_4092.graph,data/tsp_graphs/tsp_4092.graph,10,10,True,-0.3052597,0.5454481
tsp_4093.graph,data/tsp_graphs/tsp_4093.graph,6,15,False,0.25042915,-0.013813376
tsp_4094.graph,data/tsp_graphs/tsp_4094.graph,10,15,True,0.11592102,0.33040363
tsp_4095.graph,data/tsp_graphs/tsp_4095.graph,8,10,False,-1.2430115,-0.0030438304
tsp_4096.graph,data/tsp_graphs/tsp_4096.graph,7,15,True,-0.6515274,-0.19276583
tsp_4097.graph,data/tsp_graphs/tsp_4097.graph,9,10,False,-0.14408875,0.14833897
tsp_4098.graph,data/tsp_graphs/tsp_4098.graph,6,15,True,0.05649185,0.040288866
tsp_4099.graph,data/tsp_graphs/tsp_4099.graph,9,20,False,-1.6437511,0.63582855
tsp_41.graph,data/tsp_graphs/tsp_41.graph,5,20,False,-0.7605324,-0.4150197
tsp_410.graph,data/tsp_graphs/tsp_410.graph,7,20,True,1.885109,0.04448062
tsp_4100.graph,data/tsp_graphs/tsp_4100.graph,5,10,True,0.61483765,-0.6947074
tsp_4101.graph,data/tsp_graphs/tsp_4101.graph,5,15,False,-0.847599,-0.6764375
tsp_4102.graph,data/tsp_graphs/tsp_4102.graph,9,10,True,0.63962173,-0.22118703
tsp_4103.graph,data/tsp_graphs/tsp_4103.graph,10,20,False,1.1401062,0.8447949
tsp_4104.graph,data/tsp_graphs/tsp_4104.graph,6,15,True,0.20020676,-0.3724978
tsp_4105.graph,data/tsp_graphs/tsp_4105.graph,10,15,False,-0.43123245,0.48953557
tsp_4106.graph,data/tsp_graphs/tsp_4106.graph,10,15,True,0.7347894,0.78578764
tsp_4107.graph,data/tsp_graphs/tsp_4107.graph,6,10,False,-1.3448792,-0.5129757
tsp_4108.graph,data/tsp_graphs/tsp_4108.graph,8,10,True,1.5857162,0.16892773
tsp_4109.graph,data/tsp_graphs/tsp_4109.graph,10,10,False,-0.07528114,0.26965052
tsp_411.graph,data/tsp_graphs/tsp_411.graph,6,15,False,-0.51361847,0.061240792
tsp_4110.graph,data/tsp_graphs/tsp_4110.graph,6,15,True,-0.9521599,-0.032011718
tsp_4111.graph,data/tsp_graphs/tsp_4111.graph,7,20,False,-1.2820969,0.19467819
tsp_4112.graph,data/tsp_graphs/tsp_4112.graph,10,10,True,0.22394943,0.09734899
tsp_4113.graph,data/tsp_graphs/tsp_4113.graph,7,10,False,-0.97221375,-0.068415344
tsp_4114.graph,data/tsp_graphs/tsp_4114.graph,7,10,True,1.5363293,-0.1135726
tsp_4115.graph,data/tsp_graphs/tsp_4115.graph,10,10,False,-2.339264,0.5011248
tsp_4116.graph,data/tsp_graphs/tsp_4116.graph,7,20,True,-0.5405655,-0.11938363
tsp_4117.graph,data/tsp_graphs/tsp_4117.graph,7,15,False,1.2135677,0.030065596
tsp_4118.graph,data/tsp_graphs/tsp_4118.graph,7,20,True,-0.110839844,-0.07251924
tsp_4119.graph,data/tsp_graphs/tsp_4119.graph,9,10,False,0.7591934,-0.047308236
tsp_412.graph,data/tsp_graphs/tsp_412.graph,8,10,True,0.6498947,0.018949509
tsp_4120.graph,data/tsp_graphs/tsp_4120.graph,8,10,True,0.43387604,-0.15593612
tsp_4121.graph,data/tsp_graphs/tsp_4121.graph,10,10,False,-0.49308014,0.39787424
tsp_4122.graph,data/tsp_graphs/tsp_4122.graph,9,15,True,-0.10865021,0.30383664
tsp_4123.graph,data/tsp_graphs/tsp_4123.graph,7,15,False,-0.77363586,0.113771796
tsp_4124.graph,data/tsp_graphs/tsp_4124.graph,8,15,True,0.6360512,-0.07890269
tsp_4125.graph,data/tsp_graphs/tsp_4125.graph,7,20,False,-0.538044,0.026882648
tsp_4126.graph,data/tsp_graphs/tsp_4126.graph,8,10,True,-1.3177872,0.282314
tsp_4127.graph,data/tsp_graphs/tsp_4127.graph,8,15,False,1.6456985,-0.020314544
tsp_4128.graph,data/tsp_graphs/tsp_4128.graph,5,20,True,0.13368988,-0.16886765
tsp_4129.graph,data/tsp_graphs/tsp_4129.graph,10,15,False,0.26813126,0.604955
tsp_413.graph,data/tsp_graphs/tsp_413.graph,7,15,False,-0.9780197,-0.151815
tsp_4130.graph,data/tsp_graphs/tsp_4130.graph,8,20,True,0.8370819,0.0659222
tsp_4131.graph,data/tsp_graphs/tsp_4131.graph,6,10,False,-0.2489605,-0.87423754
tsp_4132.graph,data/tsp_graphs/tsp_4132.graph,9,20,True,2.2208557,0.42097086
tsp_4133.graph,data/tsp_graphs/tsp_4133.graph,5,20,False,-0.43788528,-0.26802415
tsp_4134.graph,data/tsp_graphs/tsp_4134.graph,6,20,True,-0.26940918,-0.07310414
tsp_4135.graph,data/tsp_graphs/tsp_4135.graph,9,10,False,-0.75803757,0.096319556
tsp_4136.graph,data/tsp_graphs/tsp_4136.graph,7,20,True,0.1524353,0.081260026
tsp_4137.graph,data/tsp_graphs/tsp_4137.graph,10,15,False,-0.22592163,0.6545163
tsp_4138.graph,data/tsp_graphs/tsp_4138.graph,7,15,True,1.2760811,-0.09200406
tsp_4139.graph,data/tsp_graphs/tsp_4139.graph,5,20,False,0.697876,-0.28601488
tsp_414.graph,data/tsp_graphs/tsp_414.graph,5,10,True,0.8834305,-0.6909467
tsp_4140.graph,data/tsp_graphs/tsp_4140.graph,8,15,True,-2.6100426,0.26699787
tsp_4141.graph,data/tsp_graphs/tsp_4141.graph,7,20,False,-1.4574394,-0.0287292
tsp_4142.graph,data/tsp_graphs/tsp_4142.graph,5,20,True,0.22584915,-0.35805798
tsp_4143.graph,data/tsp_graphs/tsp_4143.graph,9,20,False,-1.7564812,0.68970734
tsp_4144.graph,data/tsp_graphs/tsp_4144.graph,10,10,True,2.1514664,0.5793869
tsp_4145.graph,data/tsp_graphs/tsp_4145.graph,9,10,False,-0.40242767,0.038121283
tsp_4146.graph,data/tsp_graphs/tsp_4146.graph,5,15,True,-0.42480707,-0.22394088
tsp_4147.graph,data/tsp_graphs/tsp_4147.graph,10,20,False,0.019882202,0.3531422
tsp_4148.graph,data/tsp_graphs/tsp_4148.graph,10,10,True,1.2375183,0.35073465
tsp_4149.graph,data/tsp_graphs/tsp_4149.graph,7,15,False,-0.4496088,0.1592024
tsp_415.graph,data/tsp_graphs/tsp_415.graph,10,15,False,0.31645966,0.41757935
tsp_4150.graph,data/tsp_graphs/tsp_4150.graph,6,20,True,0.23335266,-0.17222482
tsp_4151.graph,data/tsp_graphs/tsp_4151.graph,6,20,False,-0.46842575,-0.4140359
tsp_4152.graph,data/tsp_graphs/tsp_4152.graph,9,10,True,1.4889698,-0.22264466
tsp_4153.graph,data/tsp_graphs/tsp_4153.graph,9,15,False,-0.5648155,0.46788877
tsp_4154.graph,data/tsp_graphs/tsp_4154.graph,5,10,True,-0.53809357,-0.57613343
tsp_4155.graph,data/tsp_graphs/tsp_4155.graph,10,20,False,-0.42092514,0.9683817
tsp_4156.graph,data/tsp_graphs/tsp_4156.graph,5,20,True,0.6108351,-0.50399256
tsp_4157.graph,data/tsp_graphs/tsp_4157.graph,7,15,False,-0.15367603,-0.16186011
tsp_4158.graph,data/tsp_graphs/tsp_4158.graph,5,15,True,-0.58763504,-0.6041049
tsp_4159.graph,data/tsp_graphs/tsp_4159.graph,7,10,False,0.2763958,-0.54776657
tsp_416.graph,data/tsp_graphs/tsp_416.graph,10,20,True,0.8016968,0.8626713
tsp_4160.graph,data/tsp_graphs/tsp_4160.graph,5,10,True,0.16711473,-1.0414282
tsp_4161.graph,data/tsp_graphs/tsp_4161.graph,8,20,False,-0.22406769,0.21692622
tsp_4162.graph,data/tsp_graphs/tsp_4162.graph,7,10,True,-0.21450806,0.014474511
tsp_4163.graph,data/tsp_graphs/tsp_4163.graph,10,15,False,-0.9226141,0.70774084
tsp_4164.graph,data/tsp_graphs/tsp_4164.graph,9,20,True,-0.2605896,0.6282175
tsp_4165.graph,data/tsp_graphs/tsp_4165.graph,6,10,False,-0.0970459,-0.5915467
tsp_4166.graph,data/tsp_graphs/tsp_4166.graph,6,20,True,-0.09924698,-0.2933031
tsp_4167.graph,data/tsp_graphs/tsp_4167.graph,10,10,False,-1.5779343,0.29600328
tsp_4168.graph,data/tsp_graphs/tsp_4168.graph,5,20,True,-0.15592194,-0.45577812
tsp_4169.graph,data/tsp_graphs/tsp_4169.graph,8,15,False,-0.34713364,0.26726562
tsp_417.graph,data/tsp_graphs/tsp_417.graph,6,15,False,0.084629536,-0.05666414
tsp_4170.graph,data/tsp_graphs/tsp_4170.graph,9,15,True,0.69605255,0.27973318
tsp_4171.graph,data/tsp_graphs/tsp_4171.graph,10,20,False,0.092666626,0.6098693
tsp_4172.graph,data/tsp_graphs/tsp_4172.graph,9,20,True,-0.09844971,0.26628035
tsp_4173.graph,data/tsp_graphs/tsp_4173.graph,5,20,False,0.6130829,-0.53697354
tsp_4174.graph,data/tsp_graphs/tsp_4174.graph,10,20,True,0.6075058,0.7944761
tsp_4175.graph,data/tsp_graphs/tsp_4175.graph,7,10,False,-1.8467903,-0.12652919
tsp_4176.graph,data/tsp_graphs/tsp_4176.graph,7,15,True,1.3098879,-0.09092146
tsp_4177.graph,data/tsp_graphs/tsp_4177.graph,10,20,False,0.29393005,0.6900119
tsp_4178.graph,data/tsp_graphs/tsp_4178.graph,5,15,True,0.48397064,-0.64544487
tsp_4179.graph,data/tsp_graphs/tsp_4179.graph,7,20,False,0.03884697,0.34749162
tsp_418.graph,data/tsp_graphs/tsp_418.graph,6,20,True,-0.71344376,-0.34059328
tsp_4180.graph,data/tsp_graphs/tsp_4180.graph,5,10,True,-0.8125305,-0.781414
tsp_4181.graph,data/tsp_graphs/tsp_4181.graph,10,20,False,1.0880356,0.89182836
tsp_4182.graph,data/tsp_graphs/tsp_4182.graph,7,20,True,-0.9050827,0.22238594
tsp_4183.graph,data/tsp_graphs/tsp_4183.graph,9,10,False,-1.123249,-0.025757194
tsp_4184.graph,data/tsp_graphs/tsp_4184.graph,5,10,True,1.8138962,-0.78825986
tsp_4185.graph,data/tsp_graphs/tsp_4185.graph,5,20,False,-1.2124481,-0.35848144
tsp_4186.graph,data/tsp_graphs/tsp_4186.graph,9,15,True,-0.6361122,0.43497068
tsp_4187.graph,data/tsp_graphs/tsp_4187.graph,7,20,False,-0.34345245,-0.22958204
tsp_4188.graph,data/tsp_graphs/tsp_4188.graph,8,10,True,0.3653984,-0.089756876
tsp_4189.graph,data/tsp_graphs/tsp_4189.graph,5,15,False,0.053466797,-0.2946664
tsp_419.graph,data/tsp_graphs/tsp_419.graph,6,15,False,-1.10058,-0.3664859
tsp_4190.graph,data/tsp_graphs/tsp_4190.graph,5,10,True,-0.8818588,-0.6961152
tsp_4191.graph,data/tsp_graphs/tsp_4191.graph,10,10,False,-0.12731552,0.14310712
tsp_4192.graph,data/tsp_graphs/tsp_4192.graph,6,15,True,0.2760067,0.114715636
tsp_4193.graph,data/tsp_graphs/tsp_4193.graph,5,20,False,-1.0591564,-0.55548626
tsp_4194.graph,data/tsp_graphs/tsp_4194.graph,9,10,True,0.16059494,-0.061294258
tsp_4195.graph,data/tsp_graphs/tsp_4195.graph,9,15,False,-1.3809309,0.21035665
tsp_4196.graph,data/tsp_graphs/tsp_4196.graph,10,20,True,0.6113968,0.8521965
tsp_4197.graph,data/tsp_graphs/tsp_4197.graph,6,10,False,-1.991394,-0.67635345
tsp_4198.graph,data/tsp_graphs/tsp_4198.graph,7,20,True,0.17198944,0.11233026
tsp_4199.graph,data/tsp_graphs/tsp_4199.graph,10,15,False,-0.9338019,0.76790863
tsp_42.graph,data/tsp_graphs/tsp_42.graph,10,10,True,0.8761635,0.096945345
tsp_420.graph,data/tsp_graphs/tsp_420.graph,10,10,True,0.4385643,0.3069955
tsp_4200.graph,data/tsp_graphs/tsp_4200.graph,8,10,True,0.16881943,-0.15666616
tsp_4201.graph,data/tsp_graphs/tsp_4201.graph,6,15,False,-0.3436451,0.092383325
tsp_4202.graph,data/tsp_graphs/tsp_4202.graph,8,15,True,1.6181068,0.012696266
tsp_4203.graph,data/tsp_graphs/tsp_4203.graph,6,20,False,-0.65097237,-0.30063167
tsp_4204.graph,data/tsp_graphs/tsp_4204.graph,6,20,True,0.985569,-0.2114279
tsp_4205.graph,data/tsp_graphs/tsp_4205.graph,9,10,False,0.45638275,-0.028038979
tsp_4206.graph,data/tsp_graphs/tsp_4206.graph,9,10,True,0.30901718,-0.10703528
tsp_4207.graph,data/tsp_graphs/tsp_4207.graph,10,20,False,-0.16925812,0.47720987
tsp_4208.graph,data/tsp_graphs/tsp_4208.graph,7,20,True,-1.8283539,0.041128635
tsp_4209.graph,data/tsp_graphs/tsp_4209.graph,9,20,False,-0.97772217,0.2650054
tsp_421.graph,data/tsp_graphs/tsp_421.graph,9,15,False,-1.1500072,0.30253983
tsp_4210.graph,data/tsp_graphs/tsp_4210.graph,5,20,True,0.30573654,-0.4568231
tsp_4211.graph,data/tsp_graphs/tsp_4211.graph,6,10,False,-1.9505615,-0.53965074
tsp_4212.graph,data/tsp_graphs/tsp_4212.graph,5,20,True,0.5578785,-0.25775063
tsp_4213.graph,data/tsp_graphs/tsp_4213.graph,10,15,False,0.362175,0.47260875
tsp_4214.graph,data/tsp_graphs/tsp_4214.graph,9,10,True,1.6547012,0.32955378
tsp_4215.graph,data/tsp_graphs/tsp_4215.graph,8,10,False,-0.033561707,-0.06922117
tsp_4216.graph,data/tsp_graphs/tsp_4216.graph,10,10,True,2.0798645,0.43574613
tsp_4217.graph,data/tsp_graphs/tsp_4217.graph,10,10,False,-2.2279358,0.39408606
tsp_4218.graph,data/tsp_graphs/tsp_4218.graph,5,20,True,1.955986,-0.1706096
tsp_4219.graph,data/tsp_graphs/tsp_4219.graph,6,20,False,-1.6206884,-0.055497527
tsp_422.graph,data/tsp_graphs/tsp_422.graph,5,20,True,0.36516953,-0.29734504
tsp_4220.graph,data/tsp_graphs/tsp_4220.graph,9,15,True,1.0223846,0.23438978
tsp_4221.graph,data/tsp_graphs/tsp_4221.graph,10,10,False,-0.12168503,0.30422515
tsp_4222.graph,data/tsp_graphs/tsp_4222.graph,6,10,True,-0.0914917,-0.7070664
tsp_4223.graph,data/tsp_graphs/tsp_4223.graph,7,15,False,-1.276947,-0.5030407
tsp_4224.graph,data/tsp_graphs/tsp_4224.graph,9,10,True,1.2229137,0.21705973
tsp_4225.graph,data/tsp_graphs/tsp_4225.graph,7,20,False,-1.6044426,-0.11517745
tsp_4226.graph,data/tsp_graphs/tsp_4226.graph,5,20,True,1.263813,-0.15463406
tsp_4227.graph,data/tsp_graphs/tsp_4227.graph,9,15,False,-0.51924515,-0.0056993365
tsp_4228.graph,data/tsp_graphs/tsp_4228.graph,7,10,True,0.8757858,0.03130269
tsp_4229.graph,data/tsp_graphs/tsp_4229.graph,5,20,False,-4.196167e-05,-0.2879075
tsp_423.graph,data/tsp_graphs/tsp_423.graph,9,20,False,0.18177032,0.60852104
tsp_4230.graph,data/tsp_graphs/tsp_4230.graph,6,10,True,0.84198,-0.41483474
tsp_4231.graph,data/tsp_graphs/tsp_4231.graph,7,10,False,-0.3087082,-0.066778034
tsp_4232.graph,data/tsp_graphs/tsp_4232.graph,9,15,True,0.08684158,0.10718626
tsp_4233.graph,data/tsp_graphs/tsp_4233.graph,7,20,False,1.763237,0.1997692
tsp_4234.graph,data/tsp_graphs/tsp_4234.graph,10,10,True,-0.16212273,0.27933735
tsp_4235.graph,data/tsp_graphs/tsp_4235.graph,9,20,False,-1.0780182,0.6063817
tsp_4236.graph,data/tsp_graphs/tsp_4236.graph,6,20,True,0.63461685,-0.13131616
tsp_4237.graph,data/tsp_graphs/tsp_4237.graph,6,15,False,0.110076904,-0.05159527
tsp_4238.graph,data/tsp_graphs/tsp_4238.graph,5,10,True,0.40826416,-0.7218646
tsp_4239.graph,data/tsp_graphs/tsp_4239.graph,9,20,False,-0.41970062,0.38905412
tsp_424.graph,data/tsp_graphs/tsp_424.graph,9,10,True,0.5326729,0.025763452
tsp_4240.graph,data/tsp_graphs/tsp_4240.graph,6,10,True,0.80249023,-0.68506217
tsp_4241.graph,data/tsp_graphs/tsp_4241.graph,10,10,False,0.7619171,0.12910587
tsp_4242.graph,data/tsp_graphs/tsp_4242.graph,7,15,True,1.7378635,0.19651985
tsp_4243.graph,data/tsp_graphs/tsp_4243.graph,5,15,False,0.97758484,-0.8972572
tsp_4244.graph,data/tsp_graphs/tsp_4244.graph,5,15,True,0.24542618,-0.7056543
tsp_4245.graph,data/tsp_graphs/tsp_4245.graph,5,10,False,0.47836304,-0.81172216
tsp_4246.graph,data/tsp_graphs/tsp_4246.graph,6,20,True,-1.1323109,0.082889795
tsp_4247.graph,data/tsp_graphs/tsp_4247.graph,6,15,False,0.065460205,-0.3923238
tsp_4248.graph,data/tsp_graphs/tsp_4248.graph,6,20,True,0.4718361,-0.33445114
tsp_4249.graph,data/tsp_graphs/tsp_4249.graph,10,10,False,-2.710289,0.47413725
tsp_425.graph,data/tsp_graphs/tsp_425.graph,10,10,False,-0.46242523,0.14926904
tsp_4250.graph,data/tsp_graphs/tsp_4250.graph,10,10,True,-0.01895523,0.27498698
tsp_4251.graph,data/tsp_graphs/tsp_4251.graph,6,10,False,-0.9007492,-0.5587526
tsp_4252.graph,data/tsp_graphs/tsp_4252.graph,9,10,True,1.3737564,0.25334138
tsp_4253.graph,data/tsp_graphs/tsp_4253.graph,10,10,False,-0.28735924,0.36722183
tsp_4254.graph,data/tsp_graphs/tsp_4254.graph,9,20,True,0.69794464,0.42210674
tsp_4255.graph,data/tsp_graphs/tsp_4255.graph,6,10,False,-0.022693634,-0.87393284
tsp_4256.graph,data/tsp_graphs/tsp_4256.graph,8,10,True,0.18172455,-0.016168177
tsp_4257.graph,data/tsp_graphs/tsp_4257.graph,5,10,False,0.30020523,-0.7008494
tsp_4258.graph,data/tsp_graphs/tsp_4258.graph,7,10,True,-1.3206863,-0.18920761
tsp_4259.graph,data/tsp_graphs/tsp_4259.graph,7,10,False,-2.2411728,-0.3525458
tsp_426.graph,data/tsp_graphs/tsp_426.graph,6,10,True,-0.9346161,-0.33260858
tsp_4260.graph,data/tsp_graphs/tsp_4260.graph,9,20,True,1.0148697,0.5389318
tsp_4261.graph,data/tsp_graphs/tsp_4261.graph,7,15,False,-0.7251091,0.34323323
tsp_4262.graph,data/tsp_graphs/tsp_4262.graph,6,10,True,0.5481186,-0.32764852
tsp_4263.graph,data/tsp_graphs/tsp_4263.graph,8,15,False,1.232214,-0.36085707
tsp_4264.graph,data/tsp_graphs/tsp_4264.graph,6,20,True,-0.8866806,0.13299137
tsp_4265.graph,data/tsp_graphs/tsp_4265.graph,9,15,False,-1.9788694,0.333736
tsp_4266.graph,data/tsp_graphs/tsp_4266.graph,6,15,True,-0.2000947,0.042295337
tsp_4267.graph,data/tsp_graphs/tsp_4267.graph,10,10,False,-0.26994133,0.30186456
tsp_4268.graph,data/tsp_graphs/tsp_4268.graph,9,20,True,0.07025528,0.51196235
tsp_4269.graph,data/tsp_graphs/tsp_4269.graph,5,20,False,-1.3010478,-0.06967157
tsp_427.graph,data/tsp_graphs/tsp_427.graph,7,15,False,-1.2389379,-0.2359359
tsp_4270.graph,data/tsp_graphs/tsp_4270.graph,10,10,True,0.69521046,0.48459208
tsp_4271.graph,data/tsp_graphs/tsp_4271.graph,9,20,False,0.06690979,0.39149362
tsp_4272.graph,data/tsp_graphs/tsp_4272.graph,9,20,True,0.159729,0.4554538
tsp_4273.graph,data/tsp_graphs/tsp_4273.graph,8,20,False,-0.99531555,0.062036693
tsp_4274.graph,data/tsp_graphs/tsp_4274.graph,9,15,True,0.35883713,0.31552535
tsp_4275.graph,data/tsp_graphs/tsp_4275.graph,9,15,False,-1.0822258,0.3932646
tsp_4276.graph,data/tsp_graphs/tsp_4276.graph,10,20,True,-0.11022568,0.77186006
tsp_4277.graph,data/tsp_graphs/tsp_4277.graph,10,20,False,-1.2458344,0.52144057
tsp_4278.graph,data/tsp_graphs/tsp_4278.graph,7,15,True,-0.42520618,-0.008090198
tsp_4279.graph,data/tsp_graphs/tsp_4279.graph,9,15,False,0.55715656,0.6430144
tsp_428.graph,data/tsp_graphs/tsp_428.graph,10,15,True,-1.7272949,0.6636557
tsp_4280.graph,data/tsp_graphs/tsp_4280.graph,7,20,True,-0.30707932,0.07937217
tsp_4281.graph,data/tsp_graphs/tsp_4281.graph,10,20,False,-0.25234222,0.38998574
tsp_4282.graph,data/tsp_graphs/tsp_4282.graph,5,15,True,0.5050659,-0.46510917
tsp_4283.graph,data/tsp_graphs/tsp_4283.graph,6,10,False,-1.036396,-0.57342476
tsp_4284.graph,data/tsp_graphs/tsp_4284.graph,10,15,True,-0.4442711,0.45575875
tsp_4285.graph,data/tsp_graphs/tsp_4285.graph,10,20,False,0.7093239,0.8021129
tsp_4286.graph,data/tsp_graphs/tsp_4286.graph,6,10,True,0.44228363,-0.4214587
tsp_4287.graph,data/tsp_graphs/tsp_4287.graph,6,20,False,-1.8241415,-0.13258886
tsp_4288.graph,data/tsp_graphs/tsp_4288.graph,5,15,True,1.3986144,-0.5335664
tsp_4289.graph,data/tsp_graphs/tsp_4289.graph,5,10,False,-0.56905746,-0.9488522
tsp_429.graph,data/tsp_graphs/tsp_429.graph,7,15,False,-0.23479843,-0.53653073
tsp_4290.graph,data/tsp_graphs/tsp_4290.graph,5,15,True,0.9487953,-0.84939337
tsp_4291.graph,data/tsp_graphs/tsp_4291.graph,8,15,False,-0.0070533752,0.07023966
tsp_4292.graph,data/tsp_graphs/tsp_4292.graph,5,10,True,1.8206253,-0.5944237
tsp_4293.graph,data/tsp_graphs/tsp_4293.graph,5,10,False,-0.28365993,-0.6686206
tsp_4294.graph,data/tsp_graphs/tsp_4294.graph,6,10,True,-1.9692764,-0.35189387
tsp_4295.graph,data/tsp_graphs/tsp_4295.graph,9,10,False,-0.5064621,0.14741552
tsp_4296.graph,data/tsp_graphs/tsp_4296.graph,5,15,True,-0.11212921,-0.4130986
tsp_4297.graph,data/tsp_graphs/tsp_4297.graph,5,10,False,-0.9594307,-0.7721975
tsp_4298.graph,data/tsp_graphs/tsp_4298.graph,8,10,True,0.46456528,-0.38190022
tsp_4299.graph,data/tsp_graphs/tsp_4299.graph,8,15,False,0.8124008,0.1386165
tsp_43.graph,data/tsp_graphs/tsp_43.graph,6,10,False,-0.4802704,-0.70597434
tsp_430.graph,data/tsp_graphs/tsp_430.graph,6,10,True,-0.0015106201,-0.53942096
tsp_4300.graph,data/tsp_graphs/tsp_4300.graph,10,10,True,0.14328575,0.34285027
tsp_4301.graph,data/tsp_graphs/tsp_4301.graph,5,10,False,0.6500349,-0.8038713
tsp_4302.graph,data/tsp_graphs/tsp_4302.graph,6,15,True,1.3955231,-0.27931884
tsp_4303.graph,data/tsp_graphs/tsp_4303.graph,10,10,False,-0.2278347,0.24977803
tsp_4304.graph,data/tsp_graphs/tsp_4304.graph,7,20,True,0.105163574,0.1231581
tsp_4305.graph,data/tsp_graphs/tsp_4305.graph,6,10,False,0.51371,-0.5485247
tsp_4306.graph,data/tsp_graphs/tsp_4306.graph,8,10,True,1.8904877,-0.123530775
tsp_4307.graph,data/tsp_graphs/tsp_4307.graph,5,20,False,-1.6693592,-0.45495653
tsp_4308.graph,data/tsp_graphs/tsp_4308.graph,10,10,True,-0.58628654,0.07546157
tsp_4309.graph,data/tsp_graphs/tsp_4309.graph,8,15,False,-0.2114811,-0.027404308
tsp_431.graph,data/tsp_graphs/tsp_431.graph,8,10,False,-1.0657463,-0.19269088
tsp_4310.graph,data/tsp_graphs/tsp_4310.graph,7,20,True,2.2327423,0.13487214
tsp_4311.graph,data/tsp_graphs/tsp_4311.graph,10,20,False,0.6694946,0.7750338
tsp_4312.graph,data/tsp_graphs/tsp_4312.graph,9,10,True,0.91225433,-0.06208983
tsp_4313.graph,data/tsp_graphs/tsp_4313.graph,7,20,False,-0.024223328,0.12700075
tsp_4314.graph,data/tsp_graphs/tsp_4314.graph,9,15,True,1.363652,0.7390421
tsp_4315.graph,data/tsp_graphs/tsp_4315.graph,5,10,False,-0.6372833,-0.4613003
tsp_4316.graph,data/tsp_graphs/tsp_4316.graph,5,10,True,1.1002655,-0.76208913
tsp_4317.graph,data/tsp_graphs/tsp_4317.graph,7,10,False,-0.8817539,-0.45800817
tsp_4318.graph,data/tsp_graphs/tsp_4318.graph,7,15,True,0.8906719,-0.051611513
tsp_4319.graph,data/tsp_graphs/tsp_4319.graph,10,15,False,-1.7985535,0.42561287
tsp_432.graph,data/tsp_graphs/tsp_432.graph,10,15,True,-0.6382179,0.79427606
tsp_4320.graph,data/tsp_graphs/tsp_4320.graph,8,20,True,-0.37199402,0.4686485
tsp_4321.graph,data/tsp_graphs/tsp_4321.graph,6,20,False,-0.21877289,-0.31268662
tsp_4322.graph,data/tsp_graphs/tsp_4322.graph,8,10,True,0.8515549,0.25049406
tsp_4323.graph,data/tsp_graphs/tsp_4323.graph,10,10,False,0.6240158,0.14138585
tsp_4324.graph,data/tsp_graphs/tsp_4324.graph,6,15,True,-0.22843933,-0.49279037
tsp_4325.graph,data/tsp_graphs/tsp_4325.graph,6,20,False,-0.6056671,0.12670296
tsp_4326.graph,data/tsp_graphs/tsp_4326.graph,5,10,True,1.3012276,-0.765203
tsp_4327.graph,data/tsp_graphs/tsp_4327.graph,10,20,False,-0.40023804,0.6630333
tsp_4328.graph,data/tsp_graphs/tsp_4328.graph,8,15,True,-0.9807701,0.02319014
tsp_4329.graph,data/tsp_graphs/tsp_4329.graph,7,15,False,-0.9052601,-0.29855937
tsp_433.graph,data/tsp_graphs/tsp_433.graph,6,10,False,0.6256981,-0.5095242
tsp_4330.graph,data/tsp_graphs/tsp_4330.graph,10,20,True,0.46777344,0.72670966
tsp_4331.graph,data/tsp_graphs/tsp_4331.graph,9,10,False,0.15907288,-0.118505865
tsp_4332.graph,data/tsp_graphs/tsp_4332.graph,6,20,True,0.31921768,0.13798082
tsp_4333.graph,data/tsp_graphs/tsp_4333.graph,9,20,False,-0.39951324,0.5201512
tsp_4334.graph,data/tsp_graphs/tsp_4334.graph,8,15,True,0.67938614,0.12376064
tsp_4335.graph,data/tsp_graphs/tsp_4335.graph,6,20,False,-0.3957863,0.0710448
tsp_4336.graph,data/tsp_graphs/tsp_4336.graph,10,20,True,0.036956787,0.435256
tsp_4337.graph,data/tsp_graphs/tsp_4337.graph,7,20,False,-0.3470993,0.036497414
tsp_4338.graph,data/tsp_graphs/tsp_4338.graph,5,10,True,-0.9811325,-0.37829882
tsp_4339.graph,data/tsp_graphs/tsp_4339.graph,9,15,False,-1.3952923,0.55075663
tsp_434.graph,data/tsp_graphs/tsp_434.graph,6,10,True,-0.02658844,-0.597627
tsp_4340.graph,data/tsp_graphs/tsp_4340.graph,9,20,True,1.680809,0.44909817
tsp_4341.graph,data/tsp_graphs/tsp_4341.graph,8,20,False,-0.848608,0.4676916
tsp_4342.graph,data/tsp_graphs/tsp_4342.graph,10,20,True,1.7978516,0.6952457
tsp_4343.graph,data/tsp_graphs/tsp_4343.graph,9,15,False,-0.06823349,0.3821451
tsp_4344.graph,data/tsp_graphs/tsp_4344.graph,8,20,True,0.65193176,0.071715236
tsp_4345.graph,data/tsp_graphs/tsp_4345.graph,5,20,False,-1.1543293,-0.5028697
tsp_4346.graph,data/tsp_graphs/tsp_4346.graph,5,10,True,0.20426178,-0.8810315
tsp_4347.graph,data/tsp_graphs/tsp_4347.graph,8,20,False,-0.026939392,0.26262027
tsp_4348.graph,data/tsp_graphs/tsp_4348.graph,8,10,True,0.6228981,-0.21593943
tsp_4349.graph,data/tsp_graphs/tsp_4349.graph,6,15,False,-0.12833023,-0.4831628
tsp_435.graph,data/tsp_graphs/tsp_435.graph,8,20,False,0.6242447,0.27887195
tsp_4350.graph,data/tsp_graphs/tsp_4350.graph,10,10,True,0.43489838,0.20238549
tsp_4351.graph,data/tsp_graphs/tsp_4351.graph,6,15,False,-0.03658104,-0.38878018
tsp_4352.graph,data/tsp_graphs/tsp_4352.graph,6,15,True,0.26533318,-0.33338708
tsp_4353.graph,data/tsp_graphs/tsp_4353.graph,9,15,False,1.000637,0.41024065
tsp_4354.graph,data/tsp_graphs/tsp_4354.graph,5,15,True,0.9017105,-0.77621174
tsp_4355.graph,data/tsp_graphs/tsp_4355.graph,6,15,False,-0.8485203,-0.29868424
tsp_4356.graph,data/tsp_graphs/tsp_4356.graph,8,10,True,0.5182419,-0.05070421
tsp_4357.graph,data/tsp_graphs/tsp_4357.graph,5,15,False,-2.1019897,-0.8119823
tsp_4358.graph,data/tsp_graphs/tsp_4358.graph,9,15,True,0.6061592,0.490784
tsp_4359.graph,data/tsp_graphs/tsp_4359.graph,10,20,False,-0.7256241,0.3856249
tsp_436.graph,data/tsp_graphs/tsp_436.graph,10,20,True,-0.32772064,0.7940119
tsp_4360.graph,data/tsp_graphs/tsp_4360.graph,5,10,True,-0.06864929,-0.733557
tsp_4361.graph,data/tsp_graphs/tsp_4361.graph,7,15,False,-0.10017967,-0.10790658
tsp_4362.graph,data/tsp_graphs/tsp_4362.graph,8,10,True,-1.348587,0.12732267
tsp_4363.graph,data/tsp_graphs/tsp_4363.graph,6,15,False,-1.0161743,-0.20898563
tsp_4364.graph,data/tsp_graphs/tsp_4364.graph,6,20,True,0.9928665,-0.033539593
tsp_4365.graph,data/tsp_graphs/tsp_4365.graph,8,10,False,-1.6833115,0.25294024
tsp_4366.graph,data/tsp_graphs/tsp_4366.graph,6,15,True,0.018363953,-0.18923348
tsp_4367.graph,data/tsp_graphs/tsp_4367.graph,7,15,False,-3.1508427,0.16148096
tsp_4368.graph,data/tsp_graphs/tsp_4368.graph,6,10,True,0.5897713,-0.5054484
tsp_4369.graph,data/tsp_graphs/tsp_4369.graph,6,20,False,-0.5187359,0.0044196546
tsp_437.graph,data/tsp_graphs/tsp_437.graph,9,10,False,-1.9103775,0.28901547
tsp_4370.graph,data/tsp_graphs/tsp_4370.graph,8,20,True,-0.45851898,0.20101571
tsp_4371.graph,data/tsp_graphs/tsp_4371.graph,7,15,False,-1.0982223,-0.31939143
tsp_4372.graph,data/tsp_graphs/tsp_4372.graph,7,20,True,0.6304779,0.18385583
tsp_4373.graph,data/tsp_graphs/tsp_4373.graph,10,15,False,-2.5448265,0.5593614
tsp_4374.graph,data/tsp_graphs/tsp_4374.graph,6,10,True,-0.77731705,-0.82931656
tsp_4375.graph,data/tsp_graphs/tsp_4375.graph,8,15,False,-2.1847525,0.13452977
tsp_4376.graph,data/tsp_graphs/tsp_4376.graph,6,15,True,0.33638,-0.14387453
tsp_4377.graph,data/tsp_graphs/tsp_4377.graph,7,20,False,-1.0404816,0.18378514
tsp_4378.graph,data/tsp_graphs/tsp_4378.graph,10,15,True,0.11207962,0.4611532
tsp_4379.graph,data/tsp_graphs/tsp_4379.graph,9,15,False,-1.1608162,0.5337842
tsp_438.graph,data/tsp_graphs/tsp_438.graph,10,10,True,1.8527527,0.24968332
tsp_4380.graph,data/tsp_graphs/tsp_4380.graph,7,10,True,-0.033309937,-0.2667365
tsp_4381.graph,data/tsp_graphs/tsp_4381.graph,10,15,False,-1.3011513,0.33435738
tsp_4382.graph,data/tsp_graphs/tsp_4382.graph,9,10,True,1.3716125,0.4600678
tsp_4383.graph,data/tsp_graphs/tsp_4383.graph,6,15,False,-0.63802147,0.09889096
tsp_4384.graph,data/tsp_graphs/tsp_4384.graph,9,20,True,0.48358917,0.37024772
tsp_4385.graph,data/tsp_graphs/tsp_4385.graph,10,10,False,0.9687729,0.17098272
tsp_4386.graph,data/tsp_graphs/tsp_4386.graph,10,10,True,2.1305237,0.6580623
tsp_4387.graph,data/tsp_graphs/tsp_4387.graph,9,20,False,-1.7330666,0.57269114
tsp_4388.graph,data/tsp_graphs/tsp_4388.graph,6,15,True,-0.9525337,-0.4502524
tsp_4389.graph,data/tsp_graphs/tsp_4389.graph,10,15,False,-0.13744354,0.57766825
tsp_439.graph,data/tsp_graphs/tsp_439.graph,6,10,False,-0.83530617,-0.8080962
tsp_4390.graph,data/tsp_graphs/tsp_4390.graph,7,15,True,2.040884,-0.050973266
tsp_4391.graph,data/tsp_graphs/tsp_4391.graph,10,20,False,0.1435318,0.6922634
tsp_4392.graph,data/tsp_graphs/tsp_4392.graph,10,15,True,2.4213362,0.72619826
tsp_4393.graph,data/tsp_graphs/tsp_4393.graph,7,10,False,0.3412056,-0.06557241
tsp_4394.graph,data/tsp_graphs/tsp_4394.graph,7,20,True,-0.0742569,-0.13389373
tsp_4395.graph,data/tsp_graphs/tsp_4395.graph,8,10,False,-0.31636047,0.15256214
tsp_4396.graph,data/tsp_graphs/tsp_4396.graph,6,20,True,1.6365738,-0.15934345
tsp_4397.graph,data/tsp_graphs/tsp_4397.graph,6,10,False,1.9569168,-0.5637025
tsp_4398.graph,data/tsp_graphs/tsp_4398.graph,5,15,True,1.4763927,-0.5254359
tsp_4399.graph,data/tsp_graphs/tsp_4399.graph,9,10,False,-0.17941666,0.22083873
tsp_44.graph,data/tsp_graphs/tsp_44.graph,9,20,True,0.21942902,0.664154
tsp_440.graph,data/tsp_graphs/tsp_440.graph,9,10,True,0.36132812,0.4365583
tsp_4400.graph,data/tsp_graphs/tsp_4400.graph,7,20,True,0.33063507,0.09695876
tsp_4401.graph,data/tsp_graphs/tsp_4401.graph,9,10,False,-0.6186905,-0.25592574
tsp_4402.graph,data/tsp_graphs/tsp_4402.graph,7,20,True,2.2236786,0.15590662
tsp_4403.graph,data/tsp_graphs/tsp_4403.graph,6,15,False,-2.1694412,-0.46495232
tsp_4404.graph,data/tsp_graphs/tsp_4404.graph,9,15,True,-0.8579674,0.5726691
tsp_4405.graph,data/tsp_graphs/tsp_4405.graph,10,15,False,-0.36328888,0.604199
tsp_4406.graph,data/tsp_graphs/tsp_4406.graph,8,10,True,0.55096054,-0.17278147
tsp_4407.graph,data/tsp_graphs/tsp_4407.graph,5,20,False,-0.6220317,-0.17205092
tsp_4408.graph,data/tsp_graphs/tsp_4408.graph,9,10,True,1.2383499,0.14173353
tsp_4409.graph,data/tsp_graphs/tsp_4409.graph,7,15,False,-0.8493233,0.21684116
tsp_441.graph,data/tsp_graphs/tsp_441.graph,6,20,False,1.5683975,0.1286133
tsp_4410.graph,data/tsp_graphs/tsp_4410.graph,7,15,True,1.9710155,0.18919706
tsp_4411.graph,data/tsp_graphs/tsp_4411.graph,8,15,False,-1.3374519,0.19345415
tsp_4412.graph,data/tsp_graphs/tsp_4412.graph,10,15,True,-0.47919464,0.43157965
tsp_4413.graph,data/tsp_graphs/tsp_4413.graph,5,15,False,0.11091232,-0.24848932
tsp_4414.graph,data/tsp_graphs/tsp_4414.graph,10,10,True,-0.2955799,0.28376073
tsp_4415.graph,data/tsp_graphs/tsp_4415.graph,6,15,False,-0.34462118,-0.20605373
tsp_4416.graph,data/tsp_graphs/tsp_4416.graph,6,20,True,-0.9601898,-0.11586934
tsp_4417.graph,data/tsp_graphs/tsp_4417.graph,8,10,False,0.9327488,-0.250548
tsp_4418.graph,data/tsp_graphs/tsp_4418.graph,9,10,True,0.17596054,0.026720941
tsp_4419.graph,data/tsp_graphs/tsp_4419.graph,10,10,False,1.2836761,0.58037406
tsp_442.graph,data/tsp_graphs/tsp_442.graph,7,15,True,-0.56671715,-0.09565681
tsp_4420.graph,data/tsp_graphs/tsp_4420.graph,9,15,True,1.5073298,0.54377156
tsp_4421.graph,data/tsp_graphs/tsp_4421.graph,7,20,False,-0.62750626,0.011457443
tsp_4422.graph,data/tsp_graphs/tsp_4422.graph,7,10,True,2.7100124,-0.18517739
tsp_4423.graph,data/tsp_graphs/tsp_4423.graph,8,20,False,-0.19981003,0.09424639
tsp_4424.graph,data/tsp_graphs/tsp_4424.graph,9,20,True,1.4411335,0.69460636
tsp_4425.graph,data/tsp_graphs/tsp_4425.graph,7,15,False,-1.5482817,-0.39330557
tsp_4426.graph,data/tsp_graphs/tsp_4426.graph,5,20,True,1.0489197,-0.2404168
tsp_4427.graph,data/tsp_graphs/tsp_4427.graph,7,15,False,0.48931313,0.2262494
tsp_4428.graph,data/tsp_graphs/tsp_4428.graph,5,15,True,1.0361786,-0.777848
tsp_4429.graph,data/tsp_graphs/tsp_4429.graph,9,20,False,0.5605278,0.71176475
tsp_443.graph,data/tsp_graphs/tsp_443.graph,5,15,False,-1.9938736,-0.30455127
tsp_4430.graph,data/tsp_graphs/tsp_4430.graph,9,20,True,-0.09931183,0.6189628
tsp_4431.graph,data/tsp_graphs/tsp_4431.graph,6,15,False,0.22607994,-0.0070132315
tsp_4432.graph,data/tsp_graphs/tsp_4432.graph,6,10,True,0.37136078,-0.3552884
tsp_4433.graph,data/tsp_graphs/tsp_4433.graph,7,15,False,-0.73973846,0.05228573
tsp_4434.graph,data/tsp_graphs/tsp_4434.graph,7,15,True,0.8557377,-0.20302433
tsp_4435.graph,data/tsp_graphs/tsp_4435.graph,5,15,False,-0.70980835,-0.67494595
tsp_4436.graph,data/tsp_graphs/tsp_4436.graph,5,15,True,0.27654266,-0.77506447
tsp_4437.graph,data/tsp_graphs/tsp_4437.graph,6,10,False,0.3112259,-0.4474387
tsp_4438.graph,data/tsp_graphs/tsp_4438.graph,5,20,True,0.5150566,-0.307273
tsp_4439.graph,data/tsp_graphs/tsp_4439.graph,5,10,False,-0.6202047,-0.8500956
tsp_444.graph,data/tsp_graphs/tsp_444.graph,10,15,True,0.86849356,0.653179
tsp_4440.graph,data/tsp_graphs/tsp_4440.graph,7,10,True,-0.08200073,0.0148230195
tsp_4441.graph,data/tsp_graphs/tsp_4441.graph,8,20,False,-1.095253,0.37912923
tsp_4442.graph,data/tsp_graphs/tsp_4442.graph,9,20,True,-0.27970886,0.664403
tsp_4443.graph,data/tsp_graphs/tsp_4443.graph,6,15,False,-1.1496449,-0.2941344
tsp_4444.graph,data/tsp_graphs/tsp_4444.graph,10,20,True,-0.520134,0.72675115
tsp_4445.graph,data/tsp_graphs/tsp_4445.graph,7,15,False,-2.3926353,0.14269346
tsp_4446.graph,data/tsp_graphs/tsp_4446.graph,10,10,True,0.8754196,0.24863833
tsp_4447.graph,data/tsp_graphs/tsp_4447.graph,10,10,False,-1.4810715,0.46449822
tsp_4448.graph,data/tsp_graphs/tsp_4448.graph,8,20,True,0.93586063,-0.28133887
tsp_4449.graph,data/tsp_graphs/tsp_4449.graph,7,10,False,-1.0701694,-0.6491692
tsp_445.graph,data/tsp_graphs/tsp_445.graph,6,10,False,-1.6598358,-0.26625335
tsp_4450.graph,data/tsp_graphs/tsp_4450.graph,10,10,True,0.9843788,-0.12300253
tsp_4451.graph,data/tsp_graphs/tsp_4451.graph,10,10,False,0.57135963,0.14496768
tsp_4452.graph,data/tsp_graphs/tsp_4452.graph,9,20,True,1.1599045,0.49750328
tsp_4453.graph,data/tsp_graphs/tsp_4453.graph,9,10,False,1.8189545,0.11395818
tsp_4454.graph,data/tsp_graphs/tsp_4454.graph,8,15,True,-0.07277298,0.17324513
tsp_4455.graph,data/tsp_graphs/tsp_4455.graph,10,20,False,0.22236633,0.5855374
tsp_4456.graph,data/tsp_graphs/tsp_4456.graph,7,15,True,-0.4039507,-0.3072501
tsp_4457.graph,data/tsp_graphs/tsp_4457.graph,6,10,False,-0.47695923,-0.21572149
tsp_4458.graph,data/tsp_graphs/tsp_4458.graph,7,15,True,-0.3455963,0.025805712
tsp_4459.graph,data/tsp_graphs/tsp_4459.graph,8,15,False,-0.39970207,0.18187678
tsp_446.graph,data/tsp_graphs/tsp_446.graph,6,15,True,0.72330093,-0.19499508
tsp_4460.graph,data/tsp_graphs/tsp_4460.graph,5,10,True,2.1122513,-0.5219636
tsp_4461.graph,data/tsp_graphs/tsp_4461.graph,8,20,False,0.18180084,0.16491091
tsp_4462.graph,data/tsp_graphs/tsp_4462.graph,9,10,True,0.4002571,-0.1844087
tsp_4463.graph,data/tsp_graphs/tsp_4463.graph,9,10,False,1.4597607,0.051042676
tsp_4464.graph,data/tsp_graphs/tsp_4464.graph,10,10,True,-0.1160202,0.14024949
tsp_4465.graph,data/tsp_graphs/tsp_4465.graph,8,20,False,-0.09907532,0.3287751
tsp_4466.graph,data/tsp_graphs/tsp_4466.graph,9,15,True,0.06033206,0.65683013
tsp_4467.graph,data/tsp_graphs/tsp_4467.graph,7,15,False,-0.80011654,-0.036239266
tsp_4468.graph,data/tsp_graphs/tsp_4468.graph,9,20,True,0.6576843,0.45146972
tsp_4469.graph,data/tsp_graphs/tsp_4469.graph,5,10,False,-0.16719818,-0.58398116
tsp_447.graph,data/tsp_graphs/tsp_447.graph,9,10,False,-0.9980087,0.33481902
tsp_4470.graph,data/tsp_graphs/tsp_4470.graph,5,20,True,-0.16493893,-0.517646
tsp_4471.graph,data/tsp_graphs/tsp_4471.graph,6,20,False,0.43089294,0.07196182
tsp_4472.graph,data/tsp_graphs/tsp_4472.graph,8,20,True,1.5047722,0.53504115
tsp_4473.graph,data/tsp_graphs/tsp_4473.graph,6,20,False,0.34444237,-0.0067842007
tsp_4474.graph,data/tsp_graphs/tsp_4474.graph,7,20,True,1.4113922,0.37951964
tsp_4475.graph,data/tsp_graphs/tsp_4475.graph,5,15,False,0.42067719,-0.67143184
tsp_4476.graph,data/tsp_graphs/tsp_4476.graph,10,20,True,1.4974747,0.6038217
tsp_4477.graph,data/tsp_graphs/tsp_4477.graph,7,20,False,-0.7355652,-0.028251737
tsp_4478.graph,data/tsp_graphs/tsp_4478.graph,9,15,True,-0.44651604,0.24036914
tsp_4479.graph,data/tsp_graphs/tsp_4479.graph,5,20,False,-0.39456558,-0.29555357
tsp_448.graph,data/tsp_graphs/tsp_448.graph,9,10,True,0.84752464,0.21709353
tsp_4480.graph,data/tsp_graphs/tsp_4480.graph,9,20,True,0.8152504,0.70109206
tsp_4481.graph,data/tsp_graphs/tsp_4481.graph,6,10,False,0.5647049,-0.5970675
tsp_4482.graph,data/tsp_graphs/tsp_4482.graph,7,20,True,-0.9516678,0.19541222
tsp_4483.graph,data/tsp_graphs/tsp_4483.graph,5,20,False,-1.0951395,-0.28868288
tsp_4484.graph,data/tsp_graphs/tsp_4484.graph,6,15,True,-0.25161743,-0.2405152
tsp_4485.graph,data/tsp_graphs/tsp_4485.graph,5,10,False,-0.62941265,-0.79542625
tsp_4486.graph,data/tsp_graphs/tsp_4486.graph,10,10,True,-1.8841782,0.5029987
tsp_4487.graph,data/tsp_graphs/tsp_4487.graph,7,20,False,1.318542,0.20224828
tsp_4488.graph,data/tsp_graphs/tsp_4488.graph,10,15,True,3.00708,0.83964974
tsp_4489.graph,data/tsp_graphs/tsp_4489.graph,6,20,False,-1.198803,-0.24658445
tsp_449.graph,data/tsp_graphs/tsp_449.graph,8,15,False,0.26563644,0.23929435
tsp_4490.graph,data/tsp_graphs/tsp_4490.graph,8,20,True,-0.10336304,0.30914623
tsp_4491.graph,data/tsp_graphs/tsp_4491.graph,8,15,False,-0.52132034,0.0052247643
tsp_4492.graph,data/tsp_graphs/tsp_4492.graph,10,20,True,1.3195724,0.46171862
tsp_4493.graph,data/tsp_graphs/tsp_4493.graph,10,10,False,-0.6536751,0.03968227
tsp_4494.graph,data/tsp_graphs/tsp_4494.graph,6,20,True,0.40668106,-0.23335987
tsp_4495.graph,data/tsp_graphs/tsp_4495.graph,6,15,False,-1.1244507,-0.60387665
tsp_4496.graph,data/tsp_graphs/tsp_4496.graph,5,15,True,1.9914169,-0.5647278
tsp_4497.graph,data/tsp_graphs/tsp_4497.graph,10,10,False,-2.177002,0.4395942
tsp_4498.graph,data/tsp_graphs/tsp_4498.graph,6,10,True,0.7475853,-0.8093972
tsp_4499.graph,data/tsp_graphs/tsp_4499.graph,9,10,False,-2.950653,0.3313957
tsp_45.graph,data/tsp_graphs/tsp_45.graph,7,10,False,0.5385933,-0.34113076
tsp_450.graph,data/tsp_graphs/tsp_450.graph,6,10,True,-0.8438757,-0.9806756
tsp_4500.graph,data/tsp_graphs/tsp_4500.graph,9,15,True,-0.048770905,0.27396435
tsp_4501.graph,data/tsp_graphs/tsp_4501.graph,9,20,False,1.3362045,0.4513216
tsp_4502.graph,data/tsp_graphs/tsp_4502.graph,5,10,True,0.2639904,-0.994958
tsp_4503.graph,data/tsp_graphs/tsp_4503.graph,5,10,False,-1.2424316,-0.5815986
tsp_4504.graph,data/tsp_graphs/tsp_4504.graph,7,10,True,0.33880234,-0.41655397
tsp_4505.graph,data/tsp_graphs/tsp_4505.graph,9,10,False,-1.6266098,0.45653373
tsp_4506.graph,data/tsp_graphs/tsp_4506.graph,9,15,True,1.1601882,0.68482226
tsp_4507.graph,data/tsp_graphs/tsp_4507.graph,8,10,False,-1.6924305,-0.14020157
tsp_4508.graph,data/tsp_graphs/tsp_4508.graph,8,20,True,0.32764435,0.29312897
tsp_4509.graph,data/tsp_graphs/tsp_4509.graph,7,10,False,-0.16952515,-0.4385783
tsp_451.graph,data/tsp_graphs/tsp_451.graph,8,20,False,-0.16663742,0.5201079
tsp_4510.graph,data/tsp_graphs/tsp_4510.graph,10,15,True,-1.2362938,0.21029973
tsp_4511.graph,data/tsp_graphs/tsp_4511.graph,10,20,False,0.06278229,0.53979284
tsp_4512.graph,data/tsp_graphs/tsp_4512.graph,5,20,True,0.17432022,-0.28479153
tsp_4513.graph,data/tsp_graphs/tsp_4513.graph,7,20,False,-0.8217468,0.18739241
tsp_4514.graph,data/tsp_graphs/tsp_4514.graph,5,15,True,-0.51184845,-0.7141088
tsp_4515.graph,data/tsp_graphs/tsp_4515.graph,8,10,False,-0.78331375,0.08702791
tsp_4516.graph,data/tsp_graphs/tsp_4516.graph,9,10,True,0.43138504,-0.00018340349
tsp_4517.graph,data/tsp_graphs/tsp_4517.graph,7,20,False,-1.7172356,0.20392
tsp_4518.graph,data/tsp_graphs/tsp_4518.graph,7,20,True,-0.48477936,0.1196872
tsp_4519.graph,data/tsp_graphs/tsp_4519.graph,8,15,False,-1.169424,0.3155672
tsp_452.graph,data/tsp_graphs/tsp_452.graph,10,15,True,0.9673958,0.24079305
tsp_4520.graph,data/tsp_graphs/tsp_4520.graph,6,15,True,0.51474,-0.53491527
tsp_4521.graph,data/tsp_graphs/tsp_4521.graph,10,15,False,-0.053993225,0.32737434
tsp_4522.graph,data/tsp_graphs/tsp_4522.graph,10,10,True,1.9009342,0.19227028
tsp_4523.graph,data/tsp_graphs/tsp_4523.graph,8,10,False,0.079273224,-0.17258656
tsp_4524.graph,data/tsp_graphs/tsp_4524.graph,8,20,True,-0.27620697,0.3333751
tsp_4525.graph,data/tsp_graphs/tsp_4525.graph,5,15,False,0.25054932,-0.31827784
tsp_4526.graph,data/tsp_graphs/tsp_4526.graph,7,10,True,0.070494175,-0.60469615
tsp_4527.graph,data/tsp_graphs/tsp_4527.graph,10,10,False,-1.4236851,0.07324201
tsp_4528.graph,data/tsp_graphs/tsp_4528.graph,9,20,True,1.8027115,0.6803475
tsp_4529.graph,data/tsp_graphs/tsp_4529.graph,6,10,False,-0.42718315,-0.5340298
tsp_453.graph,data/tsp_graphs/tsp_453.graph,5,15,False,1.3305244,-0.7040886
tsp_4530.graph,data/tsp_graphs/tsp_4530.graph,8,10,True,0.32608414,-0.24330753
tsp_4531.graph,data/tsp_graphs/tsp_4531.graph,7,15,False,-0.54255486,0.004595816
tsp_4532.graph,data/tsp_graphs/tsp_4532.graph,9,20,True,-0.3204422,0.3913898
tsp_4533.graph,data/tsp_graphs/tsp_4533.graph,6,15,False,-0.8179941,-0.2944134
tsp_4534.graph,data/tsp_graphs/tsp_4534.graph,10,10,True,2.3818817,0.3331945
tsp_4535.graph,data/tsp_graphs/tsp_4535.graph,8,20,False,-0.6268158,0.43714195
tsp_4536.graph,data/tsp_graphs/tsp_4536.graph,7,20,True,0.099227905,0.3295108
tsp_4537.graph,data/tsp_graphs/tsp_4537.graph,9,20,False,0.98179626,0.4197747
tsp_4538.graph,data/tsp_graphs/tsp_4538.graph,9,10,True,0.7214012,-0.15334418
tsp_4539.graph,data/tsp_graphs/tsp_4539.graph,10,10,False,0.13067245,0.078507066
tsp_454.graph,data/tsp_graphs/tsp_454.graph,9,10,True,2.7351685,0.06654447
tsp_4540.graph,data/tsp_graphs/tsp_4540.graph,8,10,True,0.55340004,-0.12452829
tsp_4541.graph,data/tsp_graphs/tsp_4541.graph,9,15,False,1.8177545,0.56225485
tsp_4542.graph,data/tsp_graphs/tsp_4542.graph,10,10,True,2.8093643,0.117553055
tsp_4543.graph,data/tsp_graphs/tsp_4543.graph,10,10,False,-1.0596485,0.039470077
tsp_4544.graph,data/tsp_graphs/tsp_4544.graph,10,20,True,1.5758514,0.36654752
tsp_4545.graph,data/tsp_graphs/tsp_4545.graph,5,20,False,0.08015299,-0.028786898
tsp_4546.graph,data/tsp_graphs/tsp_4546.graph,6,10,True,1.1263542,-0.39812034
tsp_4547.graph,data/tsp_graphs/tsp_4547.graph,5,20,False,1.2428322,-0.24649936
tsp_4548.graph,data/tsp_graphs/tsp_4548.graph,5,10,True,0.2926407,-0.79964054
tsp_4549.graph,data/tsp_graphs/tsp_4549.graph,7,20,False,-0.843956,0.13178813
tsp_455.graph,data/tsp_graphs/tsp_455.graph,7,10,False,0.8628807,-0.25357085
tsp_4550.graph,data/tsp_graphs/tsp_4550.graph,9,15,True,0.8154259,0.3049019
tsp_4551.graph,data/tsp_graphs/tsp_4551.graph,8,10,False,-0.31454659,-0.4400874
tsp_4552.graph,data/tsp_graphs/tsp_4552.graph,5,15,True,-0.23680115,-0.50419223
tsp_4553.graph,data/tsp_graphs/tsp_4553.graph,9,20,False,-0.18100739,0.7863794
tsp_4554.graph,data/tsp_graphs/tsp_4554.graph,7,20,True,1.0677681,0.17632514
tsp_4555.graph,data/tsp_graphs/tsp_4555.graph,8,20,False,0.061935425,0.5330196
tsp_4556.graph,data/tsp_graphs/tsp_4556.graph,6,10,True,0.2381897,-0.51433945
tsp_4557.graph,data/tsp_graphs/tsp_4557.graph,9,20,False,-1.0655212,0.11652863
tsp_4558.graph,data/tsp_graphs/tsp_4558.graph,8,20,True,-0.7127533,0.28735578
tsp_4559.graph,data/tsp_graphs/tsp_4559.graph,9,10,False,-1.7785339,0.4076513
tsp_456.graph,data/tsp_graphs/tsp_456.graph,10,10,True,1.4014139,0.25799274
tsp_4560.graph,data/tsp_graphs/tsp_4560.graph,6,20,True,0.032714844,0.050780356
tsp_4561.graph,data/tsp_graphs/tsp_4561.graph,9,20,False,-0.1250534,0.35517353
tsp_4562.graph,data/tsp_graphs/tsp_4562.graph,6,10,True,-0.79872704,-0.72765225
tsp_4563.graph,data/tsp_graphs/tsp_4563.graph,7,10,False,-0.37899017,-0.42414054
tsp_4564.graph,data/tsp_graphs/tsp_4564.graph,8,20,True,-0.8654022,0.14723939
tsp_4565.graph,data/tsp_graphs/tsp_4565.graph,10,20,False,-0.2781906,0.7732981
tsp_4566.graph,data/tsp_graphs/tsp_4566.graph,10,20,True,1.6200638,0.7700587
tsp_4567.graph,data/tsp_graphs/tsp_4567.graph,9,10,False,0.107917786,-0.005710125
tsp_4568.graph,data/tsp_graphs/tsp_4568.graph,5,10,True,1.2364082,-0.7074022
tsp_4569.graph,data/tsp_graphs/tsp_4569.graph,7,10,False,-0.04159546,-0.31828213
tsp_457.graph,data/tsp_graphs/tsp_457.graph,6,20,False,-0.5543785,-0.007543385
tsp_4570.graph,data/tsp_graphs/tsp_4570.graph,8,20,True,-1.0032349,0.13733363
tsp_4571.graph,data/tsp_graphs/tsp_4571.graph,6,15,False,0.28967762,-0.39768666
tsp_4572.graph,data/tsp_graphs/tsp_4572.graph,10,15,True,-0.20118332,0.5791901
tsp_4573.graph,data/tsp_graphs/tsp_4573.graph,10,20,False,-0.32730103,0.43441004
tsp_4574.graph,data/tsp_graphs/tsp_4574.graph,6,10,True,-1.3551979,-0.7092676
tsp_4575.graph,data/tsp_graphs/tsp_4575.graph,5,20,False,-0.3609619,-0.25600362
tsp_4576.graph,data/tsp_graphs/tsp_4576.graph,7,20,True,0.24798584,0.24913019
tsp_4577.graph,data/tsp_graphs/tsp_4577.graph,5,15,False,0.5932045,-0.33596322
tsp_4578.graph,data/tsp_graphs/tsp_4578.graph,5,20,True,2.0252686,-0.40764374
tsp_4579.graph,data/tsp_graphs/tsp_4579.graph,5,15,False,-1.15662,-0.7094761
tsp_458.graph,data/tsp_graphs/tsp_458.graph,9,15,True,0.26776123,0.3979842
tsp_4580.graph,data/tsp_graphs/tsp_4580.graph,8,15,True,0.049001694,0.33507025
tsp_4581.graph,data/tsp_graphs/tsp_4581.graph,8,20,False,0.6215286,0.33725423
tsp_4582.graph,data/tsp_graphs/tsp_4582.graph,7,15,True,-1.1441293,-0.24668144
tsp_4583.graph,data/tsp_graphs/tsp_4583.graph,5,20,False,-0.07824516,-0.7166951
tsp_4584.graph,data/tsp_graphs/tsp_4584.graph,5,15,True,1.5364695,-0.49760067
tsp_4585.graph,data/tsp_graphs/tsp_4585.graph,10,15,False,-0.44106674,0.23834246
tsp_4586.graph,data/tsp_graphs/tsp_4586.graph,10,20,True,0.22597504,0.90767616
tsp_4587.graph,data/tsp_graphs/tsp_4587.graph,10,10,False,0.5684929,0.18259251
tsp_4588.graph,data/tsp_graphs/tsp_4588.graph,9,15,True,0.7839203,0.20283234
tsp_4589.graph,data/tsp_graphs/tsp_4589.graph,8,10,False,-1.0301228,-0.2157768
tsp_459.graph,data/tsp_graphs/tsp_459.graph,7,15,False,-0.13063812,-0.16057825
tsp_4590.graph,data/tsp_graphs/tsp_4590.graph,5,10,True,0.24437141,-0.89082146
tsp_4591.graph,data/tsp_graphs/tsp_4591.graph,5,10,False,-0.99124146,-0.7686476
tsp_4592.graph,data/tsp_graphs/tsp_4592.graph,6,15,True,-0.41205978,-0.28625208
tsp_4593.graph,data/tsp_graphs/tsp_4593.graph,7,20,False,-0.9607315,0.04266411
tsp_4594.graph,data/tsp_graphs/tsp_4594.graph,7,15,True,0.07168579,-0.42097974
tsp_4595.graph,data/tsp_graphs/tsp_4595.graph,8,20,False,-1.0680008,0.2385487
tsp_4596.graph,data/tsp_graphs/tsp_4596.graph,8,15,True,0.23399067,-0.00024431944
tsp_4597.graph,data/tsp_graphs/tsp_4597.graph,10,15,False,-0.6290474,0.6181074
tsp_4598.graph,data/tsp_graphs/tsp_4598.graph,7,15,True,0.35185242,-0.27800545
tsp_4599.graph,data/tsp_graphs/tsp_4599.graph,8,10,False,-0.3092804,0.122187436
tsp_46.graph,data/tsp_graphs/tsp_46.graph,9,15,True,-0.49755096,0.32029325
tsp_460.graph,data/tsp_graphs/tsp_460.graph,10,20,True,1.5432663,0.55671936
tsp_4600.graph,data/tsp_graphs/tsp_4600.graph,8,10,True,0.31533813,-0.18182898
tsp_4601.graph,data/tsp_graphs/tsp_4601.graph,6,15,False,-0.8557348,-0.32854128
tsp_4602.graph,data/tsp_graphs/tsp_4602.graph,10,10,True,0.61720276,0.15079218
tsp_4603.graph,data/tsp_graphs/tsp_4603.graph,7,15,False,-1.3701878,-0.2661711
tsp_4604.graph,data/tsp_graphs/tsp_4604.graph,6,20,True,0.68859863,-0.091973215
tsp_4605.graph,data/tsp_graphs/tsp_4605.graph,10,20,False,0.13562775,0.6456967
tsp_4606.graph,data/tsp_graphs/tsp_4606.graph,6,20,True,0.7811737,-0.31028575
tsp_4607.graph,data/tsp_graphs/tsp_4607.graph,5,10,False,-1.2893829,-0.9027399
tsp_4608.graph,data/tsp_graphs/tsp_4608.graph,5,10,True,-0.2785139,-1.1212101
tsp_4609.graph,data/tsp_graphs/tsp_4609.graph,8,20,False,-1.3333893,0.29199928
tsp_461.graph,data/tsp_graphs/tsp_461.graph,6,15,False,-0.00042057037,-0.093652606
tsp_4610.graph,data/tsp_graphs/tsp_4610.graph,10,20,True,1.0888901,0.8253997
tsp_4611.graph,data/tsp_graphs/tsp_4611.graph,10,10,False,-0.1307602,0.29200983
tsp_4612.graph,data/tsp_graphs/tsp_4612.graph,5,10,True,0.34790802,-0.7349887
tsp_4613.graph,data/tsp_graphs/tsp_4613.graph,8,15,False,0.9228859,0.35576385
tsp_4614.graph,data/tsp_graphs/tsp_4614.graph,10,10,True,0.95751953,0.53879267
tsp_4615.graph,data/tsp_graphs/tsp_4615.graph,5,15,False,-0.065582275,-0.3277538
tsp_4616.graph,data/tsp_graphs/tsp_4616.graph,9,10,True,-0.42288208,0.3142599
tsp_4617.graph,data/tsp_graphs/tsp_4617.graph,8,10,False,-2.0837555,0.23478764
tsp_4618.graph,data/tsp_graphs/tsp_4618.graph,5,15,True,0.008073807,-0.7864205
tsp_4619.graph,data/tsp_graphs/tsp_4619.graph,7,20,False,-1.3691864,-0.061357617
tsp_462.graph,data/tsp_graphs/tsp_462.graph,5,20,True,1.9531746,-0.07521638
tsp_4620.graph,data/tsp_graphs/tsp_4620.graph,10,20,True,0.82180786,0.67279583
tsp_4621.graph,data/tsp_graphs/tsp_4621.graph,10,15,False,-1.2828484,0.35352945
tsp_4622.graph,data/tsp_graphs/tsp_4622.graph,10,10,True,-0.24003601,0.44808668
tsp_4623.graph,data/tsp_graphs/tsp_4623.graph,8,15,False,-1.2856121,0.5189131
tsp_4624.graph,data/tsp_graphs/tsp_4624.graph,6,10,True,0.33099365,-0.5614728
tsp_4625.graph,data/tsp_graphs/tsp_4625.graph,6,15,False,-3.0858994,-0.2949649
tsp_4626.graph,data/tsp_graphs/tsp_4626.graph,10,10,True,0.6749115,0.42160147
tsp_4627.graph,data/tsp_graphs/tsp_4627.graph,8,15,False,-1.4568887,-0.16446492
tsp_4628.graph,data/tsp_graphs/tsp_4628.graph,6,10,True,1.9730377,-0.71910983
tsp_4629.graph,data/tsp_graphs/tsp_4629.graph,8,10,False,-0.6994209,-0.05749184
tsp_463.graph,data/tsp_graphs/tsp_463.graph,10,15,False,-1.7940235,0.23693222
tsp_4630.graph,data/tsp_graphs/tsp_4630.graph,6,15,True,0.030097961,-0.48405597
tsp_4631.graph,data/tsp_graphs/tsp_4631.graph,9,15,False,-1.8973925,0.66789645
tsp_4632.graph,data/tsp_graphs/tsp_4632.graph,5,20,True,3.6823883,-0.391605
tsp_4633.graph,data/tsp_graphs/tsp_4633.graph,10,15,False,1.2060766,0.816647
tsp_4634.graph,data/tsp_graphs/tsp_4634.graph,8,10,True,2.1614418,-0.25799608
tsp_4635.graph,data/tsp_graphs/tsp_4635.graph,8,15,False,-1.6792507,0.32909435
tsp_4636.graph,data/tsp_graphs/tsp_4636.graph,5,15,True,-0.21985435,-0.14464536
tsp_4637.graph,data/tsp_graphs/tsp_4637.graph,8,10,False,0.057811737,-0.109935045
tsp_4638.graph,data/tsp_graphs/tsp_4638.graph,5,15,True,2.110527,-0.23837805
tsp_4639.graph,data/tsp_graphs/tsp_4639.graph,6,15,False,-0.9345741,-0.23128808
tsp_464.graph,data/tsp_graphs/tsp_464.graph,5,10,True,-0.5834818,-0.7482402
tsp_4640.graph,data/tsp_graphs/tsp_4640.graph,7,20,True,-1.74926,0.1612755
tsp_4641.graph,data/tsp_graphs/tsp_4641.graph,9,20,False,-0.91526794,0.2903276
tsp_4642.graph,data/tsp_graphs/tsp_4642.graph,5,15,True,0.5466111,-0.6752161
tsp_4643.graph,data/tsp_graphs/tsp_4643.graph,9,15,False,-2.3327236,0.18709463
tsp_4644.graph,data/tsp_graphs/tsp_4644.graph,8,15,True,0.37812412,0.4586841
tsp_4645.graph,data/tsp_graphs/tsp_4645.graph,10,15,False,0.5453491,0.5350166
tsp_4646.graph,data/tsp_graphs/tsp_4646.graph,7,10,True,0.41119766,-0.20216739
tsp_4647.graph,data/tsp_graphs/tsp_4647.graph,5,20,False,0.22791672,-0.046482176
tsp_4648.graph,data/tsp_graphs/tsp_4648.graph,10,20,True,0.21399689,0.5281338
tsp_4649.graph,data/tsp_graphs/tsp_4649.graph,5,20,False,0.77430725,-0.10600892
tsp_465.graph,data/tsp_graphs/tsp_465.graph,6,20,False,-0.6675663,-0.041472018
tsp_4650.graph,data/tsp_graphs/tsp_4650.graph,9,10,True,-0.073848724,-0.32432562
tsp_4651.graph,data/tsp_graphs/tsp_4651.graph,6,10,False,-2.106598,-0.41266418
tsp_4652.graph,data/tsp_graphs/tsp_4652.graph,6,10,True,0.46455002,-0.3753095
tsp_4653.graph,data/tsp_graphs/tsp_4653.graph,7,10,False,0.49221802,-0.07413769
tsp_4654.graph,data/tsp_graphs/tsp_4654.graph,6,15,True,-0.82406235,-0.11893594
tsp_4655.graph,data/tsp_graphs/tsp_4655.graph,6,20,False,2.5974655,0.09615141
tsp_4656.graph,data/tsp_graphs/tsp_4656.graph,9,10,True,1.2189064,-0.26756173
tsp_4657.graph,data/tsp_graphs/tsp_4657.graph,7,20,False,-1.4351349,-0.021882445
tsp_4658.graph,data/tsp_graphs/tsp_4658.graph,8,10,True,0.6716919,-0.37500703
tsp_4659.graph,data/tsp_graphs/tsp_4659.graph,5,15,False,-0.8671875,-0.56074834
tsp_466.graph,data/tsp_graphs/tsp_466.graph,5,20,True,1.7115917,-0.6693341
tsp_4660.graph,data/tsp_graphs/tsp_4660.graph,10,10,True,-0.8772392,0.66887254
tsp_4661.graph,data/tsp_graphs/tsp_4661.graph,5,20,False,-0.5271063,-0.06641883
tsp_4662.graph,data/tsp_graphs/tsp_4662.graph,8,20,True,0.97171783,0.34856755
tsp_4663.graph,data/tsp_graphs/tsp_4663.graph,7,20,False,0.088272095,0.05104792
tsp_4664.graph,data/tsp_graphs/tsp_4664.graph,7,20,True,1.3135071,0.02055353
tsp_4665.graph,data/tsp_graphs/tsp_4665.graph,10,15,False,0.44485474,0.53395146
tsp_4666.graph,data/tsp_graphs/tsp_4666.graph,5,15,True,-1.521101,-0.41639775
tsp_4667.graph,data/tsp_graphs/tsp_4667.graph,9,20,False,-1.3950348,0.2811048
tsp_4668.graph,data/tsp_graphs/tsp_4668.graph,10,20,True,1.9445496,0.5023461
tsp_4669.graph,data/tsp_graphs/tsp_4669.graph,10,20,False,-0.14276123,0.58455247
tsp_467.graph,data/tsp_graphs/tsp_467.graph,9,10,False,-2.6522522,0.11519998
tsp_4670.graph,data/tsp_graphs/tsp_4670.graph,7,20,True,0.9729881,-0.059987336
tsp_4671.graph,data/tsp_graphs/tsp_4671.graph,7,15,False,-0.87236214,-0.04654038
tsp_4672.graph,data/tsp_graphs/tsp_4672.graph,6,20,True,1.2502289,-0.07993317
tsp_4673.graph,data/tsp_graphs/tsp_4673.graph,9,10,False,0.7664528,-0.037066847
tsp_4674.graph,data/tsp_graphs/tsp_4674.graph,9,20,True,0.8920746,0.24733108
tsp_4675.graph,data/tsp_graphs/tsp_4675.graph,7,20,False,-0.46788025,-0.14517617
tsp_4676.graph,data/tsp_graphs/tsp_4676.graph,8,20,True,1.45401,0.20602387
tsp_4677.graph,data/tsp_graphs/tsp_4677.graph,8,20,False,0.30451202,0.17804343
tsp_4678.graph,data/tsp_graphs/tsp_4678.graph,6,10,True,0.12123108,-0.6929865
tsp_4679.graph,data/tsp_graphs/tsp_4679.graph,8,15,False,-0.4124136,0.40926725
tsp_468.graph,data/tsp_graphs/tsp_468.graph,6,10,True,0.05983734,-0.6871486
tsp_4680.graph,data/tsp_graphs/tsp_4680.graph,9,20,True,-0.1690979,0.4977079
tsp_4681.graph,data/tsp_graphs/tsp_4681.graph,8,10,False,0.19436646,-0.2716136
tsp_4682.graph,data/tsp_graphs/tsp_4682.graph,8,20,True,-0.5599899,0.056758344
tsp_4683.graph,data/tsp_graphs/tsp_4683.graph,9,10,False,1.7318039,0.0741294
tsp_4684.graph,data/tsp_graphs/tsp_4684.graph,9,10,True,0.58755493,0.28533942
tsp_4685.graph,data/tsp_graphs/tsp_4685.graph,6,15,False,-1.7118645,-0.44384518
tsp_4686.graph,data/tsp_graphs/tsp_4686.graph,10,10,True,2.0435944,0.48275298
tsp_4687.graph,data/tsp_graphs/tsp_4687.graph,8,10,False,-0.61008453,0.011204481
tsp_4688.graph,data/tsp_graphs/tsp_4688.graph,10,20,True,1.1774445,0.5434074
tsp_4689.graph,data/tsp_graphs/tsp_4689.graph,6,15,False,-0.9044876,-0.15567791
tsp_469.graph,data/tsp_graphs/tsp_469.graph,8,20,False,0.34664917,0.2552815
tsp_4690.graph,data/tsp_graphs/tsp_4690.graph,6,10,True,1.4593048,-0.22795588
tsp_4691.graph,data/tsp_graphs/tsp_4691.graph,5,15,False,-1.0916138,-0.3531767
tsp_4692.graph,data/tsp_graphs/tsp_4692.graph,6,10,True,-0.60472107,-0.10997343
tsp_4693.graph,data/tsp_graphs/tsp_4693.graph,7,15,False,-1.1842155,0.33348727
tsp_4694.graph,data/tsp_graphs/tsp_4694.graph,8,15,True,0.5657234,0.24331063
tsp_4695.graph,data/tsp_graphs/tsp_4695.graph,9,20,False,0.03087616,0.29551333
tsp_4696.graph,data/tsp_graphs/tsp_4696.graph,10,20,True,0.28173733,0.78087574
tsp_4697.graph,data/tsp_graphs/tsp_4697.graph,9,10,False,-0.5837021,-0.2672004
tsp_4698.graph,data/tsp_graphs/tsp_4698.graph,8,10,True,1.1298485,-0.1451196
tsp_4699.graph,data/tsp_graphs/tsp_4699.graph,10,15,False,-0.63326347,0.7974234
tsp_47.graph,data/tsp_graphs/tsp_47.graph,5,20,False,-1.093874,-0.3637243
tsp_470.graph,data/tsp_graphs/tsp_470.graph,7,10,True,3.116106,-0.17885444
tsp_4700.graph,data/tsp_graphs/tsp_4700.graph,7,10,True,0.49934387,-0.37283027
tsp_4701.graph,data/tsp_graphs/tsp_4701.graph,6,20,False,-0.028934479,-0.12381834
tsp_4702.graph,data/tsp_graphs/tsp_4702.graph,9,10,True,1.7160759,-0.3494654
tsp_4703.graph,data/tsp_graphs/tsp_4703.graph,7,15,False,0.012638092,-0.39064538
tsp_4704.graph,data/tsp_graphs/tsp_4704.graph,10,15,True,-0.43823624,0.5635715
tsp_4705.graph,data/tsp_graphs/tsp_4705.graph,7,20,False,-0.5684509,-0.011586845
tsp_4706.graph,data/tsp_graphs/tsp_4706.graph,8,10,True,2.6525116,0.0139888525
tsp_4707.graph,data/tsp_graphs/tsp_4707.graph,6,20,False,0.06741333,-0.22682205
tsp_4708.graph,data/tsp_graphs/tsp_4708.graph,10,15,True,1.2114258,0.8574119
tsp_4709.graph,data/tsp_graphs/tsp_4709.graph,7,10,False,0.57893753,-0.48899603
tsp_471.graph,data/tsp_graphs/tsp_471.graph,8,10,False,1.6301804,0.1753146
tsp_4710.graph,data/tsp_graphs/tsp_4710.graph,9,20,True,0.26255798,0.3488136
tsp_4711.graph,data/tsp_graphs/tsp_4711.graph,7,15,False,-0.34926987,-0.2279655
tsp_4712.graph,data/tsp_graphs/tsp_4712.graph,8,15,True,-0.78466797,0.13027626
tsp_4713.graph,data/tsp_graphs/tsp_4713.graph,10,20,False,-1.8627319,0.55645555
tsp_4714.graph,data/tsp_graphs/tsp_4714.graph,5,10,True,0.9273834,-0.6662868
tsp_4715.graph,data/tsp_graphs/tsp_4715.graph,5,20,False,-2.0188694,-0.3307345
tsp_4716.graph,data/tsp_graphs/tsp_4716.graph,10,20,True,-0.4480667,0.39685518
tsp_4717.graph,data/tsp_graphs/tsp_4717.graph,5,15,False,-0.7387886,-0.25830364
tsp_4718.graph,data/tsp_graphs/tsp_4718.graph,9,20,True,0.19771194,0.64792114
tsp_4719.graph,data/tsp_graphs/tsp_4719.graph,6,10,False,-1.5278931,-0.4030191
tsp_472.graph,data/tsp_graphs/tsp_472.graph,9,10,True,2.2165833,0.3071398
tsp_4720.graph,data/tsp_graphs/tsp_4720.graph,10,15,True,0.66343975,0.6954133
tsp_4721.graph,data/tsp_graphs/tsp_4721.graph,6,10,False,-1.4219055,-0.62389433
tsp_4722.graph,data/tsp_graphs/tsp_4722.graph,6,20,True,-0.22603989,-0.31498986
tsp_4723.graph,data/tsp_graphs/tsp_4723.graph,6,10,False,0.26190186,-0.63465273
tsp_4724.graph,data/tsp_graphs/tsp_4724.graph,5,10,True,-0.6949949,-1.1034808
tsp_4725.graph,data/tsp_graphs/tsp_4725.graph,8,10,False,0.597599,-0.38532934
tsp_4726.graph,data/tsp_graphs/tsp_4726.graph,5,10,True,-0.00048446655,-1.0018742
tsp_4727.graph,data/tsp_graphs/tsp_4727.graph,5,20,False,0.38948214,-0.088927776
tsp_4728.graph,data/tsp_graphs/tsp_4728.graph,10,10,True,1.012497,0.49296308
tsp_4729.graph,data/tsp_graphs/tsp_4729.graph,7,15,False,0.8967781,0.20657074
tsp_473.graph,data/tsp_graphs/tsp_473.graph,7,20,False,-0.68022156,0.3893903
tsp_4730.graph,data/tsp_graphs/tsp_4730.graph,5,15,True,0.7377529,-0.42605457
tsp_4731.graph,data/tsp_graphs/tsp_4731.graph,7,15,False,-1.1621723,-0.009974062
tsp_4732.graph,data/tsp_graphs/tsp_4732.graph,9,15,True,0.89609146,0.36482584
tsp_4733.graph,data/tsp_graphs/tsp_4733.graph,10,15,False,-1.8200836,0.34591633
tsp_4734.graph,data/tsp_graphs/tsp_4734.graph,7,20,True,0.905365,0.020069242
tsp_4735.graph,data/tsp_graphs/tsp_4735.graph,6,20,False,-0.9000759,0.18010515
tsp_4736.graph,data/tsp_graphs/tsp_4736.graph,9,15,True,0.7632404,0.6284079
tsp_4737.graph,data/tsp_graphs/tsp_4737.graph,8,15,False,-2.1380825,0.24356371
tsp_4738.graph,data/tsp_graphs/tsp_4738.graph,10,10,True,1.8738937,0.41406834
tsp_4739.graph,data/tsp_graphs/tsp_4739.graph,6,10,False,0.8310776,-0.53343266
tsp_474.graph,data/tsp_graphs/tsp_474.graph,8,20,True,0.736557,0.400374
tsp_4740.graph,data/tsp_graphs/tsp_4740.graph,8,20,True,0.77023315,0.10321748
tsp_4741.graph,data/tsp_graphs/tsp_4741.graph,9,15,False,-1.591856,0.469288
tsp_4742.graph,data/tsp_graphs/tsp_4742.graph,10,10,True,-0.057320595,0.5644062
tsp_4743.graph,data/tsp_graphs/tsp_4743.graph,9,20,False,0.48758316,0.433842
tsp_4744.graph,data/tsp_graphs/tsp_4744.graph,7,20,True,0.816983,0.39533538
tsp_4745.graph,data/tsp_graphs/tsp_4745.graph,10,20,False,-1.2289124,0.64479095
tsp_4746.graph,data/tsp_graphs/tsp_4746.graph,7,20,True,1.9332619,0.20644128
tsp_4747.graph,data/tsp_graphs/tsp_4747.graph,9,20,False,0.37960815,0.6977783
tsp_4748.graph,data/tsp_graphs/tsp_4748.graph,6,15,True,0.3953972,-0.09887245
tsp_4749.graph,data/tsp_graphs/tsp_4749.graph,10,20,False,-0.46066284,0.4980259
tsp_475.graph,data/tsp_graphs/tsp_475.graph,5,15,False,1.5275822,-0.2764977
tsp_4750.graph,data/tsp_graphs/tsp_4750.graph,6,15,True,0.7679759,-0.43964565
tsp_4751.graph,data/tsp_graphs/tsp_4751.graph,8,15,False,-0.43621826,0.020198882
tsp_4752.graph,data/tsp_graphs/tsp_4752.graph,6,10,True,0.49100494,-0.48576662
tsp_4753.graph,data/tsp_graphs/tsp_4753.graph,9,20,False,0.86785126,0.5395598
tsp_4754.graph,data/tsp_graphs/tsp_4754.graph,5,20,True,1.131238,-0.1081329
tsp_4755.graph,data/tsp_graphs/tsp_4755.graph,6,15,False,-1.1589832,-0.5335876
tsp_4756.graph,data/tsp_graphs/tsp_4756.graph,9,15,True,-0.20812368,0.5964816
tsp_4757.graph,data/tsp_graphs/tsp_4757.graph,9,20,False,-0.89847565,0.3400095
tsp_4758.graph,data/tsp_graphs/tsp_4758.graph,8,10,True,2.6221695,0.122795165
tsp_4759.graph,data/tsp_graphs/tsp_4759.graph,5,10,False,0.74845123,-0.6912571
tsp_476.graph,data/tsp_graphs/tsp_476.graph,5,15,True,0.61664104,-0.184309
tsp_4760.graph,data/tsp_graphs/tsp_4760.graph,9,10,True,1.6077614,-0.029119492
tsp_4761.graph,data/tsp_graphs/tsp_4761.graph,9,15,False,-1.4000168,0.40261048
tsp_4762.graph,data/tsp_graphs/tsp_4762.graph,10,10,True,-0.63692856,0.29062247
tsp_4763.graph,data/tsp_graphs/tsp_4763.graph,10,15,False,-1.6600952,0.7187336
tsp_4764.graph,data/tsp_graphs/tsp_4764.graph,8,15,True,0.10997391,0.18775284
tsp_4765.graph,data/tsp_graphs/tsp_4765.graph,6,20,False,1.5034065,-0.046817064
tsp_4766.graph,data/tsp_graphs/tsp_4766.graph,9,20,True,1.5027924,0.54006535
tsp_4767.graph,data/tsp_graphs/tsp_4767.graph,5,10,False,-0.28341007,-0.73793805
tsp_4768.graph,data/tsp_graphs/tsp_4768.graph,8,15,True,-1.0919223,0.39813602
tsp_4769.graph,data/tsp_graphs/tsp_4769.graph,5,10,False,-0.22002101,-0.8581923
tsp_477.graph,data/tsp_graphs/tsp_477.graph,5,10,False,-1.3078613,-0.6274482
tsp_4770.graph,data/tsp_graphs/tsp_4770.graph,6,20,True,-1.4448166,0.04106307
tsp_4771.graph,data/tsp_graphs/tsp_4771.graph,10,15,False,-0.4860878,0.47203165
tsp_4772.graph,data/tsp_graphs/tsp_4772.graph,10,15,True,1.2197515,0.7002118
tsp_4773.graph,data/tsp_graphs/tsp_4773.graph,9,15,False,-0.571682,0.50038856
tsp_4774.graph,data/tsp_graphs/tsp_4774.graph,8,15,True,0.23850346,0.40805537
tsp_4775.graph,data/tsp_graphs/tsp_4775.graph,7,10,False,-1.2331009,-0.3334081
tsp_4776.graph,data/tsp_graphs/tsp_4776.graph,6,20,True,0.5252838,-0.44461298
tsp_4777.graph,data/tsp_graphs/tsp_4777.graph,5,10,False,1.5453894,-0.8962252
tsp_4778.graph,data/tsp_graphs/tsp_4778.graph,8,20,True,-0.77059174,0.15813881
tsp_4779.graph,data/tsp_graphs/tsp_4779.graph,8,15,False,-0.344239,-0.27101144
tsp_478.graph,data/tsp_graphs/tsp_478.graph,7,20,True,1.2214661,0.044029117
tsp_4780.graph,data/tsp_graphs/tsp_4780.graph,10,20,True,0.44018555,0.6420544
tsp_4781.graph,data/tsp_graphs/tsp_4781.graph,9,15,False,-0.05517578,0.22190905
tsp_4782.graph,data/tsp_graphs/tsp_4782.graph,5,15,True,-0.5177727,-0.5921467
tsp_4783.graph,data/tsp_graphs/tsp_4783.graph,9,20,False,-1.3351021,0.36623836
tsp_4784.graph,data/tsp_graphs/tsp_4784.graph,5,15,True,1.5990639,-0.16264933
tsp_4785.graph,data/tsp_graphs/tsp_4785.graph,7,10,False,-0.20775604,-0.56348944
tsp_4786.graph,data/tsp_graphs/tsp_4786.graph,6,15,True,0.28844452,-0.11778021
tsp_4787.graph,data/tsp_graphs/tsp_4787.graph,9,10,False,0.0256958,-0.05854222
tsp_4788.graph,data/tsp_graphs/tsp_4788.graph,5,15,True,0.34060097,-0.65207326
tsp_4789.graph,data/tsp_graphs/tsp_4789.graph,10,10,False,-1.7666855,0.20870292
tsp_479.graph,data/tsp_graphs/tsp_479.graph,7,20,False,-0.44576263,0.24890417
tsp_4790.graph,data/tsp_graphs/tsp_4790.graph,5,15,True,0.885479,-0.7167814
tsp_4791.graph,data/tsp_graphs/tsp_4791.graph,7,10,False,0.9862213,-0.41035914
tsp_4792.graph,data/tsp_graphs/tsp_4792.graph,8,15,True,1.0517654,-0.045678556
tsp_4793.graph,data/tsp_graphs/tsp_4793.graph,9,15,False,-1.5335846,0.5016267
tsp_4794.graph,data/tsp_graphs/tsp_4794.graph,5,10,True,-1.842598,-0.8137461
tsp_4795.graph,data/tsp_graphs/tsp_4795.graph,5,20,False,1.4697113,-0.40694517
tsp_4796.graph,data/tsp_graphs/tsp_4796.graph,8,20,True,1.546608,0.25805664
tsp_4797.graph,data/tsp_graphs/tsp_4797.graph,7,20,False,1.8843803,0.345254
tsp_4798.graph,data/tsp_graphs/tsp_4798.graph,10,20,True,-0.06452942,0.48478574
tsp_4799.graph,data/tsp_graphs/tsp_4799.graph,5,15,False,-1.1584167,-0.57964987
tsp_48.graph,data/tsp_graphs/tsp_48.graph,9,15,True,0.33242035,0.401662
tsp_480.graph,data/tsp_graphs/tsp_480.graph,6,15,True,0.4004898,0.05414182
tsp_4800.graph,data/tsp_graphs/tsp_4800.graph,10,15,True,-0.4722023,0.553942
tsp_4801.graph,data/tsp_graphs/tsp_4801.graph,8,15,False,-0.71907043,0.2087239
tsp_4802.graph,data/tsp_graphs/tsp_4802.graph,5,10,True,0.7822418,-0.7469357
tsp_4803.graph,data/tsp_graphs/tsp_4803.graph,5,15,False,0.39756203,-0.75694597
tsp_4804.graph,data/tsp_graphs/tsp_4804.graph,7,15,True,-0.7085476,-0.11467993
tsp_4805.graph,data/tsp_graphs/tsp_4805.graph,5,20,False,-1.7070618,-0.47144923
tsp_4806.graph,data/tsp_graphs/tsp_4806.graph,5,15,True,0.8129921,-0.70632094
tsp_4807.graph,data/tsp_graphs/tsp_4807.graph,8,15,False,0.3552513,0.032344997
tsp_4808.graph,data/tsp_graphs/tsp_4808.graph,6,20,True,-0.9791813,0.21985245
tsp_4809.graph,data/tsp_graphs/tsp_4809.graph,6,20,False,-1.3724194,-0.24999906
tsp_481.graph,data/tsp_graphs/tsp_481.graph,7,15,False,0.8470917,-0.16391793
tsp_4810.graph,data/tsp_graphs/tsp_4810.graph,6,10,True,0.34015656,-0.654302
tsp_4811.graph,data/tsp_graphs/tsp_4811.graph,8,20,False,0.1387558,0.32019097
tsp_4812.graph,data/tsp_graphs/tsp_4812.graph,5,15,True,1.4119803,-0.644942
tsp_4813.graph,data/tsp_graphs/tsp_4813.graph,8,15,False,-0.44207573,-0.20417657
tsp_4814.graph,data/tsp_graphs/tsp_4814.graph,7,10,True,2.3963013,-0.42723814
tsp_4815.graph,data/tsp_graphs/tsp_4815.graph,9,10,False,-1.6467133,0.27595037
tsp_4816.graph,data/tsp_graphs/tsp_4816.graph,10,15,True,0.48319244,0.3530959
tsp_4817.graph,data/tsp_graphs/tsp_4817.graph,5,20,False,-1.7406406,-0.82068545
tsp_4818.graph,data/tsp_graphs/tsp_4818.graph,5,20,True,-0.42203188,-0.62830114
tsp_4819.graph,data/tsp_graphs/tsp_4819.graph,10,10,False,-1.6476288,0.37933183
tsp_482.graph,data/tsp_graphs/tsp_482.graph,10,15,True,-0.8425598,0.5629807
tsp_4820.graph,data/tsp_graphs/tsp_4820.graph,7,15,True,0.99697876,-0.038788736
tsp_4821.graph,data/tsp_graphs/tsp_4821.graph,7,20,False,1.1155472,0.11383557
tsp_4822.graph,data/tsp_graphs/tsp_4822.graph,7,15,True,0.2973833,-0.26874387
tsp_4823.graph,data/tsp_graphs/tsp_4823.graph,8,20,False,-1.675663,0.57134634
tsp_4824.graph,data/tsp_graphs/tsp_4824.graph,8,10,True,1.5773239,-0.20713675
tsp_4825.graph,data/tsp_graphs/tsp_4825.graph,9,15,False,2.1293728,0.5689371
tsp_4826.graph,data/tsp_graphs/tsp_4826.graph,10,20,True,-0.013221741,0.7045439
tsp_4827.graph,data/tsp_graphs/tsp_4827.graph,5,15,False,0.17911339,-0.53354293
tsp_4828.graph,data/tsp_graphs/tsp_4828.graph,9,10,True,0.47722626,-0.04829243
tsp_4829.graph,data/tsp_graphs/tsp_4829.graph,9,20,False,-0.3054428,0.17570251
tsp_483.graph,data/tsp_graphs/tsp_483.graph,5,15,False,-0.48632812,-0.29724872
tsp_4830.graph,data/tsp_graphs/tsp_4830.graph,8,15,True,0.32864094,-0.25591394
tsp_4831.graph,data/tsp_graphs/tsp_4831.graph,8,10,False,-0.47493362,-0.29117242
tsp_4832.graph,data/tsp_graphs/tsp_4832.graph,5,15,True,1.5532026,-0.53340685
tsp_4833.graph,data/tsp_graphs/tsp_4833.graph,8,15,False,1.2476463,0.2920621
tsp_4834.graph,data/tsp_graphs/tsp_4834.graph,10,20,True,0.20352936,0.33677894
tsp_4835.graph,data/tsp_graphs/tsp_4835.graph,8,15,False,0.4665165,0.018095553
tsp_4836.graph,data/tsp_graphs/tsp_4836.graph,5,10,True,-0.48352098,-0.83335423
tsp_4837.graph,data/tsp_graphs/tsp_4837.graph,7,20,False,0.16353226,0.17851818
tsp_4838.graph,data/tsp_graphs/tsp_4838.graph,6,15,True,0.434031,-0.2893169
tsp_4839.graph,data/tsp_graphs/tsp_4839.graph,10,15,False,1.2843399,0.855866
tsp_484.graph,data/tsp_graphs/tsp_484.graph,10,10,True,1.6396198,0.1490475
tsp_4840.graph,data/tsp_graphs/tsp_4840.graph,6,10,True,-1.1802979,-0.11523783
tsp_4841.graph,data/tsp_graphs/tsp_4841.graph,8,20,False,-0.46957397,0.24097914
tsp_4842.graph,data/tsp_graphs/tsp_4842.graph,7,10,True,1.1826172,-0.32593986
tsp_4843.graph,data/tsp_graphs/tsp_4843.graph,9,10,False,0.16209412,0.4162678
tsp_4844.graph,data/tsp_graphs/tsp_4844.graph,8,10,True,-0.48249054,-0.3346585
tsp_4845.graph,data/tsp_graphs/tsp_4845.graph,9,10,False,-0.4714241,0.17560637
tsp_4846.graph,data/tsp_graphs/tsp_4846.graph,8,20,True,-0.8717079,0.14311987
tsp_4847.graph,data/tsp_graphs/tsp_4847.graph,8,15,False,-0.22837448,-0.013348818
tsp_4848.graph,data/tsp_graphs/tsp_4848.graph,8,15,True,-0.3054161,-0.13188294
tsp_4849.graph,data/tsp_graphs/tsp_4849.graph,10,10,False,0.09160805,0.45148253
tsp_485.graph,data/tsp_graphs/tsp_485.graph,6,10,False,-0.8883629,-0.3697093
tsp_4850.graph,data/tsp_graphs/tsp_4850.graph,6,20,True,0.21873093,-0.4216255
tsp_4851.graph,data/tsp_graphs/tsp_4851.graph,5,20,False,-1.6800194,-0.0356777
tsp_4852.graph,data/tsp_graphs/tsp_4852.graph,5,20,True,1.7751048,-0.3863451
tsp_4853.graph,data/tsp_graphs/tsp_4853.graph,7,15,False,0.5615425,-0.19768918
tsp_4854.graph,data/tsp_graphs/tsp_4854.graph,9,20,True,3.0241776,0.2430737
tsp_4855.graph,data/tsp_graphs/tsp_4855.graph,5,20,False,-0.59103394,-0.4764155
tsp_4856.graph,data/tsp_graphs/tsp_4856.graph,9,20,True,2.0244675,0.41153753
tsp_4857.graph,data/tsp_graphs/tsp_4857.graph,10,15,False,-0.15708542,0.5529068
tsp_4858.graph,data/tsp_graphs/tsp_4858.graph,8,15,True,1.3932476,0.3859771
tsp_4859.graph,data/tsp_graphs/tsp_4859.graph,9,10,False,-1.9165039,-0.3702905
tsp_486.graph,data/tsp_graphs/tsp_486.graph,7,15,True,-0.1453476,-0.0033324957
tsp_4860.graph,data/tsp_graphs/tsp_4860.graph,9,15,True,0.25483322,0.4182381
tsp_4861.graph,data/tsp_graphs/tsp_4861.graph,10,15,False,0.54561234,0.5622762
tsp_4862.graph,data/tsp_graphs/tsp_4862.graph,10,10,True,1.8677483,0.084249735
tsp_4863.graph,data/tsp_graphs/tsp_4863.graph,5,15,False,-0.6261902,-0.7964871
tsp_4864.graph,data/tsp_graphs/tsp_4864.graph,8,10,True,-0.99814796,-0.13005227
tsp_4865.graph,data/tsp_graphs/tsp_4865.graph,8,15,False,-1.353354,0.079062104
tsp_4866.graph,data/tsp_graphs/tsp_4866.graph,8,15,True,0.92869204,0.069221675
tsp_4867.graph,data/tsp_graphs/tsp_4867.graph,9,10,False,0.99331284,-0.22068754
tsp_4868.graph,data/tsp_graphs/tsp_4868.graph,7,10,True,-0.81048584,-0.34942472
tsp_4869.graph,data/tsp_graphs/tsp_4869.graph,8,10,False,0.16531754,-0.5912825
tsp_487.graph,data/tsp_graphs/tsp_487.graph,10,15,False,-0.7928686,0.7075065
tsp_4870.graph,data/tsp_graphs/tsp_4870.graph,10,10,True,1.236105,0.24485141
tsp_4871.graph,data/tsp_graphs/tsp_4871.graph,8,10,False,-0.5286217,-0.2642603
tsp_4872.graph,data/tsp_graphs/tsp_4872.graph,7,15,True,1.5366671,0.24855721
tsp_4873.graph,data/tsp_graphs/tsp_4873.graph,8,10,False,-0.66498566,0.12812203
tsp_4874.graph,data/tsp_graphs/tsp_4874.graph,5,10,True,2.1026764,-0.4146037
tsp_4875.graph,data/tsp_graphs/tsp_4875.graph,7,10,False,-0.0896759,-0.3517173
tsp_4876.graph,data/tsp_graphs/tsp_4876.graph,8,20,True,-0.6658859,0.25116712
tsp_4877.graph,data/tsp_graphs/tsp_4877.graph,10,10,False,-1.0559444,0.24019432
tsp_4878.graph,data/tsp_graphs/tsp_4878.graph,7,10,True,0.92404175,-0.3111748
tsp_4879.graph,data/tsp_graphs/tsp_4879.graph,6,15,False,-1.4378982,-0.3360936
tsp_488.graph,data/tsp_graphs/tsp_488.graph,10,20,True,1.971672,0.87867016
tsp_4880.graph,data/tsp_graphs/tsp_4880.graph,10,10,True,-0.00045776367,0.26987267
tsp_4881.graph,data/tsp_graphs/tsp_4881.graph,10,15,False,-0.6217842,0.39726764
tsp_4882.graph,data/tsp_graphs/tsp_4882.graph,7,15,True,1.0262928,0.2725696
tsp_4883.graph,data/tsp_graphs/tsp_4883.graph,6,15,False,-0.48271942,-0.19252244
tsp_4884.graph,data/tsp_graphs/tsp_4884.graph,7,15,True,0.587903,0.11811072
tsp_4885.graph,data/tsp_graphs/tsp_4885.graph,10,20,False,-0.043312073,0.9054113
tsp_4886.graph,data/tsp_graphs/tsp_4886.graph,8,15,True,-0.41703033,0.17307758
tsp_4887.graph,data/tsp_graphs/tsp_4887.graph,8,10,False,0.4213562,-0.073403984
tsp_4888.graph,data/tsp_graphs/tsp_4888.graph,7,10,True,0.48804474,0.068733394
tsp_4889.graph,data/tsp_graphs/tsp_4889.graph,9,10,False,-0.18302727,-0.15862995
tsp_489.graph,data/tsp_graphs/tsp_489.graph,9,10,False,-1.624939,0.23438406
tsp_4890.graph,data/tsp_graphs/tsp_4890.graph,10,20,True,-0.70832825,0.54225403
tsp_4891.graph,data/tsp_graphs/tsp_4891.graph,5,10,False,0.23396176,-0.88282084
tsp_4892.graph,data/tsp_graphs/tsp_4892.graph,7,10,True,0.27246475,-0.4097569
tsp_4893.graph,data/tsp_graphs/tsp_4893.graph,7,15,False,-0.05498123,0.1322639
tsp_4894.graph,data/tsp_graphs/tsp_4894.graph,6,10,True,0.16757202,-0.3584724
tsp_4895.graph,data/tsp_graphs/tsp_4895.graph,6,20,False,-0.08117676,-0.021383107
tsp_4896.graph,data/tsp_graphs/tsp_4896.graph,6,15,True,-0.6333871,-0.3651462
tsp_4897.graph,data/tsp_graphs/tsp_4897.graph,9,10,False,-2.6867752,0.08241516
tsp_4898.graph,data/tsp_graphs/tsp_4898.graph,6,10,True,1.0924911,-0.7135263
tsp_4899.graph,data/tsp_graphs/tsp_4899.graph,10,10,False,-2.297226,0.48205167
tsp_49.graph,data/tsp_graphs/tsp_49.graph,7,10,False,0.3215027,-0.30638972
tsp_490.graph,data/tsp_graphs/tsp_490.graph,5,15,True,-0.938385,-0.36179438
tsp_4900.graph,data/tsp_graphs/tsp_4900.graph,8,20,True,-0.910759,0.29846257
tsp_4901.graph,data/tsp_graphs/tsp_4901.graph,8,10,False,0.5214462,-0.1751926
tsp_4902.graph,data/tsp_graphs/tsp_4902.graph,8,15,True,-0.24107265,0.037466466
tsp_4903.graph,data/tsp_graphs/tsp_4903.graph,7,10,False,0.6194763,-0.2611864
tsp_4904.graph,data/tsp_graphs/tsp_4904.graph,7,20,True,0.8138733,-0.044922322
tsp_4905.graph,data/tsp_graphs/tsp_4905.graph,10,10,False,-1.7160568,0.38184917
tsp_4906.graph,data/tsp_graphs/tsp_4906.graph,5,10,True,-0.27515793,-0.6856543
tsp_4907.graph,data/tsp_graphs/tsp_4907.graph,6,10,False,1.0875244,-0.1860111
tsp_4908.graph,data/tsp_graphs/tsp_4908.graph,5,10,True,2.5293045,-0.85472643
tsp_4909.graph,data/tsp_graphs/tsp_4909.graph,8,20,False,-0.8278427,0.13424182
tsp_491.graph,data/tsp_graphs/tsp_491.graph,5,20,False,-0.68492126,-0.49503022
tsp_4910.graph,data/tsp_graphs/tsp_4910.graph,7,15,True,-0.63844204,-0.26978076
tsp_4911.graph,data/tsp_graphs/tsp_4911.graph,8,10,False,-1.675396,-0.018918544
tsp_4912.graph,data/tsp_graphs/tsp_4912.graph,7,20,True,-0.7718048,0.21483058
tsp_4913.graph,data/tsp_graphs/tsp_4913.graph,9,20,False,0.86026,0.33949995
tsp_4914.graph,data/tsp_graphs/tsp_4914.graph,5,15,True,1.4607248,-0.050893217
tsp_4915.graph,data/tsp_graphs/tsp_4915.graph,7,20,False,-0.038528442,-0.23243031
tsp_4916.graph,data/tsp_graphs/tsp_4916.graph,5,15,True,0.34700394,-0.70292544
tsp_4917.graph,data/tsp_graphs/tsp_4917.graph,5,10,False,0.11645126,-0.8632699
tsp_4918.graph,data/tsp_graphs/tsp_4918.graph,10,10,True,-0.55664825,0.2938279
tsp_4919.graph,data/tsp_graphs/tsp_4919.graph,5,20,False,-1.7225151,-0.42727175
tsp_492.graph,data/tsp_graphs/tsp_492.graph,5,10,True,-0.26071358,-1.1377167
tsp_4920.graph,data/tsp_graphs/tsp_4920.graph,6,10,True,0.5168514,-0.424038
tsp_4921.graph,data/tsp_graphs/tsp_4921.graph,9,10,False,1.6796875,0.38248277
tsp_4922.graph,data/tsp_graphs/tsp_4922.graph,5,15,True,-0.79720306,-0.5101312
tsp_4923.graph,data/tsp_graphs/tsp_4923.graph,9,15,False,-0.17701149,0.24558693
tsp_4924.graph,data/tsp_graphs/tsp_4924.graph,6,15,True,0.14844894,-0.23464909
tsp_4925.graph,data/tsp_graphs/tsp_4925.graph,5,15,False,-0.49792862,-0.62667406
tsp_4926.graph,data/tsp_graphs/tsp_4926.graph,6,15,True,0.13928413,-0.23653793
tsp_4927.graph,data/tsp_graphs/tsp_4927.graph,6,10,False,-0.80830765,-0.41008335
tsp_4928.graph,data/tsp_graphs/tsp_4928.graph,7,15,True,1.8184328,-0.18692043
tsp_4929.graph,data/tsp_graphs/tsp_4929.graph,10,10,False,-1.3884621,0.08293903
tsp_493.graph,data/tsp_graphs/tsp_493.graph,5,20,False,-0.96446466,-0.15402132
tsp_4930.graph,data/tsp_graphs/tsp_4930.graph,7,15,True,0.9526453,-0.094325274
tsp_4931.graph,data/tsp_graphs/tsp_4931.graph,10,15,False,-0.6384163,0.21590692
tsp_4932.graph,data/tsp_graphs/tsp_4932.graph,8,10,True,-0.35838318,-0.070693046
tsp_4933.graph,data/tsp_graphs/tsp_4933.graph,5,10,False,-0.014076233,-0.88409084
tsp_4934.graph,data/tsp_graphs/tsp_4934.graph,5,10,True,0.016189575,-0.758155
tsp_4935.graph,data/tsp_graphs/tsp_4935.graph,5,15,False,2.363575,-0.5572948
tsp_4936.graph,data/tsp_graphs/tsp_4936.graph,7,20,True,0.23266983,0.011709392
tsp_4937.graph,data/tsp_graphs/tsp_4937.graph,9,15,False,-3.1992798,0.34575206
tsp_4938.graph,data/tsp_graphs/tsp_4938.graph,9,15,True,0.25288582,0.35411185
tsp_4939.graph,data/tsp_graphs/tsp_4939.graph,5,15,False,1.006257,-0.45726454
tsp_494.graph,data/tsp_graphs/tsp_494.graph,8,15,True,0.5687227,0.32097453
tsp_4940.graph,data/tsp_graphs/tsp_4940.graph,7,10,True,-0.94820786,-0.17401639
tsp_4941.graph,data/tsp_graphs/tsp_4941.graph,10,20,False,-1.719902,0.9403245
tsp_4942.graph,data/tsp_graphs/tsp_4942.graph,5,15,True,-1.1085739,-0.7396982
tsp_4943.graph,data/tsp_graphs/tsp_4943.graph,10,15,False,1.1772194,0.45221317
tsp_4944.graph,data/tsp_graphs/tsp_4944.graph,9,15,True,0.12555504,0.2129944
tsp_4945.graph,data/tsp_graphs/tsp_4945.graph,9,15,False,-1.2309313,0.0023559332
tsp_4946.graph,data/tsp_graphs/tsp_4946.graph,7,15,True,-0.57724,-0.38535276
tsp_4947.graph,data/tsp_graphs/tsp_4947.graph,10,20,False,0.6550064,0.50967497
tsp_4948.graph,data/tsp_graphs/tsp_4948.graph,6,20,True,4.029133,-0.26393777
tsp_4949.graph,data/tsp_graphs/tsp_4949.graph,5,20,False,0.7203789,-0.32819593
tsp_495.graph,data/tsp_graphs/tsp_495.graph,7,10,False,-0.42036438,-0.06939912
tsp_4950.graph,data/tsp_graphs/tsp_4950.graph,5,10,True,1.008213,-0.62573576
tsp_4951.graph,data/tsp_graphs/tsp_4951.graph,9,10,False,0.08508682,-0.067202926
tsp_4952.graph,data/tsp_graphs/tsp_4952.graph,9,20,True,1.4344559,0.7011054
tsp_4953.graph,data/tsp_graphs/tsp_4953.graph,7,10,False,-1.27285,0.22763962
tsp_4954.graph,data/tsp_graphs/tsp_4954.graph,8,15,True,0.25948763,0.44566202
tsp_4955.graph,data/tsp_graphs/tsp_4955.graph,5,15,False,-0.31246185,-0.25657386
tsp_4956.graph,data/tsp_graphs/tsp_4956.graph,7,20,True,0.1487236,-0.016973913
tsp_4957.graph,data/tsp_graphs/tsp_4957.graph,5,15,False,-1.8056297,-0.9954827
tsp_4958.graph,data/tsp_graphs/tsp_4958.graph,5,20,True,0.20546722,-0.15857404
tsp_4959.graph,data/tsp_graphs/tsp_4959.graph,6,15,False,-0.59657097,0.10325116
tsp_496.graph,data/tsp_graphs/tsp_496.graph,5,20,True,-0.03145981,-0.48742872
tsp_4960.graph,data/tsp_graphs/tsp_4960.graph,8,15,True,-0.011481762,0.053514898
tsp_4961.graph,data/tsp_graphs/tsp_4961.graph,10,20,False,-1.1550064,0.5972765
tsp_4962.graph,data/tsp_graphs/tsp_4962.graph,9,20,True,-0.068244934,0.40634292
tsp_4963.graph,data/tsp_graphs/tsp_4963.graph,5,20,False,-2.4180813,-0.02807358
tsp_4964.graph,data/tsp_graphs/tsp_4964.graph,8,20,True,1.783783,0.20644301
tsp_4965.graph,data/tsp_graphs/tsp_4965.graph,7,20,False,-0.92873764,0.2610852
tsp_4966.graph,data/tsp_graphs/tsp_4966.graph,9,15,True,-0.071136475,0.5646593
tsp_4967.graph,data/tsp_graphs/tsp_4967.graph,8,10,False,1.5163498,0.0036028624
tsp_4968.graph,data/tsp_graphs/tsp_4968.graph,9,15,True,-0.26469803,0.17177719
tsp_4969.graph,data/tsp_graphs/tsp_4969.graph,9,10,False,-1.6409302,0.48266166
tsp_497.graph,data/tsp_graphs/tsp_497.graph,5,20,False,-1.4522095,-0.46411622
tsp_4970.graph,data/tsp_graphs/tsp_4970.graph,9,20,True,0.44410706,0.265579
tsp_4971.graph,data/tsp_graphs/tsp_4971.graph,9,20,False,-0.4402237,0.41719395
tsp_4972.graph,data/tsp_graphs/tsp_4972.graph,5,20,True,-0.58430576,-0.21412173
tsp_4973.graph,data/tsp_graphs/tsp_4973.graph,10,20,False,0.19356537,0.44285065
tsp_4974.graph,data/tsp_graphs/tsp_4974.graph,6,10,True,0.3529129,-0.2182194
tsp_4975.graph,data/tsp_graphs/tsp_4975.graph,5,15,False,-0.44548798,-0.8074649
tsp_4976.graph,data/tsp_graphs/tsp_4976.graph,10,10,True,-0.70869064,0.32310325
tsp_4977.graph,data/tsp_graphs/tsp_4977.graph,9,15,False,0.018360138,0.26947087
tsp_4978.graph,data/tsp_graphs/tsp_4978.graph,10,20,True,1.893753,0.65852624
tsp_4979.graph,data/tsp_graphs/tsp_4979.graph,9,10,False,-1.5296326,0.44886476
tsp_498.graph,data/tsp_graphs/tsp_498.graph,9,10,True,-0.9328613,-0.1987226
tsp_4980.graph,data/tsp_graphs/tsp_4980.graph,6,15,True,0.120603085,-0.2866526
tsp_4981.graph,data/tsp_graphs/tsp_4981.graph,8,10,False,0.06124878,0.15374821
tsp_4982.graph,data/tsp_graphs/tsp_4982.graph,5,20,True,-0.21823883,-0.51226366
tsp_4983.graph,data/tsp_graphs/tsp_4983.graph,5,20,False,0.18434906,-0.14949247
tsp_4984.graph,data/tsp_graphs/tsp_4984.graph,7,15,True,-0.7518425,0.03395307
tsp_4985.graph,data/tsp_graphs/tsp_4985.graph,6,10,False,-0.20009613,-0.6552127
tsp_4986.graph,data/tsp_graphs/tsp_4986.graph,6,10,True,0.41072845,-0.67435
tsp_4987.graph,data/tsp_graphs/tsp_4987.graph,7,20,False,0.4237566,0.32314378
tsp_4988.graph,data/tsp_graphs/tsp_4988.graph,9,10,True,0.18326187,0.099132776
tsp_4989.graph,data/tsp_graphs/tsp_4989.graph,10,20,False,-0.45685577,0.5932098
tsp_499.graph,data/tsp_graphs/tsp_499.graph,8,10,False,0.121520996,0.026378334
tsp_4990.graph,data/tsp_graphs/tsp_4990.graph,7,10,True,2.169693,-0.30943078
tsp_4991.graph,data/tsp_graphs/tsp_4991.graph,10,20,False,-0.945961,0.6801705
tsp_4992.graph,data/tsp_graphs/tsp_4992.graph,6,10,True,2.418068,-0.48030138
tsp_4993.graph,data/tsp_graphs/tsp_4993.graph,10,10,False,-0.51748276,0.253892
tsp_4994.graph,data/tsp_graphs/tsp_4994.graph,5,15,True,-0.14189625,-0.49025756
tsp_4995.graph,data/tsp_graphs/tsp_4995.graph,7,10,False,-0.15744019,-0.007449448
tsp_4996.graph,data/tsp_graphs/tsp_4996.graph,8,10,True,1.0936852,-0.4557451
tsp_4997.graph,data/tsp_graphs/tsp_4997.graph,6,15,False,-0.24409485,-0.015293419
tsp_4998.graph,data/tsp_graphs/tsp_4998.graph,10,10,True,1.6224098,0.294223
tsp_4999.graph,data/tsp_graphs/tsp_4999.graph,5,10,False,-0.7648926,-0.3192431
tsp_5.graph,data/tsp_graphs/tsp_5.graph,6,20,False,-1.1074028,-0.064209014
tsp_50.graph,data/tsp_graphs/tsp_50.graph,6,10,True,-0.5358887,-0.42679104
tsp_500.graph,data/tsp_graphs/tsp_500.graph,10,15,True,0.28556442,0.4937808
tsp_5000.graph,data/tsp_graphs/tsp_5000.graph,8,15,True,-0.73263645,-0.0793702
tsp_5001.graph,data/tsp_graphs/tsp_5001.graph,10,10,False,-0.58153534,0.60533375
tsp_5002.graph,data/tsp_graphs/tsp_5002.graph,9,15,True,0.694129,0.64872295
tsp_5003.graph,data/tsp_graphs/tsp_5003.graph,9,15,False,-1.2636337,0.4122613
tsp_5004.graph,data/tsp_graphs/tsp_5004.graph,8,10,True,-1.7718735,0.12592196
tsp_5005.graph,data/tsp_graphs/tsp_5005.graph,5,10,False,-0.84153366,-0.5989766
tsp_5006.graph,data/tsp_graphs/tsp_5006.graph,7,20,True,1.8499908,0.12597185
tsp_5007.graph,data/tsp_graphs/tsp_5007.graph,5,10,False,-0.34352875,-0.8639177
tsp_5008.graph,data/tsp_graphs/tsp_5008.graph,8,10,True,0.71448517,-0.23093581
tsp_5009.graph,data/tsp_graphs/tsp_5009.graph,6,15,False,-0.44045788,0.11619419
tsp_501.graph,data/tsp_graphs/tsp_501.graph,6,20,False,0.26932716,-0.093289256
tsp_5010.graph,data/tsp_graphs/tsp_5010.graph,10,10,True,0.24958038,0.34318691
tsp_5011.graph,data/tsp_graphs/tsp_5011.graph,9,10,False,1.7848434,0.049429595
tsp_5012.graph,data/tsp_graphs/tsp_5012.graph,6,15,True,-0.86594963,-0.65590584
tsp_5013.graph,data/tsp_graphs/tsp_5013.graph,10,20,False,1.1394882,0.7245963
tsp_5014.graph,data/tsp_graphs/tsp_5014.graph,6,20,True,1.8379402,-0.07955754
tsp_5015.graph,data/tsp_graphs/tsp_5015.graph,10,20,False,-1.3182602,0.88457257
tsp_5016.graph,data/tsp_graphs/tsp_5016.graph,5,10,True,0.9705963,-0.58198965
tsp_5017.graph,data/tsp_graphs/tsp_5017.graph,10,20,False,1.3073502,0.8212299
tsp_5018.graph,data/tsp_graphs/tsp_5018.graph,6,20,True,2.2156143,-0.38158154
tsp_5019.graph,data/tsp_graphs/tsp_5019.graph,10,15,False,-1.0928802,0.31576127
tsp_502.graph,data/tsp_graphs/tsp_502.graph,9,15,True,-0.0128593445,0.22946906
tsp_5020.graph,data/tsp_graphs/tsp_5020.graph,9,10,True,-0.5881386,-0.14235601
tsp_5021.graph,data/tsp_graphs/tsp_5021.graph,8,10,False,-1.1086311,-0.4547282
tsp_5022.graph,data/tsp_graphs/tsp_5022.graph,6,15,True,-0.750679,-0.19342935
tsp_5023.graph,data/tsp_graphs/tsp_5023.graph,10,20,False,-0.30088043,0.71396714
tsp_5024.graph,data/tsp_graphs/tsp_5024.graph,6,20,True,1.9720802,-0.11383298
tsp_5025.graph,data/tsp_graphs/tsp_5025.graph,6,10,False,0.37636566,-0.5484706
tsp_5026.graph,data/tsp_graphs/tsp_5026.graph,8,15,True,1.0887299,0.27978045
tsp_5027.graph,data/tsp_graphs/tsp_5027.graph,7,10,False,-1.0298233,-0.7613457
tsp_5028.graph,data/tsp_graphs/tsp_5028.graph,9,20,True,1.5350189,0.47355944
tsp_5029.graph,data/tsp_graphs/tsp_5029.graph,7,15,False,-0.90557766,-0.031254917
tsp_503.graph,data/tsp_graphs/tsp_503.graph,5,20,False,0.6086788,-0.5475797
tsp_5030.graph,data/tsp_graphs/tsp_5030.graph,9,15,True,1.0296707,0.36966842
tsp_5031.graph,data/tsp_graphs/tsp_5031.graph,5,20,False,0.08191347,-0.40883887
tsp_5032.graph,data/tsp_graphs/tsp_5032.graph,9,20,True,1.7622528,0.21986479
tsp_5033.graph,data/tsp_graphs/tsp_5033.graph,8,20,False,-0.65694046,0.40017134
tsp_5034.graph,data/tsp_graphs/tsp_5034.graph,5,20,True,1.287241,-0.39847088
tsp_5035.graph,data/tsp_graphs/tsp_5035.graph,9,15,False,-0.6784692,0.6097496
tsp_5036.graph,data/tsp_graphs/tsp_5036.graph,10,15,True,0.17873764,0.70130783
tsp_5037.graph,data/tsp_graphs/tsp_5037.graph,10,20,False,0.79576874,0.6418405
tsp_5038.graph,data/tsp_graphs/tsp_5038.graph,5,10,True,0.02835083,-0.7731771
tsp_5039.graph,data/tsp_graphs/tsp_5039.graph,8,15,False,0.098835945,-0.03330952
tsp_504.graph,data/tsp_graphs/tsp_504.graph,7,10,True,-0.8375912,-0.18771899
tsp_5040.graph,data/tsp_graphs/tsp_5040.graph,5,20,True,-0.0063056946,-0.40344697
tsp_5041.graph,data/tsp_graphs/tsp_5041.graph,5,10,False,0.39553833,-0.89806783
tsp_5042.graph,data/tsp_graphs/tsp_5042.graph,10,15,True,-0.35783386,0.5897133
tsp_5043.graph,data/tsp_graphs/tsp_5043.graph,6,20,False,-0.90182495,0.09005481
tsp_5044.graph,data/tsp_graphs/tsp_5044.graph,8,15,True,-0.36222076,0.23355675
tsp_5045.graph,data/tsp_graphs/tsp_5045.graph,7,10,False,-0.8168106,-0.38515756
tsp_5046.graph,data/tsp_graphs/tsp_5046.graph,7,10,True,-0.751564,-0.19389349
tsp_5047.graph,data/tsp_graphs/tsp_5047.graph,10,10,False,0.88656425,0.2569902
tsp_5048.graph,data/tsp_graphs/tsp_5048.graph,7,10,True,0.8379288,-0.3743414
tsp_5049.graph,data/tsp_graphs/tsp_5049.graph,9,15,False,1.027317,0.34815437
tsp_505.graph,data/tsp_graphs/tsp_505.graph,8,20,False,0.0992775,0.14957112
tsp_5050.graph,data/tsp_graphs/tsp_5050.graph,6,15,True,-0.12955523,-0.46284604
tsp_5051.graph,data/tsp_graphs/tsp_5051.graph,7,15,False,-0.22497082,0.32486397
tsp_5052.graph,data/tsp_graphs/tsp_5052.graph,6,20,True,1.7946625,-0.29218602
tsp_5053.graph,data/tsp_graphs/tsp_5053.graph,6,20,False,-1.4678421,0.12909418
tsp_5054.graph,data/tsp_graphs/tsp_5054.graph,5,15,True,-0.15525627,-0.55507076
tsp_5055.graph,data/tsp_graphs/tsp_5055.graph,6,20,False,-0.87215805,-0.13946185
tsp_5056.graph,data/tsp_graphs/tsp_5056.graph,8,10,True,1.0018997,0.13311249
tsp_5057.graph,data/tsp_graphs/tsp_5057.graph,5,15,False,-0.5697937,-0.5199316
tsp_5058.graph,data/tsp_graphs/tsp_5058.graph,8,10,True,0.17851257,-0.32422602
tsp_5059.graph,data/tsp_graphs/tsp_5059.graph,6,10,False,0.46099854,-0.6908009
tsp_506.graph,data/tsp_graphs/tsp_506.graph,8,10,True,-0.32756042,0.2056731
tsp_5060.graph,data/tsp_graphs/tsp_5060.graph,10,10,True,-1.538826,0.45654643
tsp_5061.graph,data/tsp_graphs/tsp_5061.graph,9,10,False,-0.3634491,-0.1542702
tsp_5062.graph,data/tsp_graphs/tsp_5062.graph,10,15,True,1.0193634,0.18278879
tsp_5063.graph,data/tsp_graphs/tsp_5063.graph,6,15,False,0.34375763,-0.49338472
tsp_5064.graph,data/tsp_graphs/tsp_5064.graph,6,15,True,0.6568661,-0.069233805
tsp_5065.graph,data/tsp_graphs/tsp_5065.graph,8,10,False,-1.1961517,-0.16336134
tsp_5066.graph,data/tsp_graphs/tsp_5066.graph,9,10,True,0.076931,0.15408832
tsp_5067.graph,data/tsp_graphs/tsp_5067.graph,7,10,False,-2.4641495,-0.30512306
tsp_5068.graph,data/tsp_graphs/tsp_5068.graph,8,20,True,-0.027931213,-0.09916371
tsp_5069.graph,data/tsp_graphs/tsp_5069.graph,8,15,False,1.0794308,0.42429763
tsp_507.graph,data/tsp_graphs/tsp_507.graph,7,10,False,-1.1151772,-0.41636902
tsp_5070.graph,data/tsp_graphs/tsp_5070.graph,10,20,True,0.9315491,0.23091632
tsp_5071.graph,data/tsp_graphs/tsp_5071.graph,9,15,False,-1.5736132,-0.053791314
tsp_5072.graph,data/tsp_graphs/tsp_5072.graph,10,20,True,-1.6347275,0.35820478
tsp_5073.graph,data/tsp_graphs/tsp_5073.graph,10,20,False,-1.6272659,0.7872191
tsp_5074.graph,data/tsp_graphs/tsp_5074.graph,10,20,True,-0.14987946,0.6062165
tsp_5075.graph,data/tsp_graphs/tsp_5075.graph,8,20,False,2.1765022,0.52559584
tsp_5076.graph,data/tsp_graphs/tsp_5076.graph,10,15,True,0.3537302,0.85228616
tsp_5077.graph,data/tsp_graphs/tsp_5077.graph,9,20,False,-0.4003067,0.2537679
tsp_5078.graph,data/tsp_graphs/tsp_5078.graph,6,10,True,1.5423393,-0.8961075
tsp_5079.graph,data/tsp_graphs/tsp_5079.graph,7,15,False,-0.16906166,-0.052438974
tsp_508.graph,data/tsp_graphs/tsp_508.graph,5,10,True,-1.1123573,-0.9255456
tsp_5080.graph,data/tsp_graphs/tsp_5080.graph,9,15,True,-0.609396,0.650245
tsp_5081.graph,data/tsp_graphs/tsp_5081.graph,10,15,False,-0.4441719,0.44124663
tsp_5082.graph,data/tsp_graphs/tsp_5082.graph,10,20,True,0.33010864,0.353985
tsp_5083.graph,data/tsp_graphs/tsp_5083.graph,8,10,False,0.65600586,-0.16110659
tsp_5084.graph,data/tsp_graphs/tsp_5084.graph,5,10,True,-0.69548607,-1.0413518
tsp_5085.graph,data/tsp_graphs/tsp_5085.graph,7,15,False,-0.0975647,-0.35252893
tsp_5086.graph,data/tsp_graphs/tsp_5086.graph,7,20,True,1.0518188,0.09869981
tsp_5087.graph,data/tsp_graphs/tsp_5087.graph,8,10,False,-0.5521393,-0.050243914
tsp_5088.graph,data/tsp_graphs/tsp_5088.graph,10,20,True,1.8570328,0.63307816
tsp_5089.graph,data/tsp_graphs/tsp_5089.graph,10,15,False,-0.45814896,0.31258702
tsp_509.graph,data/tsp_graphs/tsp_509.graph,10,15,False,0.35331345,0.3485306
tsp_5090.graph,data/tsp_graphs/tsp_5090.graph,9,15,True,2.65948,0.3611936
tsp_5091.graph,data/tsp_graphs/tsp_5091.graph,9,20,False,-0.21196747,0.439264
tsp_5092.graph,data/tsp_graphs/tsp_5092.graph,10,15,True,1.4097748,0.14581496
tsp_5093.graph,data/tsp_graphs/tsp_5093.graph,9,20,False,1.9765015,0.60890573
tsp_5094.graph,data/tsp_graphs/tsp_5094.graph,9,20,True,0.68922424,0.33917505
tsp_5095.graph,data/tsp_graphs/tsp_5095.graph,7,15,False,0.25868988,-0.509457
tsp_5096.graph,data/tsp_graphs/tsp_5096.graph,10,10,True,-0.92220306,0.56493
tsp_5097.graph,data/tsp_graphs/tsp_5097.graph,10,10,False,0.5251179,0.22218072
tsp_5098.graph,data/tsp_graphs/tsp_5098.graph,7,15,True,1.006525,-0.22524098
tsp_5099.graph,data/tsp_graphs/tsp_5099.graph,8,20,False,1.3329201,0.5848468
tsp_51.graph,data/tsp_graphs/tsp_51.graph,6,15,False,0.19596577,-0.22683653
tsp_510.graph,data/tsp_graphs/tsp_510.graph,5,10,True,0.075279236,-0.7763676
tsp_5100.graph,data/tsp_graphs/tsp_5100.graph,5,10,True,1.4357452,-0.7232895
tsp_5101.graph,data/tsp_graphs/tsp_5101.graph,9,20,False,0.20024109,0.35944855
tsp_5102.graph,data/tsp_graphs/tsp_5102.graph,9,20,True,-0.055221558,0.48112434
tsp_5103.graph,data/tsp_graphs/tsp_5103.graph,5,20,False,-1.4225457,-0.3049936
tsp_5104.graph,data/tsp_graphs/tsp_5104.graph,8,10,True,0.5376892,-0.47544742
tsp_5105.graph,data/tsp_graphs/tsp_5105.graph,6,10,False,-0.48062897,-0.42753208
tsp_5106.graph,data/tsp_graphs/tsp_5106.graph,10,15,True,2.3984184,0.48266357
tsp_5107.graph,data/tsp_graphs/tsp_5107.graph,5,20,False,-0.20351315,-0.5185406
tsp_5108.graph,data/tsp_graphs/tsp_5108.graph,10,20,True,0.18743134,0.65539116
tsp_5109.graph,data/tsp_graphs/tsp_5109.graph,6,10,False,-0.49163818,-0.24161604
tsp_511.graph,data/tsp_graphs/tsp_511.graph,6,20,False,0.69236374,0.0037027001
tsp_5110.graph,data/tsp_graphs/tsp_5110.graph,5,20,True,-0.22565842,0.074273884
tsp_5111.graph,data/tsp_graphs/tsp_5111.graph,9,10,False,-0.18408966,0.14093888
tsp_5112.graph,data/tsp_graphs/tsp_5112.graph,9,10,True,-1.8136978,0.36694074
tsp_5113.graph,data/tsp_graphs/tsp_5113.graph,10,10,False,-0.0697155,0.27538955
tsp_5114.graph,data/tsp_graphs/tsp_5114.graph,6,10,True,0.071811676,-0.6504893
tsp_5115.graph,data/tsp_graphs/tsp_5115.graph,5,15,False,-0.8682556,-0.61159474
tsp_5116.graph,data/tsp_graphs/tsp_5116.graph,9,10,True,-0.38736725,0.17179215
tsp_5117.graph,data/tsp_graphs/tsp_5117.graph,5,15,False,-0.66464615,-0.4520412
tsp_5118.graph,data/tsp_graphs/tsp_5118.graph,8,15,True,0.33074856,-0.11211598
tsp_5119.graph,data/tsp_graphs/tsp_5119.graph,6,15,False,-0.737484,-0.2903494
tsp_512.graph,data/tsp_graphs/tsp_512.graph,7,20,True,-0.6647568,0.32512176
tsp_5120.graph,data/tsp_graphs/tsp_5120.graph,7,10,True,-0.4407959,-0.49549496
tsp_5121.graph,data/tsp_graphs/tsp_5121.graph,6,20,False,-0.8391571,0.23331314
tsp_5122.graph,data/tsp_graphs/tsp_5122.graph,5,15,True,1.8532047,-0.6502259
tsp_5123.graph,data/tsp_graphs/tsp_5123.graph,9,10,False,-0.50943375,0.041258156
tsp_5124.graph,data/tsp_graphs/tsp_5124.graph,5,10,True,1.3562317,-0.96440387
tsp_5125.graph,data/tsp_graphs/tsp_5125.graph,6,15,False,0.41299057,-0.3090391
tsp_5126.graph,data/tsp_graphs/tsp_5126.graph,5,20,True,0.34846306,-0.4518307
tsp_5127.graph,data/tsp_graphs/tsp_5127.graph,9,15,False,-3.520544,0.14720583
tsp_5128.graph,data/tsp_graphs/tsp_5128.graph,9,20,True,-0.6510773,0.33701223
tsp_5129.graph,data/tsp_graphs/tsp_5129.graph,10,15,False,-1.3237858,0.28412598
tsp_513.graph,data/tsp_graphs/tsp_513.graph,8,20,False,2.091343,0.28767258
tsp_5130.graph,data/tsp_graphs/tsp_5130.graph,5,10,True,1.4334106,-0.717358
tsp_5131.graph,data/tsp_graphs/tsp_5131.graph,7,15,False,1.189234,-0.07834619
tsp_5132.graph,data/tsp_graphs/tsp_5132.graph,7,20,True,1.5387115,0.15534097
tsp_5133.graph,data/tsp_graphs/tsp_5133.graph,10,20,False,1.1440582,0.59002095
tsp_5134.graph,data/tsp_graphs/tsp_5134.graph,6,10,True,-0.6636009,-0.2891379
tsp_5135.graph,data/tsp_graphs/tsp_5135.graph,9,10,False,-0.73428345,0.29528028
tsp_5136.graph,data/tsp_graphs/tsp_5136.graph,10,20,True,-0.1409378,0.634425
tsp_5137.graph,data/tsp_graphs/tsp_5137.graph,9,10,False,-0.75338745,0.34158993
tsp_5138.graph,data/tsp_graphs/tsp_5138.graph,6,10,True,1.2430983,-0.72621524
tsp_5139.graph,data/tsp_graphs/tsp_5139.graph,8,20,False,0.44056702,0.25486976
tsp_514.graph,data/tsp_graphs/tsp_514.graph,5,10,True,1.4657669,-0.61620104
tsp_5140.graph,data/tsp_graphs/tsp_5140.graph,8,15,True,2.4897175,0.20439255
tsp_5141.graph,data/tsp_graphs/tsp_5141.graph,7,20,False,-1.0956001,0.39170218
tsp_5142.graph,data/tsp_graphs/tsp_5142.graph,7,10,True,1.681778,0.012000024
tsp_5143.graph,data/tsp_graphs/tsp_5143.graph,9,15,False,-2.2961562,0.6518794
tsp_5144.graph,data/tsp_graphs/tsp_5144.graph,10,15,True,0.77672386,0.4584722
tsp_5145.graph,data/tsp_graphs/tsp_5145.graph,9,20,False,-1.2611923,0.5402201
tsp_5146.graph,data/tsp_graphs/tsp_5146.graph,9,10,True,2.0097046,0.3572412
tsp_5147.graph,data/tsp_graphs/tsp_5147.graph,5,10,False,1.107235,-0.7793726
tsp_5148.graph,data/tsp_graphs/tsp_5148.graph,7,15,True,0.48709106,0.12894338
tsp_5149.graph,data/tsp_graphs/tsp_5149.graph,6,15,False,-0.6240883,-0.5810557
tsp_515.graph,data/tsp_graphs/tsp_515.graph,7,20,False,0.38046265,-0.012848526
tsp_5150.graph,data/tsp_graphs/tsp_5150.graph,8,20,True,-0.3308487,0.33529383
tsp_5151.graph,data/tsp_graphs/tsp_5151.graph,5,10,False,-0.021339417,-0.75511336
tsp_5152.graph,data/tsp_graphs/tsp_5152.graph,5,10,True,0.4303894,-0.88500476
tsp_5153.graph,data/tsp_graphs/tsp_5153.graph,6,15,False,1.0584259,-0.056445837
tsp_5154.graph,data/tsp_graphs/tsp_5154.graph,10,10,True,0.39917564,0.09137148
tsp_5155.graph,data/tsp_graphs/tsp_5155.graph,8,20,False,0.061275482,0.42341632
tsp_5156.graph,data/tsp_graphs/tsp_5156.graph,8,10,True,1.6493759,0.18600416
tsp_5157.graph,data/tsp_graphs/tsp_5157.graph,5,20,False,-0.07511902,-0.30763474
tsp_5158.graph,data/tsp_graphs/tsp_5158.graph,5,10,True,-0.09511566,-0.59056103
tsp_5159.graph,data/tsp_graphs/tsp_5159.graph,5,10,False,-1.6382065,-0.5630098
tsp_516.graph,data/tsp_graphs/tsp_516.graph,5,15,True,-0.046455383,-1.0389358
tsp_5160.graph,data/tsp_graphs/tsp_5160.graph,7,15,True,-0.045093536,0.094376266
tsp_5161.graph,data/tsp_graphs/tsp_5161.graph,8,10,False,-0.12491989,-0.50243413
tsp_5162.graph,data/tsp_graphs/tsp_5162.graph,6,20,True,1.4244232,0.22375256
tsp_5163.graph,data/tsp_graphs/tsp_5163.graph,7,15,False,-0.41882372,0.28017265
tsp_5164.graph,data/tsp_graphs/tsp_5164.graph,7,15,True,-0.87994957,-0.18363684
tsp_5165.graph,data/tsp_graphs/tsp_5165.graph,5,10,False,-0.9447098,-0.48632085
tsp_5166.graph,data/tsp_graphs/tsp_5166.graph,10,15,True,-0.31964684,0.4773432
tsp_5167.graph,data/tsp_graphs/tsp_5167.graph,6,20,False,0.88022614,-0.25322738
tsp_5168.graph,data/tsp_graphs/tsp_5168.graph,5,15,True,0.1927414,-0.8847082
tsp_5169.graph,data/tsp_graphs/tsp_5169.graph,9,10,False,-1.3974609,0.14143991
tsp_517.graph,data/tsp_graphs/tsp_517.graph,10,20,False,0.29235077,0.54430073
tsp_5170.graph,data/tsp_graphs/tsp_5170.graph,6,10,True,2.267212,-0.29648855
tsp_5171.graph,data/tsp_graphs/tsp_5171.graph,6,20,False,-0.9712124,0.21902639
tsp_5172.graph,data/tsp_graphs/tsp_5172.graph,5,15,True,2.0529814,-0.525165
tsp_5173.graph,data/tsp_graphs/tsp_5173.graph,5,15,False,0.65841246,-0.484424
tsp_5174.graph,data/tsp_graphs/tsp_5174.graph,6,20,True,0.0011510849,-0.43635714
tsp_5175.graph,data/tsp_graphs/tsp_5175.graph,8,10,False,-0.33052826,0.26486844
tsp_5176.graph,data/tsp_graphs/tsp_5176.graph,8,20,True,-0.38172913,0.3498239
tsp_5177.graph,data/tsp_graphs/tsp_5177.graph,7,15,False,-2.5583763,0.2538156
tsp_5178.graph,data/tsp_graphs/tsp_5178.graph,5,10,True,-0.028411865,-0.4692916
tsp_5179.graph,data/tsp_graphs/tsp_5179.graph,9,20,False,0.6890335,0.59623903
tsp_518.graph,data/tsp_graphs/tsp_518.graph,5,10,True,1.5642662,-0.8409146
tsp_5180.graph,data/tsp_graphs/tsp_5180.graph,10,20,True,2.1144485,0.8022396
tsp_5181.graph,data/tsp_graphs/tsp_5181.graph,6,10,False,0.20012665,-0.7815655
tsp_5182.graph,data/tsp_graphs/tsp_5182.graph,5,20,True,1.4237823,-0.35291722
tsp_5183.graph,data/tsp_graphs/tsp_5183.graph,10,20,False,-0.46413422,0.7338734
tsp_5184.graph,data/tsp_graphs/tsp_5184.graph,5,15,True,0.6316414,-0.5049274
tsp_5185.graph,data/tsp_graphs/tsp_5185.graph,5,20,False,0.35710526,-0.1714499
tsp_5186.graph,data/tsp_graphs/tsp_5186.graph,8,20,True,1.4358902,0.41591614
tsp_5187.graph,data/tsp_graphs/tsp_5187.graph,5,15,False,-0.07619858,-0.37107086
tsp_5188.graph,data/tsp_graphs/tsp_5188.graph,8,20,True,0.5675049,0.25754946
tsp_5189.graph,data/tsp_graphs/tsp_5189.graph,6,10,False,-0.0017471313,-0.5473696
tsp_519.graph,data/tsp_graphs/tsp_519.graph,8,20,False,-0.13488007,0.42245597
tsp_5190.graph,data/tsp_graphs/tsp_5190.graph,9,10,True,-1.9880829,0.4260581
tsp_5191.graph,data/tsp_graphs/tsp_5191.graph,8,15,False,-1.4093027,0.57966834
tsp_5192.graph,data/tsp_graphs/tsp_5192.graph,10,15,True,-1.1200788,0.727887
tsp_5193.graph,data/tsp_graphs/tsp_5193.graph,7,10,False,-0.52794266,-0.30728844
tsp_5194.graph,data/tsp_graphs/tsp_5194.graph,7,20,True,-1.4011211,0.32384914
tsp_5195.graph,data/tsp_graphs/tsp_5195.graph,5,20,False,-0.9612503,-0.35535783
tsp_5196.graph,data/tsp_graphs/tsp_5196.graph,6,10,True,0.58774567,-0.5269299
tsp_5197.graph,data/tsp_graphs/tsp_5197.graph,5,20,False,-0.40113258,-0.30890012
tsp_5198.graph,data/tsp_graphs/tsp_5198.graph,8,15,True,1.1097717,0.3233202
tsp_5199.graph,data/tsp_graphs/tsp_5199.graph,7,10,False,0.17533875,0.19267035
tsp_52.graph,data/tsp_graphs/tsp_52.graph,9,20,True,1.3843155,0.4978577
tsp_520.graph,data/tsp_graphs/tsp_520.graph,7,20,True,1.8458252,0.34476095
tsp_5200.graph,data/tsp_graphs/tsp_5200.graph,7,20,True,0.481102,0.2517485
tsp_5201.graph,data/tsp_graphs/tsp_5201.graph,7,20,False,0.2651596,-0.090697706
tsp_5202.graph,data/tsp_graphs/tsp_5202.graph,5,10,True,0.44195938,-0.7243465
tsp_5203.graph,data/tsp_graphs/tsp_5203.graph,8,20,False,-0.06922531,0.49428147
tsp_5204.graph,data/tsp_graphs/tsp_5204.graph,10,15,True,-0.3086319,0.23718709
tsp_5205.graph,data/tsp_graphs/tsp_5205.graph,7,20,False,-3.119915,0.02693957
tsp_5206.graph,data/tsp_graphs/tsp_5206.graph,7,10,True,2.91288,-0.02699855
tsp_5207.graph,data/tsp_graphs/tsp_5207.graph,8,15,False,0.13825989,0.23693216
tsp_5208.graph,data/tsp_graphs/tsp_5208.graph,7,20,True,-0.75453186,0.34385085
tsp_5209.graph,data/tsp_graphs/tsp_5209.graph,9,20,False,-1.1904144,0.4717343
tsp_521.graph,data/tsp_graphs/tsp_521.graph,10,20,False,-0.3106079,0.5155274
tsp_5210.graph,data/tsp_graphs/tsp_5210.graph,6,10,True,0.07535553,-0.58670783
tsp_5211.graph,data/tsp_graphs/tsp_5211.graph,5,20,False,-1.3712616,-0.24854665
tsp_5212.graph,data/tsp_graphs/tsp_5212.graph,9,10,True,0.5550041,-0.011677563
tsp_5213.graph,data/tsp_graphs/tsp_5213.graph,5,10,False,-0.053833008,-0.48084074
tsp_5214.graph,data/tsp_graphs/tsp_5214.graph,5,20,True,2.7030773,-0.2480185
tsp_5215.graph,data/tsp_graphs/tsp_5215.graph,5,20,False,-1.0029716,-0.08922258
tsp_5216.graph,data/tsp_graphs/tsp_5216.graph,8,10,True,0.077293396,0.34636098
tsp_5217.graph,data/tsp_graphs/tsp_5217.graph,8,10,False,0.65987015,-0.06312215
tsp_5218.graph,data/tsp_graphs/tsp_5218.graph,7,20,True,0.5526962,0.039147675
tsp_5219.graph,data/tsp_graphs/tsp_5219.graph,7,10,False,-0.8892212,-0.44115168
tsp_522.graph,data/tsp_graphs/tsp_522.graph,8,10,True,-0.44696045,0.09641582
tsp_5220.graph,data/tsp_graphs/tsp_5220.graph,10,15,True,0.32162857,0.32603627
tsp_5221.graph,data/tsp_graphs/tsp_5221.graph,7,20,False,-0.797142,0.10205227
tsp_5222.graph,data/tsp_graphs/tsp_5222.graph,8,20,True,-1.2837219,0.27264047
tsp_5223.graph,data/tsp_graphs/tsp_5223.graph,10,15,False,-1.6428299,0.4050213
tsp_5224.graph,data/tsp_graphs/tsp_5224.graph,5,20,True,-0.4903946,-0.8435663
tsp_5225.graph,data/tsp_graphs/tsp_5225.graph,9,15,False,2.333168,0.20112818
tsp_5226.graph,data/tsp_graphs/tsp_5226.graph,9,15,True,0.43697333,0.6159366
tsp_5227.graph,data/tsp_graphs/tsp_5227.graph,9,10,False,0.095752716,-0.1799002
tsp_5228.graph,data/tsp_graphs/tsp_5228.graph,8,15,True,-0.24487352,0.05962634
tsp_5229.graph,data/tsp_graphs/tsp_5229.graph,5,10,False,-0.94657135,-0.3761738
tsp_523.graph,data/tsp_graphs/tsp_523.graph,6,15,False,-0.8648529,-0.35653627
tsp_5230.graph,data/tsp_graphs/tsp_5230.graph,10,10,True,1.1066437,0.46629614
tsp_5231.graph,data/tsp_graphs/tsp_5231.graph,9,15,False,0.4855137,0.5693143
tsp_5232.graph,data/tsp_graphs/tsp_5232.graph,6,15,True,0.39159966,-0.018456161
tsp_5233.graph,data/tsp_graphs/tsp_5233.graph,5,10,False,-0.5782776,-0.38910306
tsp_5234.graph,data/tsp_graphs/tsp_5234.graph,5,15,True,-0.35131264,-0.61766124
tsp_5235.graph,data/tsp_graphs/tsp_5235.graph,8,15,False,1.0464306,0.34048694
tsp_5236.graph,data/tsp_graphs/tsp_5236.graph,9,15,True,0.24154282,0.26957458
tsp_5237.graph,data/tsp_graphs/tsp_5237.graph,6,15,False,0.11431885,-0.4328489
tsp_5238.graph,data/tsp_graphs/tsp_5238.graph,10,15,True,-0.25365448,0.47168761
tsp_5239.graph,data/tsp_graphs/tsp_5239.graph,10,10,False,-1.5914764,0.40228462
tsp_524.graph,data/tsp_graphs/tsp_524.graph,6,20,True,0.10929108,-0.17782077
tsp_5240.graph,data/tsp_graphs/tsp_5240.graph,7,20,True,0.13217926,0.08554906
tsp_5241.graph,data/tsp_graphs/tsp_5241.graph,6,20,False,0.086257935,0.018312037
tsp_5242.graph,data/tsp_graphs/tsp_5242.graph,10,15,True,0.8099518,0.4345017
tsp_5243.graph,data/tsp_graphs/tsp_5243.graph,10,20,False,-0.49106598,0.6112521
tsp_5244.graph,data/tsp_graphs/tsp_5244.graph,8,15,True,-0.3047185,0.051880896
tsp_5245.graph,data/tsp_graphs/tsp_5245.graph,6,15,False,-0.44555247,-0.22192171
tsp_5246.graph,data/tsp_graphs/tsp_5246.graph,7,15,True,-0.14336395,0.20993042
tsp_5247.graph,data/tsp_graphs/tsp_5247.graph,8,20,False,-3.0012074,0.5438469
tsp_5248.graph,data/tsp_graphs/tsp_5248.graph,6,10,True,1.5728455,-0.90501523
tsp_5249.graph,data/tsp_graphs/tsp_5249.graph,9,10,False,0.5865364,-0.0055069923
tsp_525.graph,data/tsp_graphs/tsp_525.graph,8,15,False,-2.2678308,0.17931557
tsp_5250.graph,data/tsp_graphs/tsp_5250.graph,9,15,True,1.663868,0.43515658
tsp_5251.graph,data/tsp_graphs/tsp_5251.graph,9,10,False,-1.521862,-0.112651736
tsp_5252.graph,data/tsp_graphs/tsp_5252.graph,8,20,True,0.114151,0.31791383
tsp_5253.graph,data/tsp_graphs/tsp_5253.graph,6,10,False,0.36214066,-0.75815415
tsp_5254.graph,data/tsp_graphs/tsp_5254.graph,10,15,True,0.14296341,0.57687396
tsp_5255.graph,data/tsp_graphs/tsp_5255.graph,5,10,False,-0.12126541,-0.8329071
tsp_5256.graph,data/tsp_graphs/tsp_5256.graph,6,10,True,2.3558884,-0.11673698
tsp_5257.graph,data/tsp_graphs/tsp_5257.graph,9,10,False,-0.6941757,0.4685518
tsp_5258.graph,data/tsp_graphs/tsp_5258.graph,8,10,True,0.6357994,-0.2430793
tsp_5259.graph,data/tsp_graphs/tsp_5259.graph,5,15,False,1.4693332,-0.39887974
tsp_526.graph,data/tsp_graphs/tsp_526.graph,5,20,True,3.058815,-0.34755254
tsp_5260.graph,data/tsp_graphs/tsp_5260.graph,10,20,True,1.3289871,0.79298824
tsp_5261.graph,data/tsp_graphs/tsp_5261.graph,9,20,False,0.620224,0.25177187
tsp_5262.graph,data/tsp_graphs/tsp_5262.graph,6,10,True,1.562933,-0.67573375
tsp_5263.graph,data/tsp_graphs/tsp_5263.graph,5,15,False,-0.7223301,-0.6639982
tsp_5264.graph,data/tsp_graphs/tsp_5264.graph,8,15,True,-0.32644176,-0.29301026
tsp_5265.graph,data/tsp_graphs/tsp_5265.graph,7,15,False,-0.25104594,-0.14406586
tsp_5266.graph,data/tsp_graphs/tsp_5266.graph,9,10,True,0.39862823,0.41460603
tsp_5267.graph,data/tsp_graphs/tsp_5267.graph,7,20,False,-0.085422516,0.13100427
tsp_5268.graph,data/tsp_graphs/tsp_5268.graph,5,10,True,-0.40647125,-0.63033575
tsp_5269.graph,data/tsp_graphs/tsp_5269.graph,10,10,False,0.7008257,0.25675428
tsp_527.graph,data/tsp_graphs/tsp_527.graph,7,15,False,-0.7537203,-0.058526576
tsp_5270.graph,data/tsp_graphs/tsp_5270.graph,6,10,True,-1.0637589,-0.6211362
tsp_5271.graph,data/tsp_graphs/tsp_5271.graph,9,15,False,-0.31946945,0.4392444
tsp_5272.graph,data/tsp_graphs/tsp_5272.graph,8,10,True,0.016620636,0.021484435
tsp_5273.graph,data/tsp_graphs/tsp_5273.graph,9,10,False,-1.5105324,0.11502355
tsp_5274.graph,data/tsp_graphs/tsp_5274.graph,5,10,True,1.7163925,-0.37403917
tsp_5275.graph,data/tsp_graphs/tsp_5275.graph,5,15,False,-0.7442703,-0.68007046
tsp_5276.graph,data/tsp_graphs/tsp_5276.graph,10,20,True,1.6611481,0.53068453
tsp_5277.graph,data/tsp_graphs/tsp_5277.graph,9,20,False,1.039856,0.4342212
tsp_5278.graph,data/tsp_graphs/tsp_5278.graph,9,10,True,0.9229431,-0.0748499
tsp_5279.graph,data/tsp_graphs/tsp_5279.graph,6,10,False,0.07343292,-0.76970845
tsp_528.graph,data/tsp_graphs/tsp_528.graph,6,15,True,0.42297173,-0.3392015
tsp_5280.graph,data/tsp_graphs/tsp_5280.graph,5,10,True,1.154953,-0.7534869
tsp_5281.graph,data/tsp_graphs/tsp_5281.graph,8,20,False,-0.32177734,0.14124918
tsp_5282.graph,data/tsp_graphs/tsp_5282.graph,5,15,True,1.2487221,-0.11235204
tsp_5283.graph,data/tsp_graphs/tsp_5283.graph,8,15,False,0.5359001,-0.1694592
tsp_5284.graph,data/tsp_graphs/tsp_5284.graph,9,10,True,0.46196365,-0.0105775595
tsp_5285.graph,data/tsp_graphs/tsp_5285.graph,8,10,False,-1.2626419,-0.38247997
tsp_5286.graph,data/tsp_graphs/tsp_5286.graph,6,20,True,1.4324939,-0.20223433
tsp_5287.graph,data/tsp_graphs/tsp_5287.graph,9,15,False,-0.5269737,0.4941352
tsp_5288.graph,data/tsp_graphs/tsp_5288.graph,9,10,True,-0.384964,-0.24689238
tsp_5289.graph,data/tsp_graphs/tsp_5289.graph,7,10,False,0.22891617,-0.29304713
tsp_529.graph,data/tsp_graphs/tsp_529.graph,6,10,False,-0.51384735,-0.3877036
tsp_5290.graph,data/tsp_graphs/tsp_5290.graph,5,15,True,-0.7715874,-0.54789925
tsp_5291.graph,data/tsp_graphs/tsp_5291.graph,10,15,False,-0.3947258,0.63608485
tsp_5292.graph,data/tsp_graphs/tsp_5292.graph,10,10,True,-0.88542175,0.52097625
tsp_5293.graph,data/tsp_graphs/tsp_5293.graph,7,20,False,-0.7320404,-0.06689906
tsp_5294.graph,data/tsp_graphs/tsp_5294.graph,10,20,True,0.013801575,0.5816819
tsp_5295.graph,data/tsp_graphs/tsp_5295.graph,9,15,False,-0.558733,0.3103649
tsp_5296.graph,data/tsp_graphs/tsp_5296.graph,5,20,True,0.9633484,-0.22905722
tsp_5297.graph,data/tsp_graphs/tsp_5297.graph,5,10,False,-1.1825447,-1.1109478
tsp_5298.graph,data/tsp_graphs/tsp_5298.graph,5,20,True,0.9119148,-0.4878701
tsp_5299.graph,data/tsp_graphs/tsp_5299.graph,6,15,False,-1.0155201,-0.333436
tsp_53.graph,data/tsp_graphs/tsp_53.graph,10,20,False,-0.72309875,0.74800473
tsp_530.graph,data/tsp_graphs/tsp_530.graph,7,10,True,0.8002014,-0.057727754
tsp_5300.graph,data/tsp_graphs/tsp_5300.graph,6,20,True,0.68460846,-0.16218019
tsp_5301.graph,data/tsp_graphs/tsp_5301.graph,5,15,False,-0.742012,-0.69163734
tsp_5302.graph,data/tsp_graphs/tsp_5302.graph,10,10,True,0.43969727,0.4506753
tsp_5303.graph,data/tsp_graphs/tsp_5303.graph,5,10,False,-1.0643921,-0.8958193
tsp_5304.graph,data/tsp_graphs/tsp_5304.graph,7,15,True,-0.074459076,-0.23715481
tsp_5305.graph,data/tsp_graphs/tsp_5305.graph,8,10,False,0.49678802,-0.1655347
tsp_5306.graph,data/tsp_graphs/tsp_5306.graph,10,10,True,1.7726212,0.62503296
tsp_5307.graph,data/tsp_graphs/tsp_5307.graph,6,15,False,-1.8419285,-0.019299477
tsp_5308.graph,data/tsp_graphs/tsp_5308.graph,5,10,True,1.6869507,-0.4293712
tsp_5309.graph,data/tsp_graphs/tsp_5309.graph,7,15,False,0.38155746,0.06125331
tsp_531.graph,data/tsp_graphs/tsp_531.graph,10,10,False,-2.679306,0.56178766
tsp_5310.graph,data/tsp_graphs/tsp_5310.graph,6,20,True,0.19973755,-0.3330067
tsp_5311.graph,data/tsp_graphs/tsp_5311.graph,7,20,False,-0.5692444,-0.053752005
tsp_5312.graph,data/tsp_graphs/tsp_5312.graph,9,10,True,0.48259735,0.100149274
tsp_5313.graph,data/tsp_graphs/tsp_5313.graph,6,20,False,-0.76091003,-0.37161428
tsp_5314.graph,data/tsp_graphs/tsp_5314.graph,9,10,True,0.7508507,0.08412421
tsp_5315.graph,data/tsp_graphs/tsp_5315.graph,6,15,False,-2.446827,-0.32465106
tsp_5316.graph,data/tsp_graphs/tsp_5316.graph,5,20,True,-0.9878253,-0.21673486
tsp_5317.graph,data/tsp_graphs/tsp_5317.graph,7,10,False,1.1606674,-0.09683728
tsp_5318.graph,data/tsp_graphs/tsp_5318.graph,8,10,True,0.6445885,-0.16532022
tsp_5319.graph,data/tsp_graphs/tsp_5319.graph,10,10,False,-1.9983749,0.523433
tsp_532.graph,data/tsp_graphs/tsp_532.graph,10,15,True,-0.13729191,0.66697794
tsp_5320.graph,data/tsp_graphs/tsp_5320.graph,10,20,True,-0.31189728,0.575231
tsp_5321.graph,data/tsp_graphs/tsp_5321.graph,10,10,False,-0.6248188,0.36451274
tsp_5322.graph,data/tsp_graphs/tsp_5322.graph,9,20,True,1.3687115,0.6775213
tsp_5323.graph,data/tsp_graphs/tsp_5323.graph,7,15,False,-0.13602066,0.17343837
tsp_5324.graph,data/tsp_graphs/tsp_5324.graph,7,15,True,-0.6727905,-0.017026424
tsp_5325.graph,data/tsp_graphs/tsp_5325.graph,6,20,False,1.226862,-0.019328505
tsp_5326.graph,data/tsp_graphs/tsp_5326.graph,10,15,True,0.9075589,0.73164564
tsp_5327.graph,data/tsp_graphs/tsp_5327.graph,8,20,False,0.36341095,0.31068748
tsp_5328.graph,data/tsp_graphs/tsp_5328.graph,10,15,True,0.7346306,0.5312157
tsp_5329.graph,data/tsp_graphs/tsp_5329.graph,5,10,False,0.37078094,-0.74340487
tsp_533.graph,data/tsp_graphs/tsp_533.graph,10,10,False,-1.9868851,0.39242393
tsp_5330.graph,data/tsp_graphs/tsp_5330.graph,6,15,True,-0.26612854,-0.53293085
tsp_5331.graph,data/tsp_graphs/tsp_5331.graph,7,15,False,-0.46518517,0.10437876
tsp_5332.graph,data/tsp_graphs/tsp_5332.graph,6,15,True,0.9336033,-0.47583514
tsp_5333.graph,data/tsp_graphs/tsp_5333.graph,8,20,False,-0.9391022,0.04633534
tsp_5334.graph,data/tsp_graphs/tsp_5334.graph,5,20,True,-0.16054153,-0.2802741
tsp_5335.graph,data/tsp_graphs/tsp_5335.graph,8,15,False,-0.7831621,0.07319707
tsp_5336.graph,data/tsp_graphs/tsp_5336.graph,9,20,True,-0.48104858,0.36338037
tsp_5337.graph,data/tsp_graphs/tsp_5337.graph,9,10,False,0.48923492,0.28781086
tsp_5338.graph,data/tsp_graphs/tsp_5338.graph,6,15,True,-0.32073593,-0.35116237
tsp_5339.graph,data/tsp_graphs/tsp_5339.graph,7,10,False,-0.07630983,-0.54612565
tsp_534.graph,data/tsp_graphs/tsp_534.graph,6,10,True,1.1649075,-0.73227185
tsp_5340.graph,data/tsp_graphs/tsp_5340.graph,8,15,True,-1.157011,0.22519296
tsp_5341.graph,data/tsp_graphs/tsp_5341.graph,5,10,False,1.0372639,-0.78969145
tsp_5342.graph,data/tsp_graphs/tsp_5342.graph,9,10,True,-0.40807343,-0.26036453
tsp_5343.graph,data/tsp_graphs/tsp_5343.graph,5,10,False,-1.3561344,-0.75697625
tsp_5344.graph,data/tsp_graphs/tsp_5344.graph,6,10,True,1.213089,-0.3567785
tsp_5345.graph,data/tsp_graphs/tsp_5345.graph,6,10,False,1.0241051,-0.52571017
tsp_5346.graph,data/tsp_graphs/tsp_5346.graph,10,15,True,-0.1905384,0.2802462
tsp_5347.graph,data/tsp_graphs/tsp_5347.graph,7,10,False,-0.51116943,-0.39027837
tsp_5348.graph,data/tsp_graphs/tsp_5348.graph,10,15,True,2.43855,0.81376773
tsp_5349.graph,data/tsp_graphs/tsp_5349.graph,5,20,False,-0.17720032,-0.5535715
tsp_535.graph,data/tsp_graphs/tsp_535.graph,8,10,False,-1.012413,-0.1629363
tsp_5350.graph,data/tsp_graphs/tsp_5350.graph,6,15,True,1.2525291,-0.06374246
tsp_5351.graph,data/tsp_graphs/tsp_5351.graph,10,15,False,0.3153181,0.74630445
tsp_5352.graph,data/tsp_graphs/tsp_5352.graph,6,10,True,0.0010299683,-0.4284371
tsp_5353.graph,data/tsp_graphs/tsp_5353.graph,7,10,False,-0.5143814,-0.41720948
tsp_5354.graph,data/tsp_graphs/tsp_5354.graph,7,20,True,-0.42292023,0.19009829
tsp_5355.graph,data/tsp_graphs/tsp_5355.graph,7,20,False,1.3147964,0.35098785
tsp_5356.graph,data/tsp_graphs/tsp_5356.graph,8,20,True,0.774292,0.43500322
tsp_5357.graph,data/tsp_graphs/tsp_5357.graph,9,10,False,-0.6897869,-0.12998688
tsp_5358.graph,data/tsp_graphs/tsp_5358.graph,10,15,True,-1.4509468,0.2750942
tsp_5359.graph,data/tsp_graphs/tsp_5359.graph,7,10,False,-0.40501785,-0.38516444
tsp_536.graph,data/tsp_graphs/tsp_536.graph,7,10,True,-0.24534607,0.08652991
tsp_5360.graph,data/tsp_graphs/tsp_5360.graph,5,15,True,-0.3697281,-0.2500012
tsp_5361.graph,data/tsp_graphs/tsp_5361.graph,8,10,False,0.42920303,-0.066586554
tsp_5362.graph,data/tsp_graphs/tsp_5362.graph,9,20,True,0.8223648,0.69311243
tsp_5363.graph,data/tsp_graphs/tsp_5363.graph,7,20,False,-0.9425335,0.2992726
tsp_5364.graph,data/tsp_graphs/tsp_5364.graph,8,15,True,-2.1786804,0.37227654
tsp_5365.graph,data/tsp_graphs/tsp_5365.graph,6,20,False,-0.19478226,0.06802851
tsp_5366.graph,data/tsp_graphs/tsp_5366.graph,10,15,True,1.0729508,0.7909371
tsp_5367.graph,data/tsp_graphs/tsp_5367.graph,10,10,False,0.49968338,0.06943339
tsp_5368.graph,data/tsp_graphs/tsp_5368.graph,6,15,True,-1.9464874,-0.41634193
tsp_5369.graph,data/tsp_graphs/tsp_5369.graph,8,15,False,-1.4083247,0.52382594
tsp_537.graph,data/tsp_graphs/tsp_537.graph,9,20,False,-0.1741867,0.59711415
tsp_5370.graph,data/tsp_graphs/tsp_5370.graph,9,10,True,-0.12165451,-0.14146957
tsp_5371.graph,data/tsp_graphs/tsp_5371.graph,7,10,False,-1.2904749,-0.6229818
tsp_5372.graph,data/tsp_graphs/tsp_5372.graph,6,10,True,0.47571564,-0.20103234
tsp_5373.graph,data/tsp_graphs/tsp_5373.graph,7,10,False,-0.8684273,-0.080186814
tsp_5374.graph,data/tsp_graphs/tsp_5374.graph,5,20,True,1.0371704,-0.43441612
tsp_5375.graph,data/tsp_graphs/tsp_5375.graph,10,10,False,-0.89671326,0.48042285
tsp_5376.graph,data/tsp_graphs/tsp_5376.graph,6,20,True,1.104975,-0.39964318
tsp_5377.graph,data/tsp_graphs/tsp_5377.graph,7,15,False,-0.021387577,-0.18293962
tsp_5378.graph,data/tsp_graphs/tsp_5378.graph,10,15,True,-0.7059927,0.71428114
tsp_5379.graph,data/tsp_graphs/tsp_5379.graph,10,20,False,-1.3920364,0.55833775
tsp_538.graph,data/tsp_graphs/tsp_538.graph,9,10,True,-1.3222084,-0.08824834
tsp_5380.graph,data/tsp_graphs/tsp_5380.graph,8,15,True,1.0716438,0.32804596
tsp_5381.graph,data/tsp_graphs/tsp_5381.graph,7,20,False,-0.7817917,-0.023339361
tsp_5382.graph,data/tsp_graphs/tsp_5382.graph,8,20,True,0.032440186,0.3325702
tsp_5383.graph,data/tsp_graphs/tsp_5383.graph,5,10,False,-0.26365662,-0.89656353
tsp_5384.graph,data/tsp_graphs/tsp_5384.graph,5,20,True,1.9928703,-0.2221039
tsp_5385.graph,data/tsp_graphs/tsp_5385.graph,6,15,False,-1.7494602,-0.33201075
tsp_5386.graph,data/tsp_graphs/tsp_5386.graph,5,20,True,-0.45913315,-0.24697885
tsp_5387.graph,data/tsp_graphs/tsp_5387.graph,6,15,False,0.4484291,-0.04529327
tsp_5388.graph,data/tsp_graphs/tsp_5388.graph,6,20,True,0.10463333,-0.0134652555
tsp_5389.graph,data/tsp_graphs/tsp_5389.graph,9,10,False,0.087841034,0.10935581
tsp_539.graph,data/tsp_graphs/tsp_539.graph,9,10,False,0.4132843,0.41598767
tsp_5390.graph,data/tsp_graphs/tsp_5390.graph,6,20,True,1.1794472,-0.19771025
tsp_5391.graph,data/tsp_graphs/tsp_5391.graph,10,20,False,0.8978195,0.40816432
tsp_5392.graph,data/tsp_graphs/tsp_5392.graph,9,20,True,-0.29471207,0.5699459
tsp_5393.graph,data/tsp_graphs/tsp_5393.graph,8,15,False,-0.8501048,-0.10440892
tsp_5394.graph,data/tsp_graphs/tsp_5394.graph,6,20,True,2.3649101,-0.028278649
tsp_5395.graph,data/tsp_graphs/tsp_5395.graph,5,10,False,0.22515106,-0.76321554
tsp_5396.graph,data/tsp_graphs/tsp_5396.graph,6,15,True,0.06681824,-0.4796054
tsp_5397.graph,data/tsp_graphs/tsp_5397.graph,6,20,False,-0.6656227,0.06583607
tsp_5398.graph,data/tsp_graphs/tsp_5398.graph,8,10,True,1.4487228,-0.1252892
tsp_5399.graph,data/tsp_graphs/tsp_5399.graph,6,15,False,-1.2819366,-0.10921618
tsp_54.graph,data/tsp_graphs/tsp_54.graph,6,20,True,0.10504532,-0.15207851
tsp_540.graph,data/tsp_graphs/tsp_540.graph,9,20,True,1.126152,0.5950144
tsp_5400.graph,data/tsp_graphs/tsp_5400.graph,9,20,True,-1.2016602,0.67490894
tsp_5401.graph,data/tsp_graphs/tsp_5401.graph,10,10,False,-2.5879593,0.16045922
tsp_5402.graph,data/tsp_graphs/tsp_5402.graph,9,15,True,0.66156995,0.6233254
tsp_5403.graph,data/tsp_graphs/tsp_5403.graph,7,15,False,-0.94143105,0.11711687
tsp_5404.graph,data/tsp_graphs/tsp_5404.graph,9,10,True,1.7497025,0.3589328
tsp_5405.graph,data/tsp_graphs/tsp_5405.graph,9,10,False,-2.4297943,0.20188588
tsp_5406.graph,data/tsp_graphs/tsp_5406.graph,7,20,True,1.1694107,0.420914
tsp_5407.graph,data/tsp_graphs/tsp_5407.graph,7,20,False,-0.8659096,0.25990075
tsp_5408.graph,data/tsp_graphs/tsp_5408.graph,8,20,True,0.62294006,0.42834228
tsp_5409.graph,data/tsp_graphs/tsp_5409.graph,7,20,False,-0.8802414,0.19949532
tsp_541.graph,data/tsp_graphs/tsp_541.graph,9,15,False,-0.67240524,0.14961338
tsp_5410.graph,data/tsp_graphs/tsp_5410.graph,7,20,True,0.7716446,0.16504002
tsp_5411.graph,data/tsp_graphs/tsp_5411.graph,7,15,False,0.6856928,-0.19850338
tsp_5412.graph,data/tsp_graphs/tsp_5412.graph,9,15,True,-0.12553406,0.2796163
tsp_5413.graph,data/tsp_graphs/tsp_5413.graph,9,20,False,0.004699707,0.5369355
tsp_5414.graph,data/tsp_graphs/tsp_5414.graph,10,20,True,0.3981552,0.5161856
tsp_5415.graph,data/tsp_graphs/tsp_5415.graph,7,20,False,0.7141571,-0.04030162
tsp_5416.graph,data/tsp_graphs/tsp_5416.graph,5,20,True,1.4329243,-0.30139032
tsp_5417.graph,data/tsp_graphs/tsp_5417.graph,7,10,False,-0.94599915,-0.48584253
tsp_5418.graph,data/tsp_graphs/tsp_5418.graph,10,20,True,1.2513657,0.619605
tsp_5419.graph,data/tsp_graphs/tsp_5419.graph,6,15,False,0.565403,-0.4679916
tsp_542.graph,data/tsp_graphs/tsp_542.graph,7,10,True,0.27737427,-0.3696676
tsp_5420.graph,data/tsp_graphs/tsp_5420.graph,8,10,True,-0.21823883,-0.15317756
tsp_5421.graph,data/tsp_graphs/tsp_5421.graph,5,20,False,0.25212097,-0.7460239
tsp_5422.graph,data/tsp_graphs/tsp_5422.graph,8,15,True,1.2610893,0.03349477
tsp_5423.graph,data/tsp_graphs/tsp_5423.graph,6,10,False,1.2557678,-0.32679063
tsp_5424.graph,data/tsp_graphs/tsp_5424.graph,6,20,True,1.8763809,-0.3434047
tsp_5425.graph,data/tsp_graphs/tsp_5425.graph,6,15,False,-0.5049534,-0.19530386
tsp_5426.graph,data/tsp_graphs/tsp_5426.graph,9,15,True,1.6334524,0.61214334
tsp_5427.graph,data/tsp_graphs/tsp_5427.graph,6,10,False,-1.3601589,-0.53578883
tsp_5428.graph,data/tsp_graphs/tsp_5428.graph,7,15,True,0.59970474,-0.038148046
tsp_5429.graph,data/tsp_graphs/tsp_5429.graph,5,15,False,-1.9394817,-0.40371338
tsp_543.graph,data/tsp_graphs/tsp_543.graph,7,10,False,-0.8946247,-0.69333035
tsp_5430.graph,data/tsp_graphs/tsp_5430.graph,10,20,True,0.66386414,0.8160097
tsp_5431.graph,data/tsp_graphs/tsp_5431.graph,10,20,False,1.1124496,0.39104205
tsp_5432.graph,data/tsp_graphs/tsp_5432.graph,8,15,True,1.191267,0.17336386
tsp_5433.graph,data/tsp_graphs/tsp_5433.graph,5,15,False,1.0491867,-0.3692497
tsp_5434.graph,data/tsp_graphs/tsp_5434.graph,8,15,True,1.5907345,0.2686692
tsp_5435.graph,data/tsp_graphs/tsp_5435.graph,6,10,False,-0.17966461,-0.24583426
tsp_5436.graph,data/tsp_graphs/tsp_5436.graph,9,10,True,-0.40842438,-0.18008399
tsp_5437.graph,data/tsp_graphs/tsp_5437.graph,7,20,False,1.0106049,0.18843418
tsp_5438.graph,data/tsp_graphs/tsp_5438.graph,6,20,True,2.4411106,-0.29406887
tsp_5439.graph,data/tsp_graphs/tsp_5439.graph,10,15,False,-1.8843288,0.7604062
tsp_544.graph,data/tsp_graphs/tsp_544.graph,10,10,True,0.5055945,0.5610524
tsp_5440.graph,data/tsp_graphs/tsp_5440.graph,10,15,True,-0.40205574,0.646362
tsp_5441.graph,data/tsp_graphs/tsp_5441.graph,7,10,False,0.57494354,-0.39766687
tsp_5442.graph,data/tsp_graphs/tsp_5442.graph,9,20,True,-0.06573868,0.29760438
tsp_5443.graph,data/tsp_graphs/tsp_5443.graph,6,15,False,0.08920145,-0.3717726
tsp_5444.graph,data/tsp_graphs/tsp_5444.graph,5,10,True,-1.7183533,-0.64721185
tsp_5445.graph,data/tsp_graphs/tsp_5445.graph,9,20,False,-1.1151886,0.2731464
tsp_5446.graph,data/tsp_graphs/tsp_5446.graph,8,20,True,0.90088654,0.38574725
tsp_5447.graph,data/tsp_graphs/tsp_5447.graph,6,15,False,-0.5172615,0.19701678
tsp_5448.graph,data/tsp_graphs/tsp_5448.graph,5,10,True,0.2266922,-0.8832046
tsp_5449.graph,data/tsp_graphs/tsp_5449.graph,6,15,False,0.26965904,-0.40876168
tsp_545.graph,data/tsp_graphs/tsp_545.graph,5,10,False,-0.5274658,-1.0225432
tsp_5450.graph,data/tsp_graphs/tsp_5450.graph,5,20,True,-0.5888405,-0.43698826
tsp_5451.graph,data/tsp_graphs/tsp_5451.graph,7,20,False,0.094444275,0.051726043
tsp_5452.graph,data/tsp_graphs/tsp_5452.graph,7,10,True,0.632843,-0.30746
tsp_5453.graph,data/tsp_graphs/tsp_5453.graph,9,20,False,0.033691406,0.47285038
tsp_5454.graph,data/tsp_graphs/tsp_5454.graph,6,20,True,-0.96515656,0.16865045
tsp_5455.graph,data/tsp_graphs/tsp_5455.graph,5,20,False,-1.9968324,-0.35457033
tsp_5456.graph,data/tsp_graphs/tsp_5456.graph,6,10,True,-0.40972137,-0.4388397
tsp_5457.graph,data/tsp_graphs/tsp_5457.graph,10,15,False,0.50455093,0.36254996
tsp_5458.graph,data/tsp_graphs/tsp_5458.graph,5,15,True,0.34431076,-0.26800486
tsp_5459.graph,data/tsp_graphs/tsp_5459.graph,7,20,False,-0.7517929,0.202182
tsp_546.graph,data/tsp_graphs/tsp_546.graph,8,20,True,0.6311798,0.6639052
tsp_5460.graph,data/tsp_graphs/tsp_5460.graph,6,10,True,0.38423157,-0.7245506
tsp_5461.graph,data/tsp_graphs/tsp_5461.graph,8,20,False,-1.3750153,0.37003034
tsp_5462.graph,data/tsp_graphs/tsp_5462.graph,8,20,True,0.08733368,0.33182508
tsp_5463.graph,data/tsp_graphs/tsp_5463.graph,8,20,False,-2.3877087,0.71814245
tsp_5464.graph,data/tsp_graphs/tsp_5464.graph,7,20,True,-0.26610184,-0.065384895
tsp_5465.graph,data/tsp_graphs/tsp_5465.graph,5,10,False,-1.1958323,-0.7306764
tsp_5466.graph,data/tsp_graphs/tsp_5466.graph,6,15,True,0.06526089,0.07106036
tsp_5467.graph,data/tsp_graphs/tsp_5467.graph,5,10,False,-1.359314,-0.65209764
tsp_5468.graph,data/tsp_graphs/tsp_5468.graph,5,15,True,2.853054,-0.29774266
tsp_5469.graph,data/tsp_graphs/tsp_5469.graph,6,10,False,2.1400146,-0.16310588
tsp_547.graph,data/tsp_graphs/tsp_547.graph,7,15,False,-0.8500438,-0.14175338
tsp_5470.graph,data/tsp_graphs/tsp_5470.graph,8,10,True,0.89785385,-0.16139439
tsp_5471.graph,data/tsp_graphs/tsp_5471.graph,10,20,False,-0.7990265,0.41906112
tsp_5472.graph,data/tsp_graphs/tsp_5472.graph,10,10,True,0.75089455,0.30003947
tsp_5473.graph,data/tsp_graphs/tsp_5473.graph,8,20,False,-0.060474396,0.20980918
tsp_5474.graph,data/tsp_graphs/tsp_5474.graph,7,15,True,2.372301,0.1570118
tsp_5475.graph,data/tsp_graphs/tsp_5475.graph,8,20,False,-0.11960602,0.39229923
tsp_5476.graph,data/tsp_graphs/tsp_5476.graph,8,20,True,-0.69821167,0.15749079
tsp_5477.graph,data/tsp_graphs/tsp_5477.graph,8,15,False,0.990366,0.05120629
tsp_5478.graph,data/tsp_graphs/tsp_5478.graph,7,10,True,-1.2285242,-0.5767523
tsp_5479.graph,data/tsp_graphs/tsp_5479.graph,7,10,False,-0.14580536,-0.40939927
tsp_548.graph,data/tsp_graphs/tsp_548.graph,9,10,True,2.142395,0.274355
tsp_5480.graph,data/tsp_graphs/tsp_5480.graph,5,15,True,0.6063366,-0.6180806
tsp_5481.graph,data/tsp_graphs/tsp_5481.graph,6,20,False,-0.3372345,-0.14646679
tsp_5482.graph,data/tsp_graphs/tsp_5482.graph,6,20,True,0.5302048,-0.15876934
tsp_5483.graph,data/tsp_graphs/tsp_5483.graph,9,10,False,-0.9853897,0.17408878
tsp_5484.graph,data/tsp_graphs/tsp_5484.graph,5,15,True,0.50671387,-0.2982322
tsp_5485.graph,data/tsp_graphs/tsp_5485.graph,7,20,False,-0.16047668,0.0486148
tsp_5486.graph,data/tsp_graphs/tsp_5486.graph,10,15,True,2.2000408,0.71112806
tsp_5487.graph,data/tsp_graphs/tsp_5487.graph,9,15,False,0.10456157,0.6215933
tsp_5488.graph,data/tsp_graphs/tsp_5488.graph,6,10,True,0.13066864,-0.69834423
tsp_5489.graph,data/tsp_graphs/tsp_5489.graph,10,20,False,-0.10948181,0.6795171
tsp_549.graph,data/tsp_graphs/tsp_549.graph,7,15,False,-0.74464107,-0.10466704
tsp_5490.graph,data/tsp_graphs/tsp_5490.graph,7,10,True,2.1669464,-0.12269589
tsp_5491.graph,data/tsp_graphs/tsp_5491.graph,8,10,False,-0.6183243,-0.21496028
tsp_5492.graph,data/tsp_graphs/tsp_5492.graph,7,10,True,0.13376427,-0.3802046
tsp_5493.graph,data/tsp_graphs/tsp_5493.graph,10,10,False,-0.7800636,0.12631327
tsp_5494.graph,data/tsp_graphs/tsp_5494.graph,7,10,True,1.5791321,-0.27358586
tsp_5495.graph,data/tsp_graphs/tsp_5495.graph,5,15,False,0.550848,-0.7236942
tsp_5496.graph,data/tsp_graphs/tsp_5496.graph,8,10,True,1.1922607,-0.043164313
tsp_5497.graph,data/tsp_graphs/tsp_5497.graph,5,20,False,0.06409645,-0.5284582
tsp_5498.graph,data/tsp_graphs/tsp_5498.graph,10,15,True,0.8570204,0.7569676
tsp_5499.graph,data/tsp_graphs/tsp_5499.graph,10,10,False,0.59791374,0.16700268
tsp_55.graph,data/tsp_graphs/tsp_55.graph,5,20,False,-1.763083,-0.17219377
tsp_550.graph,data/tsp_graphs/tsp_550.graph,6,15,True,-0.748971,-0.24033391
tsp_5500.graph,data/tsp_graphs/tsp_5500.graph,7,10,True,0.89767456,-0.30920947
tsp_5501.graph,data/tsp_graphs/tsp_5501.graph,9,20,False,0.24806976,0.3297673
tsp_5502.graph,data/tsp_graphs/tsp_5502.graph,8,10,True,0.310112,-0.32142636
tsp_5503.graph,data/tsp_graphs/tsp_5503.graph,5,15,False,-1.1135063,-0.5894732
tsp_5504.graph,data/tsp_graphs/tsp_5504.graph,6,10,True,1.9459381,-0.48142803
tsp_5505.graph,data/tsp_graphs/tsp_5505.graph,5,20,False,-1.8533745,-0.25283396
tsp_5506.graph,data/tsp_graphs/tsp_5506.graph,10,15,True,1.0267487,0.33410388
tsp_5507.graph,data/tsp_graphs/tsp_5507.graph,6,15,False,-0.4034233,-0.090547174
tsp_5508.graph,data/tsp_graphs/tsp_5508.graph,9,10,True,1.7188683,0.25800496
tsp_5509.graph,data/tsp_graphs/tsp_5509.graph,9,20,False,-1.310482,0.22965622
tsp_551.graph,data/tsp_graphs/tsp_551.graph,7,15,False,-0.9025154,0.010395229
tsp_5510.graph,data/tsp_graphs/tsp_5510.graph,7,10,True,0.45765686,-0.10578069
tsp_5511.graph,data/tsp_graphs/tsp_5511.graph,5,20,False,-1.8222113,-0.049472064
tsp_5512.graph,data/tsp_graphs/tsp_5512.graph,5,10,True,0.6183963,-1.0540996
tsp_5513.graph,data/tsp_graphs/tsp_5513.graph,10,20,False,0.5838852,0.6755174
tsp_5514.graph,data/tsp_graphs/tsp_5514.graph,8,20,True,2.1844559,0.2637419
tsp_5515.graph,data/tsp_graphs/tsp_5515.graph,7,10,False,-0.63275146,-0.37788418
tsp_5516.graph,data/tsp_graphs/tsp_5516.graph,8,20,True,0.86087036,0.22849613
tsp_5517.graph,data/tsp_graphs/tsp_5517.graph,7,15,False,0.15422249,-0.1933412
tsp_5518.graph,data/tsp_graphs/tsp_5518.graph,6,10,True,0.37462997,-0.46048003
tsp_5519.graph,data/tsp_graphs/tsp_5519.graph,9,20,False,-0.75709534,0.60510236
tsp_552.graph,data/tsp_graphs/tsp_552.graph,6,15,True,1.4761314,0.080250144
tsp_5520.graph,data/tsp_graphs/tsp_5520.graph,5,10,True,0.5608139,-0.56919074
tsp_5521.graph,data/tsp_graphs/tsp_5521.graph,8,15,False,-0.6361046,0.2956242
tsp_5522.graph,data/tsp_graphs/tsp_5522.graph,8,10,True,-0.30927277,-0.2302959
tsp_5523.graph,data/tsp_graphs/tsp_5523.graph,10,15,False,-1.1873505,0.8023824
tsp_5524.graph,data/tsp_graphs/tsp_5524.graph,5,20,True,-0.32960892,-0.028423846
tsp_5525.graph,data/tsp_graphs/tsp_5525.graph,10,10,False,-0.5899811,0.32378858
tsp_5526.graph,data/tsp_graphs/tsp_5526.graph,10,10,True,1.2297516,0.44205505
tsp_5527.graph,data/tsp_graphs/tsp_5527.graph,6,10,False,1.894783,-0.6143619
tsp_5528.graph,data/tsp_graphs/tsp_5528.graph,6,20,True,1.4864082,-0.33886242
tsp_5529.graph,data/tsp_graphs/tsp_5529.graph,5,15,False,-0.28616714,-0.28476578
tsp_553.graph,data/tsp_graphs/tsp_553.graph,6,20,False,-0.18043518,-0.41702384
tsp_5530.graph,data/tsp_graphs/tsp_5530.graph,9,10,True,1.3532791,0.2880934
tsp_5531.graph,data/tsp_graphs/tsp_5531.graph,9,20,False,-1.0178146,0.47220838
tsp_5532.graph,data/tsp_graphs/tsp_5532.graph,9,10,True,2.9232635,0.3001604
tsp_5533.graph,data/tsp_graphs/tsp_5533.graph,7,15,False,0.1756897,-0.09055063
tsp_5534.graph,data/tsp_graphs/tsp_5534.graph,9,15,True,0.8351135,0.33961707
tsp_5535.graph,data/tsp_graphs/tsp_5535.graph,9,10,False,0.4490757,0.15619302
tsp_5536.graph,data/tsp_graphs/tsp_5536.graph,5,10,True,0.1464386,-1.112438
tsp_5537.graph,data/tsp_graphs/tsp_5537.graph,8,10,False,-0.31404114,-0.2584824
tsp_5538.graph,data/tsp_graphs/tsp_5538.graph,9,20,True,-0.22226715,0.48422205
tsp_5539.graph,data/tsp_graphs/tsp_5539.graph,5,10,False,-0.69623566,-0.6988019
tsp_554.graph,data/tsp_graphs/tsp_554.graph,9,15,True,0.9658203,0.49456835
tsp_5540.graph,data/tsp_graphs/tsp_5540.graph,8,10,True,0.4830017,-0.3147658
tsp_5541.graph,data/tsp_graphs/tsp_5541.graph,6,15,False,-0.9961362,-0.29340315
tsp_5542.graph,data/tsp_graphs/tsp_5542.graph,10,20,True,0.20335388,0.63861185
tsp_5543.graph,data/tsp_graphs/tsp_5543.graph,9,15,False,0.49859786,0.6474562
tsp_5544.graph,data/tsp_graphs/tsp_5544.graph,9,10,True,4.0124683,0.12485093
tsp_5545.graph,data/tsp_graphs/tsp_5545.graph,6,20,False,-0.33284378,-0.2638267
tsp_5546.graph,data/tsp_graphs/tsp_5546.graph,5,15,True,0.34347916,-0.7833035
tsp_5547.graph,data/tsp_graphs/tsp_5547.graph,8,15,False,-1.7842655,0.26756543
tsp_5548.graph,data/tsp_graphs/tsp_5548.graph,10,15,True,-0.07146835,0.5652036
tsp_5549.graph,data/tsp_graphs/tsp_5549.graph,7,15,False,-0.2575922,-0.10601112
tsp_555.graph,data/tsp_graphs/tsp_555.graph,7,15,False,1.0155773,-0.09469217
tsp_5550.graph,data/tsp_graphs/tsp_5550.graph,8,20,True,1.290863,0.40442854
tsp_5551.graph,data/tsp_graphs/tsp_5551.graph,6,15,False,-0.7601602,-0.4095775
tsp_5552.graph,data/tsp_graphs/tsp_5552.graph,5,20,True,-0.672863,-0.23834896
tsp_5553.graph,data/tsp_graphs/tsp_5553.graph,10,15,False,0.52630234,0.4723547
tsp_5554.graph,data/tsp_graphs/tsp_5554.graph,9,20,True,-1.024025,0.48483652
tsp_5555.graph,data/tsp_graphs/tsp_5555.graph,7,20,False,-1.4575424,0.021852255
tsp_5556.graph,data/tsp_graphs/tsp_5556.graph,10,20,True,1.2289276,0.5341945
tsp_5557.graph,data/tsp_graphs/tsp_5557.graph,7,20,False,0.99373627,0.12311405
tsp_5558.graph,data/tsp_graphs/tsp_5558.graph,5,20,True,1.724678,-0.4950798
tsp_5559.graph,data/tsp_graphs/tsp_5559.graph,8,15,False,0.09225464,0.2187013
tsp_556.graph,data/tsp_graphs/tsp_556.graph,7,10,True,0.26091766,-0.52405447
tsp_5560.graph,data/tsp_graphs/tsp_5560.graph,9,20,True,0.4258423,0.16685224
tsp_5561.graph,data/tsp_graphs/tsp_5561.graph,5,20,False,-2.329298,-0.50602436
tsp_5562.graph,data/tsp_graphs/tsp_5562.graph,8,20,True,-0.780365,0.3112042
tsp_5563.graph,data/tsp_graphs/tsp_5563.graph,8,10,False,-1.729599,-0.14108717
tsp_5564.graph,data/tsp_graphs/tsp_5564.graph,10,10,True,2.255455,0.4721219
tsp_5565.graph,data/tsp_graphs/tsp_5565.graph,6,10,False,-0.576107,-0.61481935
tsp_5566.graph,data/tsp_graphs/tsp_5566.graph,9,20,True,2.1900177,0.6316363
tsp_5567.graph,data/tsp_graphs/tsp_5567.graph,9,15,False,-1.62994,0.03215462
tsp_5568.graph,data/tsp_graphs/tsp_5568.graph,7,10,True,0.48804665,-0.08230132
tsp_5569.graph,data/tsp_graphs/tsp_5569.graph,6,15,False,-0.6244812,-0.02202481
tsp_557.graph,data/tsp_graphs/tsp_557.graph,5,15,False,-0.25567627,-0.66042125
tsp_5570.graph,data/tsp_graphs/tsp_5570.graph,5,10,True,-0.6325073,-0.8284341
tsp_5571.graph,data/tsp_graphs/tsp_5571.graph,7,15,False,-0.93616486,0.11221081
tsp_5572.graph,data/tsp_graphs/tsp_5572.graph,9,15,True,0.86743,0.6875399
tsp_5573.graph,data/tsp_graphs/tsp_5573.graph,9,20,False,0.46331024,0.3784684
tsp_5574.graph,data/tsp_graphs/tsp_5574.graph,5,15,True,-0.23577738,-0.18780082
tsp_5575.graph,data/tsp_graphs/tsp_5575.graph,10,15,False,0.5420227,0.5881018
tsp_5576.graph,data/tsp_graphs/tsp_5576.graph,8,20,True,0.22711182,0.24671036
tsp_5577.graph,data/tsp_graphs/tsp_5577.graph,8,15,False,-0.6289387,0.4105317
tsp_5578.graph,data/tsp_graphs/tsp_5578.graph,5,20,True,0.07847595,-0.355701
tsp_5579.graph,data/tsp_graphs/tsp_5579.graph,6,20,False,-1.5962143,-0.09438819
tsp_558.graph,data/tsp_graphs/tsp_558.graph,10,15,True,0.45371914,0.95119387
tsp_5580.graph,data/tsp_graphs/tsp_5580.graph,5,10,True,-0.5344238,-0.47355068
tsp_5581.graph,data/tsp_graphs/tsp_5581.graph,9,10,False,-1.3778458,0.2960288
tsp_5582.graph,data/tsp_graphs/tsp_5582.graph,8,15,True,1.1387482,0.30440348
tsp_5583.graph,data/tsp_graphs/tsp_5583.graph,9,10,False,-1.2009277,0.45731932
tsp_5584.graph,data/tsp_graphs/tsp_5584.graph,5,20,True,0.11462402,-0.2206884
tsp_5585.graph,data/tsp_graphs/tsp_5585.graph,10,20,False,-0.36156464,0.4938832
tsp_5586.graph,data/tsp_graphs/tsp_5586.graph,7,15,True,1.360611,0.06476182
tsp_5587.graph,data/tsp_graphs/tsp_5587.graph,5,10,False,1.0979271,-0.84329677
tsp_5588.graph,data/tsp_graphs/tsp_5588.graph,8,15,True,-0.39825058,0.25467998
tsp_5589.graph,data/tsp_graphs/tsp_5589.graph,9,10,False,0.6301193,0.007689059
tsp_559.graph,data/tsp_graphs/tsp_559.graph,9,15,False,0.23294258,0.17714584
tsp_5590.graph,data/tsp_graphs/tsp_5590.graph,8,15,True,0.3098793,0.40394956
tsp_5591.graph,data/tsp_graphs/tsp_5591.graph,7,10,False,-0.10010719,-0.5483467
tsp_5592.graph,data/tsp_graphs/tsp_5592.graph,8,20,True,0.4044571,0.17290807
tsp_5593.graph,data/tsp_graphs/tsp_5593.graph,6,10,False,-0.5465088,-0.37827206
tsp_5594.graph,data/tsp_graphs/tsp_5594.graph,8,20,True,1.9087982,0.6185462
tsp_5595.graph,data/tsp_graphs/tsp_5595.graph,6,20,False,-0.89295197,0.06203693
tsp_5596.graph,data/tsp_graphs/tsp_5596.graph,7,10,True,0.08162689,-0.2536901
tsp_5597.graph,data/tsp_graphs/tsp_5597.graph,5,15,False,-0.43478298,-0.5110775
tsp_5598.graph,data/tsp_graphs/tsp_5598.graph,5,10,True,2.7332458,-0.9606941
tsp_5599.graph,data/tsp_graphs/tsp_5599.graph,10,10,False,-1.5929642,0.15165311
tsp_56.graph,data/tsp_graphs/tsp_56.graph,8,20,True,0.7448273,0.24789596
tsp_560.graph,data/tsp_graphs/tsp_560.graph,5,15,True,0.7816973,-0.53789604
tsp_5600.graph,data/tsp_graphs/tsp_5600.graph,8,10,True,1.7023125,-0.087121725
tsp_5601.graph,data/tsp_graphs/tsp_5601.graph,9,15,False,1.1132851,0.3224752
tsp_5602.graph,data/tsp_graphs/tsp_5602.graph,7,20,True,0.6466522,0.36321223
tsp_5603.graph,data/tsp_graphs/tsp_5603.graph,7,20,False,-3.075076,0.30500507
tsp_5604.graph,data/tsp_graphs/tsp_5604.graph,5,15,True,1.8914299,-0.3020503
tsp_5605.graph,data/tsp_graphs/tsp_5605.graph,8,10,False,-1.2784729,0.012366533
tsp_5606.graph,data/tsp_graphs/tsp_5606.graph,8,20,True,0.9600525,0.29548055
tsp_5607.graph,data/tsp_graphs/tsp_5607.graph,6,15,False,-1.5385361,-0.6717568
tsp_5608.graph,data/tsp_graphs/tsp_5608.graph,6,10,True,0.5164299,-0.6208576
tsp_5609.graph,data/tsp_graphs/tsp_5609.graph,7,15,False,0.6098461,0.044049025
tsp_561.graph,data/tsp_graphs/tsp_561.graph,5,20,False,-0.44568297,-0.41736436
tsp_5610.graph,data/tsp_graphs/tsp_5610.graph,7,10,True,0.45059204,-0.48004985
tsp_5611.graph,data/tsp_graphs/tsp_5611.graph,5,10,False,0.5933075,-0.7747827
tsp_5612.graph,data/tsp_graphs/tsp_5612.graph,8,10,True,-0.7898712,0.12975258
tsp_5613.graph,data/tsp_graphs/tsp_5613.graph,6,10,False,-0.5981331,-0.4295397
tsp_5614.graph,data/tsp_graphs/tsp_5614.graph,6,20,True,-0.5527754,0.007819265
tsp_5615.graph,data/tsp_graphs/tsp_5615.graph,5,10,False,-1.6314621,-0.7816731
tsp_5616.graph,data/tsp_graphs/tsp_5616.graph,8,20,True,-0.42504883,0.17086405
tsp_5617.graph,data/tsp_graphs/tsp_5617.graph,6,10,False,0.7735882,-0.52211666
tsp_5618.graph,data/tsp_graphs/tsp_5618.graph,7,20,True,0.58641434,0.21267396
tsp_5619.graph,data/tsp_graphs/tsp_5619.graph,7,20,False,0.8119812,0.5035797
tsp_562.graph,data/tsp_graphs/tsp_562.graph,6,10,True,-0.64180946,-0.6224798
tsp_5620.graph,data/tsp_graphs/tsp_5620.graph,9,20,True,1.677597,0.67226034
tsp_5621.graph,data/tsp_graphs/tsp_5621.graph,8,10,False,1.1733589,-0.4736219
tsp_5622.graph,data/tsp_graphs/tsp_5622.graph,7,15,True,-0.32363605,-0.33363754
tsp_5623.graph,data/tsp_graphs/tsp_5623.graph,6,10,False,0.17276764,-0.3407684
tsp_5624.graph,data/tsp_graphs/tsp_5624.graph,6,10,True,1.7572174,-0.070753366
tsp_5625.graph,data/tsp_graphs/tsp_5625.graph,6,15,False,-0.5089531,-0.5599643
tsp_5626.graph,data/tsp_graphs/tsp_5626.graph,10,15,True,0.7351036,0.3901598
tsp_5627.graph,data/tsp_graphs/tsp_5627.graph,5,10,False,0.2669258,-0.7012238
tsp_5628.graph,data/tsp_graphs/tsp_5628.graph,5,10,True,3.0670204,-0.906627
tsp_5629.graph,data/tsp_graphs/tsp_5629.graph,10,10,False,-0.57655716,-0.105881095
tsp_563.graph,data/tsp_graphs/tsp_563.graph,7,10,False,-0.7850075,-0.39878136
tsp_5630.graph,data/tsp_graphs/tsp_5630.graph,9,10,True,0.8040981,0.1726489
tsp_5631.graph,data/tsp_graphs/tsp_5631.graph,9,10,False,-0.38056183,0.24623197
tsp_5632.graph,data/tsp_graphs/tsp_5632.graph,10,20,True,0.9307251,0.8609775
tsp_5633.graph,data/tsp_graphs/tsp_5633.graph,9,10,False,-0.90647507,0.08904159
tsp_5634.graph,data/tsp_graphs/tsp_5634.graph,6,10,True,2.5131912,-0.408588
tsp_5635.graph,data/tsp_graphs/tsp_5635.graph,7,15,False,-2.9831429,0.048363447
tsp_5636.graph,data/tsp_graphs/tsp_5636.graph,6,20,True,-0.4631462,-0.36925992
tsp_5637.graph,data/tsp_graphs/tsp_5637.graph,7,20,False,0.38042164,0.33676332
tsp_5638.graph,data/tsp_graphs/tsp_5638.graph,5,10,True,0.7548522,-0.75580966
tsp_5639.graph,data/tsp_graphs/tsp_5639.graph,7,20,False,0.39546204,0.19134754
tsp_564.graph,data/tsp_graphs/tsp_564.graph,8,20,True,-0.24559784,0.36453122
tsp_5640.graph,data/tsp_graphs/tsp_5640.graph,10,15,True,0.8190727,0.550873
tsp_5641.graph,data/tsp_graphs/tsp_5641.graph,9,20,False,-2.1410103,0.5556782
tsp_5642.graph,data/tsp_graphs/tsp_5642.graph,9,10,True,0.8148575,-0.066257924
tsp_5643.graph,data/tsp_graphs/tsp_5643.graph,10,10,False,0.5861435,0.11236668
tsp_5644.graph,data/tsp_graphs/tsp_5644.graph,9,10,True,-0.051322937,0.1079734
tsp_5645.graph,data/tsp_graphs/tsp_5645.graph,5,20,False,-1.2977476,-0.56191945
tsp_5646.graph,data/tsp_graphs/tsp_5646.graph,7,15,True,0.36416245,0.061652422
tsp_5647.graph,data/tsp_graphs/tsp_5647.graph,6,15,False,-1.070961,-0.35959312
tsp_5648.graph,data/tsp_graphs/tsp_5648.graph,10,20,True,0.4799881,0.30469435
tsp_5649.graph,data/tsp_graphs/tsp_5649.graph,6,15,False,-0.27796555,-0.025620759
tsp_565.graph,data/tsp_graphs/tsp_565.graph,5,10,False,-0.3501358,-0.5690882
tsp_5650.graph,data/tsp_graphs/tsp_5650.graph,10,10,True,-0.43070602,0.18772644
tsp_5651.graph,data/tsp_graphs/tsp_5651.graph,10,15,False,-1.1191521,0.53630894
tsp_5652.graph,data/tsp_graphs/tsp_5652.graph,5,10,True,-0.69444513,-0.6685616
tsp_5653.graph,data/tsp_graphs/tsp_5653.graph,7,20,False,-0.21085739,0.16244596
tsp_5654.graph,data/tsp_graphs/tsp_5654.graph,5,20,True,2.1017838,-0.24360809
tsp_5655.graph,data/tsp_graphs/tsp_5655.graph,5,15,False,1.4139557,-0.355638
tsp_5656.graph,data/tsp_graphs/tsp_5656.graph,7,20,True,-0.78604126,0.46124357
tsp_5657.graph,data/tsp_graphs/tsp_5657.graph,10,20,False,-0.5640869,0.8997713
tsp_5658.graph,data/tsp_graphs/tsp_5658.graph,6,10,True,0.43063354,-0.6659556
tsp_5659.graph,data/tsp_graphs/tsp_5659.graph,6,20,False,-0.54784775,-0.10884023
tsp_566.graph,data/tsp_graphs/tsp_566.graph,9,20,True,-0.07749939,0.3823766
tsp_5660.graph,data/tsp_graphs/tsp_5660.graph,8,10,True,0.4942932,-0.30173993
tsp_5661.graph,data/tsp_graphs/tsp_5661.graph,5,15,False,-2.860527,-0.49630168
tsp_5662.graph,data/tsp_graphs/tsp_5662.graph,10,20,True,-0.707283,0.58761984
tsp_5663.graph,data/tsp_graphs/tsp_5663.graph,8,20,False,0.44168854,0.15291709
tsp_5664.graph,data/tsp_graphs/tsp_5664.graph,7,10,True,-0.328125,-0.0006480217
tsp_5665.graph,data/tsp_graphs/tsp_5665.graph,8,10,False,-0.30043793,0.064406514
tsp_5666.graph,data/tsp_graphs/tsp_5666.graph,8,20,True,-0.810791,0.22353917
tsp_5667.graph,data/tsp_graphs/tsp_5667.graph,5,10,False,-0.97359467,-0.6377434
tsp_5668.graph,data/tsp_graphs/tsp_5668.graph,6,20,True,0.5708275,-0.3450216
tsp_5669.graph,data/tsp_graphs/tsp_5669.graph,7,20,False,-0.4845581,0.08576149
tsp_567.graph,data/tsp_graphs/tsp_567.graph,7,10,False,-0.30860138,-0.49537238
tsp_5670.graph,data/tsp_graphs/tsp_5670.graph,5,10,True,2.750023,-0.6454265
tsp_5671.graph,data/tsp_graphs/tsp_5671.graph,9,10,False,-0.2766266,-0.101034045
tsp_5672.graph,data/tsp_graphs/tsp_5672.graph,6,20,True,1.9036179,-0.2104131
tsp_5673.graph,data/tsp_graphs/tsp_5673.graph,5,20,False,-0.43988228,-0.17924404
tsp_5674.graph,data/tsp_graphs/tsp_5674.graph,9,15,True,1.2383289,0.31951314
tsp_5675.graph,data/tsp_graphs/tsp_5675.graph,6,15,False,-0.004945755,-0.5030546
tsp_5676.graph,data/tsp_graphs/tsp_5676.graph,5,20,True,1.1847,-0.31667882
tsp_5677.graph,data/tsp_graphs/tsp_5677.graph,7,20,False,-0.4777298,-0.16955066
tsp_5678.graph,data/tsp_graphs/tsp_5678.graph,5,10,True,2.5583878,-0.6252406
tsp_5679.graph,data/tsp_graphs/tsp_5679.graph,7,15,False,-0.030517578,0.07659167
tsp_568.graph,data/tsp_graphs/tsp_568.graph,9,10,True,0.85779953,0.1943785
tsp_5680.graph,data/tsp_graphs/tsp_5680.graph,5,15,True,0.41135883,-0.43342572
tsp_5681.graph,data/tsp_graphs/tsp_5681.graph,9,10,False,-0.44815063,0.2483058
tsp_5682.graph,data/tsp_graphs/tsp_5682.graph,5,10,True,-0.19267273,-0.9648993
tsp_5683.graph,data/tsp_graphs/tsp_5683.graph,7,10,False,-0.47694397,-0.28424227
tsp_5684.graph,data/tsp_graphs/tsp_5684.graph,10,10,True,-1.0923233,-0.17717767
tsp_5685.graph,data/tsp_graphs/tsp_5685.graph,7,20,False,-1.733799,0.20988351
tsp_5686.graph,data/tsp_graphs/tsp_5686.graph,8,15,True,0.56742096,-0.12363297
tsp_5687.graph,data/tsp_graphs/tsp_5687.graph,7,10,False,-0.26366615,-0.6137251
tsp_5688.graph,data/tsp_graphs/tsp_5688.graph,5,15,True,0.8567505,-0.2510928
tsp_5689.graph,data/tsp_graphs/tsp_5689.graph,7,20,False,-0.8718147,0.055512667
tsp_569.graph,data/tsp_graphs/tsp_569.graph,5,20,False,-1.2081528,-0.29704365
tsp_5690.graph,data/tsp_graphs/tsp_5690.graph,8,10,True,1.3045425,-0.0003773868
tsp_5691.graph,data/tsp_graphs/tsp_5691.graph,9,15,False,-2.1142116,0.21182269
tsp_5692.graph,data/tsp_graphs/tsp_5692.graph,6,15,True,-0.16997337,-0.12866113
tsp_5693.graph,data/tsp_graphs/tsp_5693.graph,10,10,False,1.9965363,0.27010185
tsp_5694.graph,data/tsp_graphs/tsp_5694.graph,8,10,True,0.43941498,-0.15577891
tsp_5695.graph,data/tsp_graphs/tsp_5695.graph,7,15,False,-0.61222553,-0.10678697
tsp_5696.graph,data/tsp_graphs/tsp_5696.graph,7,15,True,0.51418614,0.22186583
tsp_5697.graph,data/tsp_graphs/tsp_5697.graph,10,15,False,0.20764542,0.5742802
tsp_5698.graph,data/tsp_graphs/tsp_5698.graph,9,10,True,0.9751396,-0.17870685
tsp_5699.graph,data/tsp_graphs/tsp_5699.graph,7,20,False,-0.29626083,-0.13541698
tsp_57.graph,data/tsp_graphs/tsp_57.graph,9,10,False,-0.82440186,0.28046376
tsp_570.graph,data/tsp_graphs/tsp_570.graph,7,10,True,-0.6260147,-0.28233576
tsp_5700.graph,data/tsp_graphs/tsp_5700.graph,7,20,True,1.1783676,0.122273326
tsp_5701.graph,data/tsp_graphs/tsp_5701.graph,8,10,False,-1.8389664,0.0191527
tsp_5702.graph,data/tsp_graphs/tsp_5702.graph,10,10,True,2.0221138,0.2860791
tsp_5703.graph,data/tsp_graphs/tsp_5703.graph,7,10,False,-3.5260506,-0.50192964
tsp_5704.graph,data/tsp_graphs/tsp_5704.graph,8,10,True,0.69542694,0.23671669
tsp_5705.graph,data/tsp_graphs/tsp_5705.graph,10,15,False,-0.46038437,0.4410016
tsp_5706.graph,data/tsp_graphs/tsp_5706.graph,10,20,True,0.5995636,0.6740499
tsp_5707.graph,data/tsp_graphs/tsp_5707.graph,7,15,False,-0.2649374,0.27029616
tsp_5708.graph,data/tsp_graphs/tsp_5708.graph,8,10,True,0.38209152,-0.039943367
tsp_5709.graph,data/tsp_graphs/tsp_5709.graph,5,20,False,-0.4157009,-0.77441394
tsp_571.graph,data/tsp_graphs/tsp_571.graph,7,20,False,-0.30279922,-0.0899294
tsp_5710.graph,data/tsp_graphs/tsp_5710.graph,6,15,True,1.255907,0.057355642
tsp_5711.graph,data/tsp_graphs/tsp_5711.graph,5,20,False,-0.6669042,-0.04601878
tsp_5712.graph,data/tsp_graphs/tsp_5712.graph,8,10,True,-1.0476913,-0.46747303
tsp_5713.graph,data/tsp_graphs/tsp_5713.graph,9,15,False,-0.026464462,0.06809491
tsp_5714.graph,data/tsp_graphs/tsp_5714.graph,8,10,True,0.49240112,0.22364211
tsp_5715.graph,data/tsp_graphs/tsp_5715.graph,9,20,False,-0.030181885,0.46921772
tsp_5716.graph,data/tsp_graphs/tsp_5716.graph,6,20,True,-0.38235474,-0.2106759
tsp_5717.graph,data/tsp_graphs/tsp_5717.graph,5,10,False,0.55646515,-0.8674551
tsp_5718.graph,data/tsp_graphs/tsp_5718.graph,9,10,True,0.6826019,0.352521
tsp_5719.graph,data/tsp_graphs/tsp_5719.graph,10,10,False,-0.75275993,0.43072242
tsp_572.graph,data/tsp_graphs/tsp_572.graph,10,15,True,0.2061882,0.5777996
tsp_5720.graph,data/tsp_graphs/tsp_5720.graph,10,20,True,-1.1246185,0.37118995
tsp_5721.graph,data/tsp_graphs/tsp_5721.graph,9,10,False,-0.21142197,0.0679006
tsp_5722.graph,data/tsp_graphs/tsp_5722.graph,9,20,True,-0.62794113,0.5846161
tsp_5723.graph,data/tsp_graphs/tsp_5723.graph,5,10,False,-3.0649757,-1.1217628
tsp_5724.graph,data/tsp_graphs/tsp_5724.graph,7,15,True,-0.15337944,-0.43377054
tsp_5725.graph,data/tsp_graphs/tsp_5725.graph,5,10,False,-1.6874638,-0.94385254
tsp_5726.graph,data/tsp_graphs/tsp_5726.graph,7,15,True,1.0519485,0.26636654
tsp_5727.graph,data/tsp_graphs/tsp_5727.graph,7,15,False,-0.7437544,-0.38365313
tsp_5728.graph,data/tsp_graphs/tsp_5728.graph,9,10,True,-0.5705795,0.20046371
tsp_5729.graph,data/tsp_graphs/tsp_5729.graph,7,15,False,1.6103935,0.10712403
tsp_573.graph,data/tsp_graphs/tsp_573.graph,10,15,False,-0.49423409,0.20051128
tsp_5730.graph,data/tsp_graphs/tsp_5730.graph,5,15,True,1.6476192,-0.68826437
tsp_5731.graph,data/tsp_graphs/tsp_5731.graph,5,20,False,0.017026901,-0.45846254
tsp_5732.graph,data/tsp_graphs/tsp_5732.graph,6,20,True,1.3044395,-0.14064679
tsp_5733.graph,data/tsp_graphs/tsp_5733.graph,5,10,False,-0.6335449,-1.1618754
tsp_5734.graph,data/tsp_graphs/tsp_5734.graph,10,10,True,1.9896164,0.33712655
tsp_5735.graph,data/tsp_graphs/tsp_5735.graph,6,15,False,-0.6955147,-0.19127741
tsp_5736.graph,data/tsp_graphs/tsp_5736.graph,6,20,True,1.2411132,-0.28049606
tsp_5737.graph,data/tsp_graphs/tsp_5737.graph,9,10,False,-0.8852272,-0.24915208
tsp_5738.graph,data/tsp_graphs/tsp_5738.graph,6,15,True,-1.0460281,-0.16620281
tsp_5739.graph,data/tsp_graphs/tsp_5739.graph,6,20,False,-1.0670319,0.25587255
tsp_574.graph,data/tsp_graphs/tsp_574.graph,5,10,True,0.34631348,-0.4669404
tsp_5740.graph,data/tsp_graphs/tsp_5740.graph,5,15,True,-0.8723984,-0.6362436
tsp_5741.graph,data/tsp_graphs/tsp_5741.graph,9,15,False,-1.8039808,0.27373445
tsp_5742.graph,data/tsp_graphs/tsp_5742.graph,7,15,True,0.7616296,-0.22989476
tsp_5743.graph,data/tsp_graphs/tsp_5743.graph,6,10,False,0.08479309,-0.7107227
tsp_5744.graph,data/tsp_graphs/tsp_5744.graph,5,15,True,1.248352,-0.85727364
tsp_5745.graph,data/tsp_graphs/tsp_5745.graph,8,10,False,-0.86984825,-0.3319754
tsp_5746.graph,data/tsp_graphs/tsp_5746.graph,8,20,True,2.081009,0.5784165
tsp_5747.graph,data/tsp_graphs/tsp_5747.graph,7,10,False,-1.1013641,-0.22731858
tsp_5748.graph,data/tsp_graphs/tsp_5748.graph,10,10,True,1.9422913,0.40848607
tsp_5749.graph,data/tsp_graphs/tsp_5749.graph,8,20,False,-0.36390686,0.16808408
tsp_575.graph,data/tsp_graphs/tsp_575.graph,10,20,False,0.7668381,0.523786
tsp_5750.graph,data/tsp_graphs/tsp_5750.graph,7,10,True,1.6850815,-0.06077361
tsp_5751.graph,data/tsp_graphs/tsp_5751.graph,8,10,False,-0.7116852,-0.008903027
tsp_5752.graph,data/tsp_graphs/tsp_5752.graph,9,10,True,0.5879669,0.056813717
tsp_5753.graph,data/tsp_graphs/tsp_5753.graph,8,15,False,1.0370035,0.5814586
tsp_5754.graph,data/tsp_graphs/tsp_5754.graph,5,20,True,0.9446583,-0.3180938
tsp_5755.graph,data/tsp_graphs/tsp_5755.graph,8,15,False,-0.84378815,0.022268891
tsp_5756.graph,data/tsp_graphs/tsp_5756.graph,6,10,True,-0.17142105,-0.8736267
tsp_5757.graph,data/tsp_graphs/tsp_5757.graph,9,15,False,0.014881134,0.37341315
tsp_5758.graph,data/tsp_graphs/tsp_5758.graph,10,20,True,0.8172531,0.7469793
tsp_5759.graph,data/tsp_graphs/tsp_5759.graph,5,20,False,-1.4579163,-0.10880691
tsp_576.graph,data/tsp_graphs/tsp_576.graph,5,10,True,0.2993393,-1.1151402
tsp_5760.graph,data/tsp_graphs/tsp_5760.graph,7,20,True,-0.60139465,0.08637613
tsp_5761.graph,data/tsp_graphs/tsp_5761.graph,6,10,False,0.8277664,-0.33772317
tsp_5762.graph,data/tsp_graphs/tsp_5762.graph,7,15,True,-0.8835006,-0.04794824
tsp_5763.graph,data/tsp_graphs/tsp_5763.graph,5,20,False,-1.398797,-0.15439436
tsp_5764.graph,data/tsp_graphs/tsp_5764.graph,7,15,True,-0.2060337,-0.1959286
tsp_5765.graph,data/tsp_graphs/tsp_5765.graph,8,20,False,-2.9327545,0.020317852
tsp_5766.graph,data/tsp_graphs/tsp_5766.graph,6,10,True,0.5555496,-0.6560619
tsp_5767.graph,data/tsp_graphs/tsp_5767.graph,9,10,False,-1.3931046,0.38494092
tsp_5768.graph,data/tsp_graphs/tsp_5768.graph,7,10,True,0.6333771,0.04759866
tsp_5769.graph,data/tsp_graphs/tsp_5769.graph,6,20,False,-0.23786163,-0.3396525
tsp_577.graph,data/tsp_graphs/tsp_577.graph,9,10,False,-0.58301926,0.17855126
tsp_5770.graph,data/tsp_graphs/tsp_5770.graph,8,15,True,1.0064926,-0.103907436
tsp_5771.graph,data/tsp_graphs/tsp_5771.graph,10,20,False,-0.34694672,0.41305584
tsp_5772.graph,data/tsp_graphs/tsp_5772.graph,6,15,True,2.032793,-0.1487318
tsp_5773.graph,data/tsp_graphs/tsp_5773.graph,10,20,False,-0.13207245,0.67296404
tsp_5774.graph,data/tsp_graphs/tsp_5774.graph,8,10,True,0.42299652,-0.17467737
tsp_5775.graph,data/tsp_graphs/tsp_5775.graph,7,15,False,0.556242,-0.011813641
tsp_5776.graph,data/tsp_graphs/tsp_5776.graph,9,20,True,-0.64484406,0.42140585
tsp_5777.graph,data/tsp_graphs/tsp_5777.graph,10,20,False,-2.1145325,0.5386687
tsp_5778.graph,data/tsp_graphs/tsp_5778.graph,5,15,True,1.0411606,-0.7679744
tsp_5779.graph,data/tsp_graphs/tsp_5779.graph,8,15,False,-0.66304684,0.38975763
tsp_578.graph,data/tsp_graphs/tsp_578.graph,6,15,True,0.28970098,-0.39768666
tsp_5780.graph,data/tsp_graphs/tsp_5780.graph,5,10,True,-0.21412468,-1.0792854
tsp_5781.graph,data/tsp_graphs/tsp_5781.graph,7,10,False,-1.2838287,-0.2133618
tsp_5782.graph,data/tsp_graphs/tsp_5782.graph,9,15,True,3.133829,0.61699325
tsp_5783.graph,data/tsp_graphs/tsp_5783.graph,10,10,False,-2.2529526,0.54021066
tsp_5784.graph,data/tsp_graphs/tsp_5784.graph,6,15,True,0.6861534,-0.26858932
tsp_5785.graph,data/tsp_graphs/tsp_5785.graph,8,15,False,-0.08667374,0.21716338
tsp_5786.graph,data/tsp_graphs/tsp_5786.graph,7,15,True,0.5447006,0.07354432
tsp_5787.graph,data/tsp_graphs/tsp_5787.graph,8,10,False,0.6115532,-0.10219997
tsp_5788.graph,data/tsp_graphs/tsp_5788.graph,8,10,True,0.4475937,-0.06613761
tsp_5789.graph,data/tsp_graphs/tsp_5789.graph,5,20,False,-1.6387253,-0.098593235
tsp_579.graph,data/tsp_graphs/tsp_579.graph,6,15,False,-0.8389802,0.003301382
tsp_5790.graph,data/tsp_graphs/tsp_5790.graph,5,20,True,-1.0970459,-0.37543577
tsp_5791.graph,data/tsp_graphs/tsp_5791.graph,7,10,False,-2.4551773,-0.24785998
tsp_5792.graph,data/tsp_graphs/tsp_5792.graph,6,15,True,-0.8583412,-0.03058651
tsp_5793.graph,data/tsp_graphs/tsp_5793.graph,10,20,False,0.33721542,0.72889
tsp_5794.graph,data/tsp_graphs/tsp_5794.graph,5,15,True,-1.3838005,-0.89373034
tsp_5795.graph,data/tsp_graphs/tsp_5795.graph,10,20,False,0.52877045,0.46173018
tsp_5796.graph,data/tsp_graphs/tsp_5796.graph,6,15,True,0.013827324,-0.30604804
tsp_5797.graph,data/tsp_graphs/tsp_5797.graph,8,10,False,-0.7401962,-0.15688363
tsp_5798.graph,data/tsp_graphs/tsp_5798.graph,8,15,True,-0.5906029,0.3112864
tsp_5799.graph,data/tsp_graphs/tsp_5799.graph,10,20,False,0.21264648,0.6608923
tsp_58.graph,data/tsp_graphs/tsp_58.graph,5,15,True,3.3132858,-0.46226373
tsp_580.graph,data/tsp_graphs/tsp_580.graph,5,15,True,-0.08898926,-0.62846816
tsp_5800.graph,data/tsp_graphs/tsp_5800.graph,6,20,True,-0.58086586,0.091836095
tsp_5801.graph,data/tsp_graphs/tsp_5801.graph,7,10,False,0.49653625,-0.35955614
tsp_5802.graph,data/tsp_graphs/tsp_5802.graph,8,10,True,2.187645,0.24622083
tsp_5803.graph,data/tsp_graphs/tsp_5803.graph,7,10,False,-0.15775776,-0.39374226
tsp_5804.graph,data/tsp_graphs/tsp_5804.graph,6,15,True,-1.0811653,-0.026153326
tsp_5805.graph,data/tsp_graphs/tsp_5805.graph,5,15,False,-0.1656704,-0.57270277
tsp_5806.graph,data/tsp_graphs/tsp_5806.graph,7,20,True,-0.24303436,0.031973183
tsp_5807.graph,data/tsp_graphs/tsp_5807.graph,8,10,False,0.94342804,-0.37150156
tsp_5808.graph,data/tsp_graphs/tsp_5808.graph,10,10,True,-0.6901283,0.39357275
tsp_5809.graph,data/tsp_graphs/tsp_5809.graph,8,20,False,-1.0583076,-0.047908425
tsp_581.graph,data/tsp_graphs/tsp_581.graph,7,15,False,-0.9952266,-0.20010054
tsp_5810.graph,data/tsp_graphs/tsp_5810.graph,9,20,True,0.6210861,0.31574672
tsp_5811.graph,data/tsp_graphs/tsp_5811.graph,9,10,False,0.38337708,-0.33287588
tsp_5812.graph,data/tsp_graphs/tsp_5812.graph,10,10,True,-0.07248306,-0.14532441
tsp_5813.graph,data/tsp_graphs/tsp_5813.graph,5,10,False,-0.09365845,-0.84946966
tsp_5814.graph,data/tsp_graphs/tsp_5814.graph,8,15,True,-0.46770096,0.08528739
tsp_5815.graph,data/tsp_graphs/tsp_5815.graph,6,20,False,-0.95612717,-0.27354795
tsp_5816.graph,data/tsp_graphs/tsp_5816.graph,5,20,True,-0.8440056,-0.033337653
tsp_5817.graph,data/tsp_graphs/tsp_5817.graph,8,15,False,-0.6321182,0.02875787
tsp_5818.graph,data/tsp_graphs/tsp_5818.graph,7,20,True,0.6059494,-0.06939426
tsp_5819.graph,data/tsp_graphs/tsp_5819.graph,6,15,False,-0.5534134,-0.21471682
tsp_582.graph,data/tsp_graphs/tsp_582.graph,8,10,True,2.0013733,-0.025065541
tsp_5820.graph,data/tsp_graphs/tsp_5820.graph,6,10,True,0.0065231323,-0.27460623
tsp_5821.graph,data/tsp_graphs/tsp_5821.graph,8,20,False,0.2945099,0.41751003
tsp_5822.graph,data/tsp_graphs/tsp_5822.graph,7,10,True,0.16047668,-0.4866106
tsp_5823.graph,data/tsp_graphs/tsp_5823.graph,10,15,False,-0.6638998,0.8757072
tsp_5824.graph,data/tsp_graphs/tsp_5824.graph,7,10,True,0.44502258,-0.0647459
tsp_5825.graph,data/tsp_graphs/tsp_5825.graph,8,15,False,0.6721077,0.15805405
tsp_5826.graph,data/tsp_graphs/tsp_5826.graph,10,20,True,1.563034,0.590601
tsp_5827.graph,data/tsp_graphs/tsp_5827.graph,5,15,False,-0.7526932,-0.95609194
tsp_5828.graph,data/tsp_graphs/tsp_5828.graph,10,20,True,1.2375793,0.88727146
tsp_5829.graph,data/tsp_graphs/tsp_5829.graph,5,15,False,-0.09746575,-0.64986455
tsp_583.graph,data/tsp_graphs/tsp_583.graph,9,15,False,0.122032166,0.19690925
tsp_5830.graph,data/tsp_graphs/tsp_5830.graph,10,15,True,1.2651289,0.75661415
tsp_5831.graph,data/tsp_graphs/tsp_5831.graph,10,20,False,0.5371933,0.47069043
tsp_5832.graph,data/tsp_graphs/tsp_5832.graph,10,20,True,-0.022163391,0.531136
tsp_5833.graph,data/tsp_graphs/tsp_5833.graph,5,15,False,0.1866951,-0.6960629
tsp_5834.graph,data/tsp_graphs/tsp_5834.graph,5,15,True,-0.25616455,-0.27227378
tsp_5835.graph,data/tsp_graphs/tsp_5835.graph,5,20,False,0.32975006,-0.15572825
tsp_5836.graph,data/tsp_graphs/tsp_5836.graph,5,10,True,-1.1196518,-0.5278312
tsp_5837.graph,data/tsp_graphs/tsp_5837.graph,10,10,False,-2.497589,0.5590456
tsp_5838.graph,data/tsp_graphs/tsp_5838.graph,7,10,True,-0.96917725,-0.118250936
tsp_5839.graph,data/tsp_graphs/tsp_5839.graph,5,20,False,0.6463871,-0.5006786
tsp_584.graph,data/tsp_graphs/tsp_584.graph,6,10,True,0.1609497,-0.34006375
tsp_5840.graph,data/tsp_graphs/tsp_5840.graph,7,10,True,-0.033203125,-0.22971535
tsp_5841.graph,data/tsp_graphs/tsp_5841.graph,10,20,False,-0.3691864,0.861224
tsp_5842.graph,data/tsp_graphs/tsp_5842.graph,5,15,True,-0.11693764,-0.6748526
tsp_5843.graph,data/tsp_graphs/tsp_5843.graph,7,20,False,-0.632637,0.11450678
tsp_5844.graph,data/tsp_graphs/tsp_5844.graph,10,20,True,1.8469467,0.8193862
tsp_5845.graph,data/tsp_graphs/tsp_5845.graph,6,10,False,-0.87921906,-0.5790224
tsp_5846.graph,data/tsp_graphs/tsp_5846.graph,8,20,True,-0.44847488,0.3989498
tsp_5847.graph,data/tsp_graphs/tsp_5847.graph,6,20,False,-0.8206978,-0.25538883
tsp_5848.graph,data/tsp_graphs/tsp_5848.graph,7,15,True,-0.6524377,-0.091799915
tsp_5849.graph,data/tsp_graphs/tsp_5849.graph,10,10,False,1.3640594,0.19866914
tsp_585.graph,data/tsp_graphs/tsp_585.graph,6,15,False,-1.9974709,-0.7101567
tsp_5850.graph,data/tsp_graphs/tsp_5850.graph,9,20,True,0.5708809,0.1584552
tsp_5851.graph,data/tsp_graphs/tsp_5851.graph,6,10,False,-1.0842667,-0.106381506
tsp_5852.graph,data/tsp_graphs/tsp_5852.graph,8,20,True,1.0447235,0.19107097
tsp_5853.graph,data/tsp_graphs/tsp_5853.graph,7,15,False,-2.0290537,0.1479556
tsp_5854.graph,data/tsp_graphs/tsp_5854.graph,9,10,True,0.7226639,0.36059588
tsp_5855.graph,data/tsp_graphs/tsp_5855.graph,8,15,False,-1.3901911,0.07955748
tsp_5856.graph,data/tsp_graphs/tsp_5856.graph,8,10,True,1.2987976,0.0071105063
tsp_5857.graph,data/tsp_graphs/tsp_5857.graph,10,15,False,-0.03263092,0.52681226
tsp_5858.graph,data/tsp_graphs/tsp_5858.graph,8,15,True,-0.31131744,0.23527408
tsp_5859.graph,data/tsp_graphs/tsp_5859.graph,6,10,False,-1.0447693,-0.44564494
tsp_586.graph,data/tsp_graphs/tsp_586.graph,10,20,True,0.20610046,0.3176493
tsp_5860.graph,data/tsp_graphs/tsp_5860.graph,9,15,True,0.42923355,0.14893985
tsp_5861.graph,data/tsp_graphs/tsp_5861.graph,8,10,False,-0.091724396,0.012522757
tsp_5862.graph,data/tsp_graphs/tsp_5862.graph,9,20,True,1.3092499,0.4850933
tsp_5863.graph,data/tsp_graphs/tsp_5863.graph,6,15,False,-0.98747444,-0.2758696
tsp_5864.graph,data/tsp_graphs/tsp_5864.graph,5,20,True,-0.08852768,-0.47470254
tsp_5865.graph,data/tsp_graphs/tsp_5865.graph,10,15,False,0.1847406,0.7673989
tsp_5866.graph,data/tsp_graphs/tsp_5866.graph,9,20,True,0.36411285,0.29613554
tsp_5867.graph,data/tsp_graphs/tsp_5867.graph,8,20,False,-0.7915726,0.114254236
tsp_5868.graph,data/tsp_graphs/tsp_5868.graph,8,10,True,0.5782471,-0.253502
tsp_5869.graph,data/tsp_graphs/tsp_5869.graph,6,20,False,-0.79001427,0.12325019
tsp_587.graph,data/tsp_graphs/tsp_587.graph,5,15,False,-2.0238647,-0.34840715
tsp_5870.graph,data/tsp_graphs/tsp_5870.graph,9,20,True,1.4144592,0.40331084
tsp_5871.graph,data/tsp_graphs/tsp_5871.graph,10,15,False,0.2692871,0.57795805
tsp_5872.graph,data/tsp_graphs/tsp_5872.graph,6,15,True,1.3253145,0.07446796
tsp_5873.graph,data/tsp_graphs/tsp_5873.graph,10,10,False,-1.3925972,0.15668172
tsp_5874.graph,data/tsp_graphs/tsp_5874.graph,5,20,True,1.7075806,-0.4345546
tsp_5875.graph,data/tsp_graphs/tsp_5875.graph,10,15,False,-0.7901764,0.37359065
tsp_5876.graph,data/tsp_graphs/tsp_5876.graph,10,20,True,-0.47242737,0.5174019
tsp_5877.graph,data/tsp_graphs/tsp_5877.graph,5,20,False,-0.45168877,-0.5718707
tsp_5878.graph,data/tsp_graphs/tsp_5878.graph,9,20,True,1.6208191,0.7275335
tsp_5879.graph,data/tsp_graphs/tsp_5879.graph,6,15,False,0.06072426,-0.4304573
tsp_588.graph,data/tsp_graphs/tsp_588.graph,7,20,True,1.1891823,-0.19555378
tsp_5880.graph,data/tsp_graphs/tsp_5880.graph,5,20,True,0.18060017,-0.55597883
tsp_5881.graph,data/tsp_graphs/tsp_5881.graph,6,10,False,0.40838242,-0.35782656
tsp_5882.graph,data/tsp_graphs/tsp_5882.graph,10,20,True,0.8798294,0.65612394
tsp_5883.graph,data/tsp_graphs/tsp_5883.graph,5,10,False,-1.2636642,-0.65678835
tsp_5884.graph,data/tsp_graphs/tsp_5884.graph,10,15,True,5.0876637,0.68290085
tsp_5885.graph,data/tsp_graphs/tsp_5885.graph,10,15,False,0.3490715,0.54266244
tsp_5886.graph,data/tsp_graphs/tsp_5886.graph,6,15,True,-1.0453529,-0.46378908
tsp_5887.graph,data/tsp_graphs/tsp_5887.graph,9,15,False,-2.3214836,0.43510664
tsp_5888.graph,data/tsp_graphs/tsp_5888.graph,10,10,True,0.64263535,-0.26176512
tsp_5889.graph,data/tsp_graphs/tsp_5889.graph,7,20,False,-1.0455704,0.35682178
tsp_589.graph,data/tsp_graphs/tsp_589.graph,5,20,False,-0.8040886,-0.11272234
tsp_5890.graph,data/tsp_graphs/tsp_5890.graph,9,15,True,0.5654602,0.52365357
tsp_5891.graph,data/tsp_graphs/tsp_5891.graph,6,15,False,0.30392218,-0.40185228
tsp_5892.graph,data/tsp_graphs/tsp_5892.graph,10,15,True,0.3619461,0.47374624
tsp_5893.graph,data/tsp_graphs/tsp_5893.graph,10,15,False,-1.2275543,0.39331418
tsp_5894.graph,data/tsp_graphs/tsp_5894.graph,6,15,True,-0.7723794,-0.451416
tsp_5895.graph,data/tsp_graphs/tsp_5895.graph,5,10,False,-0.6012192,-0.6978096
tsp_5896.graph,data/tsp_graphs/tsp_5896.graph,6,10,True,-0.44049597,-0.7874601
tsp_5897.graph,data/tsp_graphs/tsp_5897.graph,10,15,False,0.055740356,0.4530036
tsp_5898.graph,data/tsp_graphs/tsp_5898.graph,7,15,True,1.1618557,0.08937508
tsp_5899.graph,data/tsp_graphs/tsp_5899.graph,6,20,False,-1.3660336,0.19019836
tsp_59.graph,data/tsp_graphs/tsp_59.graph,6,15,False,-0.25336075,-0.593658
tsp_590.graph,data/tsp_graphs/tsp_590.graph,8,20,True,0.69729614,0.17488986
tsp_5900.graph,data/tsp_graphs/tsp_5900.graph,6,10,True,1.8085022,-0.50321805
tsp_5901.graph,data/tsp_graphs/tsp_5901.graph,6,15,False,-1.1226006,-0.08522558
tsp_5902.graph,data/tsp_graphs/tsp_5902.graph,9,10,True,1.5994949,0.19210613
tsp_5903.graph,data/tsp_graphs/tsp_5903.graph,6,20,False,-0.5162239,0.14449465
tsp_5904.graph,data/tsp_graphs/tsp_5904.graph,8,10,True,0.27585983,-0.19833717
tsp_5905.graph,data/tsp_graphs/tsp_5905.graph,6,10,False,0.6817169,-0.66816723
tsp_5906.graph,data/tsp_graphs/tsp_5906.graph,5,20,True,1.7087784,-0.12313005
tsp_5907.graph,data/tsp_graphs/tsp_5907.graph,7,15,False,-2.0751457,-0.015396416
tsp_5908.graph,data/tsp_graphs/tsp_5908.graph,7,10,True,-1.5512009,-0.21685526
tsp_5909.graph,data/tsp_graphs/tsp_5909.graph,9,15,False,-0.40825653,-0.009714216
tsp_591.graph,data/tsp_graphs/tsp_591.graph,5,15,False,0.6157551,-0.4446417
tsp_5910.graph,data/tsp_graphs/tsp_5910.graph,5,20,True,1.63851,-0.16015324
tsp_5911.graph,data/tsp_graphs/tsp_5911.graph,5,20,False,-1.1260338,-0.3271259
tsp_5912.graph,data/tsp_graphs/tsp_5912.graph,5,10,True,0.007642746,-0.97648144
tsp_5913.graph,data/tsp_graphs/tsp_5913.graph,7,10,False,-0.82959366,-0.42216474
tsp_5914.graph,data/tsp_graphs/tsp_5914.graph,6,10,True,1.1024933,-0.4322046
tsp_5915.graph,data/tsp_graphs/tsp_5915.graph,6,20,False,-0.40452194,-0.23786843
tsp_5916.graph,data/tsp_graphs/tsp_5916.graph,9,15,True,0.46840894,0.6520079
tsp_5917.graph,data/tsp_graphs/tsp_5917.graph,9,15,False,-1.5430689,0.5860768
tsp_5918.graph,data/tsp_graphs/tsp_5918.graph,7,10,True,0.2645073,-0.30842042
tsp_5919.graph,data/tsp_graphs/tsp_5919.graph,10,15,False,1.6465378,0.42688245
tsp_592.graph,data/tsp_graphs/tsp_592.graph,5,20,True,0.17705011,-0.6976541
tsp_5920.graph,data/tsp_graphs/tsp_5920.graph,5,20,True,0.334013,-0.37525627
tsp_5921.graph,data/tsp_graphs/tsp_5921.graph,6,15,False,-0.94893694,-0.2554872
tsp_5922.graph,data/tsp_graphs/tsp_5922.graph,7,20,True,-0.01796341,0.1588378
tsp_5923.graph,data/tsp_graphs/tsp_5923.graph,10,15,False,-0.9878273,0.5785102
tsp_5924.graph,data/tsp_graphs/tsp_5924.graph,8,10,True,1.2159119,0.14782971
tsp_5925.graph,data/tsp_graphs/tsp_5925.graph,6,20,False,-0.23435974,-0.40020636
tsp_5926.graph,data/tsp_graphs/tsp_5926.graph,5,15,True,-0.040958762,-0.6099068
tsp_5927.graph,data/tsp_graphs/tsp_5927.graph,6,15,False,-1.5264622,-0.1795868
tsp_5928.graph,data/tsp_graphs/tsp_5928.graph,9,10,True,1.8453827,0.07662159
tsp_5929.graph,data/tsp_graphs/tsp_5929.graph,5,20,False,-0.6354828,-0.5010448
tsp_593.graph,data/tsp_graphs/tsp_593.graph,9,15,False,0.079208374,0.30735046
tsp_5930.graph,data/tsp_graphs/tsp_5930.graph,7,10,True,1.8143158,-0.110437095
tsp_5931.graph,data/tsp_graphs/tsp_5931.graph,8,15,False,-2.1470566,0.52798706
tsp_5932.graph,data/tsp_graphs/tsp_5932.graph,10,15,True,0.43317795,0.38088858
tsp_5933.graph,data/tsp_graphs/tsp_5933.graph,7,15,False,-0.50448585,0.3798958
tsp_5934.graph,data/tsp_graphs/tsp_5934.graph,9,20,True,0.2350769,0.16375685
tsp_5935.graph,data/tsp_graphs/tsp_5935.graph,10,15,False,-0.5788803,0.4770046
tsp_5936.graph,data/tsp_graphs/tsp_5936.graph,7,15,True,1.0504189,-0.21197557
tsp_5937.graph,data/tsp_graphs/tsp_5937.graph,7,15,False,-1.6154594,0.0336259
tsp_5938.graph,data/tsp_graphs/tsp_5938.graph,6,15,True,0.93997574,-0.06895077
tsp_5939.graph,data/tsp_graphs/tsp_5939.graph,5,20,False,-0.7258024,-0.19163579
tsp_594.graph,data/tsp_graphs/tsp_594.graph,6,15,True,-0.4253192,-0.15976638
tsp_5940.graph,data/tsp_graphs/tsp_5940.graph,5,10,True,0.9690361,-0.8171001
tsp_5941.graph,data/tsp_graphs/tsp_5941.graph,6,20,False,-0.08370972,0.009232342
tsp_5942.graph,data/tsp_graphs/tsp_5942.graph,5,15,True,2.0286026,-0.36334926
tsp_5943.graph,data/tsp_graphs/tsp_5943.graph,6,20,False,-0.71725845,-0.13695866
tsp_5944.graph,data/tsp_graphs/tsp_5944.graph,7,15,True,-0.2433815,-0.0681631
tsp_5945.graph,data/tsp_graphs/tsp_5945.graph,8,20,False,-1.4234238,0.513704
tsp_5946.graph,data/tsp_graphs/tsp_5946.graph,6,15,True,-0.90171385,-0.41607058
tsp_5947.graph,data/tsp_graphs/tsp_5947.graph,10,15,False,-1.7317079,0.81358653
tsp_5948.graph,data/tsp_graphs/tsp_5948.graph,8,20,True,-0.034992218,0.5143712
tsp_5949.graph,data/tsp_graphs/tsp_5949.graph,9,10,False,-0.20171356,0.039891183
tsp_595.graph,data/tsp_graphs/tsp_595.graph,7,20,False,0.5151901,0.1507687
tsp_5950.graph,data/tsp_graphs/tsp_5950.graph,5,10,True,1.2563438,-0.72310287
tsp_5951.graph,data/tsp_graphs/tsp_5951.graph,10,20,False,-0.93473816,0.69047874
tsp_5952.graph,data/tsp_graphs/tsp_5952.graph,7,10,True,0.09104538,-0.24100608
tsp_5953.graph,data/tsp_graphs/tsp_5953.graph,7,20,False,-1.9786377,0.32355517
tsp_5954.graph,data/tsp_graphs/tsp_5954.graph,10,15,True,0.19325638,0.48202795
tsp_5955.graph,data/tsp_graphs/tsp_5955.graph,8,15,False,0.66256523,0.24883789
tsp_5956.graph,data/tsp_graphs/tsp_5956.graph,10,15,True,0.5464189,0.7891366
tsp_5957.graph,data/tsp_graphs/tsp_5957.graph,9,15,False,-1.8748636,0.6821423
tsp_5958.graph,data/tsp_graphs/tsp_5958.graph,8,10,True,1.6455612,0.2066136
tsp_5959.graph,data/tsp_graphs/tsp_5959.graph,8,10,False,0.44452667,0.14644706
tsp_596.graph,data/tsp_graphs/tsp_596.graph,5,20,True,-0.17039871,0.0653615
tsp_5960.graph,data/tsp_graphs/tsp_5960.graph,6,10,True,2.1335907,-0.7688896
tsp_5961.graph,data/tsp_graphs/tsp_5961.graph,6,15,False,-0.1946001,-0.18638831
tsp_5962.graph,data/tsp_graphs/tsp_5962.graph,6,15,True,0.7224512,-0.42193907
tsp_5963.graph,data/tsp_graphs/tsp_5963.graph,8,10,False,-0.66642,0.45895654
tsp_5964.graph,data/tsp_graphs/tsp_5964.graph,6,20,True,1.2608013,-0.113860786
tsp_5965.graph,data/tsp_graphs/tsp_5965.graph,6,15,False,-0.04455614,-0.43457776
tsp_5966.graph,data/tsp_graphs/tsp_5966.graph,10,10,True,2.111641,0.5041906
tsp_5967.graph,data/tsp_graphs/tsp_5967.graph,9,15,False,-2.0895739,0.5899789
tsp_5968.graph,data/tsp_graphs/tsp_5968.graph,10,10,True,1.3079529,0.48909456
tsp_5969.graph,data/tsp_graphs/tsp_5969.graph,6,15,False,-0.39806175,-0.28953266
tsp_597.graph,data/tsp_graphs/tsp_597.graph,6,10,False,-0.34819794,-0.45606625
tsp_5970.graph,data/tsp_graphs/tsp_5970.graph,5,15,True,0.27167892,-0.70192367
tsp_5971.graph,data/tsp_graphs/tsp_5971.graph,5,15,False,0.40223694,-0.4490217
tsp_5972.graph,data/tsp_graphs/tsp_5972.graph,10,15,True,-0.95690536,0.4760787
tsp_5973.graph,data/tsp_graphs/tsp_5973.graph,7,10,False,0.5232582,-0.46758586
tsp_5974.graph,data/tsp_graphs/tsp_5974.graph,6,20,True,-0.20818329,-0.12991494
tsp_5975.graph,data/tsp_graphs/tsp_5975.graph,7,20,False,-1.1183205,0.1375584
tsp_5976.graph,data/tsp_graphs/tsp_5976.graph,6,15,True,-0.46949577,0.00018048286
tsp_5977.graph,data/tsp_graphs/tsp_5977.graph,7,15,False,0.07404184,-0.10851967
tsp_5978.graph,data/tsp_graphs/tsp_5978.graph,6,15,True,0.28119087,-0.005768895
tsp_5979.graph,data/tsp_graphs/tsp_5979.graph,10,10,False,-0.36059952,0.27388716
tsp_598.graph,data/tsp_graphs/tsp_598.graph,10,15,True,0.10979462,0.4189285
tsp_5980.graph,data/tsp_graphs/tsp_5980.graph,6,20,True,0.74004364,-0.03677973
tsp_5981.graph,data/tsp_graphs/tsp_5981.graph,6,20,False,0.11777878,0.15839535
tsp_5982.graph,data/tsp_graphs/tsp_5982.graph,7,15,True,-0.5975437,-0.20428592
tsp_5983.graph,data/tsp_graphs/tsp_5983.graph,6,15,False,-0.47026253,-0.6641173
tsp_5984.graph,data/tsp_graphs/tsp_5984.graph,7,15,True,-0.5982275,0.0495041
tsp_5985.graph,data/tsp_graphs/tsp_5985.graph,5,10,False,0.8984375,-0.7852124
tsp_5986.graph,data/tsp_graphs/tsp_5986.graph,5,20,True,1.3573055,-0.5086686
tsp_5987.graph,data/tsp_graphs/tsp_5987.graph,5,10,False,-0.17396545,-0.67399263
tsp_5988.graph,data/tsp_graphs/tsp_5988.graph,6,15,True,0.21539068,-0.05768162
tsp_5989.graph,data/tsp_graphs/tsp_5989.graph,7,20,False,0.15258026,0.08563042
tsp_599.graph,data/tsp_graphs/tsp_599.graph,10,20,False,1.3217239,0.5514211
tsp_5990.graph,data/tsp_graphs/tsp_5990.graph,6,20,True,2.5707092,-0.3293207
tsp_5991.graph,data/tsp_graphs/tsp_5991.graph,5,10,False,1.4197426,-0.72058004
tsp_5992.graph,data/tsp_graphs/tsp_5992.graph,10,20,True,0.74658966,0.41736346
tsp_5993.graph,data/tsp_graphs/tsp_5993.graph,10,20,False,-0.622879,0.60148185
tsp_5994.graph,data/tsp_graphs/tsp_5994.graph,10,20,True,-0.4647827,0.2706414
tsp_5995.graph,data/tsp_graphs/tsp_5995.graph,7,20,False,-0.7466736,0.16823047
tsp_5996.graph,data/tsp_graphs/tsp_5996.graph,6,15,True,0.29929447,-0.2654515
tsp_5997.graph,data/tsp_graphs/tsp_5997.graph,5,15,False,-0.7831688,-0.7622918
tsp_5998.graph,data/tsp_graphs/tsp_5998.graph,7,15,True,0.4030969,-0.18838626
tsp_5999.graph,data/tsp_graphs/tsp_5999.graph,9,15,False,1.642025,0.1744957
tsp_6.graph,data/tsp_graphs/tsp_6.graph,7,20,True,-0.26084232,0.33147156
tsp_60.graph,data/tsp_graphs/tsp_60.graph,9,10,True,2.2879639,0.2930388
tsp_600.graph,data/tsp_graphs/tsp_600.graph,10,10,True,2.1642303,0.35438114
tsp_6000.graph,data/tsp_graphs/tsp_6000.graph,5,15,True,0.20106125,-0.64394844
tsp_6001.graph,data/tsp_graphs/tsp_6001.graph,10,20,False,0.35603333,0.4783333
tsp_6002.graph,data/tsp_graphs/tsp_6002.graph,10,20,True,0.59469604,0.8910065
tsp_6003.graph,data/tsp_graphs/tsp_6003.graph,6,10,False,0.08355713,-0.6256862
tsp_6004.graph,data/tsp_graphs/tsp_6004.graph,9,15,True,0.276762,0.3437404
tsp_6005.graph,data/tsp_graphs/tsp_6005.graph,9,20,False,0.7674637,0.4106725
tsp_6006.graph,data/tsp_graphs/tsp_6006.graph,6,20,True,0.31295013,0.22902542
tsp_6007.graph,data/tsp_graphs/tsp_6007.graph,7,10,False,1.7131805,-0.54257774
tsp_6008.graph,data/tsp_graphs/tsp_6008.graph,9,20,True,1.7664948,0.17953175
tsp_6009.graph,data/tsp_graphs/tsp_6009.graph,10,15,False,0.8894248,0.9011186
tsp_601.graph,data/tsp_graphs/tsp_601.graph,8,10,False,0.46190643,0.20295125
tsp_6010.graph,data/tsp_graphs/tsp_6010.graph,7,10,True,-0.8288574,-0.3012257
tsp_6011.graph,data/tsp_graphs/tsp_6011.graph,9,10,False,-2.1064682,0.3547991
tsp_6012.graph,data/tsp_graphs/tsp_6012.graph,10,15,True,0.51224804,0.78618735
tsp_6013.graph,data/tsp_graphs/tsp_6013.graph,5,10,False,0.738678,-0.7760655
tsp_6014.graph,data/tsp_graphs/tsp_6014.graph,9,20,True,0.88092804,0.70483166
tsp_6015.graph,data/tsp_graphs/tsp_6015.graph,8,20,False,0.36307526,0.14016485
tsp_6016.graph,data/tsp_graphs/tsp_6016.graph,8,20,True,0.3607025,0.14357245
tsp_6017.graph,data/tsp_graphs/tsp_6017.graph,8,15,False,-0.9790859,0.098728955
tsp_6018.graph,data/tsp_graphs/tsp_6018.graph,8,20,True,0.909729,0.28129375
tsp_6019.graph,data/tsp_graphs/tsp_6019.graph,10,20,False,0.2129898,0.47603112
tsp_602.graph,data/tsp_graphs/tsp_602.graph,5,15,True,0.65548134,-0.117470026
tsp_6020.graph,data/tsp_graphs/tsp_6020.graph,9,15,True,1.3173523,0.1831711
tsp_6021.graph,data/tsp_graphs/tsp_6021.graph,5,20,False,-0.2849207,-0.43953693
tsp_6022.graph,data/tsp_graphs/tsp_6022.graph,5,15,True,-0.46240425,-0.48347175
tsp_6023.graph,data/tsp_graphs/tsp_6023.graph,6,15,False,-0.86925125,-0.41043764
tsp_6024.graph,data/tsp_graphs/tsp_6024.graph,7,20,True,0.9976921,0.006752223
tsp_6025.graph,data/tsp_graphs/tsp_6025.graph,6,15,False,-1.2016926,-0.50400144
tsp_6026.graph,data/tsp_graphs/tsp_6026.graph,8,10,True,0.022518158,-0.1490989
tsp_6027.graph,data/tsp_graphs/tsp_6027.graph,6,15,False,-0.63588333,-0.4208012
tsp_6028.graph,data/tsp_graphs/tsp_6028.graph,8,15,True,-0.12219238,0.06397003
tsp_6029.graph,data/tsp_graphs/tsp_6029.graph,10,10,False,0.8225851,0.28924006
tsp_603.graph,data/tsp_graphs/tsp_603.graph,7,10,False,-1.1228104,-0.42874005
tsp_6030.graph,data/tsp_graphs/tsp_6030.graph,7,10,True,-0.18174744,-0.19655254
tsp_6031.graph,data/tsp_graphs/tsp_6031.graph,9,10,False,0.6648674,-0.22789279
tsp_6032.graph,data/tsp_graphs/tsp_6032.graph,7,10,True,1.9542465,-0.0434857
tsp_6033.graph,data/tsp_graphs/tsp_6033.graph,9,10,False,-0.5492096,0.4730339
tsp_6034.graph,data/tsp_graphs/tsp_6034.graph,5,20,True,0.091775894,-0.33375946
tsp_6035.graph,data/tsp_graphs/tsp_6035.graph,5,15,False,-0.6544266,-0.5493385
tsp_6036.graph,data/tsp_graphs/tsp_6036.graph,6,20,True,1.1158485,0.12227458
tsp_6037.graph,data/tsp_graphs/tsp_6037.graph,9,10,False,-1.9138412,0.2155233
tsp_6038.graph,data/tsp_graphs/tsp_6038.graph,7,20,True,-0.0884552,0.15722972
tsp_6039.graph,data/tsp_graphs/tsp_6039.graph,7,10,False,-1.4784412,-0.67116916
tsp_604.graph,data/tsp_graphs/tsp_604.graph,6,10,True,2.285057,-0.20420966
tsp_6040.graph,data/tsp_graphs/tsp_6040.graph,7,20,True,0.17694855,-0.059786975
tsp_6041.graph,data/tsp_graphs/tsp_6041.graph,8,10,False,-0.3698759,-0.3242997
tsp_6042.graph,data/tsp_graphs/tsp_6042.graph,8,15,True,0.5706291,0.009988248
tsp_6043.graph,data/tsp_graphs/tsp_6043.graph,8,10,False,-2.3341064,0.0723111
tsp_6044.graph,data/tsp_graphs/tsp_6044.graph,7,20,True,0.25060272,0.031578243
tsp_6045.graph,data/tsp_graphs/tsp_6045.graph,8,10,False,-0.15242004,0.06046599
tsp_6046.graph,data/tsp_graphs/tsp_6046.graph,6,20,True,0.3666649,0.29607362
tsp_6047.graph,data/tsp_graphs/tsp_6047.graph,7,10,False,-0.8034439,-0.3655275
tsp_6048.graph,data/tsp_graphs/tsp_6048.graph,7,10,True,0.71411896,-0.42661178
tsp_6049.graph,data/tsp_graphs/tsp_6049.graph,6,10,False,-0.23032379,-0.41365042
tsp_605.graph,data/tsp_graphs/tsp_605.graph,7,15,False,-2.4893837,0.08354741
tsp_6050.graph,data/tsp_graphs/tsp_6050.graph,10,10,True,0.5530491,0.06960893
tsp_6051.graph,data/tsp_graphs/tsp_6051.graph,7,20,False,-2.0230103,0.13101298
tsp_6052.graph,data/tsp_graphs/tsp_6052.graph,9,15,True,1.4032812,-0.04237908
tsp_6053.graph,data/tsp_graphs/tsp_6053.graph,10,15,False,-0.62824893,0.76889235
tsp_6054.graph,data/tsp_graphs/tsp_6054.graph,8,10,True,-0.4732437,0.097650945
tsp_6055.graph,data/tsp_graphs/tsp_6055.graph,6,10,False,-0.9175949,-0.55886555
tsp_6056.graph,data/tsp_graphs/tsp_6056.graph,5,10,True,2.3420258,-0.5294244
tsp_6057.graph,data/tsp_graphs/tsp_6057.graph,10,20,False,1.1550598,0.7279542
tsp_6058.graph,data/tsp_graphs/tsp_6058.graph,7,20,True,0.02494812,0.24458009
tsp_6059.graph,data/tsp_graphs/tsp_6059.graph,5,15,False,0.12544632,-0.81830317
tsp_606.graph,data/tsp_graphs/tsp_606.graph,5,20,True,0.5219803,-0.5700947
tsp_6060.graph,data/tsp_graphs/tsp_6060.graph,9,10,True,1.334877,0.42309338
tsp_6061.graph,data/tsp_graphs/tsp_6061.graph,6,20,False,-1.0461578,-0.2663515
tsp_6062.graph,data/tsp_graphs/tsp_6062.graph,8,20,True,-0.7281685,0.15538388
tsp_6063.graph,data/tsp_graphs/tsp_6063.graph,5,10,False,-0.6362686,-0.65291685
tsp_6064.graph,data/tsp_graphs/tsp_6064.graph,7,20,True,0.6496171,0.24524993
tsp_6065.graph,data/tsp_graphs/tsp_6065.graph,6,10,False,-0.51795197,-0.5327189
tsp_6066.graph,data/tsp_graphs/tsp_6066.graph,6,15,True,1.9154873,-0.15810752
tsp_6067.graph,data/tsp_graphs/tsp_6067.graph,9,15,False,2.0391693,0.7698706
tsp_6068.graph,data/tsp_graphs/tsp_6068.graph,9,15,True,-1.0655589,0.6302274
tsp_6069.graph,data/tsp_graphs/tsp_6069.graph,7,15,False,-0.4796641,0.30474603
tsp_607.graph,data/tsp_graphs/tsp_607.graph,9,20,False,-0.13500595,0.74115115
tsp_6070.graph,data/tsp_graphs/tsp_6070.graph,6,15,True,0.22785759,-0.17889234
tsp_6071.graph,data/tsp_graphs/tsp_6071.graph,6,15,False,-0.42974472,-0.58067364
tsp_6072.graph,data/tsp_graphs/tsp_6072.graph,10,20,True,1.4143715,0.88637096
tsp_6073.graph,data/tsp_graphs/tsp_6073.graph,8,10,False,0.13747406,-0.082711846
tsp_6074.graph,data/tsp_graphs/tsp_6074.graph,5,15,True,1.2576962,-0.27112
tsp_6075.graph,data/tsp_graphs/tsp_6075.graph,9,20,False,-0.35555267,0.43900824
tsp_6076.graph,data/tsp_graphs/tsp_6076.graph,10,20,True,-0.25222778,0.2703569
tsp_6077.graph,data/tsp_graphs/tsp_6077.graph,7,20,False,-0.18723297,0.088525355
tsp_6078.graph,data/tsp_graphs/tsp_6078.graph,6,10,True,-1.297699,-0.7762036
tsp_6079.graph,data/tsp_graphs/tsp_6079.graph,7,15,False,-1.1785336,-0.14161983
tsp_608.graph,data/tsp_graphs/tsp_608.graph,7,10,True,0.35810852,-0.26962662
tsp_6080.graph,data/tsp_graphs/tsp_6080.graph,9,15,True,1.6470113,0.48855692
tsp_6081.graph,data/tsp_graphs/tsp_6081.graph,7,10,False,-0.9999008,-0.15965527
tsp_6082.graph,data/tsp_graphs/tsp_6082.graph,10,15,True,0.8149452,0.393977
tsp_6083.graph,data/tsp_graphs/tsp_6083.graph,5,20,False,-0.8643532,-0.33466423
tsp_6084.graph,data/tsp_graphs/tsp_6084.graph,10,15,True,1.5099306,0.9006273
tsp_6085.graph,data/tsp_graphs/tsp_6085.graph,6,20,False,-0.84197617,-0.0070093274
tsp_6086.graph,data/tsp_graphs/tsp_6086.graph,7,10,True,0.34483337,-0.059047997
tsp_6087.graph,data/tsp_graphs/tsp_6087.graph,9,20,False,-1.03302,0.70497566
tsp_6088.graph,data/tsp_graphs/tsp_6088.graph,9,20,True,0.5586853,0.31949896
tsp_6089.graph,data/tsp_graphs/tsp_6089.graph,9,20,False,0.10902405,0.3366388
tsp_609.graph,data/tsp_graphs/tsp_609.graph,6,15,False,-1.3854666,-0.332929
tsp_6090.graph,data/tsp_graphs/tsp_6090.graph,6,10,True,1.8298264,-0.2817062
tsp_6091.graph,data/tsp_graphs/tsp_6091.graph,9,10,False,1.1817074,0.19935083
tsp_6092.graph,data/tsp_graphs/tsp_6092.graph,8,20,True,-0.6440735,0.5279196
tsp_6093.graph,data/tsp_graphs/tsp_6093.graph,6,10,False,0.49377823,-0.3911667
tsp_6094.graph,data/tsp_graphs/tsp_6094.graph,6,10,True,3.211319,-0.40517998
tsp_6095.graph,data/tsp_graphs/tsp_6095.graph,8,15,False,-0.45134854,-0.077380836
tsp_6096.graph,data/tsp_graphs/tsp_6096.graph,6,10,True,-0.21340275,-0.9560604
tsp_6097.graph,data/tsp_graphs/tsp_6097.graph,7,10,False,1.7249756,-0.0022249818
tsp_6098.graph,data/tsp_graphs/tsp_6098.graph,7,10,True,1.2245483,-0.027095944
tsp_6099.graph,data/tsp_graphs/tsp_6099.graph,6,15,False,0.0063056946,-0.25679556
tsp_61.graph,data/tsp_graphs/tsp_61.graph,5,20,False,-0.447567,-0.19527346
tsp_610.graph,data/tsp_graphs/tsp_610.graph,7,15,True,0.7487241,-0.39529067
tsp_6100.graph,data/tsp_graphs/tsp_6100.graph,10,10,True,2.0565338,0.4923315
tsp_6101.graph,data/tsp_graphs/tsp_6101.graph,9,20,False,-1.5152702,0.2584092
tsp_6102.graph,data/tsp_graphs/tsp_6102.graph,10,15,True,-0.3962822,0.6160355
tsp_6103.graph,data/tsp_graphs/tsp_6103.graph,8,15,False,0.9426789,0.07704121
tsp_6104.graph,data/tsp_graphs/tsp_6104.graph,8,10,True,-0.37182236,-0.22240329
tsp_6105.graph,data/tsp_graphs/tsp_6105.graph,9,10,False,-0.54582214,0.2934168
tsp_6106.graph,data/tsp_graphs/tsp_6106.graph,5,10,True,-0.03993225,-0.6804036
tsp_6107.graph,data/tsp_graphs/tsp_6107.graph,6,10,False,-1.0395966,-0.4663765
tsp_6108.graph,data/tsp_graphs/tsp_6108.graph,10,10,True,1.0734787,0.23384947
tsp_6109.graph,data/tsp_graphs/tsp_6109.graph,5,10,False,-0.7620163,-0.7957486
tsp_611.graph,data/tsp_graphs/tsp_611.graph,6,15,False,-0.6211567,-0.39934784
tsp_6110.graph,data/tsp_graphs/tsp_6110.graph,10,20,True,1.0237427,0.5800765
tsp_6111.graph,data/tsp_graphs/tsp_6111.graph,10,10,False,1.0977621,0.22956038
tsp_6112.graph,data/tsp_graphs/tsp_6112.graph,8,15,True,1.6942837,0.5462864
tsp_6113.graph,data/tsp_graphs/tsp_6113.graph,5,15,False,-0.754509,-0.26753795
tsp_6114.graph,data/tsp_graphs/tsp_6114.graph,6,10,True,-1.0545082,-0.5741876
tsp_6115.graph,data/tsp_graphs/tsp_6115.graph,10,20,False,-1.0043564,0.8398779
tsp_6116.graph,data/tsp_graphs/tsp_6116.graph,9,15,True,-0.5214653,0.33476728
tsp_6117.graph,data/tsp_graphs/tsp_6117.graph,6,20,False,-0.5820236,-0.24750376
tsp_6118.graph,data/tsp_graphs/tsp_6118.graph,7,10,True,-0.06718445,-0.010053158
tsp_6119.graph,data/tsp_graphs/tsp_6119.graph,5,20,False,0.06184578,-0.4875349
tsp_612.graph,data/tsp_graphs/tsp_612.graph,6,15,True,-0.37029266,-0.37640953
tsp_6120.graph,data/tsp_graphs/tsp_6120.graph,10,10,True,-0.62047195,0.39406282
tsp_6121.graph,data/tsp_graphs/tsp_6121.graph,7,20,False,-0.053726196,0.2717126
tsp_6122.graph,data/tsp_graphs/tsp_6122.graph,5,20,True,0.14662552,-0.39517748
tsp_6123.graph,data/tsp_graphs/tsp_6123.graph,6,20,False,-0.24228668,0.15348333
tsp_6124.graph,data/tsp_graphs/tsp_6124.graph,6,20,True,0.38201904,-0.079888344
tsp_6125.graph,data/tsp_graphs/tsp_6125.graph,10,15,False,0.6235504,0.48672444
tsp_6126.graph,data/tsp_graphs/tsp_6126.graph,5,20,True,0.8322296,-0.43811408
tsp_6127.graph,data/tsp_graphs/tsp_6127.graph,7,10,False,-1.2686157,-0.09431788
tsp_6128.graph,data/tsp_graphs/tsp_6128.graph,7,20,True,-0.54623413,0.3294825
tsp_6129.graph,data/tsp_graphs/tsp_6129.graph,9,10,False,-1.6634827,0.16796511
tsp_613.graph,data/tsp_graphs/tsp_613.graph,9,20,False,-0.5366516,0.6887453
tsp_6130.graph,data/tsp_graphs/tsp_6130.graph,10,10,True,0.87231064,0.09794992
tsp_6131.graph,data/tsp_graphs/tsp_6131.graph,10,15,False,-1.2312355,0.388623
tsp_6132.graph,data/tsp_graphs/tsp_6132.graph,6,15,True,1.4834328,-0.10513428
tsp_6133.graph,data/tsp_graphs/tsp_6133.graph,7,20,False,0.43299866,-0.007243842
tsp_6134.graph,data/tsp_graphs/tsp_6134.graph,5,15,True,0.55150986,-0.7867188
tsp_6135.graph,data/tsp_graphs/tsp_6135.graph,9,15,False,-0.109734535,0.7373416
tsp_6136.graph,data/tsp_graphs/tsp_6136.graph,7,10,True,1.0585938,-0.49445844
tsp_6137.graph,data/tsp_graphs/tsp_6137.graph,10,10,False,-0.82494354,0.39020544
tsp_6138.graph,data/tsp_graphs/tsp_6138.graph,8,20,True,1.2992172,0.4230513
tsp_6139.graph,data/tsp_graphs/tsp_6139.graph,8,15,False,-0.19690323,0.022503912
tsp_614.graph,data/tsp_graphs/tsp_614.graph,7,20,True,-0.39891815,-0.15168107
tsp_6140.graph,data/tsp_graphs/tsp_6140.graph,10,10,True,-0.29379845,0.10890442
tsp_6141.graph,data/tsp_graphs/tsp_6141.graph,9,15,False,1.1656532,0.25516015
tsp_6142.graph,data/tsp_graphs/tsp_6142.graph,6,15,True,-0.44623375,-0.22158346
tsp_6143.graph,data/tsp_graphs/tsp_6143.graph,5,10,False,0.06316376,-0.840467
tsp_6144.graph,data/tsp_graphs/tsp_6144.graph,7,15,True,2.4641232,-0.057407945
tsp_6145.graph,data/tsp_graphs/tsp_6145.graph,6,15,False,-2.402542,-0.6131446
tsp_6146.graph,data/tsp_graphs/tsp_6146.graph,6,15,True,-0.48743534,-0.2806137
tsp_6147.graph,data/tsp_graphs/tsp_6147.graph,9,15,False,0.5256386,0.48227352
tsp_6148.graph,data/tsp_graphs/tsp_6148.graph,7,15,True,0.21692657,0.23436809
tsp_6149.graph,data/tsp_graphs/tsp_6149.graph,8,10,False,-0.26602554,-0.114670396
tsp_615.graph,data/tsp_graphs/tsp_615.graph,5,15,False,-0.8008766,-0.7655456
tsp_6150.graph,data/tsp_graphs/tsp_6150.graph,8,20,True,-0.8169708,0.18426263
tsp_6151.graph,data/tsp_graphs/tsp_6151.graph,6,15,False,-0.6867523,-0.045324385
tsp_6152.graph,data/tsp_graphs/tsp_6152.graph,10,10,True,1.7523956,0.40260667
tsp_6153.graph,data/tsp_graphs/tsp_6153.graph,7,10,False,0.7488556,-0.13210922
tsp_6154.graph,data/tsp_graphs/tsp_6154.graph,8,10,True,1.6904697,0.13923025
tsp_6155.graph,data/tsp_graphs/tsp_6155.graph,9,10,False,0.096328735,0.37772405
tsp_6156.graph,data/tsp_graphs/tsp_6156.graph,5,10,True,1.6816635,-0.53545517
tsp_6157.graph,data/tsp_graphs/tsp_6157.graph,9,10,False,-0.7928467,0.2027964
tsp_6158.graph,data/tsp_graphs/tsp_6158.graph,5,15,True,0.08837509,-0.47232753
tsp_6159.graph,data/tsp_graphs/tsp_6159.graph,9,15,False,-2.373209,0.5830894
tsp_616.graph,data/tsp_graphs/tsp_616.graph,8,15,True,1.092433,0.3689893
tsp_6160.graph,data/tsp_graphs/tsp_6160.graph,10,10,True,1.7781067,0.37718278
tsp_6161.graph,data/tsp_graphs/tsp_6161.graph,5,20,False,-0.5897188,-0.23031855
tsp_6162.graph,data/tsp_graphs/tsp_6162.graph,7,20,True,1.0791321,0.07910776
tsp_6163.graph,data/tsp_graphs/tsp_6163.graph,6,10,False,-0.08370972,-0.7555208
tsp_6164.graph,data/tsp_graphs/tsp_6164.graph,9,20,True,-0.8408928,0.45627207
tsp_6165.graph,data/tsp_graphs/tsp_6165.graph,8,20,False,0.9119644,0.49352342
tsp_6166.graph,data/tsp_graphs/tsp_6166.graph,8,10,True,2.0721703,-0.22182128
tsp_6167.graph,data/tsp_graphs/tsp_6167.graph,7,15,False,1.0631752,-0.035143554
tsp_6168.graph,data/tsp_graphs/tsp_6168.graph,7,15,True,1.287045,-0.13283184
tsp_6169.graph,data/tsp_graphs/tsp_6169.graph,8,15,False,-0.43844795,0.3901803
tsp_617.graph,data/tsp_graphs/tsp_617.graph,6,10,False,-0.45042038,-0.8103825
tsp_6170.graph,data/tsp_graphs/tsp_6170.graph,5,20,True,0.26042175,-0.3145653
tsp_6171.graph,data/tsp_graphs/tsp_6171.graph,5,10,False,0.010681152,-0.61621463
tsp_6172.graph,data/tsp_graphs/tsp_6172.graph,7,15,True,-0.3779087,-0.31735766
tsp_6173.graph,data/tsp_graphs/tsp_6173.graph,5,10,False,-1.1259384,-0.73249906
tsp_6174.graph,data/tsp_graphs/tsp_6174.graph,6,10,True,1.2720184,-0.38326183
tsp_6175.graph,data/tsp_graphs/tsp_6175.graph,5,20,False,-0.06266308,-0.39808798
tsp_6176.graph,data/tsp_graphs/tsp_6176.graph,8,20,True,1.5786285,0.3166116
tsp_6177.graph,data/tsp_graphs/tsp_6177.graph,10,10,False,-2.1099396,0.54617435
tsp_6178.graph,data/tsp_graphs/tsp_6178.graph,5,15,True,-0.6613884,-0.5254519
tsp_6179.graph,data/tsp_graphs/tsp_6179.graph,10,15,False,-0.15243983,0.79429895
tsp_618.graph,data/tsp_graphs/tsp_618.graph,8,10,True,1.8831482,0.18651229
tsp_6180.graph,data/tsp_graphs/tsp_6180.graph,10,15,True,1.2231369,0.54380757
tsp_6181.graph,data/tsp_graphs/tsp_6181.graph,5,15,False,-0.80608934,-0.37399983
tsp_6182.graph,data/tsp_graphs/tsp_6182.graph,6,15,True,0.9432144,-0.19127315
tsp_6183.graph,data/tsp_graphs/tsp_6183.graph,5,10,False,0.51060677,-0.7673841
tsp_6184.graph,data/tsp_graphs/tsp_6184.graph,8,15,True,1.1511548,-0.15020335
tsp_6185.graph,data/tsp_graphs/tsp_6185.graph,8,15,False,-1.1389256,-0.16486397
tsp_6186.graph,data/tsp_graphs/tsp_6186.graph,7,15,True,-0.65039873,-0.058605433
tsp_6187.graph,data/tsp_graphs/tsp_6187.graph,9,15,False,0.30887985,0.1247977
tsp_6188.graph,data/tsp_graphs/tsp_6188.graph,5,10,True,1.8172913,-0.7072215
tsp_6189.graph,data/tsp_graphs/tsp_6189.graph,7,10,False,-1.6897202,0.03423077
tsp_619.graph,data/tsp_graphs/tsp_619.graph,10,20,False,0.31461334,0.5304063
tsp_6190.graph,data/tsp_graphs/tsp_6190.graph,9,15,True,0.52287674,0.11019254
tsp_6191.graph,data/tsp_graphs/tsp_6191.graph,10,20,False,-1.4864578,0.38143414
tsp_6192.graph,data/tsp_graphs/tsp_6192.graph,9,10,True,-0.8101425,0.3859306
tsp_6193.graph,data/tsp_graphs/tsp_6193.graph,8,20,False,0.75372314,0.14295489
tsp_6194.graph,data/tsp_graphs/tsp_6194.graph,9,15,True,0.8124779,0.65401644
tsp_6195.graph,data/tsp_graphs/tsp_6195.graph,9,10,False,0.109012604,-0.12666467
tsp_6196.graph,data/tsp_graphs/tsp_6196.graph,6,15,True,0.053066254,-0.49002725
tsp_6197.graph,data/tsp_graphs/tsp_6197.graph,8,15,False,-0.0856235,-0.17713097
tsp_6198.graph,data/tsp_graphs/tsp_6198.graph,10,10,True,-0.5221596,-0.15971485
tsp_6199.graph,data/tsp_graphs/tsp_6199.graph,7,20,False,0.01702118,0.34658092
tsp_62.graph,data/tsp_graphs/tsp_62.graph,7,10,True,0.9120331,-0.06157732
tsp_620.graph,data/tsp_graphs/tsp_620.graph,7,10,True,-1.4780922,-0.37240946
tsp_6200.graph,data/tsp_graphs/tsp_6200.graph,9,20,True,-0.83091736,0.5606858
tsp_6201.graph,data/tsp_graphs/tsp_6201.graph,7,20,False,-0.8475418,-0.010296285
tsp_6202.graph,data/tsp_graphs/tsp_6202.graph,5,10,True,0.06399536,-0.6005709
tsp_6203.graph,data/tsp_graphs/tsp_6203.graph,9,15,False,-0.1131134,0.55756754
tsp_6204.graph,data/tsp_graphs/tsp_6204.graph,9,10,True,0.9346199,0.23624325
tsp_6205.graph,data/tsp_graphs/tsp_6205.graph,5,20,False,-0.34028876,-0.08840114
tsp_6206.graph,data/tsp_graphs/tsp_6206.graph,10,20,True,-0.48536682,0.5098404
tsp_6207.graph,data/tsp_graphs/tsp_6207.graph,5,10,False,-1.848362,-0.97494173
tsp_6208.graph,data/tsp_graphs/tsp_6208.graph,10,20,True,0.07841492,0.69910604
tsp_6209.graph,data/tsp_graphs/tsp_6209.graph,8,10,False,-0.52106094,-0.35306236
tsp_621.graph,data/tsp_graphs/tsp_621.graph,7,10,False,-0.1269455,-0.32427832
tsp_6210.graph,data/tsp_graphs/tsp_6210.graph,10,15,True,0.5802841,0.4916516
tsp_6211.graph,data/tsp_graphs/tsp_6211.graph,10,20,False,-0.4969864,0.47644478
tsp_6212.graph,data/tsp_graphs/tsp_6212.graph,6,15,True,0.24716377,-0.19426826
tsp_6213.graph,data/tsp_graphs/tsp_6213.graph,10,15,False,1.1334276,0.75519913
tsp_6214.graph,data/tsp_graphs/tsp_6214.graph,10,15,True,-1.0808382,0.787911
tsp_6215.graph,data/tsp_graphs/tsp_6215.graph,9,15,False,-0.87606907,0.7162569
tsp_6216.graph,data/tsp_graphs/tsp_6216.graph,6,10,True,0.97772217,-0.49845588
tsp_6217.graph,data/tsp_graphs/tsp_6217.graph,7,20,False,0.85331535,0.17831337
tsp_6218.graph,data/tsp_graphs/tsp_6218.graph,8,10,True,1.8108826,0.064510584
tsp_6219.graph,data/tsp_graphs/tsp_6219.graph,6,15,False,-2.4173355,-0.35423976
tsp_622.graph,data/tsp_graphs/tsp_622.graph,7,10,True,-0.53113556,-0.042048693
tsp_6220.graph,data/tsp_graphs/tsp_6220.graph,7,15,True,-0.502213,-0.134047
tsp_6221.graph,data/tsp_graphs/tsp_6221.graph,10,15,False,0.3295033,0.80796224
tsp_6222.graph,data/tsp_graphs/tsp_6222.graph,7,10,True,1.2593994,-0.215857
tsp_6223.graph,data/tsp_graphs/tsp_6223.graph,5,20,False,-1.203701,-0.4926828
tsp_6224.graph,data/tsp_graphs/tsp_6224.graph,7,20,True,-1.1609612,-0.31578985
tsp_6225.graph,data/tsp_graphs/tsp_6225.graph,6,20,False,-1.0868568,0.25073022
tsp_6226.graph,data/tsp_graphs/tsp_6226.graph,5,20,True,0.15129852,-0.17748007
tsp_6227.graph,data/tsp_graphs/tsp_6227.graph,7,15,False,-1.2186916,-0.3388403
tsp_6228.graph,data/tsp_graphs/tsp_6228.graph,7,15,True,-0.42645764,-0.44063935
tsp_6229.graph,data/tsp_graphs/tsp_6229.graph,8,10,False,0.6485214,0.031117797
tsp_623.graph,data/tsp_graphs/tsp_623.graph,7,20,False,-0.30893707,-0.12407616
tsp_6230.graph,data/tsp_graphs/tsp_6230.graph,6,20,True,-0.5012264,0.018684149
tsp_6231.graph,data/tsp_graphs/tsp_6231.graph,9,15,False,0.46868515,0.19586289
tsp_6232.graph,data/tsp_graphs/tsp_6232.graph,8,20,True,1.3786545,0.58496386
tsp_6233.graph,data/tsp_graphs/tsp_6233.graph,10,15,False,0.13633347,0.44431412
tsp_6234.graph,data/tsp_graphs/tsp_6234.graph,7,15,True,0.702796,0.21794075
tsp_6235.graph,data/tsp_graphs/tsp_6235.graph,8,10,False,-0.35025787,-0.26726258
tsp_6236.graph,data/tsp_graphs/tsp_6236.graph,6,20,True,-0.39016724,-0.42099145
tsp_6237.graph,data/tsp_graphs/tsp_6237.graph,8,10,False,-1.405777,0.35413796
tsp_6238.graph,data/tsp_graphs/tsp_6238.graph,10,20,True,1.7554092,0.8328336
tsp_6239.graph,data/tsp_graphs/tsp_6239.graph,9,10,False,-0.10932922,0.49789047
tsp_624.graph,data/tsp_graphs/tsp_624.graph,7,20,True,-0.5013466,0.04153061
tsp_6240.graph,data/tsp_graphs/tsp_6240.graph,8,15,True,0.60821915,0.18972778
tsp_6241.graph,data/tsp_graphs/tsp_6241.graph,7,15,False,0.45441818,-0.040338278
tsp_6242.graph,data/tsp_graphs/tsp_6242.graph,9,10,True,1.6224442,0.4915008
tsp_6243.graph,data/tsp_graphs/tsp_6243.graph,8,15,False,-0.35234642,-0.078300536
tsp_6244.graph,data/tsp_graphs/tsp_6244.graph,5,10,True,0.29735565,-0.7724149
tsp_6245.graph,data/tsp_graphs/tsp_6245.graph,8,10,False,-1.2937908,-0.352177
tsp_6246.graph,data/tsp_graphs/tsp_6246.graph,6,10,True,-0.8210635,-0.8159276
tsp_6247.graph,data/tsp_graphs/tsp_6247.graph,10,15,False,-0.09934759,0.7475861
tsp_6248.graph,data/tsp_graphs/tsp_6248.graph,9,10,True,1.1730614,0.102288246
tsp_6249.graph,data/tsp_graphs/tsp_6249.graph,8,20,False,0.37365723,0.45525104
tsp_625.graph,data/tsp_graphs/tsp_625.graph,5,15,False,0.5720053,-0.8210223
tsp_6250.graph,data/tsp_graphs/tsp_6250.graph,6,15,True,0.009946823,-0.40899396
tsp_6251.graph,data/tsp_graphs/tsp_6251.graph,6,15,False,-0.6731043,-0.23099995
tsp_6252.graph,data/tsp_graphs/tsp_6252.graph,9,15,True,1.5662737,0.60937005
tsp_6253.graph,data/tsp_graphs/tsp_6253.graph,5,15,False,0.6640091,-0.48634803
tsp_6254.graph,data/tsp_graphs/tsp_6254.graph,7,20,True,-0.2550888,0.51995116
tsp_6255.graph,data/tsp_graphs/tsp_6255.graph,10,10,False,0.04204178,0.36975342
tsp_6256.graph,data/tsp_graphs/tsp_6256.graph,9,15,True,1.4099426,0.11480576
tsp_6257.graph,data/tsp_graphs/tsp_6257.graph,6,20,False,-0.19678211,0.16156143
tsp_6258.graph,data/tsp_graphs/tsp_6258.graph,6,20,True,-0.49591827,0.32147247
tsp_6259.graph,data/tsp_graphs/tsp_6259.graph,10,20,False,-0.52658844,0.7846678
tsp_626.graph,data/tsp_graphs/tsp_626.graph,9,10,True,3.0745544,0.024956942
tsp_6260.graph,data/tsp_graphs/tsp_6260.graph,7,15,True,1.0572662,0.03757274
tsp_6261.graph,data/tsp_graphs/tsp_6261.graph,8,20,False,-1.3811646,0.3920688
tsp_6262.graph,data/tsp_graphs/tsp_6262.graph,8,15,True,-0.38448715,0.07260275
tsp_6263.graph,data/tsp_graphs/tsp_6263.graph,8,20,False,-0.6940994,0.31475896
tsp_6264.graph,data/tsp_graphs/tsp_6264.graph,10,15,True,-0.2674265,0.7034804
tsp_6265.graph,data/tsp_graphs/tsp_6265.graph,5,20,False,-0.7622895,-0.066052675
tsp_6266.graph,data/tsp_graphs/tsp_6266.graph,10,10,True,-0.06484032,0.4291033
tsp_6267.graph,data/tsp_graphs/tsp_6267.graph,5,15,False,0.37704659,-0.5968663
tsp_6268.graph,data/tsp_graphs/tsp_6268.graph,9,15,True,0.62210464,0.15122175
tsp_6269.graph,data/tsp_graphs/tsp_6269.graph,5,15,False,0.5910187,-0.72861207
tsp_627.graph,data/tsp_graphs/tsp_627.graph,5,15,False,-0.44818115,-0.73501116
tsp_6270.graph,data/tsp_graphs/tsp_6270.graph,6,20,True,0.89888,0.021900833
tsp_6271.graph,data/tsp_graphs/tsp_6271.graph,6,15,False,0.5137892,-0.27378273
tsp_6272.graph,data/tsp_graphs/tsp_6272.graph,5,10,True,1.8063499,-0.861656
tsp_6273.graph,data/tsp_graphs/tsp_6273.graph,6,20,False,0.25506592,0.119793415
tsp_6274.graph,data/tsp_graphs/tsp_6274.graph,6,10,True,-0.4471225,-1.0883763
tsp_6275.graph,data/tsp_graphs/tsp_6275.graph,7,20,False,0.88154984,-0.0430699
tsp_6276.graph,data/tsp_graphs/tsp_6276.graph,9,20,True,1.2717056,0.51118726
tsp_6277.graph,data/tsp_graphs/tsp_6277.graph,8,10,False,-1.4717026,-0.359419
tsp_6278.graph,data/tsp_graphs/tsp_6278.graph,7,20,True,0.6905899,0.09107679
tsp_6279.graph,data/tsp_graphs/tsp_6279.graph,7,10,False,-2.2026138,-0.07638341
tsp_628.graph,data/tsp_graphs/tsp_628.graph,7,10,True,-0.9671211,-0.17133915
tsp_6280.graph,data/tsp_graphs/tsp_6280.graph,9,15,True,0.37871742,0.089049995
tsp_6281.graph,data/tsp_graphs/tsp_6281.graph,10,20,False,-0.31929016,0.661856
tsp_6282.graph,data/tsp_graphs/tsp_6282.graph,8,10,True,1.1837845,0.012633264
tsp_6283.graph,data/tsp_graphs/tsp_6283.graph,9,20,False,-1.290123,0.44966346
tsp_6284.graph,data/tsp_graphs/tsp_6284.graph,10,15,True,1.6613531,0.5784511
tsp_6285.graph,data/tsp_graphs/tsp_6285.graph,8,20,False,-0.22924042,0.29687822
tsp_6286.graph,data/tsp_graphs/tsp_6286.graph,6,10,True,-1.0708485,-0.69732004
tsp_6287.graph,data/tsp_graphs/tsp_6287.graph,8,15,False,-1.0111494,0.41209447
tsp_6288.graph,data/tsp_graphs/tsp_6288.graph,6,10,True,2.0794601,-0.25434712
tsp_6289.graph,data/tsp_graphs/tsp_6289.graph,7,10,False,-1.0699348,-0.27426738
tsp_629.graph,data/tsp_graphs/tsp_629.graph,6,15,False,-2.7801495,-0.18071502
tsp_6290.graph,data/tsp_graphs/tsp_6290.graph,10,20,True,0.5885849,0.49427146
tsp_6291.graph,data/tsp_graphs/tsp_6291.graph,5,15,False,-1.855957,-0.49621442
tsp_6292.graph,data/tsp_graphs/tsp_6292.graph,8,10,True,2.3728485,-0.16598466
tsp_6293.graph,data/tsp_graphs/tsp_6293.graph,8,15,False,0.1893847,-0.043412447
tsp_6294.graph,data/tsp_graphs/tsp_6294.graph,8,15,True,1.7098678,0.55365497
tsp_6295.graph,data/tsp_graphs/tsp_6295.graph,7,15,False,-0.9037647,-0.15018779
tsp_6296.graph,data/tsp_graphs/tsp_6296.graph,10,10,True,0.7730503,0.17129791
tsp_6297.graph,data/tsp_graphs/tsp_6297.graph,10,10,False,1.1079044,0.06258994
tsp_6298.graph,data/tsp_graphs/tsp_6298.graph,10,20,True,1.8771057,0.795809
tsp_6299.graph,data/tsp_graphs/tsp_6299.graph,9,20,False,-1.4235306,0.56001574
tsp_63.graph,data/tsp_graphs/tsp_63.graph,9,20,False,-0.020385742,0.50199676
tsp_630.graph,data/tsp_graphs/tsp_630.graph,10,10,True,2.3718643,0.46989793
tsp_6300.graph,data/tsp_graphs/tsp_6300.graph,5,20,True,-0.40411377,-0.33116812
tsp_6301.graph,data/tsp_graphs/tsp_6301.graph,9,15,False,0.48062515,0.2600997
tsp_6302.graph,data/tsp_graphs/tsp_6302.graph,10,15,True,0.017803192,0.60852057
tsp_6303.graph,data/tsp_graphs/tsp_6303.graph,5,10,False,0.38342285,-0.71796274
tsp_6304.graph,data/tsp_graphs/tsp_6304.graph,7,15,True,-0.49435997,-0.2583578
tsp_6305.graph,data/tsp_graphs/tsp_6305.graph,8,15,False,-0.05608368,0.19045967
tsp_6306.graph,data/tsp_graphs/tsp_6306.graph,6,15,True,-0.6601925,-0.15422618
tsp_6307.graph,data/tsp_graphs/tsp_6307.graph,9,20,False,-0.97569275,0.39253253
tsp_6308.graph,data/tsp_graphs/tsp_6308.graph,9,15,True,0.30000687,0.15331489
tsp_6309.graph,data/tsp_graphs/tsp_6309.graph,6,20,False,0.13712311,-0.019057512
tsp_631.graph,data/tsp_graphs/tsp_631.graph,7,10,False,0.51847076,-0.33078745
tsp_6310.graph,data/tsp_graphs/tsp_6310.graph,8,10,True,2.0416527,-0.04420364
tsp_6311.graph,data/tsp_graphs/tsp_6311.graph,5,20,False,0.43933105,-0.38630068
tsp_6312.graph,data/tsp_graphs/tsp_6312.graph,6,10,True,0.93148804,-0.40742782
tsp_6313.graph,data/tsp_graphs/tsp_6313.graph,9,20,False,-1.4017029,0.50938946
tsp_6314.graph,data/tsp_graphs/tsp_6314.graph,7,10,True,0.698616,-0.3682508
tsp_6315.graph,data/tsp_graphs/tsp_6315.graph,6,15,False,-0.13028526,-0.3085968
tsp_6316.graph,data/tsp_graphs/tsp_6316.graph,10,10,True,0.5092163,0.47538227
tsp_6317.graph,data/tsp_graphs/tsp_6317.graph,9,10,False,0.7655411,0.36529166
tsp_6318.graph,data/tsp_graphs/tsp_6318.graph,6,10,True,-0.6194687,-0.49047276
tsp_6319.graph,data/tsp_graphs/tsp_6319.graph,9,20,False,-0.5721321,0.7864067
tsp_632.graph,data/tsp_graphs/tsp_632.graph,10,15,True,1.1313771,0.812825
tsp_6320.graph,data/tsp_graphs/tsp_6320.graph,9,15,True,-0.6327863,0.70474607
tsp_6321.graph,data/tsp_graphs/tsp_6321.graph,6,15,False,0.28726864,0.11612791
tsp_6322.graph,data/tsp_graphs/tsp_6322.graph,7,20,True,-0.29021072,-0.26629928
tsp_6323.graph,data/tsp_graphs/tsp_6323.graph,10,10,False,-2.8414688,0.2919855
tsp_6324.graph,data/tsp_graphs/tsp_6324.graph,9,20,True,-0.3397827,0.44806868
tsp_6325.graph,data/tsp_graphs/tsp_6325.graph,10,20,False,0.0631485,0.7190905
tsp_6326.graph,data/tsp_graphs/tsp_6326.graph,10,20,True,-0.12487793,0.81238085
tsp_6327.graph,data/tsp_graphs/tsp_6327.graph,5,15,False,-0.75548553,-0.690868
tsp_6328.graph,data/tsp_graphs/tsp_6328.graph,10,10,True,0.7199249,0.39071494
tsp_6329.graph,data/tsp_graphs/tsp_6329.graph,7,15,False,0.4610691,0.066179395
tsp_633.graph,data/tsp_graphs/tsp_633.graph,9,15,False,0.0013160706,0.56594235
tsp_6330.graph,data/tsp_graphs/tsp_6330.graph,9,20,True,0.9928818,0.7499096
tsp_6331.graph,data/tsp_graphs/tsp_6331.graph,6,20,False,-0.4164276,-0.18156978
tsp_6332.graph,data/tsp_graphs/tsp_6332.graph,8,20,True,-0.23274231,0.35221893
tsp_6333.graph,data/tsp_graphs/tsp_6333.graph,5,20,False,-1.1912556,-0.024511606
tsp_6334.graph,data/tsp_graphs/tsp_6334.graph,8,20,True,1.6186447,0.5413044
tsp_6335.graph,data/tsp_graphs/tsp_6335.graph,8,10,False,-2.0466385,0.14971435
tsp_6336.graph,data/tsp_graphs/tsp_6336.graph,5,20,True,0.5319958,-0.16493419
tsp_6337.graph,data/tsp_graphs/tsp_6337.graph,8,15,False,-0.95539284,0.45330846
tsp_6338.graph,data/tsp_graphs/tsp_6338.graph,8,10,True,0.9047928,0.035638034
tsp_6339.graph,data/tsp_graphs/tsp_6339.graph,6,10,False,-0.2885666,-0.23138475
tsp_634.graph,data/tsp_graphs/tsp_634.graph,7,15,True,0.54712486,-0.11419922
tsp_6340.graph,data/tsp_graphs/tsp_6340.graph,6,15,True,0.5422363,-0.24738689
tsp_6341.graph,data/tsp_graphs/tsp_6341.graph,8,10,False,-3.0268478,-0.032357216
tsp_6342.graph,data/tsp_graphs/tsp_6342.graph,9,10,True,0.6976166,-0.023426235
tsp_6343.graph,data/tsp_graphs/tsp_6343.graph,6,15,False,0.56221485,-0.035406113
tsp_6344.graph,data/tsp_graphs/tsp_6344.graph,6,10,True,0.45270538,-0.4126739
tsp_6345.graph,data/tsp_graphs/tsp_6345.graph,8,20,False,-0.1031723,0.4700523
tsp_6346.graph,data/tsp_graphs/tsp_6346.graph,7,20,True,1.578701,-0.1795466
tsp_6347.graph,data/tsp_graphs/tsp_6347.graph,7,15,False,-2.3948326,0.15266043
tsp_6348.graph,data/tsp_graphs/tsp_6348.graph,5,20,True,0.8176842,-0.39584807
tsp_6349.graph,data/tsp_graphs/tsp_6349.graph,8,15,False,0.41716957,0.42519444
tsp_635.graph,data/tsp_graphs/tsp_635.graph,9,20,False,0.906456,0.39759713
tsp_6350.graph,data/tsp_graphs/tsp_6350.graph,9,10,True,-0.6580353,0.3220932
tsp_6351.graph,data/tsp_graphs/tsp_6351.graph,7,10,False,-2.4339447,-0.1595251
tsp_6352.graph,data/tsp_graphs/tsp_6352.graph,8,20,True,0.6241684,0.0659641
tsp_6353.graph,data/tsp_graphs/tsp_6353.graph,7,10,False,-2.9685745,-0.28589725
tsp_6354.graph,data/tsp_graphs/tsp_6354.graph,7,10,True,0.8737602,-0.43954885
tsp_6355.graph,data/tsp_graphs/tsp_6355.graph,7,20,False,0.092983246,0.065522194
tsp_6356.graph,data/tsp_graphs/tsp_6356.graph,7,20,True,1.2944107,0.12178475
tsp_6357.graph,data/tsp_graphs/tsp_6357.graph,5,10,False,0.37862968,-0.91319215
tsp_6358.graph,data/tsp_graphs/tsp_6358.graph,10,20,True,1.1317406,0.93773085
tsp_6359.graph,data/tsp_graphs/tsp_6359.graph,10,15,False,0.7206726,0.4728685
tsp_636.graph,data/tsp_graphs/tsp_636.graph,10,15,True,0.5683594,0.25470775
tsp_6360.graph,data/tsp_graphs/tsp_6360.graph,6,20,True,-1.4543762,-0.19718224
tsp_6361.graph,data/tsp_graphs/tsp_6361.graph,8,10,False,-0.8489399,-0.16755238
tsp_6362.graph,data/tsp_graphs/tsp_6362.graph,8,15,True,0.9241791,0.1641708
tsp_6363.graph,data/tsp_graphs/tsp_6363.graph,10,15,False,1.0139948,0.7600408
tsp_6364.graph,data/tsp_graphs/tsp_6364.graph,10,15,True,1.0382347,0.43934035
tsp_6365.graph,data/tsp_graphs/tsp_6365.graph,6,10,False,-1.3629322,-1.0197655
tsp_6366.graph,data/tsp_graphs/tsp_6366.graph,7,10,True,2.2987518,-0.020941824
tsp_6367.graph,data/tsp_graphs/tsp_6367.graph,9,10,False,-1.1701889,0.23650104
tsp_6368.graph,data/tsp_graphs/tsp_6368.graph,10,10,True,-0.5308094,0.31233865
tsp_6369.graph,data/tsp_graphs/tsp_6369.graph,8,10,False,-1.2655258,-0.27515098
tsp_637.graph,data/tsp_graphs/tsp_637.graph,8,10,False,-1.6663208,0.06548321
tsp_6370.graph,data/tsp_graphs/tsp_6370.graph,9,20,True,1.3104477,0.5854861
tsp_6371.graph,data/tsp_graphs/tsp_6371.graph,5,10,False,-1.1896057,-0.62361014
tsp_6372.graph,data/tsp_graphs/tsp_6372.graph,7,10,True,-0.3187542,-0.48123932
tsp_6373.graph,data/tsp_graphs/tsp_6373.graph,7,10,False,0.20497894,-0.4218926
tsp_6374.graph,data/tsp_graphs/tsp_6374.graph,10,15,True,1.3422233,0.7672351
tsp_6375.graph,data/tsp_graphs/tsp_6375.graph,6,10,False,-0.7060127,-0.46881115
tsp_6376.graph,data/tsp_graphs/tsp_6376.graph,5,10,True,0.48429108,-0.59195757
tsp_6377.graph,data/tsp_graphs/tsp_6377.graph,5,15,False,0.021364212,-0.16628692
tsp_6378.graph,data/tsp_graphs/tsp_6378.graph,7,10,True,-1.0228424,-0.18350172
tsp_6379.graph,data/tsp_graphs/tsp_6379.graph,5,10,False,-0.8007736,-0.32460582
tsp_638.graph,data/tsp_graphs/tsp_638.graph,5,10,True,1.0432434,-0.70279855
tsp_6380.graph,data/tsp_graphs/tsp_6380.graph,6,10,True,-0.7641697,-0.5044671
tsp_6381.graph,data/tsp_graphs/tsp_6381.graph,9,20,False,-3.3341427,0.6257505
tsp_6382.graph,data/tsp_graphs/tsp_6382.graph,8,20,True,-0.5078869,0.44908613
tsp_6383.graph,data/tsp_graphs/tsp_6383.graph,9,20,False,1.1532822,0.6894662
tsp_6384.graph,data/tsp_graphs/tsp_6384.graph,10,10,True,1.4773998,0.12595385
tsp_6385.graph,data/tsp_graphs/tsp_6385.graph,8,20,False,1.0393143,0.18028611
tsp_6386.graph,data/tsp_graphs/tsp_6386.graph,7,15,True,0.064116955,-0.23059201
tsp_6387.graph,data/tsp_graphs/tsp_6387.graph,10,20,False,-0.19004059,0.67544824
tsp_6388.graph,data/tsp_graphs/tsp_6388.graph,6,10,True,0.8046799,-0.073254496
tsp_6389.graph,data/tsp_graphs/tsp_6389.graph,6,10,False,-0.12676239,-0.6668078
tsp_639.graph,data/tsp_graphs/tsp_639.graph,9,20,False,-0.35897446,0.7204097
tsp_6390.graph,data/tsp_graphs/tsp_6390.graph,8,10,True,-0.45497513,-0.38795218
tsp_6391.graph,data/tsp_graphs/tsp_6391.graph,10,20,False,-0.7496033,0.58475417
tsp_6392.graph,data/tsp_graphs/tsp_6392.graph,5,15,True,-0.29193926,-0.21380597
tsp_6393.graph,data/tsp_graphs/tsp_6393.graph,9,10,False,-0.55120087,-0.3139545
tsp_6394.graph,data/tsp_graphs/tsp_6394.graph,5,10,True,-0.9072609,-0.56955105
tsp_6395.graph,data/tsp_graphs/tsp_6395.graph,5,15,False,-0.04471731,-0.533995
tsp_6396.graph,data/tsp_graphs/tsp_6396.graph,8,15,True,0.46176147,0.16232896
tsp_6397.graph,data/tsp_graphs/tsp_6397.graph,8,15,False,-1.4704971,0.31373352
tsp_6398.graph,data/tsp_graphs/tsp_6398.graph,8,10,True,1.0378456,-0.10865554
tsp_6399.graph,data/tsp_graphs/tsp_6399.graph,5,15,False,-1.4968529,-0.42384425
tsp_64.graph,data/tsp_graphs/tsp_64.graph,9,15,True,0.7041168,0.26910073
tsp_640.graph,data/tsp_graphs/tsp_640.graph,7,15,True,-0.4236679,0.28204423
tsp_6400.graph,data/tsp_graphs/tsp_6400.graph,10,20,True,0.6244278,0.62023026
tsp_6401.graph,data/tsp_graphs/tsp_6401.graph,10,20,False,0.5864639,0.7220691
tsp_6402.graph,data/tsp_graphs/tsp_6402.graph,7,20,True,-0.078193665,0.21902168
tsp_6403.graph,data/tsp_graphs/tsp_6403.graph,6,10,False,-1.2362671,-0.4033157
tsp_6404.graph,data/tsp_graphs/tsp_6404.graph,8,10,True,-0.9491577,0.18336362
tsp_6405.graph,data/tsp_graphs/tsp_6405.graph,10,20,False,-0.9350128,0.55618817
tsp_6406.graph,data/tsp_graphs/tsp_6406.graph,9,15,True,-0.4926796,0.5516885
tsp_6407.graph,data/tsp_graphs/tsp_6407.graph,6,15,False,0.7387314,-0.5131087
tsp_6408.graph,data/tsp_graphs/tsp_6408.graph,7,10,True,-1.0597115,-0.51923025
tsp_6409.graph,data/tsp_graphs/tsp_6409.graph,6,15,False,1.05614,-0.30587727
tsp_641.graph,data/tsp_graphs/tsp_641.graph,8,20,False,0.30217743,0.3685016
tsp_6410.graph,data/tsp_graphs/tsp_6410.graph,9,20,True,1.0394135,0.35300988
tsp_6411.graph,data/tsp_graphs/tsp_6411.graph,10,15,False,0.4866948,0.8122657
tsp_6412.graph,data/tsp_graphs/tsp_6412.graph,8,15,True,0.29430008,0.11367011
tsp_6413.graph,data/tsp_graphs/tsp_6413.graph,7,15,False,1.0407047,0.14193541
tsp_6414.graph,data/tsp_graphs/tsp_6414.graph,10,15,True,1.6874645,0.7583013
tsp_6415.graph,data/tsp_graphs/tsp_6415.graph,5,20,False,-3.1394353,0.06468016
tsp_6416.graph,data/tsp_graphs/tsp_6416.graph,8,10,True,0.53380585,-0.23892793
tsp_6417.graph,data/tsp_graphs/tsp_6417.graph,8,15,False,-0.4673233,0.002996713
tsp_6418.graph,data/tsp_graphs/tsp_6418.graph,5,15,True,-0.07559967,-0.7901664
tsp_6419.graph,data/tsp_graphs/tsp_6419.graph,9,20,False,-1.3420601,0.7445962
tsp_642.graph,data/tsp_graphs/tsp_642.graph,7,15,True,1.4527632,-0.031214923
tsp_6420.graph,data/tsp_graphs/tsp_6420.graph,10,20,True,0.8363266,0.7669919
tsp_6421.graph,data/tsp_graphs/tsp_6421.graph,9,10,False,-1.0369949,0.22141588
tsp_6422.graph,data/tsp_graphs/tsp_6422.graph,6,20,True,-0.8406391,-0.17687577
tsp_6423.graph,data/tsp_graphs/tsp_6423.graph,9,10,False,0.8743439,-0.29385924
tsp_6424.graph,data/tsp_graphs/tsp_6424.graph,10,10,True,0.81030273,0.0015918612
tsp_6425.graph,data/tsp_graphs/tsp_6425.graph,8,15,False,1.5261002,0.16900748
tsp_6426.graph,data/tsp_graphs/tsp_6426.graph,9,15,True,0.93025595,0.6875072
tsp_6427.graph,data/tsp_graphs/tsp_6427.graph,10,15,False,-2.0611825,0.7904113
tsp_6428.graph,data/tsp_graphs/tsp_6428.graph,6,10,True,-0.9730644,-0.43589857
tsp_6429.graph,data/tsp_graphs/tsp_6429.graph,9,10,False,-1.5673866,-0.027043372
tsp_643.graph,data/tsp_graphs/tsp_643.graph,7,20,False,-2.216476,0.43996972
tsp_6430.graph,data/tsp_graphs/tsp_6430.graph,10,20,True,0.6696701,0.78810483
tsp_6431.graph,data/tsp_graphs/tsp_6431.graph,7,20,False,0.51181793,0.50834733
tsp_6432.graph,data/tsp_graphs/tsp_6432.graph,9,20,True,1.8553467,0.5653506
tsp_6433.graph,data/tsp_graphs/tsp_6433.graph,9,15,False,-1.3956699,0.2058357
tsp_6434.graph,data/tsp_graphs/tsp_6434.graph,6,20,True,0.47906113,0.22681051
tsp_6435.graph,data/tsp_graphs/tsp_6435.graph,6,15,False,-0.33140498,-0.12484467
tsp_6436.graph,data/tsp_graphs/tsp_6436.graph,5,20,True,-0.41259384,-0.2278493
tsp_6437.graph,data/tsp_graphs/tsp_6437.graph,10,20,False,-0.20115662,0.6350989
tsp_6438.graph,data/tsp_graphs/tsp_6438.graph,10,15,True,0.012248993,0.6622812
tsp_6439.graph,data/tsp_graphs/tsp_6439.graph,5,20,False,1.8320904,-0.28694248
tsp_644.graph,data/tsp_graphs/tsp_644.graph,10,15,True,0.9661026,0.858439
tsp_6440.graph,data/tsp_graphs/tsp_6440.graph,6,10,True,-1.9655228,-0.26052278
tsp_6441.graph,data/tsp_graphs/tsp_6441.graph,7,10,False,0.81066895,-0.23204908
tsp_6442.graph,data/tsp_graphs/tsp_6442.graph,10,15,True,0.8700638,0.463834
tsp_6443.graph,data/tsp_graphs/tsp_6443.graph,9,15,False,-0.3826332,0.3897267
tsp_6444.graph,data/tsp_graphs/tsp_6444.graph,10,20,True,0.44265747,0.46545416
tsp_6445.graph,data/tsp_graphs/tsp_6445.graph,6,15,False,-0.5676546,-0.19920713
tsp_6446.graph,data/tsp_graphs/tsp_6446.graph,5,20,True,-0.0985384,-0.3740489
tsp_6447.graph,data/tsp_graphs/tsp_6447.graph,7,10,False,-1.6133881,-0.76904243
tsp_6448.graph,data/tsp_graphs/tsp_6448.graph,6,10,True,-0.5599556,-0.6143722
tsp_6449.graph,data/tsp_graphs/tsp_6449.graph,9,10,False,0.20141983,0.034100056
tsp_645.graph,data/tsp_graphs/tsp_645.graph,6,15,False,-0.26076508,0.10711104
tsp_6450.graph,data/tsp_graphs/tsp_6450.graph,10,10,True,-0.8850174,0.396837
tsp_6451.graph,data/tsp_graphs/tsp_6451.graph,5,10,False,-0.7774668,-1.0359163
tsp_6452.graph,data/tsp_graphs/tsp_6452.graph,10,15,True,0.5123163,0.7980724
tsp_6453.graph,data/tsp_graphs/tsp_6453.graph,7,10,False,-0.9994049,-0.26175898
tsp_6454.graph,data/tsp_graphs/tsp_6454.graph,7,10,True,0.5370064,-0.39878112
tsp_6455.graph,data/tsp_graphs/tsp_6455.graph,7,15,False,-0.8689594,0.20320249
tsp_6456.graph,data/tsp_graphs/tsp_6456.graph,5,10,True,1.7224274,-0.8212655
tsp_6457.graph,data/tsp_graphs/tsp_6457.graph,10,10,False,-0.75733185,0.25141323
tsp_6458.graph,data/tsp_graphs/tsp_6458.graph,7,20,True,-1.2597046,-0.047280967
tsp_6459.graph,data/tsp_graphs/tsp_6459.graph,5,10,False,1.6350193,-0.78058976
tsp_646.graph,data/tsp_graphs/tsp_646.graph,6,20,True,-1.6183853,-0.09573099
tsp_6460.graph,data/tsp_graphs/tsp_6460.graph,7,10,True,0.0664444,0.23050612
tsp_6461.graph,data/tsp_graphs/tsp_6461.graph,8,10,False,0.012771606,0.043439984
tsp_6462.graph,data/tsp_graphs/tsp_6462.graph,10,15,True,0.9224329,0.8887842
tsp_6463.graph,data/tsp_graphs/tsp_6463.graph,7,15,False,0.36442184,0.09574062
tsp_6464.graph,data/tsp_graphs/tsp_6464.graph,7,15,True,1.8352242,0.1897254
tsp_6465.graph,data/tsp_graphs/tsp_6465.graph,10,10,False,0.35931396,0.25487137
tsp_6466.graph,data/tsp_graphs/tsp_6466.graph,7,15,True,1.8865566,0.110670626
tsp_6467.graph,data/tsp_graphs/tsp_6467.graph,7,10,False,0.433609,-0.012419432
tsp_6468.graph,data/tsp_graphs/tsp_6468.graph,10,20,True,1.5146713,0.41105598
tsp_6469.graph,data/tsp_graphs/tsp_6469.graph,6,10,False,-1.2457886,-0.23090026
tsp_647.graph,data/tsp_graphs/tsp_647.graph,8,20,False,0.12754059,0.12823182
tsp_6470.graph,data/tsp_graphs/tsp_6470.graph,6,15,True,-0.56689644,-0.07305759
tsp_6471.graph,data/tsp_graphs/tsp_6471.graph,6,10,False,0.6926842,-0.50222486
tsp_6472.graph,data/tsp_graphs/tsp_6472.graph,8,15,True,1.3872871,0.26873624
tsp_6473.graph,data/tsp_graphs/tsp_6473.graph,10,20,False,-1.2358093,0.60855347
tsp_6474.graph,data/tsp_graphs/tsp_6474.graph,10,10,True,1.5758057,-0.13502967
tsp_6475.graph,data/tsp_graphs/tsp_6475.graph,9,15,False,-0.7517929,0.2606817
tsp_6476.graph,data/tsp_graphs/tsp_6476.graph,10,20,True,-1.159996,0.5697816
tsp_6477.graph,data/tsp_graphs/tsp_6477.graph,8,15,False,-2.2389183,0.41143358
tsp_6478.graph,data/tsp_graphs/tsp_6478.graph,7,20,True,0.2083435,0.27956498
tsp_6479.graph,data/tsp_graphs/tsp_6479.graph,9,20,False,-1.5791855,0.48829585
tsp_648.graph,data/tsp_graphs/tsp_648.graph,6,10,True,2.60392,-0.43010443
tsp_6480.graph,data/tsp_graphs/tsp_6480.graph,10,20,True,0.8000412,0.5964199
tsp_6481.graph,data/tsp_graphs/tsp_6481.graph,6,10,False,0.30013275,-0.34815484
tsp_6482.graph,data/tsp_graphs/tsp_6482.graph,10,20,True,0.08390808,0.60528463
tsp_6483.graph,data/tsp_graphs/tsp_6483.graph,6,20,False,0.38868785,-0.27257174
tsp_6484.graph,data/tsp_graphs/tsp_6484.graph,10,15,True,0.53835106,0.5853484
tsp_6485.graph,data/tsp_graphs/tsp_6485.graph,6,15,False,-0.24868774,-0.18980262
tsp_6486.graph,data/tsp_graphs/tsp_6486.graph,9,20,True,-0.43970108,0.080030024
tsp_6487.graph,data/tsp_graphs/tsp_6487.graph,9,15,False,-1.4695129,0.28304166
tsp_6488.graph,data/tsp_graphs/tsp_6488.graph,10,15,True,-2.3582153,0.70626575
tsp_6489.graph,data/tsp_graphs/tsp_6489.graph,6,15,False,1.5016327,-0.116414726
tsp_649.graph,data/tsp_graphs/tsp_649.graph,8,20,False,0.031715393,0.21441478
tsp_6490.graph,data/tsp_graphs/tsp_6490.graph,6,20,True,0.7544098,-0.25924152
tsp_6491.graph,data/tsp_graphs/tsp_6491.graph,8,10,False,-0.7075958,0.049770236
tsp_6492.graph,data/tsp_graphs/tsp_6492.graph,6,20,True,1.3853989,-0.14139059
tsp_6493.graph,data/tsp_graphs/tsp_6493.graph,10,15,False,-1.1985817,0.30732334
tsp_6494.graph,data/tsp_graphs/tsp_6494.graph,10,15,True,-0.16333008,0.56330997
tsp_6495.graph,data/tsp_graphs/tsp_6495.graph,9,15,False,-1.2861395,0.40220398
tsp_6496.graph,data/tsp_graphs/tsp_6496.graph,10,10,True,-1.0026779,0.022596538
tsp_6497.graph,data/tsp_graphs/tsp_6497.graph,10,15,False,0.6125908,0.32231426
tsp_6498.graph,data/tsp_graphs/tsp_6498.graph,5,10,True,0.37940216,-0.8351956
tsp_6499.graph,data/tsp_graphs/tsp_6499.graph,7,20,False,1.2408638,0.09202671
tsp_65.graph,data/tsp_graphs/tsp_65.graph,5,10,False,0.105091095,-1.0868511
tsp_650.graph,data/tsp_graphs/tsp_650.graph,5,10,True,0.26324844,-0.708814
tsp_6500.graph,data/tsp_graphs/tsp_6500.graph,8,15,True,1.3727798,0.3619389
tsp_6501.graph,data/tsp_graphs/tsp_6501.graph,9,20,False,-0.2838211,0.41876316
tsp_6502.graph,data/tsp_graphs/tsp_6502.graph,6,15,True,-0.6451912,0.018330157
tsp_6503.graph,data/tsp_graphs/tsp_6503.graph,5,15,False,-0.8730202,-0.57171327
tsp_6504.graph,data/tsp_graphs/tsp_6504.graph,9,20,True,-0.6108475,0.43129212
tsp_6505.graph,data/tsp_graphs/tsp_6505.graph,6,10,False,0.3924942,-0.4375173
tsp_6506.graph,data/tsp_graphs/tsp_6506.graph,9,15,True,1.4959784,0.5045555
tsp_6507.graph,data/tsp_graphs/tsp_6507.graph,9,15,False,-0.77576065,0.37440932
tsp_6508.graph,data/tsp_graphs/tsp_6508.graph,5,15,True,1.1745911,-0.33564395
tsp_6509.graph,data/tsp_graphs/tsp_6509.graph,5,15,False,-1.0011215,-0.45895463
tsp_651.graph,data/tsp_graphs/tsp_651.graph,10,15,False,1.2423897,0.57296973
tsp_6510.graph,data/tsp_graphs/tsp_6510.graph,5,15,True,-0.6288376,-0.25862575
tsp_6511.graph,data/tsp_graphs/tsp_6511.graph,5,10,False,-0.2900772,-0.30204967
tsp_6512.graph,data/tsp_graphs/tsp_6512.graph,6,20,True,-0.26257706,-0.3886935
tsp_6513.graph,data/tsp_graphs/tsp_6513.graph,6,20,False,-1.9249344,0.2938456
tsp_6514.graph,data/tsp_graphs/tsp_6514.graph,7,15,True,-0.4185562,0.06840855
tsp_6515.graph,data/tsp_graphs/tsp_6515.graph,6,15,False,-0.15961218,-0.4007562
tsp_6516.graph,data/tsp_graphs/tsp_6516.graph,9,20,True,-0.32225037,0.042427897
tsp_6517.graph,data/tsp_graphs/tsp_6517.graph,6,20,False,-0.9090195,0.37319642
tsp_6518.graph,data/tsp_graphs/tsp_6518.graph,9,15,True,0.6320896,0.45140082
tsp_6519.graph,data/tsp_graphs/tsp_6519.graph,10,10,False,0.22897911,0.37777752
tsp_652.graph,data/tsp_graphs/tsp_652.graph,7,20,True,0.99237823,-0.13895321
tsp_6520.graph,data/tsp_graphs/tsp_6520.graph,10,10,True,0.1556015,0.55673176
tsp_6521.graph,data/tsp_graphs/tsp_6521.graph,6,15,False,0.7108612,-0.027256459
tsp_6522.graph,data/tsp_graphs/tsp_6522.graph,5,15,True,1.9563637,-0.5833938
tsp_6523.graph,data/tsp_graphs/tsp_6523.graph,6,15,False,-0.49228287,-0.03085649
tsp_6524.graph,data/tsp_graphs/tsp_6524.graph,8,15,True,1.6592865,0.3076713
tsp_6525.graph,data/tsp_graphs/tsp_6525.graph,6,10,False,-1.1889572,-0.15672067
tsp_6526.graph,data/tsp_graphs/tsp_6526.graph,7,10,True,1.169838,0.020026863
tsp_6527.graph,data/tsp_graphs/tsp_6527.graph,7,20,False,0.92406464,0.068148255
tsp_6528.graph,data/tsp_graphs/tsp_6528.graph,9,15,True,2.3286285,0.35879272
tsp_6529.graph,data/tsp_graphs/tsp_6529.graph,6,10,False,-2.1353226,-0.7686287
tsp_653.graph,data/tsp_graphs/tsp_653.graph,9,20,False,-1.0701904,0.61121005
tsp_6530.graph,data/tsp_graphs/tsp_6530.graph,9,20,True,-0.21828842,0.109441936
tsp_6531.graph,data/tsp_graphs/tsp_6531.graph,6,20,False,-2.0063648,0.28368664
tsp_6532.graph,data/tsp_graphs/tsp_6532.graph,8,15,True,-1.653481,-0.031301737
tsp_6533.graph,data/tsp_graphs/tsp_6533.graph,9,15,False,1.22155,0.3128913
tsp_6534.graph,data/tsp_graphs/tsp_6534.graph,9,20,True,0.32779694,0.606564
tsp_6535.graph,data/tsp_graphs/tsp_6535.graph,9,10,False,-0.72948074,0.22832656
tsp_6536.graph,data/tsp_graphs/tsp_6536.graph,6,15,True,0.27685547,-0.20871168
tsp_6537.graph,data/tsp_graphs/tsp_6537.graph,7,15,False,-1.2918158,-0.063136995
tsp_6538.graph,data/tsp_graphs/tsp_6538.graph,6,10,True,1.2924728,-0.72876495
tsp_6539.graph,data/tsp_graphs/tsp_6539.graph,9,20,False,-1.3322983,0.6696444
tsp_654.graph,data/tsp_graphs/tsp_654.graph,6,10,True,0.8332062,-0.8368591
tsp_6540.graph,data/tsp_graphs/tsp_6540.graph,10,20,True,0.08959961,0.62434345
tsp_6541.graph,data/tsp_graphs/tsp_6541.graph,6,15,False,1.1018493,-0.2715118
tsp_6542.graph,data/tsp_graphs/tsp_6542.graph,5,20,True,-0.19087982,-0.28984684
tsp_6543.graph,data/tsp_graphs/tsp_6543.graph,9,10,False,-1.7609634,0.31437057
tsp_6544.graph,data/tsp_graphs/tsp_6544.graph,8,20,True,-0.45903015,0.36057156
tsp_6545.graph,data/tsp_graphs/tsp_6545.graph,6,15,False,-0.23896027,-0.6309488
tsp_6546.graph,data/tsp_graphs/tsp_6546.graph,9,15,True,0.20386505,0.27421147
tsp_6547.graph,data/tsp_graphs/tsp_6547.graph,6,20,False,0.06160927,-0.35316095
tsp_6548.graph,data/tsp_graphs/tsp_6548.graph,8,10,True,0.0076141357,-0.24044791
tsp_6549.graph,data/tsp_graphs/tsp_6549.graph,10,10,False,-1.039774,0.4480005
tsp_655.graph,data/tsp_graphs/tsp_655.graph,7,20,False,-0.4532528,-0.23035526
tsp_6550.graph,data/tsp_graphs/tsp_6550.graph,8,15,True,0.9926338,0.22175854
tsp_6551.graph,data/tsp_graphs/tsp_6551.graph,10,20,False,0.3443985,0.49174178
tsp_6552.graph,data/tsp_graphs/tsp_6552.graph,7,20,True,0.13712311,0.43885374
tsp_6553.graph,data/tsp_graphs/tsp_6553.graph,9,10,False,1.1731796,0.36554307
tsp_6554.graph,data/tsp_graphs/tsp_6554.graph,5,15,True,0.5223274,-0.7860817
tsp_6555.graph,data/tsp_graphs/tsp_6555.graph,5,20,False,-0.9651165,-0.35422766
tsp_6556.graph,data/tsp_graphs/tsp_6556.graph,7,10,True,1.0166168,-0.019338489
tsp_6557.graph,data/tsp_graphs/tsp_6557.graph,9,15,False,-0.91801167,0.062241733
tsp_6558.graph,data/tsp_graphs/tsp_6558.graph,8,15,True,-0.44411945,0.4825667
tsp_6559.graph,data/tsp_graphs/tsp_6559.graph,6,10,False,-1.6831055,-0.4854777
tsp_656.graph,data/tsp_graphs/tsp_656.graph,10,10,True,-0.93216705,0.5798388
tsp_6560.graph,data/tsp_graphs/tsp_6560.graph,5,10,True,1.0158024,-0.8075842
tsp_6561.graph,data/tsp_graphs/tsp_6561.graph,6,15,False,-0.78393555,-0.44024813
tsp_6562.graph,data/tsp_graphs/tsp_6562.graph,8,20,True,2.0574799,0.20463759
tsp_6563.graph,data/tsp_graphs/tsp_6563.graph,7,10,False,1.0407181,-0.26650998
tsp_6564.graph,data/tsp_graphs/tsp_6564.graph,8,20,True,1.0630112,0.10613966
tsp_6565.graph,data/tsp_graphs/tsp_6565.graph,10,15,False,0.3052101,0.62998754
tsp_6566.graph,data/tsp_graphs/tsp_6566.graph,8,20,True,2.0187263,0.3600338
tsp_6567.graph,data/tsp_graphs/tsp_6567.graph,9,20,False,-0.2043457,0.6380753
tsp_6568.graph,data/tsp_graphs/tsp_6568.graph,7,20,True,0.56232834,0.2180416
tsp_6569.graph,data/tsp_graphs/tsp_6569.graph,9,20,False,-0.9805145,0.5315885
tsp_657.graph,data/tsp_graphs/tsp_657.graph,9,10,False,-0.6093483,-0.23488116
tsp_6570.graph,data/tsp_graphs/tsp_6570.graph,5,10,True,0.7949028,-0.70525944
tsp_6571.graph,data/tsp_graphs/tsp_6571.graph,5,10,False,-0.17841816,-1.0476425
tsp_6572.graph,data/tsp_graphs/tsp_6572.graph,9,10,True,0.57601166,0.0057014525
tsp_6573.graph,data/tsp_graphs/tsp_6573.graph,6,15,False,-0.62559175,0.03167987
tsp_6574.graph,data/tsp_graphs/tsp_6574.graph,8,15,True,0.51315117,0.23109776
tsp_6575.graph,data/tsp_graphs/tsp_6575.graph,5,15,False,-1.849762,-0.35716733
tsp_6576.graph,data/tsp_graphs/tsp_6576.graph,8,15,True,0.9526491,-0.04522443
tsp_6577.graph,data/tsp_graphs/tsp_6577.graph,7,10,False,-0.35459137,-0.19416213
tsp_6578.graph,data/tsp_graphs/tsp_6578.graph,5,20,True,1.1206908,-0.09610596
tsp_6579.graph,data/tsp_graphs/tsp_6579.graph,5,10,False,-1.0557632,-0.8117151
tsp_658.graph,data/tsp_graphs/tsp_658.graph,5,15,True,0.13961792,-0.15818632
tsp_6580.graph,data/tsp_graphs/tsp_6580.graph,7,15,True,1.6754665,0.35463256
tsp_6581.graph,data/tsp_graphs/tsp_6581.graph,6,15,False,0.74635506,-0.02302128
tsp_6582.graph,data/tsp_graphs/tsp_6582.graph,6,10,True,1.8758621,-0.42074907
tsp_6583.graph,data/tsp_graphs/tsp_6583.graph,7,10,False,0.5169296,-0.44484857
tsp_6584.graph,data/tsp_graphs/tsp_6584.graph,8,15,True,0.7552452,0.29042917
tsp_6585.graph,data/tsp_graphs/tsp_6585.graph,8,10,False,0.74744415,-0.39819264
tsp_6586.graph,data/tsp_graphs/tsp_6586.graph,5,15,True,0.99705124,-0.76173174
tsp_6587.graph,data/tsp_graphs/tsp_6587.graph,10,10,False,-2.6887894,0.4226262
tsp_6588.graph,data/tsp_graphs/tsp_6588.graph,7,20,True,0.085617065,-0.13471192
tsp_6589.graph,data/tsp_graphs/tsp_6589.graph,8,20,False,-1.7574539,0.043309867
tsp_659.graph,data/tsp_graphs/tsp_659.graph,8,10,False,-0.42605972,-0.39900273
tsp_6590.graph,data/tsp_graphs/tsp_6590.graph,6,20,True,0.2889061,0.029852927
tsp_6591.graph,data/tsp_graphs/tsp_6591.graph,6,10,False,-0.5354748,-0.61455613
tsp_6592.graph,data/tsp_graphs/tsp_6592.graph,5,20,True,1.1986866,-0.509987
tsp_6593.graph,data/tsp_graphs/tsp_6593.graph,7,10,False,0.7877426,0.16732103
tsp_6594.graph,data/tsp_graphs/tsp_6594.graph,9,10,True,2.3538437,0.22786051
tsp_6595.graph,data/tsp_graphs/tsp_6595.graph,8,10,False,-2.530548,-0.11708444
tsp_6596.graph,data/tsp_graphs/tsp_6596.graph,6,15,True,-0.81248474,-0.1554609
tsp_6597.graph,data/tsp_graphs/tsp_6597.graph,5,10,False,-1.0243454,-0.9214596
tsp_6598.graph,data/tsp_graphs/tsp_6598.graph,7,10,True,1.1105299,-0.6855874
tsp_6599.graph,data/tsp_graphs/tsp_6599.graph,8,10,False,0.784935,-0.2027646
tsp_66.graph,data/tsp_graphs/tsp_66.graph,7,20,True,-0.34165764,-0.0020387769
tsp_660.graph,data/tsp_graphs/tsp_660.graph,9,20,True,1.972084,0.45574778
tsp_6600.graph,data/tsp_graphs/tsp_6600.graph,5,15,True,0.765862,-0.35617265
tsp_6601.graph,data/tsp_graphs/tsp_6601.graph,6,20,False,0.82761383,-0.2668306
tsp_6602.graph,data/tsp_graphs/tsp_6602.graph,9,15,True,0.3106022,0.41949672
tsp_6603.graph,data/tsp_graphs/tsp_6603.graph,8,15,False,-1.2655525,0.06343931
tsp_6604.graph,data/tsp_graphs/tsp_6604.graph,8,15,True,1.517564,0.32753503
tsp_6605.graph,data/tsp_graphs/tsp_6605.graph,10,15,False,-0.12094116,0.2978711
tsp_6606.graph,data/tsp_graphs/tsp_6606.graph,9,20,True,0.49674225,0.3925876
tsp_6607.graph,data/tsp_graphs/tsp_6607.graph,6,15,False,0.106880665,-0.3378812
tsp_6608.graph,data/tsp_graphs/tsp_6608.graph,6,15,True,1.2351494,-0.06790221
tsp_6609.graph,data/tsp_graphs/tsp_6609.graph,7,20,False,0.69129944,0.1375907
tsp_661.graph,data/tsp_graphs/tsp_661.graph,9,15,False,-0.10961914,0.36374313
tsp_6610.graph,data/tsp_graphs/tsp_6610.graph,6,10,True,0.20062637,-0.5670307
tsp_6611.graph,data/tsp_graphs/tsp_6611.graph,9,10,False,0.9917946,-0.10107294
tsp_6612.graph,data/tsp_graphs/tsp_6612.graph,8,20,True,-1.1031189,0.26474696
tsp_6613.graph,data/tsp_graphs/tsp_6613.graph,5,10,False,-0.12725353,-0.94824934
tsp_6614.graph,data/tsp_graphs/tsp_6614.graph,6,20,True,0.5521202,0.032229245
tsp_6615.graph,data/tsp_graphs/tsp_6615.graph,5,15,False,-0.2586174,-0.6412537
tsp_6616.graph,data/tsp_graphs/tsp_6616.graph,9,20,True,-0.14126587,0.58763736
tsp_6617.graph,data/tsp_graphs/tsp_6617.graph,7,20,False,0.54748535,-0.24526028
tsp_6618.graph,data/tsp_graphs/tsp_6618.graph,10,10,True,0.6135521,0.22460622
tsp_6619.graph,data/tsp_graphs/tsp_6619.graph,8,15,False,-0.9363146,-0.16227815
tsp_662.graph,data/tsp_graphs/tsp_662.graph,7,10,True,-1.5557442,-0.12184125
tsp_6620.graph,data/tsp_graphs/tsp_6620.graph,5,20,True,0.08317757,-0.39007545
tsp_6621.graph,data/tsp_graphs/tsp_6621.graph,6,15,False,-3.104309,-0.22620293
tsp_6622.graph,data/tsp_graphs/tsp_6622.graph,5,15,True,0.10986328,-0.257488
tsp_6623.graph,data/tsp_graphs/tsp_6623.graph,7,10,False,0.88814545,-0.045849502
tsp_6624.graph,data/tsp_graphs/tsp_6624.graph,5,10,True,1.7426605,-0.47965536
tsp_6625.graph,data/tsp_graphs/tsp_6625.graph,8,20,False,-0.13694763,0.49522763
tsp_6626.graph,data/tsp_graphs/tsp_6626.graph,8,20,True,-0.42477417,0.17552519
tsp_6627.graph,data/tsp_graphs/tsp_6627.graph,5,10,False,0.75658417,-0.9022137
tsp_6628.graph,data/tsp_graphs/tsp_6628.graph,8,15,True,0.81596595,0.39841557
tsp_6629.graph,data/tsp_graphs/tsp_6629.graph,7,10,False,-0.6562996,-0.15422693
tsp_663.graph,data/tsp_graphs/tsp_663.graph,6,20,False,1.8733368,-0.23633286
tsp_6630.graph,data/tsp_graphs/tsp_6630.graph,10,10,True,-1.5640488,0.3085975
tsp_6631.graph,data/tsp_graphs/tsp_6631.graph,9,15,False,-0.029659271,0.29764408
tsp_6632.graph,data/tsp_graphs/tsp_6632.graph,5,15,True,0.46760178,-0.6213656
tsp_6633.graph,data/tsp_graphs/tsp_6633.graph,7,10,False,-0.9181175,-0.30179465
tsp_6634.graph,data/tsp_graphs/tsp_6634.graph,6,15,True,0.678215,0.019113302
tsp_6635.graph,data/tsp_graphs/tsp_6635.graph,8,10,False,-0.07183838,-0.17144093
tsp_6636.graph,data/tsp_graphs/tsp_6636.graph,6,15,True,0.25312805,-0.14129514
tsp_6637.graph,data/tsp_graphs/tsp_6637.graph,9,15,False,-1.7450521,0.68001896
tsp_6638.graph,data/tsp_graphs/tsp_6638.graph,9,15,True,1.0596085,0.38345015
tsp_6639.graph,data/tsp_graphs/tsp_6639.graph,6,20,False,0.35839844,0.04613459
tsp_664.graph,data/tsp_graphs/tsp_664.graph,6,10,True,0.4433365,-0.096505225
tsp_6640.graph,data/tsp_graphs/tsp_6640.graph,7,15,True,-2.036066,0.29453737
tsp_6641.graph,data/tsp_graphs/tsp_6641.graph,10,10,False,-2.5024757,0.18524349
tsp_6642.graph,data/tsp_graphs/tsp_6642.graph,8,20,True,-0.1508255,-0.019616663
tsp_6643.graph,data/tsp_graphs/tsp_6643.graph,6,10,False,0.70599747,-0.56610906
tsp_6644.graph,data/tsp_graphs/tsp_6644.graph,9,15,True,0.9036484,0.087222755
tsp_6645.graph,data/tsp_graphs/tsp_6645.graph,6,20,False,-2.1859827,-0.19492814
tsp_6646.graph,data/tsp_graphs/tsp_6646.graph,5,20,True,-0.12931442,-0.23381114
tsp_6647.graph,data/tsp_graphs/tsp_6647.graph,6,15,False,-0.086400986,-0.34453538
tsp_6648.graph,data/tsp_graphs/tsp_6648.graph,8,20,True,0.6684036,0.41152388
tsp_6649.graph,data/tsp_graphs/tsp_6649.graph,10,15,False,1.0974541,0.5201363
tsp_665.graph,data/tsp_graphs/tsp_665.graph,5,10,False,-1.118187,-0.8472203
tsp_6650.graph,data/tsp_graphs/tsp_6650.graph,5,10,True,-0.026005268,-1.0077088
tsp_6651.graph,data/tsp_graphs/tsp_6651.graph,7,20,False,0.39437103,0.12480992
tsp_6652.graph,data/tsp_graphs/tsp_6652.graph,5,10,True,0.8250389,-0.74171
tsp_6653.graph,data/tsp_graphs/tsp_6653.graph,8,20,False,-1.1406479,0.3094375
tsp_6654.graph,data/tsp_graphs/tsp_6654.graph,7,20,True,-0.76036644,0.31519663
tsp_6655.graph,data/tsp_graphs/tsp_6655.graph,9,15,False,-1.9427481,0.67041594
tsp_6656.graph,data/tsp_graphs/tsp_6656.graph,8,15,True,-0.27956963,0.12211794
tsp_6657.graph,data/tsp_graphs/tsp_6657.graph,8,20,False,-0.027374268,0.14758527
tsp_6658.graph,data/tsp_graphs/tsp_6658.graph,8,15,True,2.533907,0.14590967
tsp_6659.graph,data/tsp_graphs/tsp_6659.graph,8,10,False,-0.87062836,-0.38760567
tsp_666.graph,data/tsp_graphs/tsp_666.graph,5,15,True,0.04443741,-0.77695143
tsp_6660.graph,data/tsp_graphs/tsp_6660.graph,5,10,True,0.8550682,-0.8456983
tsp_6661.graph,data/tsp_graphs/tsp_6661.graph,7,15,False,-0.74186134,-0.3887759
tsp_6662.graph,data/tsp_graphs/tsp_6662.graph,6,20,True,1.3847733,0.106379986
tsp_6663.graph,data/tsp_graphs/tsp_6663.graph,5,20,False,-1.2221603,-0.42702997
tsp_6664.graph,data/tsp_graphs/tsp_6664.graph,8,10,True,0.54309654,-0.23635212
tsp_6665.graph,data/tsp_graphs/tsp_6665.graph,10,15,False,-2.2943115,0.79961807
tsp_6666.graph,data/tsp_graphs/tsp_6666.graph,6,10,True,0.38472748,-0.6566048
tsp_6667.graph,data/tsp_graphs/tsp_6667.graph,6,15,False,-0.41065216,-0.02790904
tsp_6668.graph,data/tsp_graphs/tsp_6668.graph,5,10,True,1.0339432,-1.0379221
tsp_6669.graph,data/tsp_graphs/tsp_6669.graph,7,15,False,-1.0347464,0.32421905
tsp_667.graph,data/tsp_graphs/tsp_667.graph,6,20,False,1.849266,-0.30190906
tsp_6670.graph,data/tsp_graphs/tsp_6670.graph,5,15,True,2.2151852,-0.43204033
tsp_6671.graph,data/tsp_graphs/tsp_6671.graph,10,20,False,-0.98547745,0.70442265
tsp_6672.graph,data/tsp_graphs/tsp_6672.graph,9,20,True,0.35164642,0.45666224
tsp_6673.graph,data/tsp_graphs/tsp_6673.graph,5,10,False,-2.7024307,-0.72475207
tsp_6674.graph,data/tsp_graphs/tsp_6674.graph,8,15,True,1.7434211,0.44820583
tsp_6675.graph,data/tsp_graphs/tsp_6675.graph,5,15,False,0.033302784,-0.29524755
tsp_6676.graph,data/tsp_graphs/tsp_6676.graph,10,15,True,-1.038311,0.11185652
tsp_6677.graph,data/tsp_graphs/tsp_6677.graph,10,15,False,-1.3351593,0.39195
tsp_6678.graph,data/tsp_graphs/tsp_6678.graph,10,20,True,-0.27104187,0.6630059
tsp_6679.graph,data/tsp_graphs/tsp_6679.graph,5,15,False,-0.36883545,-0.68655455
tsp_668.graph,data/tsp_graphs/tsp_668.graph,8,10,True,0.15694332,-0.696574
tsp_6680.graph,data/tsp_graphs/tsp_6680.graph,8,10,True,1.5000076,0.09531814
tsp_6681.graph,data/tsp_graphs/tsp_6681.graph,8,20,False,-0.6714859,0.30257088
tsp_6682.graph,data/tsp_graphs/tsp_6682.graph,5,15,True,0.54925823,-0.38634902
tsp_6683.graph,data/tsp_graphs/tsp_6683.graph,8,20,False,0.828743,0.19973761
tsp_6684.graph,data/tsp_graphs/tsp_6684.graph,5,20,True,1.2116394,-0.05556327
tsp_6685.graph,data/tsp_graphs/tsp_6685.graph,6,20,False,0.40027618,-0.12616381
tsp_6686.graph,data/tsp_graphs/tsp_6686.graph,7,20,True,1.7096481,-0.0057094693
tsp_6687.graph,data/tsp_graphs/tsp_6687.graph,8,10,False,0.48789978,-0.1897656
tsp_6688.graph,data/tsp_graphs/tsp_6688.graph,9,10,True,0.36534882,0.50269586
tsp_6689.graph,data/tsp_graphs/tsp_6689.graph,7,20,False,-3.3086014,0.016100645
tsp_669.graph,data/tsp_graphs/tsp_669.graph,5,10,False,-0.6596546,-0.8460746
tsp_6690.graph,data/tsp_graphs/tsp_6690.graph,9,10,True,1.4468307,0.07153392
tsp_6691.graph,data/tsp_graphs/tsp_6691.graph,10,15,False,-1.1243763,0.7119463
tsp_6692.graph,data/tsp_graphs/tsp_6692.graph,10,15,True,-0.89453125,0.56843334
tsp_6693.graph,data/tsp_graphs/tsp_6693.graph,10,15,False,-1.9755602,0.7104121
tsp_6694.graph,data/tsp_graphs/tsp_6694.graph,10,20,True,-0.5471802,0.98885804
tsp_6695.graph,data/tsp_graphs/tsp_6695.graph,8,15,False,-0.44461823,0.05006665
tsp_6696.graph,data/tsp_graphs/tsp_6696.graph,7,15,True,1.3283114,0.24893248
tsp_6697.graph,data/tsp_graphs/tsp_6697.graph,6,10,False,-0.24121857,-0.49831218
tsp_6698.graph,data/tsp_graphs/tsp_6698.graph,6,10,True,1.1140289,-0.7319648
tsp_6699.graph,data/tsp_graphs/tsp_6699.graph,10,15,False,0.62906647,0.32785743
tsp_67.graph,data/tsp_graphs/tsp_67.graph,5,15,False,-0.42351532,-0.85031754
tsp_670.graph,data/tsp_graphs/tsp_670.graph,6,20,True,0.16790771,0.03223926
tsp_6700.graph,data/tsp_graphs/tsp_6700.graph,8,10,True,2.43647,0.23290902
tsp_6701.graph,data/tsp_graphs/tsp_6701.graph,7,15,False,-0.29374886,-0.1450826
tsp_6702.graph,data/tsp_graphs/tsp_6702.graph,8,10,True,0.5914993,0.17521936
tsp_6703.graph,data/tsp_graphs/tsp_6703.graph,5,15,False,-0.4904036,-0.5265258
tsp_6704.graph,data/tsp_graphs/tsp_6704.graph,5,10,True,1.6043587,-0.66208476
tsp_6705.graph,data/tsp_graphs/tsp_6705.graph,8,20,False,0.9088135,0.13361806
tsp_6706.graph,data/tsp_graphs/tsp_6706.graph,8,15,True,1.6510048,0.336654
tsp_6707.graph,data/tsp_graphs/tsp_6707.graph,10,15,False,-1.1340904,0.5828944
tsp_6708.graph,data/tsp_graphs/tsp_6708.graph,10,10,True,1.4707413,-0.03847015
tsp_6709.graph,data/tsp_graphs/tsp_6709.graph,10,15,False,-0.9643733,0.80828434
tsp_671.graph,data/tsp_graphs/tsp_671.graph,5,10,False,0.94116914,-0.804209
tsp_6710.graph,data/tsp_graphs/tsp_6710.graph,5,20,True,0.29137182,-0.35857406
tsp_6711.graph,data/tsp_graphs/tsp_6711.graph,5,15,False,-1.556221,-0.48804623
tsp_6712.graph,data/tsp_graphs/tsp_6712.graph,5,20,True,-0.58664703,-0.30619627
tsp_6713.graph,data/tsp_graphs/tsp_6713.graph,7,15,False,-2.1277428,0.1477074
tsp_6714.graph,data/tsp_graphs/tsp_6714.graph,9,15,True,-1.6581364,0.19253188
tsp_6715.graph,data/tsp_graphs/tsp_6715.graph,10,10,False,1.3454227,0.16127896
tsp_6716.graph,data/tsp_graphs/tsp_6716.graph,7,20,True,0.0017089844,-0.09898049
tsp_6717.graph,data/tsp_graphs/tsp_6717.graph,5,10,False,0.12960052,-0.7549279
tsp_6718.graph,data/tsp_graphs/tsp_6718.graph,9,10,True,1.0759735,0.47288448
tsp_6719.graph,data/tsp_graphs/tsp_6719.graph,8,10,False,-1.1097336,0.17459607
tsp_672.graph,data/tsp_graphs/tsp_672.graph,7,20,True,0.04447937,0.1942262
tsp_6720.graph,data/tsp_graphs/tsp_6720.graph,10,15,True,1.7243271,0.6841933
tsp_6721.graph,data/tsp_graphs/tsp_6721.graph,8,10,False,-0.028762817,-0.016137093
tsp_6722.graph,data/tsp_graphs/tsp_6722.graph,9,20,True,1.022522,0.39562982
tsp_6723.graph,data/tsp_graphs/tsp_6723.graph,8,20,False,-0.42830658,0.32051402
tsp_6724.graph,data/tsp_graphs/tsp_6724.graph,5,20,True,-1.0178595,-0.14052811
tsp_6725.graph,data/tsp_graphs/tsp_6725.graph,6,20,False,-1.2763176,-0.07766694
tsp_6726.graph,data/tsp_graphs/tsp_6726.graph,10,15,True,1.1668091,0.89466244
tsp_6727.graph,data/tsp_graphs/tsp_6727.graph,6,10,False,-0.26984406,-0.6301216
tsp_6728.graph,data/tsp_graphs/tsp_6728.graph,5,10,True,2.027855,-0.7103479
tsp_6729.graph,data/tsp_graphs/tsp_6729.graph,10,20,False,-0.13543701,0.6675934
tsp_673.graph,data/tsp_graphs/tsp_673.graph,5,10,False,0.43146515,-0.9048168
tsp_6730.graph,data/tsp_graphs/tsp_6730.graph,7,20,True,3.088745,0.12191695
tsp_6731.graph,data/tsp_graphs/tsp_6731.graph,5,15,False,0.000995636,-0.28857923
tsp_6732.graph,data/tsp_graphs/tsp_6732.graph,5,15,True,0.33345795,-0.7385426
tsp_6733.graph,data/tsp_graphs/tsp_6733.graph,7,20,False,0.020038605,-0.19993499
tsp_6734.graph,data/tsp_graphs/tsp_6734.graph,7,15,True,1.0634425,0.33649486
tsp_6735.graph,data/tsp_graphs/tsp_6735.graph,7,15,False,0.71175003,-0.286663
tsp_6736.graph,data/tsp_graphs/tsp_6736.graph,6,20,True,-0.053016663,-0.0035980344
tsp_6737.graph,data/tsp_graphs/tsp_6737.graph,5,10,False,0.04529476,-0.8387461
tsp_6738.graph,data/tsp_graphs/tsp_6738.graph,8,15,True,0.50878525,0.28368318
tsp_6739.graph,data/tsp_graphs/tsp_6739.graph,8,10,False,0.35904694,0.3561123
tsp_674.graph,data/tsp_graphs/tsp_674.graph,6,10,True,1.2012291,-0.7713752
tsp_6740.graph,data/tsp_graphs/tsp_6740.graph,9,15,True,0.7858391,0.3013144
tsp_6741.graph,data/tsp_graphs/tsp_6741.graph,10,20,False,-3.752449,0.7362507
tsp_6742.graph,data/tsp_graphs/tsp_6742.graph,6,15,True,0.006938368,-0.21891424
tsp_6743.graph,data/tsp_graphs/tsp_6743.graph,7,10,False,1.2160263,-0.53970826
tsp_6744.graph,data/tsp_graphs/tsp_6744.graph,8,20,True,0.5213623,0.10319418
tsp_6745.graph,data/tsp_graphs/tsp_6745.graph,9,10,False,1.3898582,0.11595094
tsp_6746.graph,data/tsp_graphs/tsp_6746.graph,6,20,True,1.3443565,-0.14571089
tsp_6747.graph,data/tsp_graphs/tsp_6747.graph,9,20,False,-0.949028,0.099855006
tsp_6748.graph,data/tsp_graphs/tsp_6748.graph,5,10,True,-0.63349915,-0.78231895
tsp_6749.graph,data/tsp_graphs/tsp_6749.graph,9,15,False,0.5608597,0.3906873
tsp_675.graph,data/tsp_graphs/tsp_675.graph,9,10,False,-1.3146553,-0.04857567
tsp_6750.graph,data/tsp_graphs/tsp_6750.graph,6,20,True,0.8804836,0.13827324
tsp_6751.graph,data/tsp_graphs/tsp_6751.graph,10,15,False,0.894104,0.35129255
tsp_6752.graph,data/tsp_graphs/tsp_6752.graph,8,10,True,1.9742832,0.052545726
tsp_6753.graph,data/tsp_graphs/tsp_6753.graph,9,15,False,-0.8958969,0.24143499
tsp_6754.graph,data/tsp_graphs/tsp_6754.graph,6,10,True,-1.0447426,-0.6384831
tsp_6755.graph,data/tsp_graphs/tsp_6755.graph,8,10,False,0.8743439,0.16596031
tsp_6756.graph,data/tsp_graphs/tsp_6756.graph,9,15,True,0.1663742,0.3898338
tsp_6757.graph,data/tsp_graphs/tsp_6757.graph,6,15,False,1.0159845,-0.08635479
tsp_6758.graph,data/tsp_graphs/tsp_6758.graph,7,15,True,0.6498833,0.082849085
tsp_6759.graph,data/tsp_graphs/tsp_6759.graph,5,15,False,0.47443008,-0.33366597
tsp_676.graph,data/tsp_graphs/tsp_676.graph,8,10,True,0.85751724,-0.0735777
tsp_6760.graph,data/tsp_graphs/tsp_6760.graph,8,20,True,-0.18347168,0.13594353
tsp_6761.graph,data/tsp_graphs/tsp_6761.graph,10,15,False,-0.21702957,0.2230252
tsp_6762.graph,data/tsp_graphs/tsp_6762.graph,10,10,True,0.523613,0.60634214
tsp_6763.graph,data/tsp_graphs/tsp_6763.graph,10,15,False,-0.5021858,0.5844849
tsp_6764.graph,data/tsp_graphs/tsp_6764.graph,8,10,True,2.6697388,-0.08881363
tsp_6765.graph,data/tsp_graphs/tsp_6765.graph,10,20,False,0.23727417,0.19652468
tsp_6766.graph,data/tsp_graphs/tsp_6766.graph,10,20,True,-0.20309448,0.629993
tsp_6767.graph,data/tsp_graphs/tsp_6767.graph,7,10,False,-0.6646118,-0.63401115
tsp_6768.graph,data/tsp_graphs/tsp_6768.graph,8,15,True,-0.36141968,0.24387485
tsp_6769.graph,data/tsp_graphs/tsp_6769.graph,5,15,False,0.3554077,-0.50536644
tsp_677.graph,data/tsp_graphs/tsp_677.graph,6,15,False,0.5973129,-0.08822954
tsp_6770.graph,data/tsp_graphs/tsp_6770.graph,6,10,True,2.0353317,-0.43650872
tsp_6771.graph,data/tsp_graphs/tsp_6771.graph,7,15,False,-0.27706432,0.11935431
tsp_6772.graph,data/tsp_graphs/tsp_6772.graph,5,15,True,0.72093296,-0.4524504
tsp_6773.graph,data/tsp_graphs/tsp_6773.graph,9,20,False,-0.18686676,0.23485976
tsp_6774.graph,data/tsp_graphs/tsp_6774.graph,7,10,True,1.378418,-0.19782767
tsp_6775.graph,data/tsp_graphs/tsp_6775.graph,9,20,False,-1.4316177,0.36073142
tsp_6776.graph,data/tsp_graphs/tsp_6776.graph,5,15,True,2.3097343,-0.41933912
tsp_6777.graph,data/tsp_graphs/tsp_6777.graph,6,15,False,1.4614086,0.021444678
tsp_6778.graph,data/tsp_graphs/tsp_6778.graph,10,15,True,0.42178556,0.79940337
tsp_6779.graph,data/tsp_graphs/tsp_6779.graph,6,20,False,0.4417076,-0.07850671
tsp_678.graph,data/tsp_graphs/tsp_678.graph,10,20,True,0.3699646,0.41510075
tsp_6780.graph,data/tsp_graphs/tsp_6780.graph,8,15,True,0.42373276,0.24933416
tsp_6781.graph,data/tsp_graphs/tsp_6781.graph,7,15,False,0.23887444,0.25129038
tsp_6782.graph,data/tsp_graphs/tsp_6782.graph,7,10,True,0.14779663,-0.08246994
tsp_6783.graph,data/tsp_graphs/tsp_6783.graph,6,20,False,1.5953941,0.11689979
tsp_6784.graph,data/tsp_graphs/tsp_6784.graph,9,20,True,0.45143127,0.432716
tsp_6785.graph,data/tsp_graphs/tsp_6785.graph,7,15,False,0.13957024,0.22270465
tsp_6786.graph,data/tsp_graphs/tsp_6786.graph,10,20,True,0.4219513,0.716374
tsp_6787.graph,data/tsp_graphs/tsp_6787.graph,5,10,False,-0.28945208,-0.93172264
tsp_6788.graph,data/tsp_graphs/tsp_6788.graph,10,15,True,-0.7252388,0.53656846
tsp_6789.graph,data/tsp_graphs/tsp_6789.graph,10,10,False,-1.1583309,0.4751004
tsp_679.graph,data/tsp_graphs/tsp_679.graph,6,20,False,-2.748577,-0.23321769
tsp_6790.graph,data/tsp_graphs/tsp_6790.graph,8,10,True,1.8168411,0.10420829
tsp_6791.graph,data/tsp_graphs/tsp_6791.graph,9,20,False,-0.10570526,0.29166383
tsp_6792.graph,data/tsp_graphs/tsp_6792.graph,6,15,True,-0.5591393,-0.3861646
tsp_6793.graph,data/tsp_graphs/tsp_6793.graph,8,20,False,-0.9762192,0.06717056
tsp_6794.graph,data/tsp_graphs/tsp_6794.graph,5,10,True,0.27198792,-0.88772476
tsp_6795.graph,data/tsp_graphs/tsp_6795.graph,7,20,False,1.8460922,0.23773974
tsp_6796.graph,data/tsp_graphs/tsp_6796.graph,9,15,True,0.11967659,0.33552128
tsp_6797.graph,data/tsp_graphs/tsp_6797.graph,5,15,False,-0.83698654,-0.31971747
tsp_6798.graph,data/tsp_graphs/tsp_6798.graph,7,20,True,0.22375107,-0.08439344
tsp_6799.graph,data/tsp_graphs/tsp_6799.graph,6,20,False,-0.4215622,-0.11380604
tsp_68.graph,data/tsp_graphs/tsp_68.graph,9,10,True,1.7933464,0.08979601
tsp_680.graph,data/tsp_graphs/tsp_680.graph,7,15,True,1.170338,0.20860761
tsp_6800.graph,data/tsp_graphs/tsp_6800.graph,10,10,True,1.1588631,0.061321437
tsp_6801.graph,data/tsp_graphs/tsp_6801.graph,6,20,False,-0.3277855,-0.17209777
tsp_6802.graph,data/tsp_graphs/tsp_6802.graph,7,15,True,0.76830864,-0.0020347834
tsp_6803.graph,data/tsp_graphs/tsp_6803.graph,5,10,False,-1.8719788,-0.76879096
tsp_6804.graph,data/tsp_graphs/tsp_6804.graph,10,20,True,0.21108246,0.65407115
tsp_6805.graph,data/tsp_graphs/tsp_6805.graph,10,20,False,0.04119873,0.26743346
tsp_6806.graph,data/tsp_graphs/tsp_6806.graph,6,10,True,0.3862419,-0.4607456
tsp_6807.graph,data/tsp_graphs/tsp_6807.graph,10,10,False,-2.1827393,0.48048908
tsp_6808.graph,data/tsp_graphs/tsp_6808.graph,9,20,True,0.25408173,0.73612005
tsp_6809.graph,data/tsp_graphs/tsp_6809.graph,6,20,False,0.17268658,0.12892222
tsp_681.graph,data/tsp_graphs/tsp_681.graph,8,20,False,0.014801025,0.18293339
tsp_6810.graph,data/tsp_graphs/tsp_6810.graph,7,10,True,-0.94763947,-0.13920349
tsp_6811.graph,data/tsp_graphs/tsp_6811.graph,10,20,False,-0.3544922,0.80213636
tsp_6812.graph,data/tsp_graphs/tsp_6812.graph,10,20,True,1.3392944,0.56161875
tsp_6813.graph,data/tsp_graphs/tsp_6813.graph,9,10,False,-1.0870285,0.3468743
tsp_6814.graph,data/tsp_graphs/tsp_6814.graph,8,20,True,-0.07900238,0.33842206
tsp_6815.graph,data/tsp_graphs/tsp_6815.graph,5,10,False,0.41921997,-0.4672683
tsp_6816.graph,data/tsp_graphs/tsp_6816.graph,6,20,True,-0.11496353,-0.21592695
tsp_6817.graph,data/tsp_graphs/tsp_6817.graph,9,20,False,0.4506302,0.4003461
tsp_6818.graph,data/tsp_graphs/tsp_6818.graph,5,10,True,-0.36509323,-1.3672549
tsp_6819.graph,data/tsp_graphs/tsp_6819.graph,8,15,False,1.1964722,0.07253367
tsp_682.graph,data/tsp_graphs/tsp_682.graph,10,15,True,2.400628,0.775116
tsp_6820.graph,data/tsp_graphs/tsp_6820.graph,8,15,True,0.93073463,0.1419344
tsp_6821.graph,data/tsp_graphs/tsp_6821.graph,10,10,False,1.312336,0.11892235
tsp_6822.graph,data/tsp_graphs/tsp_6822.graph,5,15,True,0.6236229,-0.5385902
tsp_6823.graph,data/tsp_graphs/tsp_6823.graph,5,20,False,-1.358962,-0.2879679
tsp_6824.graph,data/tsp_graphs/tsp_6824.graph,6,10,True,-0.35975647,-0.6859502
tsp_6825.graph,data/tsp_graphs/tsp_6825.graph,8,10,False,0.7263069,-0.3229794
tsp_6826.graph,data/tsp_graphs/tsp_6826.graph,7,15,True,0.03549385,0.15939856
tsp_6827.graph,data/tsp_graphs/tsp_6827.graph,8,10,False,-0.30939102,-0.13706729
tsp_6828.graph,data/tsp_graphs/tsp_6828.graph,8,10,True,2.9276428,0.112992525
tsp_6829.graph,data/tsp_graphs/tsp_6829.graph,7,20,False,1.5474739,0.2585011
tsp_683.graph,data/tsp_graphs/tsp_683.graph,10,10,False,0.5757637,0.19509387
tsp_6830.graph,data/tsp_graphs/tsp_6830.graph,10,15,True,0.8992388,0.70766264
tsp_6831.graph,data/tsp_graphs/tsp_6831.graph,7,20,False,-1.1280556,0.28916413
tsp_6832.graph,data/tsp_graphs/tsp_6832.graph,7,10,True,0.5638046,-0.54555434
tsp_6833.graph,data/tsp_graphs/tsp_6833.graph,10,20,False,0.5235901,0.41644448
tsp_6834.graph,data/tsp_graphs/tsp_6834.graph,6,20,True,0.49396515,-0.30286047
tsp_6835.graph,data/tsp_graphs/tsp_6835.graph,9,15,False,-1.1228428,0.12380284
tsp_6836.graph,data/tsp_graphs/tsp_6836.graph,10,15,True,0.09417343,0.5367997
tsp_6837.graph,data/tsp_graphs/tsp_6837.graph,8,15,False,-1.535389,0.33492815
tsp_6838.graph,data/tsp_graphs/tsp_6838.graph,6,10,True,0.24570465,-0.52173424
tsp_6839.graph,data/tsp_graphs/tsp_6839.graph,10,15,False,-0.7145157,0.6973205
tsp_684.graph,data/tsp_graphs/tsp_684.graph,9,15,True,3.240201,0.17872989
tsp_6840.graph,data/tsp_graphs/tsp_6840.graph,7,10,True,0.34204865,-0.35874724
tsp_6841.graph,data/tsp_graphs/tsp_6841.graph,10,15,False,-1.6940144,0.76009053
tsp_6842.graph,data/tsp_graphs/tsp_6842.graph,5,20,True,0.5907593,-0.61072433
tsp_6843.graph,data/tsp_graphs/tsp_6843.graph,5,10,False,-0.037499428,-1.0701332
tsp_6844.graph,data/tsp_graphs/tsp_6844.graph,6,10,True,-0.17185211,-0.78725505
tsp_6845.graph,data/tsp_graphs/tsp_6845.graph,9,15,False,-1.3590145,-0.06234777
tsp_6846.graph,data/tsp_graphs/tsp_6846.graph,6,15,True,0.43662262,-0.35751435
tsp_6847.graph,data/tsp_graphs/tsp_6847.graph,10,10,False,-1.4786682,0.5471011
tsp_6848.graph,data/tsp_graphs/tsp_6848.graph,6,15,True,1.0348377,-0.26150823
tsp_6849.graph,data/tsp_graphs/tsp_6849.graph,7,10,False,0.6417961,-0.3745395
tsp_685.graph,data/tsp_graphs/tsp_685.graph,5,20,False,-1.5466137,-0.14399731
tsp_6850.graph,data/tsp_graphs/tsp_6850.graph,6,10,True,2.8110428,-0.32707453
tsp_6851.graph,data/tsp_graphs/tsp_6851.graph,9,20,False,-1.013382,0.5179551
tsp_6852.graph,data/tsp_graphs/tsp_6852.graph,6,10,True,0.2450943,-0.67194694
tsp_6853.graph,data/tsp_graphs/tsp_6853.graph,5,20,False,-1.3857384,-0.18916374
tsp_6854.graph,data/tsp_graphs/tsp_6854.graph,9,20,True,0.08743286,0.53065616
tsp_6855.graph,data/tsp_graphs/tsp_6855.graph,7,20,False,-0.91069794,0.021414816
tsp_6856.graph,data/tsp_graphs/tsp_6856.graph,5,10,True,-0.112327576,-0.77155465
tsp_6857.graph,data/tsp_graphs/tsp_6857.graph,10,15,False,-0.934391,0.5435503
tsp_6858.graph,data/tsp_graphs/tsp_6858.graph,5,20,True,2.730133,-0.31418264
tsp_6859.graph,data/tsp_graphs/tsp_6859.graph,6,10,False,0.45472717,-0.76451397
tsp_686.graph,data/tsp_graphs/tsp_686.graph,7,10,True,-0.79267883,-0.13128826
tsp_6860.graph,data/tsp_graphs/tsp_6860.graph,6,15,True,-0.005268097,-0.3970867
tsp_6861.graph,data/tsp_graphs/tsp_6861.graph,9,10,False,0.92211914,0.032933354
tsp_6862.graph,data/tsp_graphs/tsp_6862.graph,10,10,True,0.80366886,0.32702452
tsp_6863.graph,data/tsp_graphs/tsp_6863.graph,9,10,False,-1.932251,0.32653135
tsp_6864.graph,data/tsp_graphs/tsp_6864.graph,7,20,True,-0.40512848,0.42292887
tsp_6865.graph,data/tsp_graphs/tsp_6865.graph,10,15,False,-0.25549716,0.7989877
tsp_6866.graph,data/tsp_graphs/tsp_6866.graph,6,15,True,0.90245056,-0.33115357
tsp_6867.graph,data/tsp_graphs/tsp_6867.graph,10,10,False,0.77764606,0.39115244
tsp_6868.graph,data/tsp_graphs/tsp_6868.graph,8,20,True,0.57766724,0.39122635
tsp_6869.graph,data/tsp_graphs/tsp_6869.graph,5,15,False,0.18118334,-0.45056957
tsp_687.graph,data/tsp_graphs/tsp_687.graph,9,10,False,-0.79787636,-0.29641458
tsp_6870.graph,data/tsp_graphs/tsp_6870.graph,7,15,True,-0.4048233,0.10709441
tsp_6871.graph,data/tsp_graphs/tsp_6871.graph,8,15,False,-1.7834854,-0.16289812
tsp_6872.graph,data/tsp_graphs/tsp_6872.graph,6,10,True,1.5521622,-0.46689218
tsp_6873.graph,data/tsp_graphs/tsp_6873.graph,7,15,False,-0.9841671,0.13996488
tsp_6874.graph,data/tsp_graphs/tsp_6874.graph,8,10,True,0.45129395,-0.25192046
tsp_6875.graph,data/tsp_graphs/tsp_6875.graph,7,15,False,-0.31259727,-0.1340653
tsp_6876.graph,data/tsp_graphs/tsp_6876.graph,8,20,True,0.5050583,0.5551601
tsp_6877.graph,data/tsp_graphs/tsp_6877.graph,6,10,False,-0.8360176,-0.38206494
tsp_6878.graph,data/tsp_graphs/tsp_6878.graph,9,10,True,0.9575653,0.121396005
tsp_6879.graph,data/tsp_graphs/tsp_6879.graph,9,15,False,-0.5562,0.09506267
tsp_688.graph,data/tsp_graphs/tsp_688.graph,8,15,True,-1.2414875,-0.18743467
tsp_6880.graph,data/tsp_graphs/tsp_6880.graph,8,15,True,0.4256611,0.66400653
tsp_6881.graph,data/tsp_graphs/tsp_6881.graph,5,20,False,0.43021703,-0.5716718
tsp_6882.graph,data/tsp_graphs/tsp_6882.graph,7,10,True,0.49869537,-0.2711025
tsp_6883.graph,data/tsp_graphs/tsp_6883.graph,10,10,False,-2.2008133,0.3862586
tsp_6884.graph,data/tsp_graphs/tsp_6884.graph,10,10,True,0.47408485,-0.024074018
tsp_6885.graph,data/tsp_graphs/tsp_6885.graph,6,10,False,-1.3348322,-0.7070142
tsp_6886.graph,data/tsp_graphs/tsp_6886.graph,7,15,True,0.20148945,-0.21226862
tsp_6887.graph,data/tsp_graphs/tsp_6887.graph,7,10,False,0.020271301,-0.3234143
tsp_6888.graph,data/tsp_graphs/tsp_6888.graph,8,20,True,1.4005966,0.26047903
tsp_6889.graph,data/tsp_graphs/tsp_6889.graph,5,15,False,0.6792393,-0.32806018
tsp_689.graph,data/tsp_graphs/tsp_689.graph,6,15,False,-2.9166489,-0.20893836
tsp_6890.graph,data/tsp_graphs/tsp_6890.graph,10,15,True,0.9758549,0.9142963
tsp_6891.graph,data/tsp_graphs/tsp_6891.graph,7,10,False,-0.4076538,-0.13368767
tsp_6892.graph,data/tsp_graphs/tsp_6892.graph,6,15,True,-1.0932178,-0.104937434
tsp_6893.graph,data/tsp_graphs/tsp_6893.graph,9,20,False,-0.28603363,0.64356166
tsp_6894.graph,data/tsp_graphs/tsp_6894.graph,7,20,True,0.09562302,-0.08291823
tsp_6895.graph,data/tsp_graphs/tsp_6895.graph,5,15,False,-0.23597527,-0.6668349
tsp_6896.graph,data/tsp_graphs/tsp_6896.graph,10,10,True,1.3718505,0.19296706
tsp_6897.graph,data/tsp_graphs/tsp_6897.graph,6,20,False,2.3207207,-0.10519487
tsp_6898.graph,data/tsp_graphs/tsp_6898.graph,10,15,True,-0.17825508,0.19199598
tsp_6899.graph,data/tsp_graphs/tsp_6899.graph,5,15,False,-1.7319546,-0.48297465
tsp_69.graph,data/tsp_graphs/tsp_69.graph,7,20,False,0.756897,0.02029097
tsp_690.graph,data/tsp_graphs/tsp_690.graph,9,10,True,2.7633362,0.32318085
tsp_6900.graph,data/tsp_graphs/tsp_6900.graph,6,10,True,0.4584961,-1.2005718
tsp_6901.graph,data/tsp_graphs/tsp_6901.graph,7,10,False,-1.5565491,-0.6933976
tsp_6902.graph,data/tsp_graphs/tsp_6902.graph,5,15,True,0.7509613,-0.17055368
tsp_6903.graph,data/tsp_graphs/tsp_6903.graph,8,10,False,1.3265343,0.051838696
tsp_6904.graph,data/tsp_graphs/tsp_6904.graph,8,20,True,0.009490967,0.23444986
tsp_6905.graph,data/tsp_graphs/tsp_6905.graph,8,15,False,-1.3548279,0.23160976
tsp_6906.graph,data/tsp_graphs/tsp_6906.graph,5,10,True,0.19740677,-0.59309715
tsp_6907.graph,data/tsp_graphs/tsp_6907.graph,8,10,False,0.600235,-0.11848536
tsp_6908.graph,data/tsp_graphs/tsp_6908.graph,10,15,True,0.21195984,0.39011258
tsp_6909.graph,data/tsp_graphs/tsp_6909.graph,9,10,False,-1.3542328,0.17419106
tsp_691.graph,data/tsp_graphs/tsp_691.graph,9,20,False,-1.3190422,0.486975
tsp_6910.graph,data/tsp_graphs/tsp_6910.graph,8,10,True,0.55690765,-0.12850338
tsp_6911.graph,data/tsp_graphs/tsp_6911.graph,8,15,False,0.45844078,0.010436833
tsp_6912.graph,data/tsp_graphs/tsp_6912.graph,5,10,True,0.43376923,-0.7598318
tsp_6913.graph,data/tsp_graphs/tsp_6913.graph,8,15,False,-1.4301376,0.37893772
tsp_6914.graph,data/tsp_graphs/tsp_6914.graph,7,15,True,0.4820614,-0.037490368
tsp_6915.graph,data/tsp_graphs/tsp_6915.graph,6,10,False,-1.593502,-0.9859516
tsp_6916.graph,data/tsp_graphs/tsp_6916.graph,9,20,True,0.8526077,0.24366063
tsp_6917.graph,data/tsp_graphs/tsp_6917.graph,5,10,False,-0.32522583,-0.41635144
tsp_6918.graph,data/tsp_graphs/tsp_6918.graph,6,20,True,-0.25096452,0.23624593
tsp_6919.graph,data/tsp_graphs/tsp_6919.graph,8,15,False,0.90196514,0.3408866
tsp_692.graph,data/tsp_graphs/tsp_692.graph,5,15,True,3.4178233,-0.5622307
tsp_6920.graph,data/tsp_graphs/tsp_6920.graph,10,20,True,0.96224976,0.5121084
tsp_6921.graph,data/tsp_graphs/tsp_6921.graph,6,10,False,-2.43219,-0.5387416
tsp_6922.graph,data/tsp_graphs/tsp_6922.graph,5,15,True,0.33057833,-0.64074737
tsp_6923.graph,data/tsp_graphs/tsp_6923.graph,7,15,False,-0.9462805,0.3759358
tsp_6924.graph,data/tsp_graphs/tsp_6924.graph,7,10,True,0.9429779,-0.09860209
tsp_6925.graph,data/tsp_graphs/tsp_6925.graph,5,10,False,0.54159546,-0.45992827
tsp_6926.graph,data/tsp_graphs/tsp_6926.graph,10,10,True,0.887619,0.10317153
tsp_6927.graph,data/tsp_graphs/tsp_6927.graph,10,20,False,-1.7895355,0.85313076
tsp_6928.graph,data/tsp_graphs/tsp_6928.graph,8,20,True,2.3101273,0.37386316
tsp_6929.graph,data/tsp_graphs/tsp_6929.graph,6,10,False,0.7423096,-0.57169235
tsp_693.graph,data/tsp_graphs/tsp_693.graph,8,10,False,-1.0382767,0.016032636
tsp_6930.graph,data/tsp_graphs/tsp_6930.graph,10,10,True,1.4699078,0.19886166
tsp_6931.graph,data/tsp_graphs/tsp_6931.graph,6,15,False,-1.251545,-0.44015732
tsp_6932.graph,data/tsp_graphs/tsp_6932.graph,9,20,True,-0.06915283,0.3477245
tsp_6933.graph,data/tsp_graphs/tsp_6933.graph,8,10,False,-0.56762314,0.024694145
tsp_6934.graph,data/tsp_graphs/tsp_6934.graph,6,20,True,3.5637283,-0.010010272
tsp_6935.graph,data/tsp_graphs/tsp_6935.graph,10,10,False,-0.88604736,0.44270974
tsp_6936.graph,data/tsp_graphs/tsp_6936.graph,9,20,True,0.8568268,0.16437674
tsp_6937.graph,data/tsp_graphs/tsp_6937.graph,10,15,False,-1.0116615,0.46156865
tsp_6938.graph,data/tsp_graphs/tsp_6938.graph,5,15,True,-0.9396515,-0.53868926
tsp_6939.graph,data/tsp_graphs/tsp_6939.graph,6,10,False,0.7512207,-0.3626346
tsp_694.graph,data/tsp_graphs/tsp_694.graph,6,10,True,0.38970947,-0.5237185
tsp_6940.graph,data/tsp_graphs/tsp_6940.graph,8,10,True,0.8014641,-0.10307205
tsp_6941.graph,data/tsp_graphs/tsp_6941.graph,5,20,False,0.7863579,-0.35619187
tsp_6942.graph,data/tsp_graphs/tsp_6942.graph,10,15,True,-0.7608719,0.11296821
tsp_6943.graph,data/tsp_graphs/tsp_6943.graph,9,20,False,0.2314682,0.28939813
tsp_6944.graph,data/tsp_graphs/tsp_6944.graph,6,10,True,0.60324097,-0.17212784
tsp_6945.graph,data/tsp_graphs/tsp_6945.graph,5,10,False,-0.27976227,-1.146352
tsp_6946.graph,data/tsp_graphs/tsp_6946.graph,5,20,True,2.9736328,-0.42012691
tsp_6947.graph,data/tsp_graphs/tsp_6947.graph,5,10,False,0.29525566,-0.93380374
tsp_6948.graph,data/tsp_graphs/tsp_6948.graph,8,20,True,1.2044601,0.36102384
tsp_6949.graph,data/tsp_graphs/tsp_6949.graph,9,10,False,0.61987686,0.08739805
tsp_695.graph,data/tsp_graphs/tsp_695.graph,5,10,False,-1.0969772,-0.6005508
tsp_6950.graph,data/tsp_graphs/tsp_6950.graph,7,20,True,-0.022968292,0.11882633
tsp_6951.graph,data/tsp_graphs/tsp_6951.graph,5,20,False,-0.70604134,-0.40383816
tsp_6952.graph,data/tsp_graphs/tsp_6952.graph,9,15,True,1.8947778,0.5839017
tsp_6953.graph,data/tsp_graphs/tsp_6953.graph,10,20,False,0.41070557,0.6096197
tsp_6954.graph,data/tsp_graphs/tsp_6954.graph,8,15,True,0.5131645,0.1661092
tsp_6955.graph,data/tsp_graphs/tsp_6955.graph,10,15,False,0.43007755,0.7831585
tsp_6956.graph,data/tsp_graphs/tsp_6956.graph,6,20,True,0.57746696,0.11690873
tsp_6957.graph,data/tsp_graphs/tsp_6957.graph,7,10,False,-1.3365631,-0.21433946
tsp_6958.graph,data/tsp_graphs/tsp_6958.graph,9,20,True,0.543602,0.35654217
tsp_6959.graph,data/tsp_graphs/tsp_6959.graph,10,20,False,-0.9985733,0.8994742
tsp_696.graph,data/tsp_graphs/tsp_696.graph,6,10,True,-0.7356763,-0.65995467
tsp_6960.graph,data/tsp_graphs/tsp_6960.graph,8,15,True,-0.48046875,0.36187625
tsp_6961.graph,data/tsp_graphs/tsp_6961.graph,5,10,False,-0.21565437,-0.80497193
tsp_6962.graph,data/tsp_graphs/tsp_6962.graph,10,15,True,-0.09799385,0.63730496
tsp_6963.graph,data/tsp_graphs/tsp_6963.graph,6,15,False,-0.423563,-0.4602515
tsp_6964.graph,data/tsp_graphs/tsp_6964.graph,8,15,True,2.481535,0.29392713
tsp_6965.graph,data/tsp_graphs/tsp_6965.graph,5,15,False,-0.10379505,-0.59181833
tsp_6966.graph,data/tsp_graphs/tsp_6966.graph,10,10,True,-0.23507118,0.34196234
tsp_6967.graph,data/tsp_graphs/tsp_6967.graph,7,10,False,0.3906784,-0.16211253
tsp_6968.graph,data/tsp_graphs/tsp_6968.graph,6,20,True,0.48735046,0.0293445
tsp_6969.graph,data/tsp_graphs/tsp_6969.graph,9,15,False,-2.0546043,0.68821007
tsp_697.graph,data/tsp_graphs/tsp_697.graph,9,10,False,-0.26825714,0.043647587
tsp_6970.graph,data/tsp_graphs/tsp_6970.graph,8,15,True,1.515686,-0.06673962
tsp_6971.graph,data/tsp_graphs/tsp_6971.graph,7,10,False,-0.64367676,-0.45937684
tsp_6972.graph,data/tsp_graphs/tsp_6972.graph,9,20,True,0.7406845,0.7571855
tsp_6973.graph,data/tsp_graphs/tsp_6973.graph,5,10,False,0.54989624,-0.50815016
tsp_6974.graph,data/tsp_graphs/tsp_6974.graph,6,20,True,3.4733353,0.023103118
tsp_6975.graph,data/tsp_graphs/tsp_6975.graph,9,15,False,-0.78341675,0.13973677
tsp_6976.graph,data/tsp_graphs/tsp_6976.graph,5,10,True,-0.3512839,-1.2415266
tsp_6977.graph,data/tsp_graphs/tsp_6977.graph,5,20,False,-1.7749693,-0.30266064
tsp_6978.graph,data/tsp_graphs/tsp_6978.graph,8,10,True,1.831131,0.08431977
tsp_6979.graph,data/tsp_graphs/tsp_6979.graph,9,10,False,-0.8354645,-0.26356483
tsp_698.graph,data/tsp_graphs/tsp_698.graph,7,20,True,0.3269577,0.10951787
tsp_6980.graph,data/tsp_graphs/tsp_6980.graph,6,20,True,0.86507416,0.1315288
tsp_6981.graph,data/tsp_graphs/tsp_6981.graph,7,20,False,-0.5062103,0.10739893
tsp_6982.graph,data/tsp_graphs/tsp_6982.graph,8,15,True,0.36997223,-0.020196289
tsp_6983.graph,data/tsp_graphs/tsp_6983.graph,9,10,False,-0.7600479,0.16035002
tsp_6984.graph,data/tsp_graphs/tsp_6984.graph,5,10,True,2.5894928,-0.688796
tsp_6985.graph,data/tsp_graphs/tsp_6985.graph,5,15,False,-1.0773811,-0.71093047
tsp_6986.graph,data/tsp_graphs/tsp_6986.graph,10,15,True,0.33313277,0.8300703
tsp_6987.graph,data/tsp_graphs/tsp_6987.graph,6,10,False,0.23436737,-0.5453769
tsp_6988.graph,data/tsp_graphs/tsp_6988.graph,8,10,True,-0.07468414,-0.35264793
tsp_6989.graph,data/tsp_graphs/tsp_6989.graph,10,15,False,-0.78631973,0.54049784
tsp_699.graph,data/tsp_graphs/tsp_699.graph,6,20,False,-0.19742393,0.072132826
tsp_6990.graph,data/tsp_graphs/tsp_6990.graph,5,10,True,0.1418724,-1.0061225
tsp_6991.graph,data/tsp_graphs/tsp_6991.graph,7,20,False,0.25889206,-0.21389258
tsp_6992.graph,data/tsp_graphs/tsp_6992.graph,10,10,True,0.96596146,-0.003945291
tsp_6993.graph,data/tsp_graphs/tsp_6993.graph,5,15,False,-1.1191406,-0.6721221
tsp_6994.graph,data/tsp_graphs/tsp_6994.graph,7,15,True,0.2810955,-0.2629145
tsp_6995.graph,data/tsp_graphs/tsp_6995.graph,8,15,False,-1.5947437,0.44555247
tsp_6996.graph,data/tsp_graphs/tsp_6996.graph,10,15,True,0.29832268,0.3258031
tsp_6997.graph,data/tsp_graphs/tsp_6997.graph,10,20,False,-0.6419754,0.62797195
tsp_6998.graph,data/tsp_graphs/tsp_6998.graph,7,10,True,1.5409851,-0.29559183
tsp_6999.graph,data/tsp_graphs/tsp_6999.graph,9,15,False,0.17080307,0.546652
tsp_7.graph,data/tsp_graphs/tsp_7.graph,6,20,False,-1.2005005,-0.119887084
tsp_70.graph,data/tsp_graphs/tsp_70.graph,7,20,True,1.2770538,-0.0053968728
tsp_700.graph,data/tsp_graphs/tsp_700.graph,6,20,True,-0.3982134,-0.1050517
tsp_7000.graph,data/tsp_graphs/tsp_7000.graph,8,20,True,-0.58047485,0.27432102
tsp_7001.graph,data/tsp_graphs/tsp_7001.graph,8,15,False,-1.2106247,0.15803224
tsp_7002.graph,data/tsp_graphs/tsp_7002.graph,7,20,True,1.2306366,0.27470183
tsp_7003.graph,data/tsp_graphs/tsp_7003.graph,8,15,False,-0.8434315,0.09091622
tsp_7004.graph,data/tsp_graphs/tsp_7004.graph,5,15,True,0.68357086,-0.45732632
tsp_7005.graph,data/tsp_graphs/tsp_7005.graph,10,20,False,-1.1008072,0.42366725
tsp_7006.graph,data/tsp_graphs/tsp_7006.graph,7,10,True,1.4536362,-0.10044649
tsp_7007.graph,data/tsp_graphs/tsp_7007.graph,10,20,False,-2.1212883,0.82860166
tsp_7008.graph,data/tsp_graphs/tsp_7008.graph,5,20,True,0.37740707,-0.4756294
tsp_7009.graph,data/tsp_graphs/tsp_7009.graph,8,20,False,-0.95204926,0.11849815
tsp_701.graph,data/tsp_graphs/tsp_701.graph,6,15,False,-0.5908971,-0.2617302
tsp_7010.graph,data/tsp_graphs/tsp_7010.graph,10,10,True,0.6079788,0.36177176
tsp_7011.graph,data/tsp_graphs/tsp_7011.graph,10,20,False,-0.100914,0.3982578
tsp_7012.graph,data/tsp_graphs/tsp_7012.graph,9,10,True,1.3592834,0.4122488
tsp_7013.graph,data/tsp_graphs/tsp_7013.graph,5,20,False,0.21337795,-0.4812424
tsp_7014.graph,data/tsp_graphs/tsp_7014.graph,7,10,True,1.521492,0.14757097
tsp_7015.graph,data/tsp_graphs/tsp_7015.graph,8,10,False,-0.70890045,0.05503124
tsp_7016.graph,data/tsp_graphs/tsp_7016.graph,5,15,True,-0.8507843,-0.3705123
tsp_7017.graph,data/tsp_graphs/tsp_7017.graph,7,10,False,-1.3760414,-0.377248
tsp_7018.graph,data/tsp_graphs/tsp_7018.graph,6,10,True,-0.8682518,-0.61438197
tsp_7019.graph,data/tsp_graphs/tsp_7019.graph,6,20,False,-1.2352753,-0.16667321
tsp_702.graph,data/tsp_graphs/tsp_702.graph,6,20,True,0.025283813,-0.1486057
tsp_7020.graph,data/tsp_graphs/tsp_7020.graph,5,20,True,0.37473297,-0.2782635
tsp_7021.graph,data/tsp_graphs/tsp_7021.graph,9,20,False,-0.2680664,0.47830635
tsp_7022.graph,data/tsp_graphs/tsp_7022.graph,6,20,True,-0.22346878,-0.04231012
tsp_7023.graph,data/tsp_graphs/tsp_7023.graph,6,20,False,-0.73633575,-0.38478407
tsp_7024.graph,data/tsp_graphs/tsp_7024.graph,5,10,True,-1.2388573,-0.6764186
tsp_7025.graph,data/tsp_graphs/tsp_7025.graph,8,20,False,-0.36424255,0.038127244
tsp_7026.graph,data/tsp_graphs/tsp_7026.graph,7,10,True,-0.21305847,-0.14248839
tsp_7027.graph,data/tsp_graphs/tsp_7027.graph,8,10,False,-0.24880219,-0.45308125
tsp_7028.graph,data/tsp_graphs/tsp_7028.graph,8,10,True,1.1441956,0.2793339
tsp_7029.graph,data/tsp_graphs/tsp_7029.graph,7,15,False,-0.71170616,-0.009958208
tsp_703.graph,data/tsp_graphs/tsp_703.graph,10,20,False,-0.7389221,0.80872756
tsp_7030.graph,data/tsp_graphs/tsp_7030.graph,9,20,True,-0.29597473,0.38020664
tsp_7031.graph,data/tsp_graphs/tsp_7031.graph,6,20,False,1.071415,-0.09948814
tsp_7032.graph,data/tsp_graphs/tsp_7032.graph,5,20,True,-0.3796959,-0.49177864
tsp_7033.graph,data/tsp_graphs/tsp_7033.graph,7,20,False,-1.4061604,0.09953803
tsp_7034.graph,data/tsp_graphs/tsp_7034.graph,8,10,True,-0.026550293,-0.26124555
tsp_7035.graph,data/tsp_graphs/tsp_7035.graph,10,15,False,-0.47658253,0.7999689
tsp_7036.graph,data/tsp_graphs/tsp_7036.graph,6,20,True,0.80179596,-0.12254143
tsp_7037.graph,data/tsp_graphs/tsp_7037.graph,9,15,False,0.067359924,0.4772882
tsp_7038.graph,data/tsp_graphs/tsp_7038.graph,5,20,True,-0.14866447,-0.61876434
tsp_7039.graph,data/tsp_graphs/tsp_7039.graph,10,20,False,-0.1747055,0.4347179
tsp_704.graph,data/tsp_graphs/tsp_704.graph,6,10,True,-0.0919075,-0.5781777
tsp_7040.graph,data/tsp_graphs/tsp_7040.graph,6,15,True,1.0900846,-0.24470265
tsp_7041.graph,data/tsp_graphs/tsp_7041.graph,6,20,False,0.051475525,-0.2751254
tsp_7042.graph,data/tsp_graphs/tsp_7042.graph,5,10,True,0.4571724,-0.707675
tsp_7043.graph,data/tsp_graphs/tsp_7043.graph,5,20,False,1.0237551,-0.12720454
tsp_7044.graph,data/tsp_graphs/tsp_7044.graph,9,20,True,-1.3673706,0.63224596
tsp_7045.graph,data/tsp_graphs/tsp_7045.graph,5,20,False,0.55163574,-0.28727216
tsp_7046.graph,data/tsp_graphs/tsp_7046.graph,6,15,True,-1.3267717,-0.19703236
tsp_7047.graph,data/tsp_graphs/tsp_7047.graph,7,20,False,-0.12931824,0.2829978
tsp_7048.graph,data/tsp_graphs/tsp_7048.graph,8,15,True,-0.5765362,0.28430623
tsp_7049.graph,data/tsp_graphs/tsp_7049.graph,5,10,False,-1.2614434,-0.9110794
tsp_705.graph,data/tsp_graphs/tsp_705.graph,6,15,False,-1.0306845,-0.010930806
tsp_7050.graph,data/tsp_graphs/tsp_7050.graph,7,20,True,-0.5979996,0.28172976
tsp_7051.graph,data/tsp_graphs/tsp_7051.graph,5,10,False,0.39255524,-0.7073407
tsp_7052.graph,data/tsp_graphs/tsp_7052.graph,7,15,True,-0.53664684,-0.22711423
tsp_7053.graph,data/tsp_graphs/tsp_7053.graph,8,10,False,-1.4589233,0.13006485
tsp_7054.graph,data/tsp_graphs/tsp_7054.graph,9,10,True,-1.4998398,0.11072439
tsp_7055.graph,data/tsp_graphs/tsp_7055.graph,10,20,False,0.97771454,0.5782797
tsp_7056.graph,data/tsp_graphs/tsp_7056.graph,6,15,True,0.4065156,-0.33407393
tsp_7057.graph,data/tsp_graphs/tsp_7057.graph,5,15,False,0.47021866,-0.5500933
tsp_7058.graph,data/tsp_graphs/tsp_7058.graph,8,20,True,0.57704544,0.44595748
tsp_7059.graph,data/tsp_graphs/tsp_7059.graph,10,10,False,-1.7272568,0.44751364
tsp_706.graph,data/tsp_graphs/tsp_706.graph,8,15,True,-0.5254116,0.01013267
tsp_7060.graph,data/tsp_graphs/tsp_7060.graph,6,20,True,-0.60004044,-0.30188173
tsp_7061.graph,data/tsp_graphs/tsp_7061.graph,9,20,False,-1.5014572,0.59783584
tsp_7062.graph,data/tsp_graphs/tsp_7062.graph,9,10,True,0.79737854,-0.13299239
tsp_7063.graph,data/tsp_graphs/tsp_7063.graph,8,15,False,-1.1600857,0.5554784
tsp_7064.graph,data/tsp_graphs/tsp_7064.graph,5,10,True,-0.09214783,-0.7500955
tsp_7065.graph,data/tsp_graphs/tsp_7065.graph,7,10,False,0.8824806,-0.49038592
tsp_7066.graph,data/tsp_graphs/tsp_7066.graph,10,20,True,1.2082138,0.758617
tsp_7067.graph,data/tsp_graphs/tsp_7067.graph,5,20,False,-0.5291939,-0.22767234
tsp_7068.graph,data/tsp_graphs/tsp_7068.graph,10,10,True,0.1162262,0.6768523
tsp_7069.graph,data/tsp_graphs/tsp_7069.graph,10,10,False,0.2830181,0.27511507
tsp_707.graph,data/tsp_graphs/tsp_707.graph,6,20,False,-0.54826736,-0.1806936
tsp_7070.graph,data/tsp_graphs/tsp_7070.graph,9,20,True,-0.4719391,0.28835803
tsp_7071.graph,data/tsp_graphs/tsp_7071.graph,7,20,False,0.84378815,-0.0970512
tsp_7072.graph,data/tsp_graphs/tsp_7072.graph,7,10,True,0.85217667,-0.32718137
tsp_7073.graph,data/tsp_graphs/tsp_7073.graph,10,20,False,-0.2064209,0.71066314
tsp_7074.graph,data/tsp_graphs/tsp_7074.graph,7,20,True,-0.002998352,0.12762767
tsp_7075.graph,data/tsp_graphs/tsp_7075.graph,8,15,False,-0.26696968,0.39977753
tsp_7076.graph,data/tsp_graphs/tsp_7076.graph,5,20,True,3.057764,-0.18731487
tsp_7077.graph,data/tsp_graphs/tsp_7077.graph,7,20,False,-1.170422,0.32098645
tsp_7078.graph,data/tsp_graphs/tsp_7078.graph,5,20,True,1.7058907,-0.2328017
tsp_7079.graph,data/tsp_graphs/tsp_7079.graph,7,20,False,-0.25079346,-0.13702339
tsp_708.graph,data/tsp_graphs/tsp_708.graph,7,20,True,1.3115463,0.052153885
tsp_7080.graph,data/tsp_graphs/tsp_7080.graph,7,10,True,1.0035934,0.0032277107
tsp_7081.graph,data/tsp_graphs/tsp_7081.graph,10,20,False,0.035316467,0.57758373
tsp_7082.graph,data/tsp_graphs/tsp_7082.graph,5,20,True,0.17831421,-0.4172244
tsp_7083.graph,data/tsp_graphs/tsp_7083.graph,8,20,False,-0.31741333,0.1116907
tsp_7084.graph,data/tsp_graphs/tsp_7084.graph,7,20,True,-0.16337585,0.25623363
tsp_7085.graph,data/tsp_graphs/tsp_7085.graph,6,10,False,0.9305229,-0.6728345
tsp_7086.graph,data/tsp_graphs/tsp_7086.graph,10,10,True,0.9457817,0.07244581
tsp_7087.graph,data/tsp_graphs/tsp_7087.graph,9,20,False,0.5221329,0.16547412
tsp_7088.graph,data/tsp_graphs/tsp_7088.graph,5,15,True,0.66282845,-0.3411219
tsp_7089.graph,data/tsp_graphs/tsp_7089.graph,7,10,False,-1.8804321,-0.75555235
tsp_709.graph,data/tsp_graphs/tsp_709.graph,7,15,False,-0.78468037,-0.37756735
tsp_7090.graph,data/tsp_graphs/tsp_7090.graph,8,15,True,0.88607407,0.4588223
tsp_7091.graph,data/tsp_graphs/tsp_7091.graph,6,15,False,-1.1038189,0.01467973
tsp_7092.graph,data/tsp_graphs/tsp_7092.graph,9,10,True,-1.0310402,-0.31137633
tsp_7093.graph,data/tsp_graphs/tsp_7093.graph,6,20,False,0.17517853,-0.25134513
tsp_7094.graph,data/tsp_graphs/tsp_7094.graph,5,20,True,1.4644737,-0.059405
tsp_7095.graph,data/tsp_graphs/tsp_7095.graph,10,15,False,0.28702545,0.46910602
tsp_7096.graph,data/tsp_graphs/tsp_7096.graph,9,20,True,1.2759323,0.5352853
tsp_7097.graph,data/tsp_graphs/tsp_7097.graph,7,10,False,0.09391022,-0.17032391
tsp_7098.graph,data/tsp_graphs/tsp_7098.graph,6,10,True,2.6842499,-0.10396677
tsp_7099.graph,data/tsp_graphs/tsp_7099.graph,9,15,False,-1.9408941,0.20585066
tsp_71.graph,data/tsp_graphs/tsp_71.graph,9,10,False,-2.4398804,0.48670846
tsp_710.graph,data/tsp_graphs/tsp_710.graph,9,10,True,0.55923843,0.091608346
tsp_7100.graph,data/tsp_graphs/tsp_7100.graph,6,15,True,0.07221985,-0.48271173
tsp_7101.graph,data/tsp_graphs/tsp_7101.graph,8,10,False,-1.5712433,-0.08537558
tsp_7102.graph,data/tsp_graphs/tsp_7102.graph,9,20,True,-0.7585144,0.6436394
tsp_7103.graph,data/tsp_graphs/tsp_7103.graph,8,15,False,-1.6346178,0.05961734
tsp_7104.graph,data/tsp_graphs/tsp_7104.graph,5,10,True,-1.1289825,-0.43242478
tsp_7105.graph,data/tsp_graphs/tsp_7105.graph,10,20,False,-0.028259277,0.41765183
tsp_7106.graph,data/tsp_graphs/tsp_7106.graph,7,15,True,-0.5267987,-0.045741767
tsp_7107.graph,data/tsp_graphs/tsp_7107.graph,6,10,False,-1.993927,-0.40955323
tsp_7108.graph,data/tsp_graphs/tsp_7108.graph,9,20,True,0.597847,0.43188196
tsp_7109.graph,data/tsp_graphs/tsp_7109.graph,6,15,False,-0.95004654,-0.010149956
tsp_711.graph,data/tsp_graphs/tsp_711.graph,6,10,False,-0.6504669,-0.59745264
tsp_7110.graph,data/tsp_graphs/tsp_7110.graph,8,15,True,-0.8169594,0.026519895
tsp_7111.graph,data/tsp_graphs/tsp_7111.graph,5,15,False,0.02809906,-0.67902863
tsp_7112.graph,data/tsp_graphs/tsp_7112.graph,5,10,True,0.85665894,-0.8318746
tsp_7113.graph,data/tsp_graphs/tsp_7113.graph,9,20,False,-0.042495728,0.3137806
tsp_7114.graph,data/tsp_graphs/tsp_7114.graph,6,10,True,-0.76203156,-0.5704276
tsp_7115.graph,data/tsp_graphs/tsp_7115.graph,10,10,False,-1.702446,0.12807417
tsp_7116.graph,data/tsp_graphs/tsp_7116.graph,10,15,True,-0.30169678,0.44911367
tsp_7117.graph,data/tsp_graphs/tsp_7117.graph,8,10,False,1.8906403,-0.07169992
tsp_7118.graph,data/tsp_graphs/tsp_7118.graph,5,10,True,-0.33440018,-0.55973065
tsp_7119.graph,data/tsp_graphs/tsp_7119.graph,9,15,False,-1.3745537,-0.021825612
tsp_712.graph,data/tsp_graphs/tsp_712.graph,5,15,True,1.2644176,-0.5845556
tsp_7120.graph,data/tsp_graphs/tsp_7120.graph,10,15,True,0.38871956,0.74664026
tsp_7121.graph,data/tsp_graphs/tsp_7121.graph,8,20,False,-0.7664261,0.12508899
tsp_7122.graph,data/tsp_graphs/tsp_7122.graph,10,10,True,0.73288727,-0.09995279
tsp_7123.graph,data/tsp_graphs/tsp_7123.graph,8,15,False,1.3782148,0.39825886
tsp_7124.graph,data/tsp_graphs/tsp_7124.graph,10,10,True,-0.5507927,0.31928933
tsp_7125.graph,data/tsp_graphs/tsp_7125.graph,6,10,False,-0.78330255,-0.50877726
tsp_7126.graph,data/tsp_graphs/tsp_7126.graph,6,20,True,1.3301392,-0.14016059
tsp_7127.graph,data/tsp_graphs/tsp_7127.graph,10,10,False,0.9994297,0.30279094
tsp_7128.graph,data/tsp_graphs/tsp_7128.graph,7,15,True,-0.11967468,-0.6035985
tsp_7129.graph,data/tsp_graphs/tsp_7129.graph,10,10,False,-1.5336037,0.14480847
tsp_713.graph,data/tsp_graphs/tsp_713.graph,9,20,False,-1.1234512,0.41222042
tsp_7130.graph,data/tsp_graphs/tsp_7130.graph,8,15,True,0.86340714,0.1145103
tsp_7131.graph,data/tsp_graphs/tsp_7131.graph,6,20,False,-0.44485474,0.12679142
tsp_7132.graph,data/tsp_graphs/tsp_7132.graph,5,10,True,0.009986877,-0.81211257
tsp_7133.graph,data/tsp_graphs/tsp_7133.graph,6,20,False,-0.548872,-0.17842862
tsp_7134.graph,data/tsp_graphs/tsp_7134.graph,9,10,True,1.3411407,0.14809233
tsp_7135.graph,data/tsp_graphs/tsp_7135.graph,8,15,False,0.31970406,-0.04306686
tsp_7136.graph,data/tsp_graphs/tsp_7136.graph,8,10,True,2.0636444,0.11175978
tsp_7137.graph,data/tsp_graphs/tsp_7137.graph,6,20,False,0.08309555,-0.26934618
tsp_7138.graph,data/tsp_graphs/tsp_7138.graph,9,15,True,1.0880527,0.11392695
tsp_7139.graph,data/tsp_graphs/tsp_7139.graph,9,15,False,-0.71271515,0.39840764
tsp_714.graph,data/tsp_graphs/tsp_714.graph,6,20,True,1.186789,0.005420327
tsp_7140.graph,data/tsp_graphs/tsp_7140.graph,10,10,True,1.3976593,0.020836174
tsp_7141.graph,data/tsp_graphs/tsp_7141.graph,6,15,False,0.8174,-0.1632435
tsp_7142.graph,data/tsp_graphs/tsp_7142.graph,8,10,True,2.6095505,-0.03335929
tsp_7143.graph,data/tsp_graphs/tsp_7143.graph,7,15,False,0.10990906,0.092992604
tsp_7144.graph,data/tsp_graphs/tsp_7144.graph,6,15,True,0.8970566,0.16024935
tsp_7145.graph,data/tsp_graphs/tsp_7145.graph,9,20,False,-1.0123444,0.607626
tsp_7146.graph,data/tsp_graphs/tsp_7146.graph,7,20,True,0.8525963,0.21433926
tsp_7147.graph,data/tsp_graphs/tsp_7147.graph,9,10,False,0.70238876,0.07428241
tsp_7148.graph,data/tsp_graphs/tsp_7148.graph,5,20,True,-0.10725403,-0.37786537
tsp_7149.graph,data/tsp_graphs/tsp_7149.graph,8,10,False,-1.5118637,-0.23572564
tsp_715.graph,data/tsp_graphs/tsp_715.graph,7,15,False,-2.154892,0.15080899
tsp_7150.graph,data/tsp_graphs/tsp_7150.graph,7,15,True,-0.14146233,-0.07852116
tsp_7151.graph,data/tsp_graphs/tsp_7151.graph,5,10,False,0.25318146,-0.6779978
tsp_7152.graph,data/tsp_graphs/tsp_7152.graph,9,15,True,0.2378521,0.15176398
tsp_7153.graph,data/tsp_graphs/tsp_7153.graph,8,20,False,-0.44417572,0.18663192
tsp_7154.graph,data/tsp_graphs/tsp_7154.graph,8,15,True,-1.2139068,0.3403275
tsp_7155.graph,data/tsp_graphs/tsp_7155.graph,10,15,False,0.34807014,0.40915406
tsp_7156.graph,data/tsp_graphs/tsp_7156.graph,5,15,True,1.6052191,-0.42223668
tsp_7157.graph,data/tsp_graphs/tsp_7157.graph,9,15,False,-0.39945412,0.40184206
tsp_7158.graph,data/tsp_graphs/tsp_7158.graph,8,15,True,-0.33074093,0.052843273
tsp_7159.graph,data/tsp_graphs/tsp_7159.graph,9,20,False,-0.022102356,0.3818596
tsp_716.graph,data/tsp_graphs/tsp_716.graph,5,20,True,-1.4794917,-0.1437422
tsp_7160.graph,data/tsp_graphs/tsp_7160.graph,5,10,True,-0.86937714,-0.6995038
tsp_7161.graph,data/tsp_graphs/tsp_7161.graph,9,10,False,-2.180153,0.3569768
tsp_7162.graph,data/tsp_graphs/tsp_7162.graph,8,15,True,1.2658615,0.3587767
tsp_7163.graph,data/tsp_graphs/tsp_7163.graph,9,15,False,-2.223709,-0.08419636
tsp_7164.graph,data/tsp_graphs/tsp_7164.graph,6,20,True,-0.7554245,0.14864361
tsp_7165.graph,data/tsp_graphs/tsp_7165.graph,7,20,False,0.03616333,-0.18005824
tsp_7166.graph,data/tsp_graphs/tsp_7166.graph,10,10,True,0.72870255,0.11971682
tsp_7167.graph,data/tsp_graphs/tsp_7167.graph,7,10,False,-1.3555603,-0.047279745
tsp_7168.graph,data/tsp_graphs/tsp_7168.graph,9,15,True,-0.70809937,0.21818548
tsp_7169.graph,data/tsp_graphs/tsp_7169.graph,6,10,False,0.2191391,-0.7127772
tsp_717.graph,data/tsp_graphs/tsp_717.graph,8,20,False,-0.085113525,0.05697477
tsp_7170.graph,data/tsp_graphs/tsp_7170.graph,9,15,True,0.39913893,-0.010405183
tsp_7171.graph,data/tsp_graphs/tsp_7171.graph,9,10,False,-0.44877625,0.22901326
tsp_7172.graph,data/tsp_graphs/tsp_7172.graph,10,10,True,0.22616196,0.33943892
tsp_7173.graph,data/tsp_graphs/tsp_7173.graph,7,15,False,-1.3490009,-0.3202918
tsp_7174.graph,data/tsp_graphs/tsp_7174.graph,10,20,True,0.23486328,0.49209863
tsp_7175.graph,data/tsp_graphs/tsp_7175.graph,9,10,False,-2.3530884,0.31849664
tsp_7176.graph,data/tsp_graphs/tsp_7176.graph,9,10,True,-0.5669327,0.098754704
tsp_7177.graph,data/tsp_graphs/tsp_7177.graph,7,20,False,-0.99643326,-0.26849928
tsp_7178.graph,data/tsp_graphs/tsp_7178.graph,10,10,True,0.8506241,0.42415613
tsp_7179.graph,data/tsp_graphs/tsp_7179.graph,6,20,False,-2.1375275,-0.44351792
tsp_718.graph,data/tsp_graphs/tsp_718.graph,8,10,True,-1.1118584,0.019666374
tsp_7180.graph,data/tsp_graphs/tsp_7180.graph,9,20,True,-0.07801056,0.56659216
tsp_7181.graph,data/tsp_graphs/tsp_7181.graph,5,20,False,0.66887665,-0.40234295
tsp_7182.graph,data/tsp_graphs/tsp_7182.graph,6,15,True,0.36206055,-0.18440929
tsp_7183.graph,data/tsp_graphs/tsp_7183.graph,9,15,False,-0.23554039,0.13156825
tsp_7184.graph,data/tsp_graphs/tsp_7184.graph,7,15,True,-0.13848305,-0.005774617
tsp_7185.graph,data/tsp_graphs/tsp_7185.graph,9,20,False,-0.30091858,0.23296362
tsp_7186.graph,data/tsp_graphs/tsp_7186.graph,5,15,True,1.6489124,-0.27579644
tsp_7187.graph,data/tsp_graphs/tsp_7187.graph,8,20,False,-0.43981934,0.54622036
tsp_7188.graph,data/tsp_graphs/tsp_7188.graph,8,10,True,1.2815685,0.085592926
tsp_7189.graph,data/tsp_graphs/tsp_7189.graph,8,20,False,-0.11936188,0.26727688
tsp_719.graph,data/tsp_graphs/tsp_719.graph,6,20,False,0.29597545,-0.27555367
tsp_7190.graph,data/tsp_graphs/tsp_7190.graph,5,15,True,-0.40647507,-0.6687629
tsp_7191.graph,data/tsp_graphs/tsp_7191.graph,7,15,False,-0.4467678,-0.12055367
tsp_7192.graph,data/tsp_graphs/tsp_7192.graph,5,10,True,0.4676056,-0.7579262
tsp_7193.graph,data/tsp_graphs/tsp_7193.graph,6,20,False,-2.4581451,0.26336914
tsp_7194.graph,data/tsp_graphs/tsp_7194.graph,6,20,True,0.614872,-0.19318312
tsp_7195.graph,data/tsp_graphs/tsp_7195.graph,5,15,False,-0.15795994,-0.44254997
tsp_7196.graph,data/tsp_graphs/tsp_7196.graph,5,20,True,0.11861181,-0.28938663
tsp_7197.graph,data/tsp_graphs/tsp_7197.graph,6,10,False,0.98508835,-0.73591757
tsp_7198.graph,data/tsp_graphs/tsp_7198.graph,6,20,True,0.38799667,-0.059786737
tsp_7199.graph,data/tsp_graphs/tsp_7199.graph,9,10,False,0.049819946,-0.011012554
tsp_72.graph,data/tsp_graphs/tsp_72.graph,8,15,True,1.490787,0.39279503
tsp_720.graph,data/tsp_graphs/tsp_720.graph,5,10,True,1.3668747,-0.95923424
tsp_7200.graph,data/tsp_graphs/tsp_7200.graph,9,20,True,1.0165749,0.74576455
tsp_7201.graph,data/tsp_graphs/tsp_7201.graph,9,20,False,0.74884796,0.47601026
tsp_7202.graph,data/tsp_graphs/tsp_7202.graph,9,10,True,0.40437317,0.37176794
tsp_7203.graph,data/tsp_graphs/tsp_7203.graph,5,10,False,-0.42188263,-0.53308415
tsp_7204.graph,data/tsp_graphs/tsp_7204.graph,10,20,True,0.11955261,0.6896303
tsp_7205.graph,data/tsp_graphs/tsp_7205.graph,5,15,False,0.3330822,-0.65708673
tsp_7206.graph,data/tsp_graphs/tsp_7206.graph,7,15,True,0.760643,0.120290995
tsp_7207.graph,data/tsp_graphs/tsp_7207.graph,6,10,False,0.27890015,-0.7764795
tsp_7208.graph,data/tsp_graphs/tsp_7208.graph,5,20,True,1.9780846,-0.3698435
tsp_7209.graph,data/tsp_graphs/tsp_7209.graph,10,15,False,-0.77064514,0.23325229
tsp_721.graph,data/tsp_graphs/tsp_721.graph,6,15,False,1.4066257,-0.30857933
tsp_7210.graph,data/tsp_graphs/tsp_7210.graph,8,15,True,1.9733671,0.27952224
tsp_7211.graph,data/tsp_graphs/tsp_7211.graph,5,15,False,-0.7771797,-0.21737343
tsp_7212.graph,data/tsp_graphs/tsp_7212.graph,6,20,True,3.4825172,-0.05429101
tsp_7213.graph,data/tsp_graphs/tsp_7213.graph,7,20,False,-0.3976059,-0.17400786
tsp_7214.graph,data/tsp_graphs/tsp_7214.graph,5,20,True,0.024295807,-0.5736764
tsp_7215.graph,data/tsp_graphs/tsp_7215.graph,5,20,False,1.6511364,-0.24322644
tsp_7216.graph,data/tsp_graphs/tsp_7216.graph,6,20,True,1.2387314,-0.25926697
tsp_7217.graph,data/tsp_graphs/tsp_7217.graph,10,10,False,-0.20645332,0.2753719
tsp_7218.graph,data/tsp_graphs/tsp_7218.graph,8,15,True,-0.5372658,0.20926875
tsp_7219.graph,data/tsp_graphs/tsp_7219.graph,5,15,False,-0.37914276,-0.68755764
tsp_722.graph,data/tsp_graphs/tsp_722.graph,7,15,True,0.24233437,0.030103385
tsp_7220.graph,data/tsp_graphs/tsp_7220.graph,7,20,True,2.4869614,0.17448062
tsp_7221.graph,data/tsp_graphs/tsp_7221.graph,6,20,False,1.4874763,-0.19591781
tsp_7222.graph,data/tsp_graphs/tsp_7222.graph,5,20,True,-1.7411575,-0.46876982
tsp_7223.graph,data/tsp_graphs/tsp_7223.graph,10,20,False,-0.5389862,0.6500003
tsp_7224.graph,data/tsp_graphs/tsp_7224.graph,7,15,True,-0.4854107,0.102522016
tsp_7225.graph,data/tsp_graphs/tsp_7225.graph,5,15,False,-0.02063179,-0.73594195
tsp_7226.graph,data/tsp_graphs/tsp_7226.graph,8,10,True,-0.8825302,-0.17679694
tsp_7227.graph,data/tsp_graphs/tsp_7227.graph,9,20,False,0.01851654,0.62850314
tsp_7228.graph,data/tsp_graphs/tsp_7228.graph,10,20,True,-0.062423706,0.6128332
tsp_7229.graph,data/tsp_graphs/tsp_7229.graph,6,15,False,1.1831093,-0.2872954
tsp_723.graph,data/tsp_graphs/tsp_723.graph,5,10,False,-0.061927795,-0.78027177
tsp_7230.graph,data/tsp_graphs/tsp_7230.graph,8,15,True,-0.83200455,0.38533717
tsp_7231.graph,data/tsp_graphs/tsp_7231.graph,8,10,False,-0.47296524,-0.3218725
tsp_7232.graph,data/tsp_graphs/tsp_7232.graph,10,20,True,1.3683777,0.49351037
tsp_7233.graph,data/tsp_graphs/tsp_7233.graph,6,20,False,0.8693619,-0.086036384
tsp_7234.graph,data/tsp_graphs/tsp_7234.graph,7,10,True,3.4193802,-0.0014811754
tsp_7235.graph,data/tsp_graphs/tsp_7235.graph,10,20,False,-0.77534485,0.87314266
tsp_7236.graph,data/tsp_graphs/tsp_7236.graph,10,10,True,1.0881824,0.237109
tsp_7237.graph,data/tsp_graphs/tsp_7237.graph,9,20,False,0.7600937,0.5582765
tsp_7238.graph,data/tsp_graphs/tsp_7238.graph,9,20,True,2.2969513,0.5287215
tsp_7239.graph,data/tsp_graphs/tsp_7239.graph,9,15,False,-1.8806419,0.5392378
tsp_724.graph,data/tsp_graphs/tsp_724.graph,6,20,True,-0.2513466,-0.22504643
tsp_7240.graph,data/tsp_graphs/tsp_7240.graph,8,10,True,1.4944992,0.2516865
tsp_7241.graph,data/tsp_graphs/tsp_7241.graph,10,20,False,-2.2355804,0.700383
tsp_7242.graph,data/tsp_graphs/tsp_7242.graph,8,15,True,1.5864496,0.57183486
tsp_7243.graph,data/tsp_graphs/tsp_7243.graph,8,20,False,-1.4499207,0.24716967
tsp_7244.graph,data/tsp_graphs/tsp_7244.graph,5,10,True,-0.8034668,-0.41155446
tsp_7245.graph,data/tsp_graphs/tsp_7245.graph,8,15,False,-0.4405632,0.23039985
tsp_7246.graph,data/tsp_graphs/tsp_7246.graph,8,20,True,-0.34990692,0.29107398
tsp_7247.graph,data/tsp_graphs/tsp_7247.graph,9,20,False,-1.0795822,0.66229516
tsp_7248.graph,data/tsp_graphs/tsp_7248.graph,7,20,True,0.15310669,-0.03161472
tsp_7249.graph,data/tsp_graphs/tsp_7249.graph,9,10,False,-0.8809967,-0.15640834
tsp_725.graph,data/tsp_graphs/tsp_725.graph,6,20,False,-0.95949554,-0.14028642
tsp_7250.graph,data/tsp_graphs/tsp_7250.graph,8,10,True,-0.06109619,-0.55749804
tsp_7251.graph,data/tsp_graphs/tsp_7251.graph,9,15,False,0.08476257,0.2677093
tsp_7252.graph,data/tsp_graphs/tsp_7252.graph,8,20,True,0.65065,0.2583331
tsp_7253.graph,data/tsp_graphs/tsp_7253.graph,8,10,False,-0.5868912,-0.020817667
tsp_7254.graph,data/tsp_graphs/tsp_7254.graph,8,10,True,0.7347641,0.121805966
tsp_7255.graph,data/tsp_graphs/tsp_7255.graph,10,20,False,-2.533863,0.9490941
tsp_7256.graph,data/tsp_graphs/tsp_7256.graph,10,10,True,0.49364853,0.06601775
tsp_7257.graph,data/tsp_graphs/tsp_7257.graph,8,20,False,-0.3343048,0.1905508
tsp_7258.graph,data/tsp_graphs/tsp_7258.graph,10,20,True,-1.0256348,0.34364188
tsp_7259.graph,data/tsp_graphs/tsp_7259.graph,6,10,False,-1.3343506,-0.2047846
tsp_726.graph,data/tsp_graphs/tsp_726.graph,8,10,True,-1.5228233,0.0052075386
tsp_7260.graph,data/tsp_graphs/tsp_7260.graph,8,10,True,-0.031700134,-0.21692595
tsp_7261.graph,data/tsp_graphs/tsp_7261.graph,9,10,False,0.87981796,-0.2570785
tsp_7262.graph,data/tsp_graphs/tsp_7262.graph,6,20,True,-1.348671,-0.37531295
tsp_7263.graph,data/tsp_graphs/tsp_7263.graph,10,10,False,0.36671257,0.15404004
tsp_7264.graph,data/tsp_graphs/tsp_7264.graph,8,10,True,0.77905655,-0.16194642
tsp_7265.graph,data/tsp_graphs/tsp_7265.graph,9,15,False,0.8706188,0.4920532
tsp_7266.graph,data/tsp_graphs/tsp_7266.graph,8,15,True,1.6087723,0.12916851
tsp_7267.graph,data/tsp_graphs/tsp_7267.graph,8,20,False,-1.0537124,0.27930444
tsp_7268.graph,data/tsp_graphs/tsp_7268.graph,6,15,True,-0.03491974,-0.37032738
tsp_7269.graph,data/tsp_graphs/tsp_7269.graph,9,15,False,1.2579163,0.647782
tsp_727.graph,data/tsp_graphs/tsp_727.graph,8,10,False,-1.4327793,-0.35025743
tsp_7270.graph,data/tsp_graphs/tsp_7270.graph,9,15,True,0.896904,0.2492612
tsp_7271.graph,data/tsp_graphs/tsp_7271.graph,6,10,False,-0.5476837,-0.5287744
tsp_7272.graph,data/tsp_graphs/tsp_7272.graph,6,10,True,-0.59946823,-0.6383532
tsp_7273.graph,data/tsp_graphs/tsp_7273.graph,6,15,False,-0.43045807,-0.44604635
tsp_7274.graph,data/tsp_graphs/tsp_7274.graph,6,10,True,-0.6106491,-0.18766281
tsp_7275.graph,data/tsp_graphs/tsp_7275.graph,7,20,False,-1.6572723,0.3782187
tsp_7276.graph,data/tsp_graphs/tsp_7276.graph,9,15,True,-0.6967716,0.18766838
tsp_7277.graph,data/tsp_graphs/tsp_7277.graph,9,15,False,-0.5205555,0.19196695
tsp_7278.graph,data/tsp_graphs/tsp_7278.graph,6,10,True,-0.29162598,-0.5548532
tsp_7279.graph,data/tsp_graphs/tsp_7279.graph,9,10,False,-1.0777283,0.13191485
tsp_728.graph,data/tsp_graphs/tsp_728.graph,9,10,True,-0.31932068,0.07411641
tsp_7280.graph,data/tsp_graphs/tsp_7280.graph,8,15,True,1.9532101,0.433317
tsp_7281.graph,data/tsp_graphs/tsp_7281.graph,9,20,False,-0.02721405,0.36187154
tsp_7282.graph,data/tsp_graphs/tsp_7282.graph,8,10,True,-1.4286804,-0.08431512
tsp_7283.graph,data/tsp_graphs/tsp_7283.graph,6,10,False,-0.17364883,-0.9529774
tsp_7284.graph,data/tsp_graphs/tsp_7284.graph,9,10,True,-0.40600967,0.045544565
tsp_7285.graph,data/tsp_graphs/tsp_7285.graph,10,20,False,-1.1728897,0.5617984
tsp_7286.graph,data/tsp_graphs/tsp_7286.graph,10,15,True,0.31407928,0.61645395
tsp_7287.graph,data/tsp_graphs/tsp_7287.graph,7,20,False,0.09275055,0.10185659
tsp_7288.graph,data/tsp_graphs/tsp_7288.graph,8,10,True,0.8439255,-0.10183364
tsp_7289.graph,data/tsp_graphs/tsp_7289.graph,10,10,False,-0.8883476,0.31586277
tsp_729.graph,data/tsp_graphs/tsp_729.graph,8,10,False,0.21250153,-0.3467732
tsp_7290.graph,data/tsp_graphs/tsp_7290.graph,7,15,True,1.0466678,-0.25787592
tsp_7291.graph,data/tsp_graphs/tsp_7291.graph,10,15,False,-0.58953476,0.4673261
tsp_7292.graph,data/tsp_graphs/tsp_7292.graph,9,10,True,-0.5458641,0.19470334
tsp_7293.graph,data/tsp_graphs/tsp_7293.graph,10,10,False,-0.17483902,0.11499965
tsp_7294.graph,data/tsp_graphs/tsp_7294.graph,9,20,True,2.3555984,0.54378873
tsp_7295.graph,data/tsp_graphs/tsp_7295.graph,7,15,False,-0.7009144,-0.115973234
tsp_7296.graph,data/tsp_graphs/tsp_7296.graph,10,20,True,-0.054740906,0.68321997
tsp_7297.graph,data/tsp_graphs/tsp_7297.graph,9,20,False,-0.23462677,0.59229356
tsp_7298.graph,data/tsp_graphs/tsp_7298.graph,8,20,True,1.370575,-0.0024043918
tsp_7299.graph,data/tsp_graphs/tsp_7299.graph,10,10,False,1.3257179,0.050151587
tsp_73.graph,data/tsp_graphs/tsp_73.graph,6,20,False,-0.15435791,0.09389937
tsp_730.graph,data/tsp_graphs/tsp_730.graph,10,10,True,1.1520901,0.21582472
tsp_7300.graph,data/tsp_graphs/tsp_7300.graph,10,20,True,1.4443436,0.5314974
tsp_7301.graph,data/tsp_graphs/tsp_7301.graph,10,10,False,0.31354904,0.48428947
tsp_7302.graph,data/tsp_graphs/tsp_7302.graph,9,20,True,0.94957733,0.3845299
tsp_7303.graph,data/tsp_graphs/tsp_7303.graph,7,10,False,-2.2096634,-0.22572678
tsp_7304.graph,data/tsp_graphs/tsp_7304.graph,5,10,True,0.30989075,-1.1167974
tsp_7305.graph,data/tsp_graphs/tsp_7305.graph,6,15,False,0.6307373,-0.22648925
tsp_7306.graph,data/tsp_graphs/tsp_7306.graph,9,20,True,-0.8641319,0.41633755
tsp_7307.graph,data/tsp_graphs/tsp_7307.graph,7,15,False,-0.26515198,0.009921432
tsp_7308.graph,data/tsp_graphs/tsp_7308.graph,10,15,True,0.7504654,0.5177277
tsp_7309.graph,data/tsp_graphs/tsp_7309.graph,6,15,False,-0.7258892,-0.08776224
tsp_731.graph,data/tsp_graphs/tsp_731.graph,10,10,False,-1.6501694,0.4533642
tsp_7310.graph,data/tsp_graphs/tsp_7310.graph,6,10,True,-0.77227783,-0.5609911
tsp_7311.graph,data/tsp_graphs/tsp_7311.graph,10,20,False,-0.93116,0.7192312
tsp_7312.graph,data/tsp_graphs/tsp_7312.graph,10,20,True,1.036789,0.5744968
tsp_7313.graph,data/tsp_graphs/tsp_7313.graph,5,15,False,-0.3048916,-0.18045896
tsp_7314.graph,data/tsp_graphs/tsp_7314.graph,6,15,True,0.46232605,-0.114444405
tsp_7315.graph,data/tsp_graphs/tsp_7315.graph,7,10,False,-1.1692171,-0.5050026
tsp_7316.graph,data/tsp_graphs/tsp_7316.graph,8,20,True,0.20335388,0.30986863
tsp_7317.graph,data/tsp_graphs/tsp_7317.graph,9,10,False,1.6303024,0.42102104
tsp_7318.graph,data/tsp_graphs/tsp_7318.graph,9,10,True,2.455841,0.18195277
tsp_7319.graph,data/tsp_graphs/tsp_7319.graph,7,15,False,-0.012166977,0.050680935
tsp_732.graph,data/tsp_graphs/tsp_732.graph,5,10,True,0.4922104,-0.7460978
tsp_7320.graph,data/tsp_graphs/tsp_7320.graph,9,20,True,-0.080322266,0.4481936
tsp_7321.graph,data/tsp_graphs/tsp_7321.graph,6,10,False,-2.0795708,-0.9519739
tsp_7322.graph,data/tsp_graphs/tsp_7322.graph,8,10,True,1.2087746,-0.04248792
tsp_7323.graph,data/tsp_graphs/tsp_7323.graph,6,10,False,-0.10160065,-0.05331719
tsp_7324.graph,data/tsp_graphs/tsp_7324.graph,9,20,True,0.19403076,0.29602706
tsp_7325.graph,data/tsp_graphs/tsp_7325.graph,9,15,False,0.33547866,0.66617996
tsp_7326.graph,data/tsp_graphs/tsp_7326.graph,5,10,True,0.94392395,-0.46147895
tsp_7327.graph,data/tsp_graphs/tsp_7327.graph,9,20,False,-1.1273117,0.31700546
tsp_7328.graph,data/tsp_graphs/tsp_7328.graph,6,20,True,-1.2734604,-0.22329152
tsp_7329.graph,data/tsp_graphs/tsp_7329.graph,8,10,False,-1.7423859,0.1352452
tsp_733.graph,data/tsp_graphs/tsp_733.graph,10,15,False,-0.29630852,0.44537294
tsp_7330.graph,data/tsp_graphs/tsp_7330.graph,5,10,True,2.389141,-0.9623852
tsp_7331.graph,data/tsp_graphs/tsp_7331.graph,9,15,False,-0.36170197,0.5079987
tsp_7332.graph,data/tsp_graphs/tsp_7332.graph,8,10,True,2.2994156,0.10998732
tsp_7333.graph,data/tsp_graphs/tsp_7333.graph,7,10,False,0.36226273,-0.52256155
tsp_7334.graph,data/tsp_graphs/tsp_7334.graph,5,20,True,0.70838165,-0.72281957
tsp_7335.graph,data/tsp_graphs/tsp_7335.graph,5,20,False,0.88448715,-0.41168964
tsp_7336.graph,data/tsp_graphs/tsp_7336.graph,10,20,True,0.9712448,0.50219816
tsp_7337.graph,data/tsp_graphs/tsp_7337.graph,7,20,False,-1.1588974,-0.15870944
tsp_7338.graph,data/tsp_graphs/tsp_7338.graph,10,20,True,0.6272507,0.47671986
tsp_7339.graph,data/tsp_graphs/tsp_7339.graph,7,20,False,-1.8460083,-0.016898751
tsp_734.graph,data/tsp_graphs/tsp_734.graph,9,10,True,0.60356903,0.18720216
tsp_7340.graph,data/tsp_graphs/tsp_7340.graph,7,20,True,0.755455,-0.006808281
tsp_7341.graph,data/tsp_graphs/tsp_7341.graph,5,15,False,-0.73588943,-0.5763656
tsp_7342.graph,data/tsp_graphs/tsp_7342.graph,10,20,True,0.43174744,0.6447759
tsp_7343.graph,data/tsp_graphs/tsp_7343.graph,10,15,False,-1.6461334,0.4368574
tsp_7344.graph,data/tsp_graphs/tsp_7344.graph,10,20,True,-0.15971375,0.65692407
tsp_7345.graph,data/tsp_graphs/tsp_7345.graph,5,15,False,0.4220451,-0.54778856
tsp_7346.graph,data/tsp_graphs/tsp_7346.graph,6,15,True,1.8381066,0.094343305
tsp_7347.graph,data/tsp_graphs/tsp_7347.graph,10,10,False,-0.6288452,-0.10925022
tsp_7348.graph,data/tsp_graphs/tsp_7348.graph,5,20,True,0.72304535,-0.33563888
tsp_7349.graph,data/tsp_graphs/tsp_7349.graph,6,20,False,-0.28530884,-0.019798934
tsp_735.graph,data/tsp_graphs/tsp_735.graph,6,20,False,-2.8812294,-0.28035712
tsp_7350.graph,data/tsp_graphs/tsp_7350.graph,8,10,True,-1.349556,-0.0030635
tsp_7351.graph,data/tsp_graphs/tsp_7351.graph,6,15,False,-1.166256,-0.11843997
tsp_7352.graph,data/tsp_graphs/tsp_7352.graph,6,10,True,-0.053524017,-0.4395363
tsp_7353.graph,data/tsp_graphs/tsp_7353.graph,8,20,False,-1.691185,0.2444616
tsp_7354.graph,data/tsp_graphs/tsp_7354.graph,5,10,True,1.6915703,-0.78544277
tsp_7355.graph,data/tsp_graphs/tsp_7355.graph,5,15,False,-0.44269562,-0.2410897
tsp_7356.graph,data/tsp_graphs/tsp_7356.graph,7,15,True,-0.7551346,0.10125691
tsp_7357.graph,data/tsp_graphs/tsp_7357.graph,8,10,False,-1.1879501,0.12903935
tsp_7358.graph,data/tsp_graphs/tsp_7358.graph,7,20,True,-0.6490097,0.2759055
tsp_7359.graph,data/tsp_graphs/tsp_7359.graph,8,20,False,-0.69441986,0.42212886
tsp_736.graph,data/tsp_graphs/tsp_736.graph,7,15,True,-0.7968769,0.1143204
tsp_7360.graph,data/tsp_graphs/tsp_7360.graph,10,20,True,0.3050003,0.6673067
tsp_7361.graph,data/tsp_graphs/tsp_7361.graph,10,20,False,-0.7266083,0.86488706
tsp_7362.graph,data/tsp_graphs/tsp_7362.graph,7,10,True,-0.703743,-0.3713078
tsp_7363.graph,data/tsp_graphs/tsp_7363.graph,10,10,False,-0.5440483,0.23419905
tsp_7364.graph,data/tsp_graphs/tsp_7364.graph,9,10,True,0.02715683,0.081722856
tsp_7365.graph,data/tsp_graphs/tsp_7365.graph,5,20,False,0.8942337,-0.19754642
tsp_7366.graph,data/tsp_graphs/tsp_7366.graph,9,10,True,-0.08773041,0.512196
tsp_7367.graph,data/tsp_graphs/tsp_7367.graph,9,15,False,1.4851265,0.41443664
tsp_7368.graph,data/tsp_graphs/tsp_7368.graph,8,10,True,1.3435326,-0.40797535
tsp_7369.graph,data/tsp_graphs/tsp_7369.graph,6,15,False,-0.94687843,-0.35751486
tsp_737.graph,data/tsp_graphs/tsp_737.graph,8,15,False,-1.7670631,0.3424073
tsp_7370.graph,data/tsp_graphs/tsp_7370.graph,6,15,True,-0.079135895,-0.22286788
tsp_7371.graph,data/tsp_graphs/tsp_7371.graph,8,15,False,1.1162319,0.31629354
tsp_7372.graph,data/tsp_graphs/tsp_7372.graph,6,15,True,-0.4500656,-0.14154395
tsp_7373.graph,data/tsp_graphs/tsp_7373.graph,9,15,False,-1.5707912,0.18068129
tsp_7374.graph,data/tsp_graphs/tsp_7374.graph,6,20,True,0.8998337,-0.030920118
tsp_7375.graph,data/tsp_graphs/tsp_7375.graph,5,15,False,-0.65369415,-0.3583938
tsp_7376.graph,data/tsp_graphs/tsp_7376.graph,8,10,True,1.16119,-0.41865796
tsp_7377.graph,data/tsp_graphs/tsp_7377.graph,10,10,False,-1.6332092,0.395595
tsp_7378.graph,data/tsp_graphs/tsp_7378.graph,6,20,True,2.324646,0.004654765
tsp_7379.graph,data/tsp_graphs/tsp_7379.graph,6,10,False,-0.8505249,-0.23096117
tsp_738.graph,data/tsp_graphs/tsp_738.graph,5,20,True,-0.27968657,-0.50872916
tsp_7380.graph,data/tsp_graphs/tsp_7380.graph,10,15,True,1.8492584,0.47941452
tsp_7381.graph,data/tsp_graphs/tsp_7381.graph,9,20,False,-0.549942,0.6386133
tsp_7382.graph,data/tsp_graphs/tsp_7382.graph,7,20,True,1.5868912,-0.07327923
tsp_7383.graph,data/tsp_graphs/tsp_7383.graph,9,10,False,0.44439697,-0.021599144
tsp_7384.graph,data/tsp_graphs/tsp_7384.graph,5,20,True,1.0271416,-0.05855924
tsp_7385.graph,data/tsp_graphs/tsp_7385.graph,7,10,False,-1.3278122,0.13028407
tsp_7386.graph,data/tsp_graphs/tsp_7386.graph,10,10,True,0.11249542,0.17115378
tsp_7387.graph,data/tsp_graphs/tsp_7387.graph,9,20,False,-0.39035797,0.44979817
tsp_7388.graph,data/tsp_graphs/tsp_7388.graph,7,10,True,0.353508,-0.55914724
tsp_7389.graph,data/tsp_graphs/tsp_7389.graph,9,15,False,0.8263836,0.17332733
tsp_739.graph,data/tsp_graphs/tsp_739.graph,9,15,False,-0.6867428,0.38013804
tsp_7390.graph,data/tsp_graphs/tsp_7390.graph,5,15,True,-1.1661453,-0.7245876
tsp_7391.graph,data/tsp_graphs/tsp_7391.graph,9,10,False,-0.05586624,0.12965202
tsp_7392.graph,data/tsp_graphs/tsp_7392.graph,7,10,True,1.8470936,-0.21165022
tsp_7393.graph,data/tsp_graphs/tsp_7393.graph,7,20,False,-0.5767822,0.10404235
tsp_7394.graph,data/tsp_graphs/tsp_7394.graph,8,10,True,1.9113083,-0.14498505
tsp_7395.graph,data/tsp_graphs/tsp_7395.graph,5,20,False,-1.7125626,-0.4539464
tsp_7396.graph,data/tsp_graphs/tsp_7396.graph,8,15,True,-0.40561867,0.33247262
tsp_7397.graph,data/tsp_graphs/tsp_7397.graph,10,20,False,-1.032608,0.95091444
tsp_7398.graph,data/tsp_graphs/tsp_7398.graph,5,10,True,-0.35136032,-0.60590905
tsp_7399.graph,data/tsp_graphs/tsp_7399.graph,5,20,False,-1.1848431,-0.15337431
tsp_74.graph,data/tsp_graphs/tsp_74.graph,8,20,True,3.4991837,0.2575342
tsp_740.graph,data/tsp_graphs/tsp_740.graph,5,10,True,0.21492004,-0.8636079
tsp_7400.graph,data/tsp_graphs/tsp_7400.graph,7,20,True,1.6118431,-0.071541786
tsp_7401.graph,data/tsp_graphs/tsp_7401.graph,10,10,False,-1.0876846,0.32190555
tsp_7402.graph,data/tsp_graphs/tsp_7402.graph,8,10,True,1.1540794,-0.32961953
tsp_7403.graph,data/tsp_graphs/tsp_7403.graph,8,10,False,1.0449638,-0.028377682
tsp_7404.graph,data/tsp_graphs/tsp_7404.graph,7,20,True,-0.8979721,0.029582918
tsp_7405.graph,data/tsp_graphs/tsp_7405.graph,10,10,False,0.13986206,-0.016585976
tsp_7406.graph,data/tsp_graphs/tsp_7406.graph,5,10,True,2.1484222,-0.7056569
tsp_7407.graph,data/tsp_graphs/tsp_7407.graph,7,10,False,-1.0511398,-0.16790706
tsp_7408.graph,data/tsp_graphs/tsp_7408.graph,8,20,True,-0.80693054,0.24834055
tsp_7409.graph,data/tsp_graphs/tsp_7409.graph,9,10,False,0.56859016,0.11387497
tsp_741.graph,data/tsp_graphs/tsp_741.graph,6,15,False,0.64675415,-0.39468235
tsp_7410.graph,data/tsp_graphs/tsp_7410.graph,7,10,True,2.2818146,0.018587172
tsp_7411.graph,data/tsp_graphs/tsp_7411.graph,5,20,False,-0.588007,-0.45347834
tsp_7412.graph,data/tsp_graphs/tsp_7412.graph,8,20,True,-0.19552612,0.10543066
tsp_7413.graph,data/tsp_graphs/tsp_7413.graph,7,10,False,0.5777931,-0.47251642
tsp_7414.graph,data/tsp_graphs/tsp_7414.graph,7,20,True,-0.5835953,0.2405191
tsp_7415.graph,data/tsp_graphs/tsp_7415.graph,9,15,False,-0.8810768,0.31544226
tsp_7416.graph,data/tsp_graphs/tsp_7416.graph,9,15,True,0.76765823,0.45490366
tsp_7417.graph,data/tsp_graphs/tsp_7417.graph,10,10,False,-1.1509895,-0.06538534
tsp_7418.graph,data/tsp_graphs/tsp_7418.graph,6,15,True,-0.8771477,-0.28624886
tsp_7419.graph,data/tsp_graphs/tsp_7419.graph,9,15,False,-0.60198784,0.40062767
tsp_742.graph,data/tsp_graphs/tsp_742.graph,5,15,True,2.59478,-0.25604248
tsp_7420.graph,data/tsp_graphs/tsp_7420.graph,8,15,True,0.5755205,0.50946933
tsp_7421.graph,data/tsp_graphs/tsp_7421.graph,5,15,False,0.37607956,-0.6443193
tsp_7422.graph,data/tsp_graphs/tsp_7422.graph,6,10,True,-0.80976105,-0.28496066
tsp_7423.graph,data/tsp_graphs/tsp_7423.graph,7,10,False,-0.652401,-0.33211157
tsp_7424.graph,data/tsp_graphs/tsp_7424.graph,6,15,True,0.20378494,-0.29662898
tsp_7425.graph,data/tsp_graphs/tsp_7425.graph,8,15,False,-0.11310959,0.2110225
tsp_7426.graph,data/tsp_graphs/tsp_7426.graph,10,15,True,-0.016918182,0.64252275
tsp_7427.graph,data/tsp_graphs/tsp_7427.graph,9,20,False,0.56641006,0.3869949
tsp_7428.graph,data/tsp_graphs/tsp_7428.graph,10,10,True,-1.0359421,-0.02924031
tsp_7429.graph,data/tsp_graphs/tsp_7429.graph,6,15,False,0.19612026,-0.33532622
tsp_743.graph,data/tsp_graphs/tsp_743.graph,8,10,False,-0.93603706,-0.1428349
tsp_7430.graph,data/tsp_graphs/tsp_7430.graph,10,20,True,0.20136261,0.85700613
tsp_7431.graph,data/tsp_graphs/tsp_7431.graph,6,20,False,0.23644257,-0.026392996
tsp_7432.graph,data/tsp_graphs/tsp_7432.graph,5,20,True,2.450613,-0.2698561
tsp_7433.graph,data/tsp_graphs/tsp_7433.graph,9,20,False,-0.9620514,0.41572237
tsp_7434.graph,data/tsp_graphs/tsp_7434.graph,7,10,True,1.2562332,-0.46697468
tsp_7435.graph,data/tsp_graphs/tsp_7435.graph,8,20,False,0.004737854,0.16043228
tsp_7436.graph,data/tsp_graphs/tsp_7436.graph,10,15,True,-0.18481255,0.537391
tsp_7437.graph,data/tsp_graphs/tsp_7437.graph,7,20,False,-1.4132614,0.13789177
tsp_7438.graph,data/tsp_graphs/tsp_7438.graph,10,15,True,0.793499,0.49514574
tsp_7439.graph,data/tsp_graphs/tsp_7439.graph,7,10,False,0.013511658,-0.1272473
tsp_744.graph,data/tsp_graphs/tsp_744.graph,10,10,True,0.73646164,0.20764071
tsp_7440.graph,data/tsp_graphs/tsp_7440.graph,8,20,True,-0.86338043,0.089842856
tsp_7441.graph,data/tsp_graphs/tsp_7441.graph,5,15,False,-1.8383331,-0.423896
tsp_7442.graph,data/tsp_graphs/tsp_7442.graph,5,10,True,-0.8139267,-0.7158825
tsp_7443.graph,data/tsp_graphs/tsp_7443.graph,7,15,False,0.24710464,0.023075461
tsp_7444.graph,data/tsp_graphs/tsp_7444.graph,7,20,True,2.434784,0.18076342
tsp_7445.graph,data/tsp_graphs/tsp_7445.graph,10,10,False,-0.61467934,0.10792667
tsp_7446.graph,data/tsp_graphs/tsp_7446.graph,6,10,True,0.15290451,-0.6551564
tsp_7447.graph,data/tsp_graphs/tsp_7447.graph,10,10,False,-1.0287399,0.5992487
tsp_7448.graph,data/tsp_graphs/tsp_7448.graph,5,10,True,1.718266,-0.96886325
tsp_7449.graph,data/tsp_graphs/tsp_7449.graph,6,10,False,0.3610916,-0.72350645
tsp_745.graph,data/tsp_graphs/tsp_745.graph,8,10,False,0.90662766,-0.0642724
tsp_7450.graph,data/tsp_graphs/tsp_7450.graph,9,20,True,1.197937,0.68732995
tsp_7451.graph,data/tsp_graphs/tsp_7451.graph,10,15,False,0.6125746,0.7261792
tsp_7452.graph,data/tsp_graphs/tsp_7452.graph,5,20,True,0.017994158,-0.29466957
tsp_7453.graph,data/tsp_graphs/tsp_7453.graph,10,20,False,-1.0626678,0.6665843
tsp_7454.graph,data/tsp_graphs/tsp_7454.graph,7,10,True,2.4079971,-0.044212937
tsp_7455.graph,data/tsp_graphs/tsp_7455.graph,5,15,False,-2.4489594,-1.2062998
tsp_7456.graph,data/tsp_graphs/tsp_7456.graph,6,20,True,2.0781078,-0.004786968
tsp_7457.graph,data/tsp_graphs/tsp_7457.graph,6,15,False,0.51705885,0.024448633
tsp_7458.graph,data/tsp_graphs/tsp_7458.graph,5,10,True,0.13375854,-0.72777104
tsp_7459.graph,data/tsp_graphs/tsp_7459.graph,10,10,False,-0.2933731,0.21452099
tsp_746.graph,data/tsp_graphs/tsp_746.graph,6,15,True,-1.0896378,-0.22289562
tsp_7460.graph,data/tsp_graphs/tsp_7460.graph,6,10,True,-0.47743988,-0.24548434
tsp_7461.graph,data/tsp_graphs/tsp_7461.graph,9,20,False,-0.8715172,0.61337215
tsp_7462.graph,data/tsp_graphs/tsp_7462.graph,8,10,True,0.46168137,-0.1604501
tsp_7463.graph,data/tsp_graphs/tsp_7463.graph,10,10,False,-2.7563553,0.48265707
tsp_7464.graph,data/tsp_graphs/tsp_7464.graph,5,15,True,0.45333862,-0.70671153
tsp_7465.graph,data/tsp_graphs/tsp_7465.graph,10,20,False,0.373497,0.6300848
tsp_7466.graph,data/tsp_graphs/tsp_7466.graph,10,10,True,-1.0724335,0.46813697
tsp_7467.graph,data/tsp_graphs/tsp_7467.graph,8,15,False,1.1022377,0.36611837
tsp_7468.graph,data/tsp_graphs/tsp_7468.graph,10,15,True,0.3393941,0.8925709
tsp_7469.graph,data/tsp_graphs/tsp_7469.graph,7,10,False,-0.48578644,-0.19424424
tsp_747.graph,data/tsp_graphs/tsp_747.graph,10,10,False,2.241623,0.40051264
tsp_7470.graph,data/tsp_graphs/tsp_7470.graph,5,20,True,0.6504879,-0.21532357
tsp_7471.graph,data/tsp_graphs/tsp_7471.graph,8,15,False,-1.6234443,0.46057016
tsp_7472.graph,data/tsp_graphs/tsp_7472.graph,7,10,True,0.20560455,-0.4544878
tsp_7473.graph,data/tsp_graphs/tsp_7473.graph,9,10,False,-1.7819366,0.053714275
tsp_7474.graph,data/tsp_graphs/tsp_7474.graph,9,20,True,1.8715057,0.52873474
tsp_7475.graph,data/tsp_graphs/tsp_7475.graph,8,15,False,-0.47178364,0.37350518
tsp_7476.graph,data/tsp_graphs/tsp_7476.graph,6,15,True,0.6073799,-0.1271486
tsp_7477.graph,data/tsp_graphs/tsp_7477.graph,5,10,False,0.023513794,-0.39699546
tsp_7478.graph,data/tsp_graphs/tsp_7478.graph,7,15,True,0.022525787,0.1070407
tsp_7479.graph,data/tsp_graphs/tsp_7479.graph,8,20,False,-0.92902756,0.023184478
tsp_748.graph,data/tsp_graphs/tsp_748.graph,7,10,True,1.5155506,-0.046620876
tsp_7480.graph,data/tsp_graphs/tsp_7480.graph,9,10,True,2.0549164,0.47059935
tsp_7481.graph,data/tsp_graphs/tsp_7481.graph,7,20,False,-0.054153442,0.04742521
tsp_7482.graph,data/tsp_graphs/tsp_7482.graph,9,20,True,0.292984,0.55657107
tsp_7483.graph,data/tsp_graphs/tsp_7483.graph,8,20,False,1.0176697,0.59631544
tsp_7484.graph,data/tsp_graphs/tsp_7484.graph,5,15,True,0.30473328,-0.72315544
tsp_7485.graph,data/tsp_graphs/tsp_7485.graph,5,15,False,-0.03107071,-0.28844535
tsp_7486.graph,data/tsp_graphs/tsp_7486.graph,6,10,True,1.7488708,-0.574813
tsp_7487.graph,data/tsp_graphs/tsp_7487.graph,9,10,False,-0.049201965,0.14663595
tsp_7488.graph,data/tsp_graphs/tsp_7488.graph,6,20,True,0.73734474,-0.021782398
tsp_7489.graph,data/tsp_graphs/tsp_7489.graph,5,20,False,0.8385849,-0.19489038
tsp_749.graph,data/tsp_graphs/tsp_749.graph,10,10,False,-1.3455582,0.2295574
tsp_7490.graph,data/tsp_graphs/tsp_7490.graph,10,20,True,1.1465454,0.6147006
tsp_7491.graph,data/tsp_graphs/tsp_7491.graph,10,10,False,0.10292244,0.27096897
tsp_7492.graph,data/tsp_graphs/tsp_7492.graph,5,15,True,0.14384937,-0.45696166
tsp_7493.graph,data/tsp_graphs/tsp_7493.graph,6,20,False,-0.44517517,0.18596256
tsp_7494.graph,data/tsp_graphs/tsp_7494.graph,8,15,True,-0.6403656,0.32450265
tsp_7495.graph,data/tsp_graphs/tsp_7495.graph,7,15,False,-0.9833336,0.17304164
tsp_7496.graph,data/tsp_graphs/tsp_7496.graph,6,20,True,0.62026787,-0.08237758
tsp_7497.graph,data/tsp_graphs/tsp_7497.graph,10,20,False,0.4392166,0.5843125
tsp_7498.graph,data/tsp_graphs/tsp_7498.graph,5,15,True,0.65719604,-0.57706916
tsp_7499.graph,data/tsp_graphs/tsp_7499.graph,8,15,False,-2.4287472,0.02012986
tsp_75.graph,data/tsp_graphs/tsp_75.graph,6,15,False,-1.6233234,-0.44541693
tsp_750.graph,data/tsp_graphs/tsp_750.graph,10,10,True,-0.86818695,0.30805844
tsp_7500.graph,data/tsp_graphs/tsp_7500.graph,7,20,True,-0.37667084,-0.015452504
tsp_7501.graph,data/tsp_graphs/tsp_7501.graph,5,15,False,1.2083054,-0.6219613
tsp_7502.graph,data/tsp_graphs/tsp_7502.graph,5,20,True,1.9943161,-0.25803745
tsp_7503.graph,data/tsp_graphs/tsp_7503.graph,7,10,False,-2.0445786,0.04707378
tsp_7504.graph,data/tsp_graphs/tsp_7504.graph,10,10,True,-0.7903023,0.24409664
tsp_7505.graph,data/tsp_graphs/tsp_7505.graph,10,15,False,-0.3331604,0.90013295
tsp_7506.graph,data/tsp_graphs/tsp_7506.graph,9,15,True,2.4818802,0.31292534
tsp_7507.graph,data/tsp_graphs/tsp_7507.graph,8,20,False,0.012600899,0.2863161
tsp_7508.graph,data/tsp_graphs/tsp_7508.graph,10,15,True,-0.10536575,0.593625
tsp_7509.graph,data/tsp_graphs/tsp_7509.graph,9,10,False,-1.9440422,0.247123
tsp_751.graph,data/tsp_graphs/tsp_751.graph,10,15,False,0.4712181,0.24598932
tsp_7510.graph,data/tsp_graphs/tsp_7510.graph,5,10,True,1.6991558,-0.8043638
tsp_7511.graph,data/tsp_graphs/tsp_7511.graph,7,10,False,-0.92027664,-0.37664568
tsp_7512.graph,data/tsp_graphs/tsp_7512.graph,7,20,True,0.095832825,0.19977432
tsp_7513.graph,data/tsp_graphs/tsp_7513.graph,10,20,False,0.17514038,0.47577828
tsp_7514.graph,data/tsp_graphs/tsp_7514.graph,7,20,True,1.0042038,0.28406996
tsp_7515.graph,data/tsp_graphs/tsp_7515.graph,6,20,False,-1.2785149,-0.31731498
tsp_7516.graph,data/tsp_graphs/tsp_7516.graph,7,15,True,-0.7102814,-0.5312978
tsp_7517.graph,data/tsp_graphs/tsp_7517.graph,6,20,False,-0.02483368,0.114617884
tsp_7518.graph,data/tsp_graphs/tsp_7518.graph,10,15,True,-0.64711,0.50432914
tsp_7519.graph,data/tsp_graphs/tsp_7519.graph,5,15,False,1.3741684,-0.29972357
tsp_752.graph,data/tsp_graphs/tsp_752.graph,8,20,True,0.8622589,0.3282506
tsp_7520.graph,data/tsp_graphs/tsp_7520.graph,6,20,True,1.1254082,0.05095774
tsp_7521.graph,data/tsp_graphs/tsp_7521.graph,8,20,False,-1.2564316,-0.024505138
tsp_7522.graph,data/tsp_graphs/tsp_7522.graph,7,20,True,0.1334877,0.030791342
tsp_7523.graph,data/tsp_graphs/tsp_7523.graph,6,10,False,0.27252197,-0.77235734
tsp_7524.graph,data/tsp_graphs/tsp_7524.graph,9,20,True,-0.5965347,0.40140247
tsp_7525.graph,data/tsp_graphs/tsp_7525.graph,7,20,False,0.48752594,0.12853271
tsp_7526.graph,data/tsp_graphs/tsp_7526.graph,7,10,True,0.3739853,-0.5017245
tsp_7527.graph,data/tsp_graphs/tsp_7527.graph,10,15,False,-1.2013435,0.2048043
tsp_7528.graph,data/tsp_graphs/tsp_7528.graph,9,20,True,1.743248,0.46665698
tsp_7529.graph,data/tsp_graphs/tsp_7529.graph,9,10,False,-2.5306015,0.28686112
tsp_753.graph,data/tsp_graphs/tsp_753.graph,8,20,False,-1.4580994,0.45462197
tsp_7530.graph,data/tsp_graphs/tsp_7530.graph,7,20,True,0.8974457,0.12317449
tsp_7531.graph,data/tsp_graphs/tsp_7531.graph,9,10,False,-1.2793427,-0.15811375
tsp_7532.graph,data/tsp_graphs/tsp_7532.graph,8,10,True,0.9953079,0.34221363
tsp_7533.graph,data/tsp_graphs/tsp_7533.graph,6,20,False,1.0918884,-0.093529075
tsp_7534.graph,data/tsp_graphs/tsp_7534.graph,10,15,True,-0.09220505,0.4854421
tsp_7535.graph,data/tsp_graphs/tsp_7535.graph,7,10,False,-0.24233246,0.035505116
tsp_7536.graph,data/tsp_graphs/tsp_7536.graph,8,10,True,-0.6136322,0.044424534
tsp_7537.graph,data/tsp_graphs/tsp_7537.graph,9,15,False,-1.2142129,0.65543884
tsp_7538.graph,data/tsp_graphs/tsp_7538.graph,9,15,True,-0.48727036,0.7195149
tsp_7539.graph,data/tsp_graphs/tsp_7539.graph,5,15,False,0.90345955,-0.42352045
tsp_754.graph,data/tsp_graphs/tsp_754.graph,7,10,True,-0.47154236,-0.21660617
tsp_7540.graph,data/tsp_graphs/tsp_7540.graph,9,20,True,-0.60783386,0.4141726
tsp_7541.graph,data/tsp_graphs/tsp_7541.graph,7,20,False,0.44532013,0.15133768
tsp_7542.graph,data/tsp_graphs/tsp_7542.graph,6,15,True,1.0385609,-0.14243594
tsp_7543.graph,data/tsp_graphs/tsp_7543.graph,5,10,False,-0.24485016,-0.75091285
tsp_7544.graph,data/tsp_graphs/tsp_7544.graph,9,20,True,0.039756775,0.41698658
tsp_7545.graph,data/tsp_graphs/tsp_7545.graph,10,20,False,-0.45964813,0.5583969
tsp_7546.graph,data/tsp_graphs/tsp_7546.graph,5,20,True,1.0866528,-0.20164645
tsp_7547.graph,data/tsp_graphs/tsp_7547.graph,8,15,False,-1.9477234,-0.35250884
tsp_7548.graph,data/tsp_graphs/tsp_7548.graph,8,10,True,0.8025856,-0.25793752
tsp_7549.graph,data/tsp_graphs/tsp_7549.graph,7,20,False,-0.45651245,0.24478179
tsp_755.graph,data/tsp_graphs/tsp_755.graph,6,20,False,-1.3880424,-0.18611762
tsp_7550.graph,data/tsp_graphs/tsp_7550.graph,6,20,True,1.456871,-0.21396339
tsp_7551.graph,data/tsp_graphs/tsp_7551.graph,5,15,False,-0.6230736,-0.19659513
tsp_7552.graph,data/tsp_graphs/tsp_7552.graph,6,10,True,-0.08526611,-0.44652843
tsp_7553.graph,data/tsp_graphs/tsp_7553.graph,6,20,False,1.0151367,-0.31376663
tsp_7554.graph,data/tsp_graphs/tsp_7554.graph,6,10,True,0.61748505,-0.19534707
tsp_7555.graph,data/tsp_graphs/tsp_7555.graph,7,15,False,-1.0711746,-0.40685302
tsp_7556.graph,data/tsp_graphs/tsp_7556.graph,9,15,True,0.10027313,0.37144834
tsp_7557.graph,data/tsp_graphs/tsp_7557.graph,8,15,False,-0.6403847,0.046448946
tsp_7558.graph,data/tsp_graphs/tsp_7558.graph,5,15,True,-0.2562828,-0.6548066
tsp_7559.graph,data/tsp_graphs/tsp_7559.graph,6,10,False,-0.7498131,-0.35581362
tsp_756.graph,data/tsp_graphs/tsp_756.graph,10,15,True,-0.79598236,0.38991374
tsp_7560.graph,data/tsp_graphs/tsp_7560.graph,9,15,True,0.43787766,0.16387743
tsp_7561.graph,data/tsp_graphs/tsp_7561.graph,10,20,False,-0.95199585,0.7650891
tsp_7562.graph,data/tsp_graphs/tsp_7562.graph,5,20,True,0.7335663,-0.18570581
tsp_7563.graph,data/tsp_graphs/tsp_7563.graph,9,10,False,-0.7139931,-0.20332032
tsp_7564.graph,data/tsp_graphs/tsp_7564.graph,5,20,True,0.55199146,-0.24720848
tsp_7565.graph,data/tsp_graphs/tsp_7565.graph,6,15,False,-1.3724823,0.02836132
tsp_7566.graph,data/tsp_graphs/tsp_7566.graph,5,15,True,1.9259882,-0.37960416
tsp_7567.graph,data/tsp_graphs/tsp_7567.graph,6,15,False,-1.1846685,-0.4124167
tsp_7568.graph,data/tsp_graphs/tsp_7568.graph,8,15,True,1.035888,0.31163025
tsp_7569.graph,data/tsp_graphs/tsp_7569.graph,6,10,False,1.370594,-0.88746905
tsp_757.graph,data/tsp_graphs/tsp_757.graph,7,20,False,-0.16064644,0.31936467
tsp_7570.graph,data/tsp_graphs/tsp_7570.graph,10,15,True,-0.6591606,0.5739147
tsp_7571.graph,data/tsp_graphs/tsp_7571.graph,6,15,False,-0.26723242,-0.26173607
tsp_7572.graph,data/tsp_graphs/tsp_7572.graph,5,15,True,-0.089063644,-0.6807357
tsp_7573.graph,data/tsp_graphs/tsp_7573.graph,9,10,False,-0.82089615,0.258745
tsp_7574.graph,data/tsp_graphs/tsp_7574.graph,7,20,True,-1.5098114,0.2524405
tsp_7575.graph,data/tsp_graphs/tsp_7575.graph,9,20,False,-0.58628845,0.4179914
tsp_7576.graph,data/tsp_graphs/tsp_7576.graph,5,15,True,2.2199097,-0.5925578
tsp_7577.graph,data/tsp_graphs/tsp_7577.graph,10,15,False,0.7929653,0.81252855
tsp_7578.graph,data/tsp_graphs/tsp_7578.graph,6,10,True,1.132431,-0.38486826
tsp_7579.graph,data/tsp_graphs/tsp_7579.graph,9,15,False,-0.65753937,0.57069045
tsp_758.graph,data/tsp_graphs/tsp_758.graph,9,10,True,0.8877106,0.4457993
tsp_7580.graph,data/tsp_graphs/tsp_7580.graph,10,15,True,1.2614056,0.7776099
tsp_7581.graph,data/tsp_graphs/tsp_7581.graph,5,20,False,-0.7622185,-0.29638928
tsp_7582.graph,data/tsp_graphs/tsp_7582.graph,6,20,True,0.74387074,-0.39266524
tsp_7583.graph,data/tsp_graphs/tsp_7583.graph,8,20,False,0.2532692,0.5366009
tsp_7584.graph,data/tsp_graphs/tsp_7584.graph,10,20,True,0.64640045,0.7019331
tsp_7585.graph,data/tsp_graphs/tsp_7585.graph,9,20,False,-0.04197693,0.40567958
tsp_7586.graph,data/tsp_graphs/tsp_7586.graph,5,15,True,1.2828808,-0.5315646
tsp_7587.graph,data/tsp_graphs/tsp_7587.graph,6,10,False,-0.01505661,-0.8348775
tsp_7588.graph,data/tsp_graphs/tsp_7588.graph,9,15,True,-1.0121574,0.24685782
tsp_7589.graph,data/tsp_graphs/tsp_7589.graph,10,15,False,2.0013046,0.49609858
tsp_759.graph,data/tsp_graphs/tsp_759.graph,7,10,False,0.5873108,-0.18989712
tsp_7590.graph,data/tsp_graphs/tsp_7590.graph,5,10,True,-0.76485443,-0.3192431
tsp_7591.graph,data/tsp_graphs/tsp_7591.graph,6,20,False,0.026882172,-0.35102907
tsp_7592.graph,data/tsp_graphs/tsp_7592.graph,8,20,True,1.8233643,0.11142033
tsp_7593.graph,data/tsp_graphs/tsp_7593.graph,7,20,False,-0.3636551,-0.1516029
tsp_7594.graph,data/tsp_graphs/tsp_7594.graph,7,10,True,-0.41452026,0.030678213
tsp_7595.graph,data/tsp_graphs/tsp_7595.graph,8,10,False,-1.4676971,-0.04678762
tsp_7596.graph,data/tsp_graphs/tsp_7596.graph,8,15,True,-1.6959572,0.44299203
tsp_7597.graph,data/tsp_graphs/tsp_7597.graph,5,10,False,-0.30688477,-0.49019969
tsp_7598.graph,data/tsp_graphs/tsp_7598.graph,6,15,True,-0.40250778,-0.49386883
tsp_7599.graph,data/tsp_graphs/tsp_7599.graph,7,15,False,0.29696083,0.20065469
tsp_76.graph,data/tsp_graphs/tsp_76.graph,5,15,True,2.1623573,-0.20124134
tsp_760.graph,data/tsp_graphs/tsp_760.graph,9,10,True,0.87610245,0.05358237
tsp_7600.graph,data/tsp_graphs/tsp_7600.graph,6,20,True,1.2074623,-0.3450476
tsp_7601.graph,data/tsp_graphs/tsp_7601.graph,10,10,False,0.39281082,0.3256119
tsp_7602.graph,data/tsp_graphs/tsp_7602.graph,7,20,True,-0.35312653,0.013704419
tsp_7603.graph,data/tsp_graphs/tsp_7603.graph,7,15,False,-0.9075117,-0.08674595
tsp_7604.graph,data/tsp_graphs/tsp_7604.graph,10,15,True,2.2662373,0.67726904
tsp_7605.graph,data/tsp_graphs/tsp_7605.graph,6,20,False,-2.043023,-0.22611073
tsp_7606.graph,data/tsp_graphs/tsp_7606.graph,7,20,True,-1.1637344,0.20614666
tsp_7607.graph,data/tsp_graphs/tsp_7607.graph,9,10,False,-0.8973141,-0.039859593
tsp_7608.graph,data/tsp_graphs/tsp_7608.graph,7,20,True,-0.90974426,0.23811847
tsp_7609.graph,data/tsp_graphs/tsp_7609.graph,6,10,False,-2.8534088,-0.37191013
tsp_761.graph,data/tsp_graphs/tsp_761.graph,9,10,False,-0.49287033,0.28665423
tsp_7610.graph,data/tsp_graphs/tsp_7610.graph,9,15,True,1.6887798,0.44488972
tsp_7611.graph,data/tsp_graphs/tsp_7611.graph,10,20,False,-1.5855408,0.4021526
tsp_7612.graph,data/tsp_graphs/tsp_7612.graph,5,15,True,-0.484581,-0.20476443
tsp_7613.graph,data/tsp_graphs/tsp_7613.graph,8,10,False,-1.5600281,0.0025392175
tsp_7614.graph,data/tsp_graphs/tsp_7614.graph,8,20,True,0.2104721,0.28956723
tsp_7615.graph,data/tsp_graphs/tsp_7615.graph,7,15,False,-1.5824804,-0.24994615
tsp_7616.graph,data/tsp_graphs/tsp_7616.graph,6,20,True,-1.1884613,-0.09398702
tsp_7617.graph,data/tsp_graphs/tsp_7617.graph,7,15,False,0.558815,0.06532675
tsp_7618.graph,data/tsp_graphs/tsp_7618.graph,9,15,True,0.58389664,0.33089656
tsp_7619.graph,data/tsp_graphs/tsp_7619.graph,10,20,False,-0.9412079,0.5478001
tsp_762.graph,data/tsp_graphs/tsp_762.graph,5,10,True,0.06529236,-0.57024676
tsp_7620.graph,data/tsp_graphs/tsp_7620.graph,7,15,True,0.39125824,-0.14600572
tsp_7621.graph,data/tsp_graphs/tsp_7621.graph,9,10,False,-1.101944,0.2682894
tsp_7622.graph,data/tsp_graphs/tsp_7622.graph,7,20,True,0.35359192,0.25758547
tsp_7623.graph,data/tsp_graphs/tsp_7623.graph,10,20,False,-0.7852173,0.6211546
tsp_7624.graph,data/tsp_graphs/tsp_7624.graph,8,10,True,2.3022156,0.21794212
tsp_7625.graph,data/tsp_graphs/tsp_7625.graph,6,10,False,-0.6546173,-0.61463743
tsp_7626.graph,data/tsp_graphs/tsp_7626.graph,8,15,True,0.8919697,-0.18035355
tsp_7627.graph,data/tsp_graphs/tsp_7627.graph,9,15,False,-0.6908283,0.13245386
tsp_7628.graph,data/tsp_graphs/tsp_7628.graph,6,15,True,-0.48893738,-0.00033402443
tsp_7629.graph,data/tsp_graphs/tsp_7629.graph,5,15,False,-0.29522133,-0.5269626
tsp_763.graph,data/tsp_graphs/tsp_763.graph,5,20,False,-0.17567062,-0.5748551
tsp_7630.graph,data/tsp_graphs/tsp_7630.graph,9,15,True,0.3148098,-0.033395946
tsp_7631.graph,data/tsp_graphs/tsp_7631.graph,6,20,False,-0.0074768066,0.05230248
tsp_7632.graph,data/tsp_graphs/tsp_7632.graph,7,20,True,0.014724731,0.2874046
tsp_7633.graph,data/tsp_graphs/tsp_7633.graph,8,10,False,-0.37237167,-0.37422585
tsp_7634.graph,data/tsp_graphs/tsp_7634.graph,10,15,True,0.17121315,0.7503081
tsp_7635.graph,data/tsp_graphs/tsp_7635.graph,6,10,False,0.73648834,-0.6078558
tsp_7636.graph,data/tsp_graphs/tsp_7636.graph,7,15,True,1.1981821,-0.055970907
tsp_7637.graph,data/tsp_graphs/tsp_7637.graph,8,20,False,-0.23570251,0.28240687
tsp_7638.graph,data/tsp_graphs/tsp_7638.graph,10,15,True,0.99303484,0.8298302
tsp_7639.graph,data/tsp_graphs/tsp_7639.graph,8,20,False,-0.22798538,0.5191892
tsp_764.graph,data/tsp_graphs/tsp_764.graph,7,15,True,0.96824265,0.23753011
tsp_7640.graph,data/tsp_graphs/tsp_7640.graph,9,10,True,-0.18362427,0.3435231
tsp_7641.graph,data/tsp_graphs/tsp_7641.graph,6,20,False,-0.5771179,-0.21708363
tsp_7642.graph,data/tsp_graphs/tsp_7642.graph,5,15,True,-1.2111816,-0.43318403
tsp_7643.graph,data/tsp_graphs/tsp_7643.graph,6,20,False,-0.42967415,-0.18750432
tsp_7644.graph,data/tsp_graphs/tsp_7644.graph,5,20,True,1.3913336,-0.51864254
tsp_7645.graph,data/tsp_graphs/tsp_7645.graph,8,15,False,-0.9867854,-0.17281187
tsp_7646.graph,data/tsp_graphs/tsp_7646.graph,5,15,True,2.3941498,-0.6416375
tsp_7647.graph,data/tsp_graphs/tsp_7647.graph,6,15,False,-1.7680702,-0.048665613
tsp_7648.graph,data/tsp_graphs/tsp_7648.graph,7,15,True,0.27941418,0.33971947
tsp_7649.graph,data/tsp_graphs/tsp_7649.graph,7,15,False,0.7740154,0.22210002
tsp_765.graph,data/tsp_graphs/tsp_765.graph,6,10,False,0.65986633,-0.5794059
tsp_7650.graph,data/tsp_graphs/tsp_7650.graph,8,15,True,-1.6371412,0.20349163
tsp_7651.graph,data/tsp_graphs/tsp_7651.graph,7,20,False,-0.93042564,0.22813648
tsp_7652.graph,data/tsp_graphs/tsp_7652.graph,9,10,True,0.7576313,0.32116264
tsp_7653.graph,data/tsp_graphs/tsp_7653.graph,7,10,False,-2.4981537,-0.11832675
tsp_7654.graph,data/tsp_graphs/tsp_7654.graph,10,10,True,0.9262161,0.587828
tsp_7655.graph,data/tsp_graphs/tsp_7655.graph,9,20,False,-0.2064209,0.2927248
tsp_7656.graph,data/tsp_graphs/tsp_7656.graph,5,15,True,-0.26483536,-0.56859714
tsp_7657.graph,data/tsp_graphs/tsp_7657.graph,5,15,False,-2.7472878,-0.320736
tsp_7658.graph,data/tsp_graphs/tsp_7658.graph,10,15,True,2.1562982,0.7046898
tsp_7659.graph,data/tsp_graphs/tsp_7659.graph,8,10,False,1.7282219,0.003618598
tsp_766.graph,data/tsp_graphs/tsp_766.graph,7,15,True,-0.44795418,-0.25607073
tsp_7660.graph,data/tsp_graphs/tsp_7660.graph,8,20,True,0.18540955,0.25065792
tsp_7661.graph,data/tsp_graphs/tsp_7661.graph,10,10,False,-0.7300873,0.23802215
tsp_7662.graph,data/tsp_graphs/tsp_7662.graph,9,15,True,-1.3757229,0.4988773
tsp_7663.graph,data/tsp_graphs/tsp_7663.graph,10,20,False,-1.0434265,0.765261
tsp_7664.graph,data/tsp_graphs/tsp_7664.graph,8,15,True,1.3270988,0.4043091
tsp_7665.graph,data/tsp_graphs/tsp_7665.graph,7,20,False,-0.26454163,0.019569516
tsp_7666.graph,data/tsp_graphs/tsp_7666.graph,6,10,True,0.7914543,-0.56823766
tsp_7667.graph,data/tsp_graphs/tsp_7667.graph,7,10,False,0.72660065,0.09453142
tsp_7668.graph,data/tsp_graphs/tsp_7668.graph,5,10,True,0.8391571,-0.3958333
tsp_7669.graph,data/tsp_graphs/tsp_7669.graph,6,20,False,-0.77662086,-0.35672793
tsp_767.graph,data/tsp_graphs/tsp_767.graph,8,15,False,-1.0286083,0.21806043
tsp_7670.graph,data/tsp_graphs/tsp_7670.graph,7,10,True,2.295517,-0.07220924
tsp_7671.graph,data/tsp_graphs/tsp_7671.graph,9,10,False,-2.4869156,0.12195933
tsp_7672.graph,data/tsp_graphs/tsp_7672.graph,7,20,True,1.0695152,0.17683357
tsp_7673.graph,data/tsp_graphs/tsp_7673.graph,8,15,False,0.43843842,0.19397825
tsp_7674.graph,data/tsp_graphs/tsp_7674.graph,10,15,True,0.2148323,0.51367503
tsp_7675.graph,data/tsp_graphs/tsp_7675.graph,5,20,False,-0.5610962,-0.773583
tsp_7676.graph,data/tsp_graphs/tsp_7676.graph,10,15,True,0.31167603,0.56504554
tsp_7677.graph,data/tsp_graphs/tsp_7677.graph,5,10,False,0.037628174,-0.5640022
tsp_7678.graph,data/tsp_graphs/tsp_7678.graph,5,15,True,1.0236511,-0.64942026
tsp_7679.graph,data/tsp_graphs/tsp_7679.graph,6,10,False,-0.7860384,-0.92625797
tsp_768.graph,data/tsp_graphs/tsp_768.graph,10,20,True,0.44044495,0.6793266
tsp_7680.graph,data/tsp_graphs/tsp_7680.graph,10,20,True,-0.27062988,0.8723002
tsp_7681.graph,data/tsp_graphs/tsp_7681.graph,7,15,False,-0.55418015,-0.5209128
tsp_7682.graph,data/tsp_graphs/tsp_7682.graph,7,15,True,0.9782295,0.11874026
tsp_7683.graph,data/tsp_graphs/tsp_7683.graph,8,15,False,0.59852505,0.3051297
tsp_7684.graph,data/tsp_graphs/tsp_7684.graph,9,15,True,0.3331337,0.20039743
tsp_7685.graph,data/tsp_graphs/tsp_7685.graph,9,15,False,-0.8963413,0.35437655
tsp_7686.graph,data/tsp_graphs/tsp_7686.graph,9,15,True,1.4068165,0.71638435
tsp_7687.graph,data/tsp_graphs/tsp_7687.graph,8,20,False,-0.86782837,0.087305486
tsp_7688.graph,data/tsp_graphs/tsp_7688.graph,8,10,True,2.7351303,0.08466798
tsp_7689.graph,data/tsp_graphs/tsp_7689.graph,6,15,False,-0.89615536,-0.26775903
tsp_769.graph,data/tsp_graphs/tsp_769.graph,9,15,False,-1.1932154,0.080031574
tsp_7690.graph,data/tsp_graphs/tsp_7690.graph,8,10,True,1.0071259,0.28490895
tsp_7691.graph,data/tsp_graphs/tsp_7691.graph,6,20,False,-0.009147644,0.041424274
tsp_7692.graph,data/tsp_graphs/tsp_7692.graph,7,15,True,0.83661747,-0.094625264
tsp_7693.graph,data/tsp_graphs/tsp_7693.graph,9,15,False,-0.07725322,0.6835194
tsp_7694.graph,data/tsp_graphs/tsp_7694.graph,9,20,True,0.5363388,0.36830002
tsp_7695.graph,data/tsp_graphs/tsp_7695.graph,5,10,False,0.13375711,-0.9741771
tsp_7696.graph,data/tsp_graphs/tsp_7696.graph,10,15,True,0.98324966,0.67681605
tsp_7697.graph,data/tsp_graphs/tsp_7697.graph,6,20,False,0.11655331,-0.24179405
tsp_7698.graph,data/tsp_graphs/tsp_7698.graph,10,15,True,1.2427406,0.66426736
tsp_7699.graph,data/tsp_graphs/tsp_7699.graph,8,15,False,0.46625328,-0.092510104
tsp_77.graph,data/tsp_graphs/tsp_77.graph,6,10,False,0.5061188,-0.37072897
tsp_770.graph,data/tsp_graphs/tsp_770.graph,5,20,True,0.64097404,-0.50186324
tsp_7700.graph,data/tsp_graphs/tsp_7700.graph,9,20,True,0.63204193,0.3991118
tsp_7701.graph,data/tsp_graphs/tsp_7701.graph,10,10,False,-2.669983,0.48087353
tsp_7702.graph,data/tsp_graphs/tsp_7702.graph,6,10,True,0.8137741,-0.5754616
tsp_7703.graph,data/tsp_graphs/tsp_7703.graph,9,10,False,0.8540611,0.00658834
tsp_7704.graph,data/tsp_graphs/tsp_7704.graph,10,15,True,-0.7011719,0.83910435
tsp_7705.graph,data/tsp_graphs/tsp_7705.graph,8,20,False,-1.7435379,0.2706911
tsp_7706.graph,data/tsp_graphs/tsp_7706.graph,5,20,True,4.055272,-0.3723211
tsp_7707.graph,data/tsp_graphs/tsp_7707.graph,10,10,False,0.75657654,0.13663298
tsp_7708.graph,data/tsp_graphs/tsp_7708.graph,6,20,True,0.58102417,-0.061517745
tsp_7709.graph,data/tsp_graphs/tsp_7709.graph,8,15,False,1.3453035,0.34088492
tsp_771.graph,data/tsp_graphs/tsp_771.graph,7,15,False,-0.28415298,0.0029675364
tsp_7710.graph,data/tsp_graphs/tsp_7710.graph,10,15,True,-0.76856613,0.7243182
tsp_7711.graph,data/tsp_graphs/tsp_7711.graph,7,15,False,0.04758835,0.09858233
tsp_7712.graph,data/tsp_graphs/tsp_7712.graph,9,20,True,0.5425949,0.42420846
tsp_7713.graph,data/tsp_graphs/tsp_7713.graph,5,10,False,-0.5796509,-0.59472054
tsp_7714.graph,data/tsp_graphs/tsp_7714.graph,8,20,True,0.3378811,0.5467978
tsp_7715.graph,data/tsp_graphs/tsp_7715.graph,6,20,False,-1.6727905,-0.1347323
tsp_7716.graph,data/tsp_graphs/tsp_7716.graph,9,10,True,1.3420792,0.51156694
tsp_7717.graph,data/tsp_graphs/tsp_7717.graph,10,10,False,0.246521,0.39878756
tsp_7718.graph,data/tsp_graphs/tsp_7718.graph,7,15,True,-0.11188698,-0.33215785
tsp_7719.graph,data/tsp_graphs/tsp_7719.graph,6,10,False,-0.3046837,-0.6703701
tsp_772.graph,data/tsp_graphs/tsp_772.graph,8,10,True,-0.08099365,-0.2276583
tsp_7720.graph,data/tsp_graphs/tsp_7720.graph,9,15,True,0.63228846,0.73531383
tsp_7721.graph,data/tsp_graphs/tsp_7721.graph,7,10,False,0.24199295,-0.27305847
tsp_7722.graph,data/tsp_graphs/tsp_7722.graph,5,15,True,-1.1305122,-0.40759373
tsp_7723.graph,data/tsp_graphs/tsp_7723.graph,8,10,False,1.1574974,-0.14022061
tsp_7724.graph,data/tsp_graphs/tsp_7724.graph,6,15,True,1.3648281,0.0057876706
tsp_7725.graph,data/tsp_graphs/tsp_7725.graph,9,20,False,0.5678177,0.4381166
tsp_7726.graph,data/tsp_graphs/tsp_7726.graph,5,20,True,2.0494537,-0.19246048
tsp_7727.graph,data/tsp_graphs/tsp_7727.graph,9,15,False,-0.16039467,0.18433315
tsp_7728.graph,data/tsp_graphs/tsp_7728.graph,7,15,True,-0.5189867,-0.03045702
tsp_7729.graph,data/tsp_graphs/tsp_7729.graph,5,10,False,-1.5472336,-0.80217266
tsp_773.graph,data/tsp_graphs/tsp_773.graph,6,20,False,-2.5849953,-0.38837036
tsp_7730.graph,data/tsp_graphs/tsp_7730.graph,5,10,True,0.4228592,-0.8655697
tsp_7731.graph,data/tsp_graphs/tsp_7731.graph,8,10,False,-0.11533451,-0.49420756
tsp_7732.graph,data/tsp_graphs/tsp_7732.graph,10,10,True,2.2995758,0.52118796
tsp_7733.graph,data/tsp_graphs/tsp_7733.graph,5,20,False,1.5453453,0.021618724
tsp_7734.graph,data/tsp_graphs/tsp_7734.graph,5,15,True,1.0498981,-0.39327955
tsp_7735.graph,data/tsp_graphs/tsp_7735.graph,10,20,False,-0.12564087,0.5521825
tsp_7736.graph,data/tsp_graphs/tsp_7736.graph,9,20,True,0.62670135,0.453968
tsp_7737.graph,data/tsp_graphs/tsp_7737.graph,7,20,False,-1.9058571,0.12147814
tsp_7738.graph,data/tsp_graphs/tsp_7738.graph,9,10,True,0.761467,0.055514812
tsp_7739.graph,data/tsp_graphs/tsp_7739.graph,6,20,False,-0.80734634,-0.14898401
tsp_774.graph,data/tsp_graphs/tsp_774.graph,10,10,True,-1.5665054,0.46449888
tsp_7740.graph,data/tsp_graphs/tsp_7740.graph,8,20,True,-0.31584167,0.4202063
tsp_7741.graph,data/tsp_graphs/tsp_7741.graph,8,20,False,0.88619995,0.2842613
tsp_7742.graph,data/tsp_graphs/tsp_7742.graph,6,20,True,1.9114823,0.10862321
tsp_7743.graph,data/tsp_graphs/tsp_7743.graph,10,10,False,-1.4382019,0.45619398
tsp_7744.graph,data/tsp_graphs/tsp_7744.graph,9,10,True,0.18434715,0.34850788
tsp_7745.graph,data/tsp_graphs/tsp_7745.graph,5,20,False,-0.5417595,-0.21722555
tsp_7746.graph,data/tsp_graphs/tsp_7746.graph,9,20,True,1.6715851,0.55046326
tsp_7747.graph,data/tsp_graphs/tsp_7747.graph,9,20,False,-1.7813263,0.39754754
tsp_7748.graph,data/tsp_graphs/tsp_7748.graph,10,15,True,0.1826458,0.85973996
tsp_7749.graph,data/tsp_graphs/tsp_7749.graph,6,15,False,-0.686862,-0.29432327
tsp_775.graph,data/tsp_graphs/tsp_775.graph,10,15,False,-0.31832886,0.18032181
tsp_7750.graph,data/tsp_graphs/tsp_7750.graph,10,20,True,-0.6255722,0.9393545
tsp_7751.graph,data/tsp_graphs/tsp_7751.graph,7,20,False,-0.06122589,0.27966493
tsp_7752.graph,data/tsp_graphs/tsp_7752.graph,6,10,True,-0.015015602,-0.7760799
tsp_7753.graph,data/tsp_graphs/tsp_7753.graph,10,15,False,0.21917534,0.5044165
tsp_7754.graph,data/tsp_graphs/tsp_7754.graph,8,15,True,2.9625874,0.33005375
tsp_7755.graph,data/tsp_graphs/tsp_7755.graph,8,20,False,-0.40655518,0.02863866
tsp_7756.graph,data/tsp_graphs/tsp_7756.graph,6,15,True,-0.7726536,-0.37350023
tsp_7757.graph,data/tsp_graphs/tsp_7757.graph,6,10,False,-0.52331924,-0.7215043
tsp_7758.graph,data/tsp_graphs/tsp_7758.graph,5,15,True,-0.011287689,-0.25291884
tsp_7759.graph,data/tsp_graphs/tsp_7759.graph,6,15,False,-0.344532,0.09087449
tsp_776.graph,data/tsp_graphs/tsp_776.graph,8,10,True,2.1444626,-0.2196995
tsp_7760.graph,data/tsp_graphs/tsp_7760.graph,7,15,True,0.8580055,0.25342625
tsp_7761.graph,data/tsp_graphs/tsp_7761.graph,9,15,False,-0.32929993,0.28220743
tsp_7762.graph,data/tsp_graphs/tsp_7762.graph,6,10,True,0.68414307,-0.5133055
tsp_7763.graph,data/tsp_graphs/tsp_7763.graph,10,20,False,-1.0759354,0.42829484
tsp_7764.graph,data/tsp_graphs/tsp_7764.graph,5,20,True,2.2109299,-0.13027406
tsp_7765.graph,data/tsp_graphs/tsp_7765.graph,8,20,False,-1.3241997,0.5318015
tsp_7766.graph,data/tsp_graphs/tsp_7766.graph,7,20,True,1.6086178,0.3301242
tsp_7767.graph,data/tsp_graphs/tsp_7767.graph,6,20,False,-0.71440125,-0.192608
tsp_7768.graph,data/tsp_graphs/tsp_7768.graph,10,15,True,1.1125984,0.5080617
tsp_7769.graph,data/tsp_graphs/tsp_7769.graph,8,10,False,-1.0997314,0.18382919
tsp_777.graph,data/tsp_graphs/tsp_777.graph,8,20,False,0.26067352,0.270276
tsp_7770.graph,data/tsp_graphs/tsp_7770.graph,9,10,True,0.7419853,0.07418424
tsp_7771.graph,data/tsp_graphs/tsp_7771.graph,9,15,False,0.20431805,0.13759011
tsp_7772.graph,data/tsp_graphs/tsp_7772.graph,6,15,True,0.67956954,-0.39105898
tsp_7773.graph,data/tsp_graphs/tsp_7773.graph,7,15,False,-2.2051773,-0.42330825
tsp_7774.graph,data/tsp_graphs/tsp_7774.graph,8,15,True,-0.3641901,-0.12661791
tsp_7775.graph,data/tsp_graphs/tsp_7775.graph,8,20,False,-0.662693,0.5197435
tsp_7776.graph,data/tsp_graphs/tsp_7776.graph,8,10,True,0.59913254,-0.27867103
tsp_7777.graph,data/tsp_graphs/tsp_7777.graph,10,15,False,0.39308548,0.60717314
tsp_7778.graph,data/tsp_graphs/tsp_7778.graph,8,15,True,2.3601382,0.051729143
tsp_7779.graph,data/tsp_graphs/tsp_7779.graph,5,15,False,-0.5315552,-0.3938959
tsp_778.graph,data/tsp_graphs/tsp_778.graph,6,20,True,-1.4625072,0.012171686
tsp_7780.graph,data/tsp_graphs/tsp_7780.graph,8,20,True,0.43312836,0.47578627
tsp_7781.graph,data/tsp_graphs/tsp_7781.graph,7,10,False,0.3502922,-0.49746647
tsp_7782.graph,data/tsp_graphs/tsp_7782.graph,7,15,True,0.3848114,-0.05422795
tsp_7783.graph,data/tsp_graphs/tsp_7783.graph,6,15,False,1.1037197,-0.36870188
tsp_7784.graph,data/tsp_graphs/tsp_7784.graph,6,15,True,0.7758751,-0.40222317
tsp_7785.graph,data/tsp_graphs/tsp_7785.graph,6,20,False,1.6384506,-0.04321462
tsp_7786.graph,data/tsp_graphs/tsp_7786.graph,7,20,True,3.0193634,0.18960929
tsp_7787.graph,data/tsp_graphs/tsp_7787.graph,6,15,False,-0.6073952,-0.7059045
tsp_7788.graph,data/tsp_graphs/tsp_7788.graph,9,20,True,0.3060074,0.7689436
tsp_7789.graph,data/tsp_graphs/tsp_7789.graph,8,20,False,-0.48114777,0.3846572
tsp_779.graph,data/tsp_graphs/tsp_779.graph,7,20,False,-1.1158142,0.079835415
tsp_7790.graph,data/tsp_graphs/tsp_7790.graph,7,20,True,0.15772057,0.24959987
tsp_7791.graph,data/tsp_graphs/tsp_7791.graph,5,20,False,-0.89259285,-0.5491868
tsp_7792.graph,data/tsp_graphs/tsp_7792.graph,5,15,True,1.9983368,-0.10643333
tsp_7793.graph,data/tsp_graphs/tsp_7793.graph,10,20,False,-0.7575264,0.8172203
tsp_7794.graph,data/tsp_graphs/tsp_7794.graph,8,20,True,-0.21020508,0.5680575
tsp_7795.graph,data/tsp_graphs/tsp_7795.graph,8,10,False,-0.3454132,0.17434889
tsp_7796.graph,data/tsp_graphs/tsp_7796.graph,8,20,True,-0.21962738,0.11194575
tsp_7797.graph,data/tsp_graphs/tsp_7797.graph,6,15,False,-2.5767422,-0.12821862
tsp_7798.graph,data/tsp_graphs/tsp_7798.graph,6,20,True,-0.59677696,-0.036329865
tsp_7799.graph,data/tsp_graphs/tsp_7799.graph,9,20,False,-0.13539886,0.502104
tsp_78.graph,data/tsp_graphs/tsp_78.graph,10,20,True,0.067718506,0.5309091
tsp_780.graph,data/tsp_graphs/tsp_780.graph,8,10,True,0.6927109,0.18573588
tsp_7800.graph,data/tsp_graphs/tsp_7800.graph,5,15,True,-0.42427826,-0.39567202
tsp_7801.graph,data/tsp_graphs/tsp_7801.graph,8,15,False,-0.25688934,0.30048436
tsp_7802.graph,data/tsp_graphs/tsp_7802.graph,7,15,True,-0.29416084,0.2595204
tsp_7803.graph,data/tsp_graphs/tsp_7803.graph,6,20,False,-0.3821621,-0.19326529
tsp_7804.graph,data/tsp_graphs/tsp_7804.graph,9,10,True,-0.938488,-0.16050822
tsp_7805.graph,data/tsp_graphs/tsp_7805.graph,9,15,False,2.1377459,0.55409163
tsp_7806.graph,data/tsp_graphs/tsp_7806.graph,5,10,True,-0.3611374,-0.84773266
tsp_7807.graph,data/tsp_graphs/tsp_7807.graph,7,15,False,-0.55428123,-0.10975987
tsp_7808.graph,data/tsp_graphs/tsp_7808.graph,6,20,True,1.9494839,-0.0026006699
tsp_7809.graph,data/tsp_graphs/tsp_7809.graph,5,15,False,0.24090242,-0.42498875
tsp_781.graph,data/tsp_graphs/tsp_781.graph,6,20,False,-0.71045685,-0.18492627
tsp_7810.graph,data/tsp_graphs/tsp_7810.graph,9,10,True,0.55584717,0.011337459
tsp_7811.graph,data/tsp_graphs/tsp_7811.graph,6,15,False,-1.0632496,0.058010757
tsp_7812.graph,data/tsp_graphs/tsp_7812.graph,8,20,True,-1.0994225,-0.11014736
tsp_7813.graph,data/tsp_graphs/tsp_7813.graph,7,15,False,-0.51213384,0.39166993
tsp_7814.graph,data/tsp_graphs/tsp_7814.graph,6,20,True,-0.25984955,-0.031141102
tsp_7815.graph,data/tsp_graphs/tsp_7815.graph,10,15,False,1.3205981,0.7210286
tsp_7816.graph,data/tsp_graphs/tsp_7816.graph,8,20,True,-0.15189362,0.38379425
tsp_7817.graph,data/tsp_graphs/tsp_7817.graph,6,10,False,-0.96167755,-0.38906527
tsp_7818.graph,data/tsp_graphs/tsp_7818.graph,8,15,True,-0.2841959,-0.26462314
tsp_7819.graph,data/tsp_graphs/tsp_7819.graph,10,20,False,0.60726166,0.43190712
tsp_782.graph,data/tsp_graphs/tsp_782.graph,5,15,True,1.3110352,-0.76563287
tsp_7820.graph,data/tsp_graphs/tsp_7820.graph,9,15,True,-0.45417023,0.04764098
tsp_7821.graph,data/tsp_graphs/tsp_7821.graph,5,15,False,-0.098651886,-0.3172925
tsp_7822.graph,data/tsp_graphs/tsp_7822.graph,8,20,True,2.0509377,0.036024332
tsp_7823.graph,data/tsp_graphs/tsp_7823.graph,8,15,False,1.2619705,0.1516152
tsp_7824.graph,data/tsp_graphs/tsp_7824.graph,10,10,True,1.0112801,-0.045325965
tsp_7825.graph,data/tsp_graphs/tsp_7825.graph,8,15,False,-1.3368034,0.10553217
tsp_7826.graph,data/tsp_graphs/tsp_7826.graph,5,20,True,-0.031377792,-0.2344768
tsp_7827.graph,data/tsp_graphs/tsp_7827.graph,8,20,False,0.60570526,0.38087863
tsp_7828.graph,data/tsp_graphs/tsp_7828.graph,8,10,True,1.3634949,-0.021763682
tsp_7829.graph,data/tsp_graphs/tsp_7829.graph,10,20,False,0.40880585,0.37125617
tsp_783.graph,data/tsp_graphs/tsp_783.graph,6,10,False,-1.0557022,-0.44662896
tsp_7830.graph,data/tsp_graphs/tsp_7830.graph,10,20,True,-0.19564056,0.68994087
tsp_7831.graph,data/tsp_graphs/tsp_7831.graph,7,15,False,-0.9640722,0.32684278
tsp_7832.graph,data/tsp_graphs/tsp_7832.graph,6,15,True,0.36962318,-0.15972972
tsp_7833.graph,data/tsp_graphs/tsp_7833.graph,7,10,False,-1.7299118,-0.011426151
tsp_7834.graph,data/tsp_graphs/tsp_7834.graph,6,10,True,0.5818177,-1.0608263
tsp_7835.graph,data/tsp_graphs/tsp_7835.graph,10,20,False,-1.705101,0.56465524
tsp_7836.graph,data/tsp_graphs/tsp_7836.graph,7,20,True,0.41923523,0.13588727
tsp_7837.graph,data/tsp_graphs/tsp_7837.graph,5,10,False,-0.5968704,-0.8456652
tsp_7838.graph,data/tsp_graphs/tsp_7838.graph,9,15,True,-0.53182983,0.34669262
tsp_7839.graph,data/tsp_graphs/tsp_7839.graph,7,15,False,0.6428604,0.13198334
tsp_784.graph,data/tsp_graphs/tsp_784.graph,10,10,True,-0.86096954,0.27145302
tsp_7840.graph,data/tsp_graphs/tsp_7840.graph,7,20,True,-0.16493988,-0.07716003
tsp_7841.graph,data/tsp_graphs/tsp_7841.graph,5,20,False,-1.2968903,0.02688235
tsp_7842.graph,data/tsp_graphs/tsp_7842.graph,10,15,True,1.4728947,0.78186613
tsp_7843.graph,data/tsp_graphs/tsp_7843.graph,5,15,False,0.4700184,-0.5590322
tsp_7844.graph,data/tsp_graphs/tsp_7844.graph,8,20,True,-0.0025787354,0.034734726
tsp_7845.graph,data/tsp_graphs/tsp_7845.graph,5,10,False,-0.8315811,-0.810014
tsp_7846.graph,data/tsp_graphs/tsp_7846.graph,9,10,True,-0.72850037,0.060486913
tsp_7847.graph,data/tsp_graphs/tsp_7847.graph,10,20,False,1.2908859,0.5850534
tsp_7848.graph,data/tsp_graphs/tsp_7848.graph,6,10,True,2.0063477,-0.5383968
tsp_7849.graph,data/tsp_graphs/tsp_7849.graph,10,10,False,0.48057556,0.42807537
tsp_785.graph,data/tsp_graphs/tsp_785.graph,8,15,False,-1.0542192,0.48416084
tsp_7850.graph,data/tsp_graphs/tsp_7850.graph,9,15,True,0.46069908,0.5381387
tsp_7851.graph,data/tsp_graphs/tsp_7851.graph,10,20,False,0.07745361,0.43193072
tsp_7852.graph,data/tsp_graphs/tsp_7852.graph,10,15,True,-0.46925545,0.14412916
tsp_7853.graph,data/tsp_graphs/tsp_7853.graph,8,20,False,-1.0257797,0.18994373
tsp_7854.graph,data/tsp_graphs/tsp_7854.graph,5,10,True,1.7749367,-0.6054243
tsp_7855.graph,data/tsp_graphs/tsp_7855.graph,10,10,False,-1.8609695,0.27908033
tsp_7856.graph,data/tsp_graphs/tsp_7856.graph,8,20,True,1.1543922,0.1506617
tsp_7857.graph,data/tsp_graphs/tsp_7857.graph,6,15,False,-0.8182093,-0.2609759
tsp_7858.graph,data/tsp_graphs/tsp_7858.graph,9,20,True,-0.4188614,0.364276
tsp_7859.graph,data/tsp_graphs/tsp_7859.graph,9,15,False,1.5647755,0.61013716
tsp_786.graph,data/tsp_graphs/tsp_786.graph,5,15,True,-0.67121506,-0.17169774
tsp_7860.graph,data/tsp_graphs/tsp_7860.graph,9,15,True,-0.095890045,0.31063503
tsp_7861.graph,data/tsp_graphs/tsp_7861.graph,8,15,False,-0.5170574,0.24672061
tsp_7862.graph,data/tsp_graphs/tsp_7862.graph,6,15,True,0.16048431,0.03186339
tsp_7863.graph,data/tsp_graphs/tsp_7863.graph,9,10,False,0.5465622,0.3973512
tsp_7864.graph,data/tsp_graphs/tsp_7864.graph,8,10,True,1.6191254,-0.31222114
tsp_7865.graph,data/tsp_graphs/tsp_7865.graph,5,10,False,-1.8781395,-0.96220255
tsp_7866.graph,data/tsp_graphs/tsp_7866.graph,9,10,True,-2.0938454,0.068668246
tsp_7867.graph,data/tsp_graphs/tsp_7867.graph,5,15,False,-1.9137268,-0.39577946
tsp_7868.graph,data/tsp_graphs/tsp_7868.graph,5,15,True,0.547287,-0.6277922
tsp_7869.graph,data/tsp_graphs/tsp_7869.graph,10,20,False,-1.5968246,0.36382788
tsp_787.graph,data/tsp_graphs/tsp_787.graph,7,10,False,-1.025671,-0.58017427
tsp_7870.graph,data/tsp_graphs/tsp_7870.graph,8,20,True,0.7509155,0.14643985
tsp_7871.graph,data/tsp_graphs/tsp_7871.graph,9,20,False,-1.2291718,0.28117073
tsp_7872.graph,data/tsp_graphs/tsp_7872.graph,5,20,True,0.777153,-0.38298842
tsp_7873.graph,data/tsp_graphs/tsp_7873.graph,5,20,False,-2.5837135,-0.33319965
tsp_7874.graph,data/tsp_graphs/tsp_7874.graph,6,15,True,0.026365757,-0.32231444
tsp_7875.graph,data/tsp_graphs/tsp_7875.graph,10,10,False,-1.6900177,0.47883838
tsp_7876.graph,data/tsp_graphs/tsp_7876.graph,7,15,True,0.9037266,0.039714515
tsp_7877.graph,data/tsp_graphs/tsp_7877.graph,9,15,False,-0.75035095,0.09346753
tsp_7878.graph,data/tsp_graphs/tsp_7878.graph,5,20,True,-0.081588745,-0.14439315
tsp_7879.graph,data/tsp_graphs/tsp_7879.graph,10,10,False,0.6227646,0.18617809
tsp_788.graph,data/tsp_graphs/tsp_788.graph,9,20,True,-0.21057892,0.4230258
tsp_7880.graph,data/tsp_graphs/tsp_7880.graph,8,10,True,0.47258377,-0.23291576
tsp_7881.graph,data/tsp_graphs/tsp_7881.graph,6,10,False,-0.8470764,-0.411727
tsp_7882.graph,data/tsp_graphs/tsp_7882.graph,8,20,True,-0.772583,0.15217888
tsp_7883.graph,data/tsp_graphs/tsp_7883.graph,9,10,False,-0.5271511,-0.1931439
tsp_7884.graph,data/tsp_graphs/tsp_7884.graph,7,10,True,1.0413399,-0.5499253
tsp_7885.graph,data/tsp_graphs/tsp_7885.graph,10,15,False,0.27246857,0.5923086
tsp_7886.graph,data/tsp_graphs/tsp_7886.graph,6,15,True,0.1536808,-0.29767346
tsp_7887.graph,data/tsp_graphs/tsp_7887.graph,8,15,False,-0.64813995,0.062131822
tsp_7888.graph,data/tsp_graphs/tsp_7888.graph,6,20,True,0.73069,-0.39305446
tsp_7889.graph,data/tsp_graphs/tsp_7889.graph,8,20,False,0.86566925,0.41457367
tsp_789.graph,data/tsp_graphs/tsp_789.graph,9,15,False,-0.52420425,0.43571877
tsp_7890.graph,data/tsp_graphs/tsp_7890.graph,6,15,True,0.69565916,-0.16322055
tsp_7891.graph,data/tsp_graphs/tsp_7891.graph,7,10,False,-0.74697495,-0.2285003
tsp_7892.graph,data/tsp_graphs/tsp_7892.graph,5,10,True,-1.0579238,-1.0182483
tsp_7893.graph,data/tsp_graphs/tsp_7893.graph,5,20,False,-1.077837,-0.024151325
tsp_7894.graph,data/tsp_graphs/tsp_7894.graph,8,10,True,1.8038673,-0.045044303
tsp_7895.graph,data/tsp_graphs/tsp_7895.graph,8,10,False,0.57110214,-0.16475531
tsp_7896.graph,data/tsp_graphs/tsp_7896.graph,7,15,True,1.0850186,0.08094442
tsp_7897.graph,data/tsp_graphs/tsp_7897.graph,6,20,False,-0.040332794,-0.09676409
tsp_7898.graph,data/tsp_graphs/tsp_7898.graph,8,15,True,-0.30807018,0.2239309
tsp_7899.graph,data/tsp_graphs/tsp_7899.graph,6,15,False,-0.093933105,0.06595081
tsp_79.graph,data/tsp_graphs/tsp_79.graph,8,15,False,0.015172958,0.18514687
tsp_790.graph,data/tsp_graphs/tsp_790.graph,6,15,True,0.34515762,-0.13653308
tsp_7900.graph,data/tsp_graphs/tsp_7900.graph,10,20,True,0.8476143,0.94714564
tsp_7901.graph,data/tsp_graphs/tsp_7901.graph,8,15,False,-0.7536926,0.3070342
tsp_7902.graph,data/tsp_graphs/tsp_7902.graph,9,10,True,0.69094086,0.2898696
tsp_7903.graph,data/tsp_graphs/tsp_7903.graph,6,15,False,-0.2408309,-0.21535319
tsp_7904.graph,data/tsp_graphs/tsp_7904.graph,8,10,True,-0.87636757,-0.38179785
tsp_7905.graph,data/tsp_graphs/tsp_7905.graph,5,10,False,-0.4081688,-1.0440977
tsp_7906.graph,data/tsp_graphs/tsp_7906.graph,9,20,True,0.4265709,0.2555068
tsp_7907.graph,data/tsp_graphs/tsp_7907.graph,7,15,False,-2.028078,0.15162969
tsp_7908.graph,data/tsp_graphs/tsp_7908.graph,5,20,True,2.388626,-0.34739703
tsp_7909.graph,data/tsp_graphs/tsp_7909.graph,10,20,False,0.23583221,0.715849
tsp_791.graph,data/tsp_graphs/tsp_791.graph,10,20,False,-0.09526825,0.6626317
tsp_7910.graph,data/tsp_graphs/tsp_7910.graph,7,10,True,-0.8273277,-0.48976627
tsp_7911.graph,data/tsp_graphs/tsp_7911.graph,6,15,False,-1.4326067,-0.27858555
tsp_7912.graph,data/tsp_graphs/tsp_7912.graph,7,20,True,0.14037323,0.20666283
tsp_7913.graph,data/tsp_graphs/tsp_7913.graph,9,10,False,1.9706345,0.17555279
tsp_7914.graph,data/tsp_graphs/tsp_7914.graph,9,20,True,0.56570435,0.26516384
tsp_7915.graph,data/tsp_graphs/tsp_7915.graph,6,10,False,0.9447136,-0.6725639
tsp_7916.graph,data/tsp_graphs/tsp_7916.graph,10,20,True,0.7477188,0.8115633
tsp_7917.graph,data/tsp_graphs/tsp_7917.graph,6,10,False,-1.7737961,-0.3812787
tsp_7918.graph,data/tsp_graphs/tsp_7918.graph,8,15,True,-0.07821894,-0.074784964
tsp_7919.graph,data/tsp_graphs/tsp_7919.graph,8,20,False,1.205368,0.62119883
tsp_792.graph,data/tsp_graphs/tsp_792.graph,5,15,True,-1.1273918,-0.5983857
tsp_7920.graph,data/tsp_graphs/tsp_7920.graph,9,10,True,0.71782684,0.49466324
tsp_7921.graph,data/tsp_graphs/tsp_7921.graph,5,10,False,-0.76657104,-0.67189395
tsp_7922.graph,data/tsp_graphs/tsp_7922.graph,9,15,True,-0.1574688,0.10931319
tsp_7923.graph,data/tsp_graphs/tsp_7923.graph,7,15,False,-0.4777503,-0.34393853
tsp_7924.graph,data/tsp_graphs/tsp_7924.graph,8,20,True,-1.120575,0.15069741
tsp_7925.graph,data/tsp_graphs/tsp_7925.graph,9,10,False,-2.2830505,0.3183751
tsp_7926.graph,data/tsp_graphs/tsp_7926.graph,6,15,True,-0.027057648,-0.25280908
tsp_7927.graph,data/tsp_graphs/tsp_7927.graph,5,10,False,0.27363586,-0.83376074
tsp_7928.graph,data/tsp_graphs/tsp_7928.graph,7,20,True,-0.092285156,0.25467396
tsp_7929.graph,data/tsp_graphs/tsp_7929.graph,7,15,False,-0.8390207,-0.1325782
tsp_793.graph,data/tsp_graphs/tsp_793.graph,6,10,False,-1.3987846,-0.7629889
tsp_7930.graph,data/tsp_graphs/tsp_7930.graph,8,10,True,2.1427612,0.0978263
tsp_7931.graph,data/tsp_graphs/tsp_7931.graph,8,10,False,-0.66667557,0.14270931
tsp_7932.graph,data/tsp_graphs/tsp_7932.graph,5,20,True,1.2805452,-0.27822652
tsp_7933.graph,data/tsp_graphs/tsp_7933.graph,9,15,False,-2.4681091,0.33565724
tsp_7934.graph,data/tsp_graphs/tsp_7934.graph,8,15,True,0.1796503,0.4546231
tsp_7935.graph,data/tsp_graphs/tsp_7935.graph,8,10,False,-2.359665,0.101988494
tsp_7936.graph,data/tsp_graphs/tsp_7936.graph,9,20,True,-0.3714981,0.22863871
tsp_7937.graph,data/tsp_graphs/tsp_7937.graph,5,15,False,-0.34737206,-0.39745274
tsp_7938.graph,data/tsp_graphs/tsp_7938.graph,9,20,True,1.3468018,0.65524036
tsp_7939.graph,data/tsp_graphs/tsp_7939.graph,10,15,False,-1.596096,0.18362767
tsp_794.graph,data/tsp_graphs/tsp_794.graph,9,20,True,-0.49920273,0.78439635
tsp_7940.graph,data/tsp_graphs/tsp_7940.graph,8,15,True,0.739048,0.3404619
tsp_7941.graph,data/tsp_graphs/tsp_7941.graph,9,10,False,-0.48589325,0.2653846
tsp_7942.graph,data/tsp_graphs/tsp_7942.graph,7,15,True,1.752152,-0.17519012
tsp_7943.graph,data/tsp_graphs/tsp_7943.graph,7,10,False,-0.5507889,-0.3530663
tsp_7944.graph,data/tsp_graphs/tsp_7944.graph,6,10,True,1.2349358,-0.4910881
tsp_7945.graph,data/tsp_graphs/tsp_7945.graph,8,15,False,-2.7782936,0.34972006
tsp_7946.graph,data/tsp_graphs/tsp_7946.graph,7,20,True,1.2251549,0.2726993
tsp_7947.graph,data/tsp_graphs/tsp_7947.graph,8,20,False,0.7200012,0.3764776
tsp_7948.graph,data/tsp_graphs/tsp_7948.graph,10,20,True,0.6468811,0.5583804
tsp_7949.graph,data/tsp_graphs/tsp_7949.graph,8,20,False,-1.6178932,0.40191048
tsp_795.graph,data/tsp_graphs/tsp_795.graph,6,15,False,-0.23477316,-0.20836437
tsp_7950.graph,data/tsp_graphs/tsp_7950.graph,5,10,True,-0.13478851,-0.6309065
tsp_7951.graph,data/tsp_graphs/tsp_7951.graph,6,10,False,-2.2546387,-0.28030902
tsp_7952.graph,data/tsp_graphs/tsp_7952.graph,10,20,True,2.2548141,0.68144757
tsp_7953.graph,data/tsp_graphs/tsp_7953.graph,6,15,False,0.24294281,-0.14806467
tsp_7954.graph,data/tsp_graphs/tsp_7954.graph,7,20,True,-0.19763947,-0.024736136
tsp_7955.graph,data/tsp_graphs/tsp_7955.graph,8,20,False,1.0026932,0.2559045
tsp_7956.graph,data/tsp_graphs/tsp_7956.graph,8,20,True,-0.18556976,0.08115941
tsp_7957.graph,data/tsp_graphs/tsp_7957.graph,6,15,False,-0.33115768,-0.10585871
tsp_7958.graph,data/tsp_graphs/tsp_7958.graph,7,20,True,1.8942413,0.16166633
tsp_7959.graph,data/tsp_graphs/tsp_7959.graph,6,20,False,-0.20376587,-0.19422066
tsp_796.graph,data/tsp_graphs/tsp_796.graph,8,20,True,-0.22232056,-0.053987622
tsp_7960.graph,data/tsp_graphs/tsp_7960.graph,7,20,True,1.1381531,-0.0013844073
tsp_7961.graph,data/tsp_graphs/tsp_7961.graph,9,10,False,0.13802338,-0.06557348
tsp_7962.graph,data/tsp_graphs/tsp_7962.graph,8,15,True,-0.40197372,0.0952121
tsp_7963.graph,data/tsp_graphs/tsp_7963.graph,10,10,False,0.034751892,0.54471046
tsp_7964.graph,data/tsp_graphs/tsp_7964.graph,7,10,True,2.994503,-0.31830865
tsp_7965.graph,data/tsp_graphs/tsp_7965.graph,9,15,False,1.3003044,0.46541142
tsp_7966.graph,data/tsp_graphs/tsp_7966.graph,6,15,True,0.07318497,-0.15979144
tsp_7967.graph,data/tsp_graphs/tsp_7967.graph,6,10,False,-2.3370514,-0.31279248
tsp_7968.graph,data/tsp_graphs/tsp_7968.graph,9,10,True,0.37187195,0.09080875
tsp_7969.graph,data/tsp_graphs/tsp_7969.graph,10,15,False,-2.0164642,0.40608197
tsp_797.graph,data/tsp_graphs/tsp_797.graph,10,10,False,-0.9723015,0.09058887
tsp_7970.graph,data/tsp_graphs/tsp_7970.graph,6,15,True,0.9257717,-0.21263266
tsp_7971.graph,data/tsp_graphs/tsp_7971.graph,10,20,False,-2.1475754,0.8539396
tsp_7972.graph,data/tsp_graphs/tsp_7972.graph,9,20,True,-0.4477768,0.41494125
tsp_7973.graph,data/tsp_graphs/tsp_7973.graph,6,15,False,-0.7657738,-0.09849769
tsp_7974.graph,data/tsp_graphs/tsp_7974.graph,5,15,True,1.6248856,-0.94930625
tsp_7975.graph,data/tsp_graphs/tsp_7975.graph,8,10,False,0.41363144,-0.31231835
tsp_7976.graph,data/tsp_graphs/tsp_7976.graph,9,15,True,-1.3697357,0.121726215
tsp_7977.graph,data/tsp_graphs/tsp_7977.graph,6,20,False,-2.6613026,-0.12717563
tsp_7978.graph,data/tsp_graphs/tsp_7978.graph,10,15,True,-1.9412136,0.44151396
tsp_7979.graph,data/tsp_graphs/tsp_7979.graph,10,10,False,2.031166,0.3580978
tsp_798.graph,data/tsp_graphs/tsp_798.graph,9,20,True,1.5016632,0.33778203
tsp_7980.graph,data/tsp_graphs/tsp_7980.graph,6,15,True,-0.58086014,-0.63582975
tsp_7981.graph,data/tsp_graphs/tsp_7981.graph,5,10,False,-1.3514749,-1.0456767
tsp_7982.graph,data/tsp_graphs/tsp_7982.graph,7,10,True,2.2459564,-0.22165641
tsp_7983.graph,data/tsp_graphs/tsp_7983.graph,9,20,False,-0.38453674,0.41214997
tsp_7984.graph,data/tsp_graphs/tsp_7984.graph,6,15,True,0.58869267,-0.28886372
tsp_7985.graph,data/tsp_graphs/tsp_7985.graph,10,20,False,0.057235718,0.8526328
tsp_7986.graph,data/tsp_graphs/tsp_7986.graph,7,15,True,0.4290371,-0.16296026
tsp_7987.graph,data/tsp_graphs/tsp_7987.graph,8,15,False,0.34491348,0.18772584
tsp_7988.graph,data/tsp_graphs/tsp_7988.graph,9,15,True,-0.016746521,0.37054324
tsp_7989.graph,data/tsp_graphs/tsp_7989.graph,9,15,False,0.015293121,0.24263197
tsp_799.graph,data/tsp_graphs/tsp_799.graph,6,20,False,-0.3458748,0.062096
tsp_7990.graph,data/tsp_graphs/tsp_7990.graph,5,15,True,0.31437683,-0.61711407
tsp_7991.graph,data/tsp_graphs/tsp_7991.graph,9,10,False,0.28100204,0.10078126
tsp_7992.graph,data/tsp_graphs/tsp_7992.graph,9,10,True,-0.1986599,0.12904191
tsp_7993.graph,data/tsp_graphs/tsp_7993.graph,10,15,False,-1.075621,0.8493026
tsp_7994.graph,data/tsp_graphs/tsp_7994.graph,8,10,True,-0.4292488,-0.35341847
tsp_7995.graph,data/tsp_graphs/tsp_7995.graph,10,10,False,-1.0785275,-0.030786335
tsp_7996.graph,data/tsp_graphs/tsp_7996.graph,7,15,True,1.1429129,0.20310616
tsp_7997.graph,data/tsp_graphs/tsp_7997.graph,6,15,False,-1.7287216,0.059047163
tsp_7998.graph,data/tsp_graphs/tsp_7998.graph,6,15,True,1.7955933,-0.098140866
tsp_7999.graph,data/tsp_graphs/tsp_7999.graph,7,10,False,-0.753459,-1.0187004
tsp_8.graph,data/tsp_graphs/tsp_8.graph,7,20,True,1.7587585,0.1784758
tsp_80.graph,data/tsp_graphs/tsp_80.graph,7,15,True,-0.72169685,0.050612748
tsp_800.graph,data/tsp_graphs/tsp_800.graph,6,10,True,1.5227852,-0.68469787
tsp_8000.graph,data/tsp_graphs/tsp_8000.graph,9,10,True,0.8260422,-0.1411694
tsp_8001.graph,data/tsp_graphs/tsp_8001.graph,8,20,False,-1.122879,0.4913221
tsp_8002.graph,data/tsp_graphs/tsp_8002.graph,8,15,True,-0.072898865,0.23875982
tsp_8003.graph,data/tsp_graphs/tsp_8003.graph,9,10,False,-1.7864609,0.5100966
tsp_8004.graph,data/tsp_graphs/tsp_8004.graph,6,15,True,-0.48524666,0.044252872
tsp_8005.graph,data/tsp_graphs/tsp_8005.graph,10,15,False,-0.072548985,0.7708798
tsp_8006.graph,data/tsp_graphs/tsp_8006.graph,10,10,True,0.67866516,0.13933134
tsp_8007.graph,data/tsp_graphs/tsp_8007.graph,8,10,False,-2.1641235,0.17867237
tsp_8008.graph,data/tsp_graphs/tsp_8008.graph,10,10,True,1.7593002,0.40997893
tsp_8009.graph,data/tsp_graphs/tsp_8009.graph,5,10,False,-1.5292473,-0.87000275
tsp_801.graph,data/tsp_graphs/tsp_801.graph,7,10,False,0.67699814,-0.28171867
tsp_8010.graph,data/tsp_graphs/tsp_8010.graph,9,20,True,0.7138672,0.6232993
tsp_8011.graph,data/tsp_graphs/tsp_8011.graph,5,20,False,-0.15536118,-0.7243251
tsp_8012.graph,data/tsp_graphs/tsp_8012.graph,9,15,True,0.7704773,0.43049192
tsp_8013.graph,data/tsp_graphs/tsp_8013.graph,6,10,False,-2.6051102,-0.81316584
tsp_8014.graph,data/tsp_graphs/tsp_8014.graph,9,15,True,-0.17752075,0.16909522
tsp_8015.graph,data/tsp_graphs/tsp_8015.graph,10,20,False,-1.513382,0.7797478
tsp_8016.graph,data/tsp_graphs/tsp_8016.graph,8,10,True,0.52809906,0.24582118
tsp_8017.graph,data/tsp_graphs/tsp_8017.graph,10,15,False,-2.1168346,0.196536
tsp_8018.graph,data/tsp_graphs/tsp_8018.graph,10,10,True,0.7787838,0.29513425
tsp_8019.graph,data/tsp_graphs/tsp_8019.graph,10,15,False,1.4718173,0.695973
tsp_802.graph,data/tsp_graphs/tsp_802.graph,9,20,True,-1.6430588,0.6089888
tsp_8020.graph,data/tsp_graphs/tsp_8020.graph,7,20,True,2.8291473,0.29214698
tsp_8021.graph,data/tsp_graphs/tsp_8021.graph,6,10,False,-0.99209595,-0.36522007
tsp_8022.graph,data/tsp_graphs/tsp_8022.graph,8,10,True,-0.6246033,-0.44165513
tsp_8023.graph,data/tsp_graphs/tsp_8023.graph,10,15,False,-1.3974762,0.47851062
tsp_8024.graph,data/tsp_graphs/tsp_8024.graph,5,20,True,0.70098495,-0.17579535
tsp_8025.graph,data/tsp_graphs/tsp_8025.graph,6,10,False,-0.26826096,-0.831228
tsp_8026.graph,data/tsp_graphs/tsp_8026.graph,6,20,True,0.79642487,-0.4665459
tsp_8027.graph,data/tsp_graphs/tsp_8027.graph,5,10,False,0.09827614,-1.0907127
tsp_8028.graph,data/tsp_graphs/tsp_8028.graph,7,10,True,-0.37277603,-0.6363427
tsp_8029.graph,data/tsp_graphs/tsp_8029.graph,6,15,False,-2.446042,-0.11110824
tsp_803.graph,data/tsp_graphs/tsp_803.graph,6,10,False,-1.2185135,-0.41308874
tsp_8030.graph,data/tsp_graphs/tsp_8030.graph,9,20,True,-0.09992218,0.41868597
tsp_8031.graph,data/tsp_graphs/tsp_8031.graph,6,15,False,-0.4006462,-0.49988046
tsp_8032.graph,data/tsp_graphs/tsp_8032.graph,9,15,True,0.83017516,0.6289063
tsp_8033.graph,data/tsp_graphs/tsp_8033.graph,9,15,False,-1.4141083,0.58495814
tsp_8034.graph,data/tsp_graphs/tsp_8034.graph,7,10,True,0.36507416,-0.23314935
tsp_8035.graph,data/tsp_graphs/tsp_8035.graph,10,20,False,0.88829803,0.46097547
tsp_8036.graph,data/tsp_graphs/tsp_8036.graph,7,20,True,-0.9747009,0.022369325
tsp_8037.graph,data/tsp_graphs/tsp_8037.graph,7,20,False,-0.59080505,-0.03993827
tsp_8038.graph,data/tsp_graphs/tsp_8038.graph,8,20,True,1.2269974,0.37378758
tsp_8039.graph,data/tsp_graphs/tsp_8039.graph,7,15,False,-0.38902324,0.073966265
tsp_804.graph,data/tsp_graphs/tsp_804.graph,5,10,True,0.6526451,-0.9516962
tsp_8040.graph,data/tsp_graphs/tsp_8040.graph,9,10,True,0.5884018,0.2609251
tsp_8041.graph,data/tsp_graphs/tsp_8041.graph,9,15,False,-1.3248482,0.057401597
tsp_8042.graph,data/tsp_graphs/tsp_8042.graph,10,10,True,-0.15570784,0.4172687
tsp_8043.graph,data/tsp_graphs/tsp_8043.graph,10,10,False,0.03853607,0.26715362
tsp_8044.graph,data/tsp_graphs/tsp_8044.graph,9,10,True,0.037021637,0.28005224
tsp_8045.graph,data/tsp_graphs/tsp_8045.graph,6,20,False,-0.22458458,-0.12252748
tsp_8046.graph,data/tsp_graphs/tsp_8046.graph,9,10,True,-0.82154846,0.2648149
tsp_8047.graph,data/tsp_graphs/tsp_8047.graph,8,15,False,-1.7001767,0.21755624
tsp_8048.graph,data/tsp_graphs/tsp_8048.graph,9,15,True,2.0577629,0.51638633
tsp_8049.graph,data/tsp_graphs/tsp_8049.graph,8,10,False,0.39043808,-0.08306295
tsp_805.graph,data/tsp_graphs/tsp_805.graph,5,10,False,-0.5653076,-0.57369715
tsp_8050.graph,data/tsp_graphs/tsp_8050.graph,6,20,True,1.4033737,-0.14418545
tsp_8051.graph,data/tsp_graphs/tsp_8051.graph,10,10,False,-1.5152359,0.3250385
tsp_8052.graph,data/tsp_graphs/tsp_8052.graph,5,20,True,0.5451772,0.02755636
tsp_8053.graph,data/tsp_graphs/tsp_8053.graph,8,15,False,-0.10354614,0.16240168
tsp_8054.graph,data/tsp_graphs/tsp_8054.graph,9,15,True,0.2740507,0.625449
tsp_8055.graph,data/tsp_graphs/tsp_8055.graph,8,10,False,-0.66025925,-0.12853947
tsp_8056.graph,data/tsp_graphs/tsp_8056.graph,10,10,True,0.56278515,0.010536134
tsp_8057.graph,data/tsp_graphs/tsp_8057.graph,8,15,False,-1.5090084,0.12045145
tsp_8058.graph,data/tsp_graphs/tsp_8058.graph,9,20,True,1.8976021,0.56734735
tsp_8059.graph,data/tsp_graphs/tsp_8059.graph,10,10,False,-1.568924,0.23282087
tsp_806.graph,data/tsp_graphs/tsp_806.graph,7,10,True,-1.0559235,-0.8857274
tsp_8060.graph,data/tsp_graphs/tsp_8060.graph,5,20,True,-0.32513428,-0.1665572
tsp_8061.graph,data/tsp_graphs/tsp_8061.graph,9,20,False,-0.61912155,0.6586202
tsp_8062.graph,data/tsp_graphs/tsp_8062.graph,10,15,True,-0.01103878,0.67631227
tsp_8063.graph,data/tsp_graphs/tsp_8063.graph,8,15,False,-0.6600907,0.47983438
tsp_8064.graph,data/tsp_graphs/tsp_8064.graph,10,20,True,0.4245758,0.44070953
tsp_8065.graph,data/tsp_graphs/tsp_8065.graph,9,15,False,-0.88622665,0.5218224
tsp_8066.graph,data/tsp_graphs/tsp_8066.graph,6,10,True,0.7369118,-0.51116836
tsp_8067.graph,data/tsp_graphs/tsp_8067.graph,10,15,False,-1.6798248,0.6033099
tsp_8068.graph,data/tsp_graphs/tsp_8068.graph,5,10,True,1.0438805,-0.8291836
tsp_8069.graph,data/tsp_graphs/tsp_8069.graph,6,15,False,0.40219688,-0.4720947
tsp_807.graph,data/tsp_graphs/tsp_807.graph,9,10,False,-0.26140213,0.018331349
tsp_8070.graph,data/tsp_graphs/tsp_8070.graph,5,10,True,0.59003925,-0.8794972
tsp_8071.graph,data/tsp_graphs/tsp_8071.graph,6,10,False,0.27703476,-0.52923244
tsp_8072.graph,data/tsp_graphs/tsp_8072.graph,5,10,True,1.3529053,-0.47609735
tsp_8073.graph,data/tsp_graphs/tsp_8073.graph,9,20,False,-0.9472275,0.5442545
tsp_8074.graph,data/tsp_graphs/tsp_8074.graph,5,20,True,0.45273972,-0.19360521
tsp_8075.graph,data/tsp_graphs/tsp_8075.graph,9,10,False,-0.51631165,-0.19308957
tsp_8076.graph,data/tsp_graphs/tsp_8076.graph,8,15,True,1.2420197,0.44355828
tsp_8077.graph,data/tsp_graphs/tsp_8077.graph,7,15,False,0.27771568,-0.03931287
tsp_8078.graph,data/tsp_graphs/tsp_8078.graph,8,15,True,2.1158237,0.38832122
tsp_8079.graph,data/tsp_graphs/tsp_8079.graph,5,15,False,-0.9138794,-0.59521556
tsp_808.graph,data/tsp_graphs/tsp_808.graph,9,15,True,2.0068374,0.54532164
tsp_8080.graph,data/tsp_graphs/tsp_8080.graph,5,20,True,1.9336777,-0.1311751
tsp_8081.graph,data/tsp_graphs/tsp_8081.graph,6,10,False,-0.7130127,-0.30140066
tsp_8082.graph,data/tsp_graphs/tsp_8082.graph,8,15,True,0.5605202,-0.074792325
tsp_8083.graph,data/tsp_graphs/tsp_8083.graph,7,15,False,0.07077372,0.0018988252
tsp_8084.graph,data/tsp_graphs/tsp_8084.graph,7,10,True,1.617836,-0.1716226
tsp_8085.graph,data/tsp_graphs/tsp_8085.graph,10,20,False,-0.31589508,0.6850751
tsp_8086.graph,data/tsp_graphs/tsp_8086.graph,6,20,True,1.2515221,-0.06894368
tsp_8087.graph,data/tsp_graphs/tsp_8087.graph,10,15,False,-1.3800621,0.6954245
tsp_8088.graph,data/tsp_graphs/tsp_8088.graph,5,10,True,-0.19139099,-0.7775587
tsp_8089.graph,data/tsp_graphs/tsp_8089.graph,6,20,False,0.7967224,-0.14121321
tsp_809.graph,data/tsp_graphs/tsp_809.graph,5,15,False,-3.92165,-0.7096093
tsp_8090.graph,data/tsp_graphs/tsp_8090.graph,6,15,True,-0.6584274,-0.33435667
tsp_8091.graph,data/tsp_graphs/tsp_8091.graph,5,15,False,0.05753708,-0.58634883
tsp_8092.graph,data/tsp_graphs/tsp_8092.graph,9,20,True,-0.44402313,0.53877157
tsp_8093.graph,data/tsp_graphs/tsp_8093.graph,6,10,False,0.19011307,-0.6072538
tsp_8094.graph,data/tsp_graphs/tsp_8094.graph,9,20,True,-0.24562073,0.34795696
tsp_8095.graph,data/tsp_graphs/tsp_8095.graph,5,15,False,-0.5990963,-0.3952628
tsp_8096.graph,data/tsp_graphs/tsp_8096.graph,10,10,True,0.311121,0.2243666
tsp_8097.graph,data/tsp_graphs/tsp_8097.graph,7,10,False,0.88923645,0.116585195
tsp_8098.graph,data/tsp_graphs/tsp_8098.graph,8,10,True,-0.4707203,-0.3941914
tsp_8099.graph,data/tsp_graphs/tsp_8099.graph,7,20,False,0.1539383,0.33801073
tsp_81.graph,data/tsp_graphs/tsp_81.graph,9,15,False,0.11724281,0.3810771
tsp_810.graph,data/tsp_graphs/tsp_810.graph,10,20,True,-0.3371277,0.4942295
tsp_8100.graph,data/tsp_graphs/tsp_8100.graph,5,15,True,0.60495377,-0.7381333
tsp_8101.graph,data/tsp_graphs/tsp_8101.graph,5,10,False,-0.8196697,-1.0076253
tsp_8102.graph,data/tsp_graphs/tsp_8102.graph,7,20,True,-0.4594345,-0.048703164
tsp_8103.graph,data/tsp_graphs/tsp_8103.graph,5,20,False,-1.6617689,0.12141937
tsp_8104.graph,data/tsp_graphs/tsp_8104.graph,7,20,True,2.1501453,-0.24847437
tsp_8105.graph,data/tsp_graphs/tsp_8105.graph,8,15,False,-0.3263874,0.1361863
tsp_8106.graph,data/tsp_graphs/tsp_8106.graph,5,20,True,-0.015491486,-0.34027255
tsp_8107.graph,data/tsp_graphs/tsp_8107.graph,6,15,False,-0.9074917,0.0634945
tsp_8108.graph,data/tsp_graphs/tsp_8108.graph,8,20,True,0.4074707,0.46636325
tsp_8109.graph,data/tsp_graphs/tsp_8109.graph,8,10,False,-1.1397896,0.010820448
tsp_811.graph,data/tsp_graphs/tsp_811.graph,8,20,False,0.61559296,0.12485206
tsp_8110.graph,data/tsp_graphs/tsp_8110.graph,10,10,True,2.7545004,0.15597874
tsp_8111.graph,data/tsp_graphs/tsp_8111.graph,7,20,False,-0.35760498,0.022205293
tsp_8112.graph,data/tsp_graphs/tsp_8112.graph,10,10,True,1.3489075,0.3662749
tsp_8113.graph,data/tsp_graphs/tsp_8113.graph,7,10,False,-1.3682528,-0.42349884
tsp_8114.graph,data/tsp_graphs/tsp_8114.graph,8,10,True,0.8266907,-0.07969397
tsp_8115.graph,data/tsp_graphs/tsp_8115.graph,6,15,False,0.15935016,-0.45076984
tsp_8116.graph,data/tsp_graphs/tsp_8116.graph,8,10,True,-1.6660042,-0.25850654
tsp_8117.graph,data/tsp_graphs/tsp_8117.graph,9,20,False,-0.8662033,0.5428422
tsp_8118.graph,data/tsp_graphs/tsp_8118.graph,9,20,True,1.0269966,0.79728585
tsp_8119.graph,data/tsp_graphs/tsp_8119.graph,7,15,False,-1.0534172,0.035259306
tsp_812.graph,data/tsp_graphs/tsp_812.graph,5,10,True,-0.8395138,-1.0044076
tsp_8120.graph,data/tsp_graphs/tsp_8120.graph,10,20,True,-0.5833702,0.72706634
tsp_8121.graph,data/tsp_graphs/tsp_8121.graph,7,20,False,0.3927765,0.04309064
tsp_8122.graph,data/tsp_graphs/tsp_8122.graph,8,15,True,-0.31029892,0.016868114
tsp_8123.graph,data/tsp_graphs/tsp_8123.graph,9,20,False,-0.44979095,0.5516003
tsp_8124.graph,data/tsp_graphs/tsp_8124.graph,9,10,True,1.8662109,0.20855403
tsp_8125.graph,data/tsp_graphs/tsp_8125.graph,5,20,False,1.1360958,-0.5150006
tsp_8126.graph,data/tsp_graphs/tsp_8126.graph,9,20,True,0.5443115,0.46944797
tsp_8127.graph,data/tsp_graphs/tsp_8127.graph,6,15,False,0.17609215,0.001973033
tsp_8128.graph,data/tsp_graphs/tsp_8128.graph,5,20,True,-0.063539505,-0.6819415
tsp_8129.graph,data/tsp_graphs/tsp_8129.graph,10,15,False,-1.0019493,0.62168056
tsp_813.graph,data/tsp_graphs/tsp_813.graph,10,10,False,-0.064689636,0.48298067
tsp_8130.graph,data/tsp_graphs/tsp_8130.graph,10,10,True,-0.36828423,0.18729216
tsp_8131.graph,data/tsp_graphs/tsp_8131.graph,6,10,False,-1.1762457,-0.6119582
tsp_8132.graph,data/tsp_graphs/tsp_8132.graph,9,20,True,0.8111191,0.46758622
tsp_8133.graph,data/tsp_graphs/tsp_8133.graph,5,20,False,-0.13751411,-0.060660005
tsp_8134.graph,data/tsp_graphs/tsp_8134.graph,7,20,True,0.027259827,-0.000433743
tsp_8135.graph,data/tsp_graphs/tsp_8135.graph,9,10,False,-1.1111069,0.5459805
tsp_8136.graph,data/tsp_graphs/tsp_8136.graph,7,20,True,0.96466064,-0.18847442
tsp_8137.graph,data/tsp_graphs/tsp_8137.graph,5,20,False,-0.909153,-0.38618165
tsp_8138.graph,data/tsp_graphs/tsp_8138.graph,8,15,True,-1.7463374,0.37265813
tsp_8139.graph,data/tsp_graphs/tsp_8139.graph,10,15,False,-1.3044243,0.41027403
tsp_814.graph,data/tsp_graphs/tsp_814.graph,8,15,True,0.12124252,0.3059135
tsp_8140.graph,data/tsp_graphs/tsp_8140.graph,6,15,True,1.4869306,0.103583395
tsp_8141.graph,data/tsp_graphs/tsp_8141.graph,9,10,False,0.63640976,-0.1924848
tsp_8142.graph,data/tsp_graphs/tsp_8142.graph,7,20,True,1.375412,0.05521494
tsp_8143.graph,data/tsp_graphs/tsp_8143.graph,8,20,False,0.3850937,0.26813775
tsp_8144.graph,data/tsp_graphs/tsp_8144.graph,10,10,True,0.9032383,0.18805736
tsp_8145.graph,data/tsp_graphs/tsp_8145.graph,6,10,False,-0.6974182,-0.6072107
tsp_8146.graph,data/tsp_graphs/tsp_8146.graph,7,10,True,0.46471024,-0.42134362
tsp_8147.graph,data/tsp_graphs/tsp_8147.graph,5,20,False,-1.4564743,-0.4210812
tsp_8148.graph,data/tsp_graphs/tsp_8148.graph,9,10,True,-0.47296715,-0.4153964
tsp_8149.graph,data/tsp_graphs/tsp_8149.graph,8,10,False,-1.9942017,0.11884016
tsp_815.graph,data/tsp_graphs/tsp_815.graph,8,20,False,-0.997345,0.45921475
tsp_8150.graph,data/tsp_graphs/tsp_8150.graph,6,20,True,1.5086823,-0.13967311
tsp_8151.graph,data/tsp_graphs/tsp_8151.graph,9,15,False,-0.86661625,0.72672683
tsp_8152.graph,data/tsp_graphs/tsp_8152.graph,10,10,True,2.1389847,0.4322564
tsp_8153.graph,data/tsp_graphs/tsp_8153.graph,9,10,False,-0.9087143,0.39736724
tsp_8154.graph,data/tsp_graphs/tsp_8154.graph,10,10,True,0.4879017,0.009463131
tsp_8155.graph,data/tsp_graphs/tsp_8155.graph,9,10,False,0.7844887,0.072556555
tsp_8156.graph,data/tsp_graphs/tsp_8156.graph,6,10,True,-0.3147297,-0.51919234
tsp_8157.graph,data/tsp_graphs/tsp_8157.graph,9,10,False,-2.4370193,0.15810859
tsp_8158.graph,data/tsp_graphs/tsp_8158.graph,9,15,True,0.30587006,0.35802627
tsp_8159.graph,data/tsp_graphs/tsp_8159.graph,7,20,False,-0.04928589,0.22548562
tsp_816.graph,data/tsp_graphs/tsp_816.graph,8,10,True,0.9171257,0.04096186
tsp_8160.graph,data/tsp_graphs/tsp_8160.graph,6,20,True,-1.4187336,-0.15082514
tsp_8161.graph,data/tsp_graphs/tsp_8161.graph,5,15,False,0.45924377,-0.53417856
tsp_8162.graph,data/tsp_graphs/tsp_8162.graph,9,15,True,-0.07568741,0.10091913
tsp_8163.graph,data/tsp_graphs/tsp_8163.graph,7,20,False,-1.1317596,0.20191437
tsp_8164.graph,data/tsp_graphs/tsp_8164.graph,9,20,True,-1.1316452,0.31557608
tsp_8165.graph,data/tsp_graphs/tsp_8165.graph,10,20,False,-2.095909,0.74853855
tsp_8166.graph,data/tsp_graphs/tsp_8166.graph,5,10,True,-0.45505142,-1.1276724
tsp_8167.graph,data/tsp_graphs/tsp_8167.graph,6,15,False,-0.9625015,-0.3851905
tsp_8168.graph,data/tsp_graphs/tsp_8168.graph,6,10,True,-1.0656433,-0.44148055
tsp_8169.graph,data/tsp_graphs/tsp_8169.graph,5,10,False,-0.11413956,-0.8256078
tsp_817.graph,data/tsp_graphs/tsp_817.graph,10,15,False,-1.1927176,0.6889313
tsp_8170.graph,data/tsp_graphs/tsp_8170.graph,7,20,True,1.8668365,-0.0037893057
tsp_8171.graph,data/tsp_graphs/tsp_8171.graph,8,20,False,-0.3176117,0.15591794
tsp_8172.graph,data/tsp_graphs/tsp_8172.graph,10,15,True,0.54159546,0.38643163
tsp_8173.graph,data/tsp_graphs/tsp_8173.graph,5,20,False,0.26970673,-0.259291
tsp_8174.graph,data/tsp_graphs/tsp_8174.graph,9,15,True,-0.43733978,0.35696477
tsp_8175.graph,data/tsp_graphs/tsp_8175.graph,6,15,False,0.060459733,-0.45650014
tsp_8176.graph,data/tsp_graphs/tsp_8176.graph,5,15,True,-0.11685169,-0.41654724
tsp_8177.graph,data/tsp_graphs/tsp_8177.graph,8,10,False,-0.3614807,-0.15385479
tsp_8178.graph,data/tsp_graphs/tsp_8178.graph,8,10,True,1.7862988,-0.085754365
tsp_8179.graph,data/tsp_graphs/tsp_8179.graph,8,20,False,-1.1465912,0.44025338
tsp_818.graph,data/tsp_graphs/tsp_818.graph,7,15,True,-0.046209455,-0.10392338
tsp_8180.graph,data/tsp_graphs/tsp_8180.graph,7,10,True,-1.3556023,-0.5579309
tsp_8181.graph,data/tsp_graphs/tsp_8181.graph,5,20,False,-1.5261917,-0.62745583
tsp_8182.graph,data/tsp_graphs/tsp_8182.graph,5,20,True,0.47485065,-0.5297643
tsp_8183.graph,data/tsp_graphs/tsp_8183.graph,9,10,False,-0.8425255,0.25302964
tsp_8184.graph,data/tsp_graphs/tsp_8184.graph,8,10,True,0.6863022,-0.007999271
tsp_8185.graph,data/tsp_graphs/tsp_8185.graph,6,15,False,0.41764772,-0.366635
tsp_8186.graph,data/tsp_graphs/tsp_8186.graph,8,15,True,-0.5144253,0.109651804
tsp_8187.graph,data/tsp_graphs/tsp_8187.graph,7,15,False,0.559062,0.21696234
tsp_8188.graph,data/tsp_graphs/tsp_8188.graph,7,20,True,1.330658,0.11207539
tsp_8189.graph,data/tsp_graphs/tsp_8189.graph,9,15,False,-1.114685,0.16211104
tsp_819.graph,data/tsp_graphs/tsp_819.graph,9,15,False,0.65800476,0.37330276
tsp_8190.graph,data/tsp_graphs/tsp_8190.graph,5,10,True,2.1981735,-0.42474163
tsp_8191.graph,data/tsp_graphs/tsp_8191.graph,8,10,False,-1.1514969,0.2545396
tsp_8192.graph,data/tsp_graphs/tsp_8192.graph,8,20,True,0.8159485,0.5194208
tsp_8193.graph,data/tsp_graphs/tsp_8193.graph,6,20,False,-0.7454643,-0.23116368
tsp_8194.graph,data/tsp_graphs/tsp_8194.graph,5,20,True,-0.12931442,-0.23974228
tsp_8195.graph,data/tsp_graphs/tsp_8195.graph,5,10,False,0.09601593,-0.77312666
tsp_8196.graph,data/tsp_graphs/tsp_8196.graph,8,20,True,2.0939713,0.42454666
tsp_8197.graph,data/tsp_graphs/tsp_8197.graph,9,20,False,-0.5140686,0.64238316
tsp_8198.graph,data/tsp_graphs/tsp_8198.graph,8,10,True,-0.023674011,-0.46892023
tsp_8199.graph,data/tsp_graphs/tsp_8199.graph,6,15,False,-0.15539074,-0.6257417
tsp_82.graph,data/tsp_graphs/tsp_82.graph,9,10,True,-0.64517975,-0.09949663
tsp_820.graph,data/tsp_graphs/tsp_820.graph,8,20,True,0.64307404,0.20963329
tsp_8200.graph,data/tsp_graphs/tsp_8200.graph,5,20,True,2.5313835,-0.1999869
tsp_8201.graph,data/tsp_graphs/tsp_8201.graph,5,20,False,0.8895235,-0.51666915
tsp_8202.graph,data/tsp_graphs/tsp_8202.graph,10,15,True,0.19206238,0.51900226
tsp_8203.graph,data/tsp_graphs/tsp_8203.graph,9,20,False,-0.4410553,0.4352932
tsp_8204.graph,data/tsp_graphs/tsp_8204.graph,9,20,True,-0.50800323,0.27387595
tsp_8205.graph,data/tsp_graphs/tsp_8205.graph,5,15,False,-0.13912964,-0.6714885
tsp_8206.graph,data/tsp_graphs/tsp_8206.graph,10,10,True,-1.0289612,0.5582722
tsp_8207.graph,data/tsp_graphs/tsp_8207.graph,6,15,False,0.50790167,-0.18722022
tsp_8208.graph,data/tsp_graphs/tsp_8208.graph,9,10,True,1.0309639,-0.050794184
tsp_8209.graph,data/tsp_graphs/tsp_8209.graph,7,15,False,0.4671898,0.09127647
tsp_821.graph,data/tsp_graphs/tsp_821.graph,8,15,False,0.540287,0.07132286
tsp_8210.graph,data/tsp_graphs/tsp_8210.graph,7,20,True,1.8559036,0.28119612
tsp_8211.graph,data/tsp_graphs/tsp_8211.graph,8,15,False,1.0647945,0.10055971
tsp_8212.graph,data/tsp_graphs/tsp_8212.graph,5,10,True,-0.06172943,-0.46791482
tsp_8213.graph,data/tsp_graphs/tsp_8213.graph,8,15,False,1.3220749,0.21208179
tsp_8214.graph,data/tsp_graphs/tsp_8214.graph,10,15,True,0.704479,0.79735976
tsp_8215.graph,data/tsp_graphs/tsp_8215.graph,6,15,False,0.20871735,0.019123673
tsp_8216.graph,data/tsp_graphs/tsp_8216.graph,7,15,True,-0.22693157,0.0113508105
tsp_8217.graph,data/tsp_graphs/tsp_8217.graph,5,10,False,0.5011368,-0.792305
tsp_8218.graph,data/tsp_graphs/tsp_8218.graph,10,10,True,2.066166,0.05454111
tsp_8219.graph,data/tsp_graphs/tsp_8219.graph,6,20,False,1.2350483,-0.3116575
tsp_822.graph,data/tsp_graphs/tsp_822.graph,7,10,True,0.39995956,-0.3256659
tsp_8220.graph,data/tsp_graphs/tsp_8220.graph,7,20,True,0.8431225,0.36339384
tsp_8221.graph,data/tsp_graphs/tsp_8221.graph,10,15,False,-0.5529635,0.8098487
tsp_8222.graph,data/tsp_graphs/tsp_8222.graph,8,10,True,0.6216278,-0.20850205
tsp_8223.graph,data/tsp_graphs/tsp_8223.graph,5,20,False,-0.99569297,0.00025686622
tsp_8224.graph,data/tsp_graphs/tsp_8224.graph,8,10,True,0.517601,-0.32551646
tsp_8225.graph,data/tsp_graphs/tsp_8225.graph,8,10,False,-0.6722908,-0.21926355
tsp_8226.graph,data/tsp_graphs/tsp_8226.graph,9,15,True,-0.44005585,0.597295
tsp_8227.graph,data/tsp_graphs/tsp_8227.graph,10,15,False,-1.016407,0.43990886
tsp_8228.graph,data/tsp_graphs/tsp_8228.graph,5,10,True,0.8239441,-0.6791303
tsp_8229.graph,data/tsp_graphs/tsp_8229.graph,7,20,False,-0.5295143,-0.009443492
tsp_823.graph,data/tsp_graphs/tsp_823.graph,8,15,False,0.33804703,0.1768806
tsp_8230.graph,data/tsp_graphs/tsp_8230.graph,8,10,True,2.8505821,-0.12676257
tsp_8231.graph,data/tsp_graphs/tsp_8231.graph,5,15,False,0.9571495,-0.6866939
tsp_8232.graph,data/tsp_graphs/tsp_8232.graph,9,10,True,0.8023758,0.25918514
tsp_8233.graph,data/tsp_graphs/tsp_8233.graph,10,20,False,0.39874268,0.44615716
tsp_8234.graph,data/tsp_graphs/tsp_8234.graph,5,15,True,0.5443325,-0.6651582
tsp_8235.graph,data/tsp_graphs/tsp_8235.graph,7,15,False,-0.7182579,-0.31839365
tsp_8236.graph,data/tsp_graphs/tsp_8236.graph,10,15,True,1.6038675,0.7226334
tsp_8237.graph,data/tsp_graphs/tsp_8237.graph,6,20,False,0.09801483,-0.13830212
tsp_8238.graph,data/tsp_graphs/tsp_8238.graph,9,15,True,1.6631684,0.023329198
tsp_8239.graph,data/tsp_graphs/tsp_8239.graph,8,10,False,-1.3515015,0.10412967
tsp_824.graph,data/tsp_graphs/tsp_824.graph,10,20,True,0.9851303,0.37592506
tsp_8240.graph,data/tsp_graphs/tsp_8240.graph,9,15,True,0.31451416,0.3223918
tsp_8241.graph,data/tsp_graphs/tsp_8241.graph,7,20,False,-2.3826141,0.39180976
tsp_8242.graph,data/tsp_graphs/tsp_8242.graph,7,20,True,-0.41316605,0.21758872
tsp_8243.graph,data/tsp_graphs/tsp_8243.graph,7,10,False,-0.116794586,-0.1991086
tsp_8244.graph,data/tsp_graphs/tsp_8244.graph,8,15,True,2.1585388,0.44754785
tsp_8245.graph,data/tsp_graphs/tsp_8245.graph,8,20,False,-0.5275955,0.38016075
tsp_8246.graph,data/tsp_graphs/tsp_8246.graph,6,15,True,1.1107197,-0.19132698
tsp_8247.graph,data/tsp_graphs/tsp_8247.graph,6,20,False,0.6078701,0.2515027
tsp_8248.graph,data/tsp_graphs/tsp_8248.graph,6,20,True,-1.2316628,-0.15421674
tsp_8249.graph,data/tsp_graphs/tsp_8249.graph,7,15,False,-0.8742199,-0.1792497
tsp_825.graph,data/tsp_graphs/tsp_825.graph,5,20,False,-0.15645218,-0.409838
tsp_8250.graph,data/tsp_graphs/tsp_8250.graph,7,15,True,1.1594353,-0.15171221
tsp_8251.graph,data/tsp_graphs/tsp_8251.graph,6,10,False,0.63253784,-0.56378657
tsp_8252.graph,data/tsp_graphs/tsp_8252.graph,5,20,True,1.6129532,-0.041360408
tsp_8253.graph,data/tsp_graphs/tsp_8253.graph,8,10,False,-2.2275848,0.17118627
tsp_8254.graph,data/tsp_graphs/tsp_8254.graph,7,10,True,0.42354584,-0.3283894
tsp_8255.graph,data/tsp_graphs/tsp_8255.graph,10,15,False,-0.022521973,0.43421108
tsp_8256.graph,data/tsp_graphs/tsp_8256.graph,5,10,True,2.7312813,-0.71287525
tsp_8257.graph,data/tsp_graphs/tsp_8257.graph,9,10,False,-0.5495224,0.17061424
tsp_8258.graph,data/tsp_graphs/tsp_8258.graph,9,10,True,1.4535446,0.054410875
tsp_8259.graph,data/tsp_graphs/tsp_8259.graph,8,10,False,-0.60165405,-0.037022144
tsp_826.graph,data/tsp_graphs/tsp_826.graph,8,10,True,0.6524544,-0.327169
tsp_8260.graph,data/tsp_graphs/tsp_8260.graph,6,10,True,1.8184052,-0.6817611
tsp_8261.graph,data/tsp_graphs/tsp_8261.graph,5,15,False,-0.051383972,-0.72359526
tsp_8262.graph,data/tsp_graphs/tsp_8262.graph,8,20,True,-0.034812927,0.24694318
tsp_8263.graph,data/tsp_graphs/tsp_8263.graph,6,20,False,-0.37920952,-0.3496284
tsp_8264.graph,data/tsp_graphs/tsp_8264.graph,7,20,True,2.0097961,0.098769665
tsp_8265.graph,data/tsp_graphs/tsp_8265.graph,5,20,False,0.38187027,-0.27647007
tsp_8266.graph,data/tsp_graphs/tsp_8266.graph,9,15,True,-0.3319931,0.37010413
tsp_8267.graph,data/tsp_graphs/tsp_8267.graph,6,10,False,0.91922,-0.45874655
tsp_8268.graph,data/tsp_graphs/tsp_8268.graph,8,10,True,0.6105728,0.22028494
tsp_8269.graph,data/tsp_graphs/tsp_8269.graph,6,20,False,-1.1230392,0.08683944
tsp_827.graph,data/tsp_graphs/tsp_827.graph,7,20,False,0.38079834,0.019093871
tsp_8270.graph,data/tsp_graphs/tsp_8270.graph,8,20,True,-0.2708664,0.04021269
tsp_8271.graph,data/tsp_graphs/tsp_8271.graph,8,10,False,0.40094757,0.16187847
tsp_8272.graph,data/tsp_graphs/tsp_8272.graph,6,10,True,1.6124878,-0.39794564
tsp_8273.graph,data/tsp_graphs/tsp_8273.graph,10,15,False,-0.8460541,0.53029925
tsp_8274.graph,data/tsp_graphs/tsp_8274.graph,8,15,True,0.94597244,0.38401586
tsp_8275.graph,data/tsp_graphs/tsp_8275.graph,8,10,False,-0.12296295,-0.019841164
tsp_8276.graph,data/tsp_graphs/tsp_8276.graph,6,10,True,0.17562866,-0.5647059
tsp_8277.graph,data/tsp_graphs/tsp_8277.graph,9,15,False,-0.01408577,0.17745048
tsp_8278.graph,data/tsp_graphs/tsp_8278.graph,6,15,True,0.77920043,-0.269373
tsp_8279.graph,data/tsp_graphs/tsp_8279.graph,10,15,False,-0.6084815,0.7819571
tsp_828.graph,data/tsp_graphs/tsp_828.graph,5,10,True,0.9274521,-0.5180496
tsp_8280.graph,data/tsp_graphs/tsp_8280.graph,6,15,True,0.85374546,-0.027636647
tsp_8281.graph,data/tsp_graphs/tsp_8281.graph,6,20,False,-0.36249542,-0.34468457
tsp_8282.graph,data/tsp_graphs/tsp_8282.graph,6,20,True,1.7372894,-0.005631447
tsp_8283.graph,data/tsp_graphs/tsp_8283.graph,5,10,False,-0.9315376,-0.5260958
tsp_8284.graph,data/tsp_graphs/tsp_8284.graph,7,15,True,1.3905687,-0.10567957
tsp_8285.graph,data/tsp_graphs/tsp_8285.graph,9,15,False,-0.66433525,0.6260484
tsp_8286.graph,data/tsp_graphs/tsp_8286.graph,9,15,True,-0.35367775,0.26549524
tsp_8287.graph,data/tsp_graphs/tsp_8287.graph,10,10,False,-1.7319946,0.4108029
tsp_8288.graph,data/tsp_graphs/tsp_8288.graph,9,15,True,0.9232712,0.36849028
tsp_8289.graph,data/tsp_graphs/tsp_8289.graph,5,10,False,-1.202591,-0.6539979
tsp_829.graph,data/tsp_graphs/tsp_829.graph,10,20,False,-1.4630775,0.81149954
tsp_8290.graph,data/tsp_graphs/tsp_8290.graph,6,15,True,0.7464714,-0.3513232
tsp_8291.graph,data/tsp_graphs/tsp_8291.graph,9,20,False,1.2234879,0.4397813
tsp_8292.graph,data/tsp_graphs/tsp_8292.graph,7,20,True,0.36304855,0.14475912
tsp_8293.graph,data/tsp_graphs/tsp_8293.graph,6,15,False,-0.6335461,-0.2497864
tsp_8294.graph,data/tsp_graphs/tsp_8294.graph,6,20,True,2.969654,-0.30389556
tsp_8295.graph,data/tsp_graphs/tsp_8295.graph,8,20,False,-0.41555023,0.22159952
tsp_8296.graph,data/tsp_graphs/tsp_8296.graph,10,20,True,0.28458405,0.63496953
tsp_8297.graph,data/tsp_graphs/tsp_8297.graph,7,10,False,-0.3138504,-0.49580252
tsp_8298.graph,data/tsp_graphs/tsp_8298.graph,5,20,True,1.1519833,-0.60908103
tsp_8299.graph,data/tsp_graphs/tsp_8299.graph,8,10,False,-0.118644714,-0.06409094
tsp_83.graph,data/tsp_graphs/tsp_83.graph,10,10,False,-1.4874306,0.023509383
tsp_830.graph,data/tsp_graphs/tsp_830.graph,6,10,True,0.71167755,-0.40864837
tsp_8300.graph,data/tsp_graphs/tsp_8300.graph,9,10,True,-1.739708,0.24589896
tsp_8301.graph,data/tsp_graphs/tsp_8301.graph,10,20,False,-0.72727966,0.75585324
tsp_8302.graph,data/tsp_graphs/tsp_8302.graph,9,20,True,0.4141693,0.58993536
tsp_8303.graph,data/tsp_graphs/tsp_8303.graph,5,20,False,-1.2351322,-0.23424846
tsp_8304.graph,data/tsp_graphs/tsp_8304.graph,7,10,True,2.4839935,-0.032312453
tsp_8305.graph,data/tsp_graphs/tsp_8305.graph,5,20,False,-0.80624294,-0.09752193
tsp_8306.graph,data/tsp_graphs/tsp_8306.graph,5,20,True,1.374958,-0.21715629
tsp_8307.graph,data/tsp_graphs/tsp_8307.graph,9,20,False,-0.7435303,0.6494828
tsp_8308.graph,data/tsp_graphs/tsp_8308.graph,7,10,True,0.98457336,-0.00564003
tsp_8309.graph,data/tsp_graphs/tsp_8309.graph,6,10,False,0.1264216,-0.782712
tsp_831.graph,data/tsp_graphs/tsp_831.graph,8,15,False,0.63365936,0.04282409
tsp_8310.graph,data/tsp_graphs/tsp_8310.graph,6,10,True,2.1031818,-0.27086213
tsp_8311.graph,data/tsp_graphs/tsp_8311.graph,7,10,False,0.7418823,-0.22594965
tsp_8312.graph,data/tsp_graphs/tsp_8312.graph,5,15,True,-0.6482601,-0.53410405
tsp_8313.graph,data/tsp_graphs/tsp_8313.graph,9,20,False,0.022781372,0.2564966
tsp_8314.graph,data/tsp_graphs/tsp_8314.graph,6,15,True,1.9724607,-0.44458696
tsp_8315.graph,data/tsp_graphs/tsp_8315.graph,5,20,False,1.04916,-0.37186378
tsp_8316.graph,data/tsp_graphs/tsp_8316.graph,8,10,True,0.9493656,-0.11655271
tsp_8317.graph,data/tsp_graphs/tsp_8317.graph,10,20,False,-0.16349792,0.5319639
tsp_8318.graph,data/tsp_graphs/tsp_8318.graph,6,10,True,0.6611099,-0.51114196
tsp_8319.graph,data/tsp_graphs/tsp_8319.graph,8,20,False,0.56533813,0.24934989
tsp_832.graph,data/tsp_graphs/tsp_832.graph,5,20,True,1.2338562,-0.16089833
tsp_8320.graph,data/tsp_graphs/tsp_8320.graph,7,10,True,-0.078045845,-0.7053238
tsp_8321.graph,data/tsp_graphs/tsp_8321.graph,9,15,False,0.8801155,0.57491094
tsp_8322.graph,data/tsp_graphs/tsp_8322.graph,6,20,True,0.27682114,-0.3030525
tsp_8323.graph,data/tsp_graphs/tsp_8323.graph,7,10,False,-1.1184368,-0.6603812
tsp_8324.graph,data/tsp_graphs/tsp_8324.graph,10,20,True,-0.27591705,0.36577386
tsp_8325.graph,data/tsp_graphs/tsp_8325.graph,6,20,False,-1.7875994,-0.115658045
tsp_8326.graph,data/tsp_graphs/tsp_8326.graph,6,15,True,0.43165016,-0.23160374
tsp_8327.graph,data/tsp_graphs/tsp_8327.graph,9,15,False,-1.6570808,-0.120382965
tsp_8328.graph,data/tsp_graphs/tsp_8328.graph,5,20,True,-0.77077484,-0.3251899
tsp_8329.graph,data/tsp_graphs/tsp_8329.graph,6,15,False,-0.56829953,-0.3798298
tsp_833.graph,data/tsp_graphs/tsp_833.graph,9,10,False,0.49125862,0.10278785
tsp_8330.graph,data/tsp_graphs/tsp_8330.graph,5,20,True,0.51631546,-0.0137344
tsp_8331.graph,data/tsp_graphs/tsp_8331.graph,8,10,False,0.2552948,-0.17895842
tsp_8332.graph,data/tsp_graphs/tsp_8332.graph,8,20,True,-0.57338333,0.04814571
tsp_8333.graph,data/tsp_graphs/tsp_8333.graph,5,20,False,-1.1531544,-0.47431013
tsp_8334.graph,data/tsp_graphs/tsp_8334.graph,8,10,True,1.8057442,-0.06911808
tsp_8335.graph,data/tsp_graphs/tsp_8335.graph,5,10,False,0.15245819,-0.78453743
tsp_8336.graph,data/tsp_graphs/tsp_8336.graph,5,15,True,-0.93229294,-0.83660173
tsp_8337.graph,data/tsp_graphs/tsp_8337.graph,7,15,False,0.3184258,-0.20298165
tsp_8338.graph,data/tsp_graphs/tsp_8338.graph,6,10,True,0.7492027,-0.66711307
tsp_8339.graph,data/tsp_graphs/tsp_8339.graph,8,10,False,0.48076248,-0.24582072
tsp_834.graph,data/tsp_graphs/tsp_834.graph,5,20,True,-0.0022697449,-0.19359687
tsp_8340.graph,data/tsp_graphs/tsp_8340.graph,9,20,True,-0.42113495,0.75459045
tsp_8341.graph,data/tsp_graphs/tsp_8341.graph,5,15,False,-0.29846,-0.17399853
tsp_8342.graph,data/tsp_graphs/tsp_8342.graph,10,20,True,-1.4276199,0.6560288
tsp_8343.graph,data/tsp_graphs/tsp_8343.graph,8,15,False,-0.30926037,-0.16972956
tsp_8344.graph,data/tsp_graphs/tsp_8344.graph,10,10,True,-0.088653564,0.029705167
tsp_8345.graph,data/tsp_graphs/tsp_8345.graph,7,20,False,-0.8404846,0.30189353
tsp_8346.graph,data/tsp_graphs/tsp_8346.graph,9,10,True,0.10668564,-0.19471064
tsp_8347.graph,data/tsp_graphs/tsp_8347.graph,7,10,False,0.4124527,-0.4346617
tsp_8348.graph,data/tsp_graphs/tsp_8348.graph,5,20,True,0.5348799,-0.23349223
tsp_8349.graph,data/tsp_graphs/tsp_8349.graph,7,15,False,-0.43764114,-0.2918403
tsp_835.graph,data/tsp_graphs/tsp_835.graph,9,20,False,-1.1901779,0.5512858
tsp_8350.graph,data/tsp_graphs/tsp_8350.graph,10,20,True,2.0064545,0.68850356
tsp_8351.graph,data/tsp_graphs/tsp_8351.graph,7,20,False,-1.0912971,-0.013558209
tsp_8352.graph,data/tsp_graphs/tsp_8352.graph,5,15,True,0.6576843,-0.5434687
tsp_8353.graph,data/tsp_graphs/tsp_8353.graph,9,20,False,-2.0054893,0.58058316
tsp_8354.graph,data/tsp_graphs/tsp_8354.graph,6,15,True,0.4463215,-0.22381249
tsp_8355.graph,data/tsp_graphs/tsp_8355.graph,9,15,False,1.3112717,0.06286365
tsp_8356.graph,data/tsp_graphs/tsp_8356.graph,6,15,True,-0.48776627,-0.027869761
tsp_8357.graph,data/tsp_graphs/tsp_8357.graph,6,10,False,-1.6858978,-0.39041242
tsp_8358.graph,data/tsp_graphs/tsp_8358.graph,10,10,True,0.06387901,0.050744414
tsp_8359.graph,data/tsp_graphs/tsp_8359.graph,9,15,False,0.016836166,0.4551782
tsp_836.graph,data/tsp_graphs/tsp_836.graph,5,20,True,-0.45248222,-0.39800555
tsp_8360.graph,data/tsp_graphs/tsp_8360.graph,8,20,True,1.3246994,0.4076537
tsp_8361.graph,data/tsp_graphs/tsp_8361.graph,5,15,False,-0.89450073,-1.0311321
tsp_8362.graph,data/tsp_graphs/tsp_8362.graph,7,15,True,-0.57310057,0.22912931
tsp_8363.graph,data/tsp_graphs/tsp_8363.graph,7,10,False,-1.7582436,-0.1487234
tsp_8364.graph,data/tsp_graphs/tsp_8364.graph,6,20,True,0.97831726,0.193003
tsp_8365.graph,data/tsp_graphs/tsp_8365.graph,7,20,False,1.0925999,0.18455869
tsp_8366.graph,data/tsp_graphs/tsp_8366.graph,8,20,True,0.28713226,0.31722742
tsp_8367.graph,data/tsp_graphs/tsp_8367.graph,9,20,False,-0.7081299,0.29618686
tsp_8368.graph,data/tsp_graphs/tsp_8368.graph,5,20,True,3.990364,-0.4196595
tsp_8369.graph,data/tsp_graphs/tsp_8369.graph,6,20,False,-1.389286,-0.121911556
tsp_837.graph,data/tsp_graphs/tsp_837.graph,8,20,False,-0.27762604,-0.043510973
tsp_8370.graph,data/tsp_graphs/tsp_8370.graph,5,20,True,1.2431526,-0.3075789
tsp_8371.graph,data/tsp_graphs/tsp_8371.graph,9,15,False,-0.56243134,0.38471466
tsp_8372.graph,data/tsp_graphs/tsp_8372.graph,10,20,True,0.29743195,0.527613
tsp_8373.graph,data/tsp_graphs/tsp_8373.graph,5,15,False,-0.14362144,-0.26478383
tsp_8374.graph,data/tsp_graphs/tsp_8374.graph,10,20,True,-0.14094543,0.8208898
tsp_8375.graph,data/tsp_graphs/tsp_8375.graph,8,20,False,-0.46335983,0.17746407
tsp_8376.graph,data/tsp_graphs/tsp_8376.graph,10,20,True,-0.2069931,0.47928125
tsp_8377.graph,data/tsp_graphs/tsp_8377.graph,9,20,False,-0.9935684,0.46378297
tsp_8378.graph,data/tsp_graphs/tsp_8378.graph,7,10,True,-0.4135663,-0.55231345
tsp_8379.graph,data/tsp_graphs/tsp_8379.graph,8,20,False,0.15526581,0.3255111
tsp_838.graph,data/tsp_graphs/tsp_838.graph,10,10,True,1.6088028,0.5685982
tsp_8380.graph,data/tsp_graphs/tsp_8380.graph,8,15,True,-0.5654297,-0.042574167
tsp_8381.graph,data/tsp_graphs/tsp_8381.graph,6,15,False,0.21767235,-0.038145363
tsp_8382.graph,data/tsp_graphs/tsp_8382.graph,9,10,True,0.88485146,0.30631834
tsp_8383.graph,data/tsp_graphs/tsp_8383.graph,5,10,False,-2.3568573,-0.67209053
tsp_8384.graph,data/tsp_graphs/tsp_8384.graph,6,10,True,1.6636162,-0.4529723
tsp_8385.graph,data/tsp_graphs/tsp_8385.graph,6,15,False,-0.28569412,-0.6126159
tsp_8386.graph,data/tsp_graphs/tsp_8386.graph,5,10,True,0.759346,-0.89543295
tsp_8387.graph,data/tsp_graphs/tsp_8387.graph,7,15,False,0.7346802,0.25765342
tsp_8388.graph,data/tsp_graphs/tsp_8388.graph,5,20,True,-0.5091281,-0.645788
tsp_8389.graph,data/tsp_graphs/tsp_8389.graph,8,15,False,0.4488697,-0.25229406
tsp_839.graph,data/tsp_graphs/tsp_839.graph,9,20,False,-0.81324005,0.30488008
tsp_8390.graph,data/tsp_graphs/tsp_8390.graph,6,10,True,2.5098114,-0.30730385
tsp_8391.graph,data/tsp_graphs/tsp_8391.graph,9,15,False,0.62617874,0.5223606
tsp_8392.graph,data/tsp_graphs/tsp_8392.graph,5,20,True,0.2137115,-0.028805435
tsp_8393.graph,data/tsp_graphs/tsp_8393.graph,9,15,False,-0.64170074,0.3360998
tsp_8394.graph,data/tsp_graphs/tsp_8394.graph,5,15,True,1.100378,-0.45437267
tsp_8395.graph,data/tsp_graphs/tsp_8395.graph,6,15,False,-0.5236578,0.025938809
tsp_8396.graph,data/tsp_graphs/tsp_8396.graph,8,15,True,-0.3319702,-0.32699698
tsp_8397.graph,data/tsp_graphs/tsp_8397.graph,9,15,False,0.13102432,0.7125078
tsp_8398.graph,data/tsp_graphs/tsp_8398.graph,8,10,True,0.68362427,-0.27675188
tsp_8399.graph,data/tsp_graphs/tsp_8399.graph,7,20,False,-0.68315125,0.329812
tsp_84.graph,data/tsp_graphs/tsp_84.graph,6,10,True,0.5430603,-0.4017369
tsp_840.graph,data/tsp_graphs/tsp_840.graph,6,20,True,0.30807495,-0.005737841
tsp_8400.graph,data/tsp_graphs/tsp_8400.graph,10,15,True,-1.5363579,0.5080357
tsp_8401.graph,data/tsp_graphs/tsp_8401.graph,10,10,False,-0.4644661,0.13269562
tsp_8402.graph,data/tsp_graphs/tsp_8402.graph,5,15,True,2.4073792,-0.5068605
tsp_8403.graph,data/tsp_graphs/tsp_8403.graph,10,10,False,0.6978378,0.603592
tsp_8404.graph,data/tsp_graphs/tsp_8404.graph,7,15,True,0.72169685,-0.0140244365
tsp_8405.graph,data/tsp_graphs/tsp_8405.graph,8,15,False,1.6860275,-0.07632339
tsp_8406.graph,data/tsp_graphs/tsp_8406.graph,9,15,True,-1.1314383,0.014805853
tsp_8407.graph,data/tsp_graphs/tsp_8407.graph,6,15,False,-0.41931725,-0.13685861
tsp_8408.graph,data/tsp_graphs/tsp_8408.graph,10,20,True,-1.4709625,0.5959334
tsp_8409.graph,data/tsp_graphs/tsp_8409.graph,8,10,False,0.9249878,0.19741458
tsp_841.graph,data/tsp_graphs/tsp_841.graph,5,15,False,2.530178,-0.688979
tsp_8410.graph,data/tsp_graphs/tsp_8410.graph,9,10,True,2.3871307,0.21339446
tsp_8411.graph,data/tsp_graphs/tsp_8411.graph,7,10,False,-1.0134029,-0.47631717
tsp_8412.graph,data/tsp_graphs/tsp_8412.graph,7,10,True,0.58143616,-0.47789285
tsp_8413.graph,data/tsp_graphs/tsp_8413.graph,5,20,False,-0.095846176,-0.26814443
tsp_8414.graph,data/tsp_graphs/tsp_8414.graph,10,10,True,0.7106533,0.094426334
tsp_8415.graph,data/tsp_graphs/tsp_8415.graph,6,10,False,-1.5855961,-0.47122836
tsp_8416.graph,data/tsp_graphs/tsp_8416.graph,10,10,True,-1.1174793,-0.037990034
tsp_8417.graph,data/tsp_graphs/tsp_8417.graph,6,15,False,0.71332645,0.05287242
tsp_8418.graph,data/tsp_graphs/tsp_8418.graph,8,20,True,-0.74025726,0.17156762
tsp_8419.graph,data/tsp_graphs/tsp_8419.graph,9,20,False,-1.2515793,0.41665322
tsp_842.graph,data/tsp_graphs/tsp_842.graph,7,15,True,1.8578911,-0.13241258
tsp_8420.graph,data/tsp_graphs/tsp_8420.graph,7,20,True,0.82289886,0.10018557
tsp_8421.graph,data/tsp_graphs/tsp_8421.graph,8,10,False,-0.33416367,-0.5316144
tsp_8422.graph,data/tsp_graphs/tsp_8422.graph,8,15,True,-0.20117569,0.25101823
tsp_8423.graph,data/tsp_graphs/tsp_8423.graph,10,10,False,-0.34042358,0.28103286
tsp_8424.graph,data/tsp_graphs/tsp_8424.graph,10,15,True,1.20541,0.36438394
tsp_8425.graph,data/tsp_graphs/tsp_8425.graph,5,10,False,-0.15249062,-0.7768103
tsp_8426.graph,data/tsp_graphs/tsp_8426.graph,7,20,True,0.6640701,0.23929638
tsp_8427.graph,data/tsp_graphs/tsp_8427.graph,10,15,False,-1.7028108,0.7773095
tsp_8428.graph,data/tsp_graphs/tsp_8428.graph,7,10,True,-1.4760034,-0.51821184
tsp_8429.graph,data/tsp_graphs/tsp_8429.graph,9,15,False,-1.821701,0.5218881
tsp_843.graph,data/tsp_graphs/tsp_843.graph,7,10,False,-2.2842789,-0.6686621
tsp_8430.graph,data/tsp_graphs/tsp_8430.graph,9,20,True,0.7539749,0.58210474
tsp_8431.graph,data/tsp_graphs/tsp_8431.graph,8,20,False,-1.3437576,0.06076616
tsp_8432.graph,data/tsp_graphs/tsp_8432.graph,9,15,True,1.1341171,0.35353667
tsp_8433.graph,data/tsp_graphs/tsp_8433.graph,8,20,False,-0.5072727,0.2644344
tsp_8434.graph,data/tsp_graphs/tsp_8434.graph,8,10,True,1.5316925,0.20968199
tsp_8435.graph,data/tsp_graphs/tsp_8435.graph,5,10,False,-1.1575766,-1.0878537
tsp_8436.graph,data/tsp_graphs/tsp_8436.graph,10,15,True,0.64217377,0.2429443
tsp_8437.graph,data/tsp_graphs/tsp_8437.graph,9,15,False,-1.01618,0.5561189
tsp_8438.graph,data/tsp_graphs/tsp_8438.graph,8,15,True,-0.33201408,0.09244877
tsp_8439.graph,data/tsp_graphs/tsp_8439.graph,8,10,False,-1.6165848,-0.12223658
tsp_844.graph,data/tsp_graphs/tsp_844.graph,10,15,True,0.89538527,0.80554384
tsp_8440.graph,data/tsp_graphs/tsp_8440.graph,10,10,True,0.61318207,0.5188866
tsp_8441.graph,data/tsp_graphs/tsp_8441.graph,9,15,False,-0.6896286,0.114115536
tsp_8442.graph,data/tsp_graphs/tsp_8442.graph,10,10,True,0.42930984,0.057690203
tsp_8443.graph,data/tsp_graphs/tsp_8443.graph,10,10,False,0.09334183,0.21099418
tsp_8444.graph,data/tsp_graphs/tsp_8444.graph,10,15,True,0.079615116,0.87823886
tsp_8445.graph,data/tsp_graphs/tsp_8445.graph,9,20,False,-2.1650848,0.6885503
tsp_8446.graph,data/tsp_graphs/tsp_8446.graph,7,15,True,-0.30620956,-0.10769993
tsp_8447.graph,data/tsp_graphs/tsp_8447.graph,5,15,False,-3.120018,-0.4391284
tsp_8448.graph,data/tsp_graphs/tsp_8448.graph,8,10,True,1.3663464,0.122073054
tsp_8449.graph,data/tsp_graphs/tsp_8449.graph,7,10,False,-0.95191574,-0.5114302
tsp_845.graph,data/tsp_graphs/tsp_845.graph,7,10,False,-0.50354385,-0.19008583
tsp_8450.graph,data/tsp_graphs/tsp_8450.graph,10,20,True,1.5290604,0.86909133
tsp_8451.graph,data/tsp_graphs/tsp_8451.graph,9,20,False,-0.9790573,0.41773063
tsp_8452.graph,data/tsp_graphs/tsp_8452.graph,8,20,True,-0.5285187,0.18783844
tsp_8453.graph,data/tsp_graphs/tsp_8453.graph,6,20,False,2.0673485,-0.050506324
tsp_8454.graph,data/tsp_graphs/tsp_8454.graph,10,20,True,1.0092316,0.7901717
tsp_8455.graph,data/tsp_graphs/tsp_8455.graph,8,15,False,-2.2588348,0.52567726
tsp_8456.graph,data/tsp_graphs/tsp_8456.graph,10,10,True,0.24583626,0.31029803
tsp_8457.graph,data/tsp_graphs/tsp_8457.graph,10,10,False,-1.475174,0.4575039
tsp_8458.graph,data/tsp_graphs/tsp_8458.graph,6,10,True,-0.8003273,-0.317353
tsp_8459.graph,data/tsp_graphs/tsp_8459.graph,9,10,False,-0.30945206,0.08848995
tsp_846.graph,data/tsp_graphs/tsp_846.graph,7,10,True,2.7385635,-0.1661216
tsp_8460.graph,data/tsp_graphs/tsp_8460.graph,5,15,True,0.07151222,-0.5093196
tsp_8461.graph,data/tsp_graphs/tsp_8461.graph,5,10,False,0.11826897,-1.1671612
tsp_8462.graph,data/tsp_graphs/tsp_8462.graph,10,20,True,-0.595047,0.92582256
tsp_8463.graph,data/tsp_graphs/tsp_8463.graph,5,10,False,-1.041275,-1.2172897
tsp_8464.graph,data/tsp_graphs/tsp_8464.graph,10,10,True,-0.42788124,0.41919273
tsp_8465.graph,data/tsp_graphs/tsp_8465.graph,6,15,False,-0.112197876,-0.29041845
tsp_8466.graph,data/tsp_graphs/tsp_8466.graph,5,15,True,0.30636597,-0.27939284
tsp_8467.graph,data/tsp_graphs/tsp_8467.graph,8,15,False,0.14258194,0.45057237
tsp_8468.graph,data/tsp_graphs/tsp_8468.graph,6,20,True,2.0803518,0.073536456
tsp_8469.graph,data/tsp_graphs/tsp_8469.graph,5,20,False,-1.0285301,-0.3902892
tsp_847.graph,data/tsp_graphs/tsp_847.graph,6,20,False,-2.6383057,-0.21442556
tsp_8470.graph,data/tsp_graphs/tsp_8470.graph,7,10,True,1.5776863,-0.3579819
tsp_8471.graph,data/tsp_graphs/tsp_8471.graph,5,15,False,-0.85185623,-0.53148025
tsp_8472.graph,data/tsp_graphs/tsp_8472.graph,6,10,True,0.40876007,-0.6203238
tsp_8473.graph,data/tsp_graphs/tsp_8473.graph,9,20,False,-0.75536346,0.5621038
tsp_8474.graph,data/tsp_graphs/tsp_8474.graph,9,10,True,0.523468,0.35732514
tsp_8475.graph,data/tsp_graphs/tsp_8475.graph,9,20,False,-0.94078064,0.32918507
tsp_8476.graph,data/tsp_graphs/tsp_8476.graph,10,10,True,0.450737,0.21145767
tsp_8477.graph,data/tsp_graphs/tsp_8477.graph,5,10,False,-0.8046951,-0.48084795
tsp_8478.graph,data/tsp_graphs/tsp_8478.graph,5,15,True,1.5250244,-0.3695198
tsp_8479.graph,data/tsp_graphs/tsp_8479.graph,9,10,False,0.9130249,-0.18661943
tsp_848.graph,data/tsp_graphs/tsp_848.graph,6,10,True,0.87091637,-0.522794
tsp_8480.graph,data/tsp_graphs/tsp_8480.graph,5,20,True,1.4643822,-0.47723562
tsp_8481.graph,data/tsp_graphs/tsp_8481.graph,10,20,False,1.3773041,0.5764274
tsp_8482.graph,data/tsp_graphs/tsp_8482.graph,7,10,True,0.28453827,-0.21457955
tsp_8483.graph,data/tsp_graphs/tsp_8483.graph,6,15,False,-0.8609333,-0.41216248
tsp_8484.graph,data/tsp_graphs/tsp_8484.graph,5,15,True,-0.36814117,-0.7590668
tsp_8485.graph,data/tsp_graphs/tsp_8485.graph,10,20,False,-3.2748184,0.7165461
tsp_8486.graph,data/tsp_graphs/tsp_8486.graph,8,10,True,0.6153946,-0.3593021
tsp_8487.graph,data/tsp_graphs/tsp_8487.graph,5,20,False,-1.774744,-0.5427184
tsp_8488.graph,data/tsp_graphs/tsp_8488.graph,6,15,True,0.19784355,-0.050785184
tsp_8489.graph,data/tsp_graphs/tsp_8489.graph,5,20,False,-1.2141266,-0.5211271
tsp_849.graph,data/tsp_graphs/tsp_849.graph,7,10,False,-0.2512169,-0.33954936
tsp_8490.graph,data/tsp_graphs/tsp_8490.graph,7,10,True,0.68792725,-0.30123848
tsp_8491.graph,data/tsp_graphs/tsp_8491.graph,6,20,False,-1.3755131,0.053073645
tsp_8492.graph,data/tsp_graphs/tsp_8492.graph,7,10,True,0.68253326,-0.4206876
tsp_8493.graph,data/tsp_graphs/tsp_8493.graph,9,20,False,0.729393,0.667749
tsp_8494.graph,data/tsp_graphs/tsp_8494.graph,9,10,True,-0.7128563,0.20925951
tsp_8495.graph,data/tsp_graphs/tsp_8495.graph,5,15,False,0.48435736,-0.4379502
tsp_8496.graph,data/tsp_graphs/tsp_8496.graph,9,15,True,1.0912018,0.16070181
tsp_8497.graph,data/tsp_graphs/tsp_8497.graph,7,10,False,1.1821289,-0.2300716
tsp_8498.graph,data/tsp_graphs/tsp_8498.graph,7,10,True,0.8774967,-0.40913603
tsp_8499.graph,data/tsp_graphs/tsp_8499.graph,8,20,False,-1.5287971,0.014058173
tsp_85.graph,data/tsp_graphs/tsp_85.graph,10,10,False,-0.9457569,0.13406461
tsp_850.graph,data/tsp_graphs/tsp_850.graph,5,15,True,-0.31405258,-0.62274253
tsp_8500.graph,data/tsp_graphs/tsp_8500.graph,5,15,True,-0.7500496,-0.5161479
tsp_8501.graph,data/tsp_graphs/tsp_8501.graph,5,15,False,-0.10483551,-0.79624313
tsp_8502.graph,data/tsp_graphs/tsp_8502.graph,8,20,True,0.5348053,0.3016364
tsp_8503.graph,data/tsp_graphs/tsp_8503.graph,8,15,False,-0.0015993118,0.0064818263
tsp_8504.graph,data/tsp_graphs/tsp_8504.graph,7,10,True,0.112119675,-0.46569073
tsp_8505.graph,data/tsp_graphs/tsp_8505.graph,5,20,False,-0.5388565,-0.033354014
tsp_8506.graph,data/tsp_graphs/tsp_8506.graph,9,10,True,1.6598129,0.4059679
tsp_8507.graph,data/tsp_graphs/tsp_8507.graph,9,10,False,-1.508812,0.3120209
tsp_8508.graph,data/tsp_graphs/tsp_8508.graph,5,10,True,0.21463966,-0.6107231
tsp_8509.graph,data/tsp_graphs/tsp_8509.graph,5,15,False,1.5300617,-0.4794681
tsp_851.graph,data/tsp_graphs/tsp_851.graph,6,10,False,-0.0037994385,-0.36515737
tsp_8510.graph,data/tsp_graphs/tsp_8510.graph,8,15,True,0.9614868,0.41273397
tsp_8511.graph,data/tsp_graphs/tsp_8511.graph,10,10,False,-1.0854359,0.12702602
tsp_8512.graph,data/tsp_graphs/tsp_8512.graph,9,10,True,2.131258,0.050471842
tsp_8513.graph,data/tsp_graphs/tsp_8513.graph,9,10,False,-2.3794174,0.31962472
tsp_8514.graph,data/tsp_graphs/tsp_8514.graph,7,10,True,0.93208694,-0.4567972
tsp_8515.graph,data/tsp_graphs/tsp_8515.graph,8,10,False,0.96289635,-0.2248866
tsp_8516.graph,data/tsp_graphs/tsp_8516.graph,8,10,True,1.140358,-0.095767975
tsp_8517.graph,data/tsp_graphs/tsp_8517.graph,7,15,False,-1.9571915,0.14365822
tsp_8518.graph,data/tsp_graphs/tsp_8518.graph,8,10,True,0.5427666,-0.06230989
tsp_8519.graph,data/tsp_graphs/tsp_8519.graph,10,10,False,-1.887703,0.46936816
tsp_852.graph,data/tsp_graphs/tsp_852.graph,10,10,True,-0.030475616,0.15144962
tsp_8520.graph,data/tsp_graphs/tsp_8520.graph,8,10,True,-0.06111145,-0.31518835
tsp_8521.graph,data/tsp_graphs/tsp_8521.graph,8,20,False,-0.7774162,-0.010026634
tsp_8522.graph,data/tsp_graphs/tsp_8522.graph,6,20,True,-0.14611816,0.09701717
tsp_8523.graph,data/tsp_graphs/tsp_8523.graph,9,15,False,-0.5833607,0.565245
tsp_8524.graph,data/tsp_graphs/tsp_8524.graph,5,20,True,0.37010384,-0.54622227
tsp_8525.graph,data/tsp_graphs/tsp_8525.graph,6,15,False,-1.0785098,-0.5467049
tsp_8526.graph,data/tsp_graphs/tsp_8526.graph,6,15,True,0.38026333,-0.31774598
tsp_8527.graph,data/tsp_graphs/tsp_8527.graph,5,10,False,-0.37252426,-0.8026752
tsp_8528.graph,data/tsp_graphs/tsp_8528.graph,7,15,True,-0.32544708,0.1882264
tsp_8529.graph,data/tsp_graphs/tsp_8529.graph,7,15,False,-1.8279505,0.30706978
tsp_853.graph,data/tsp_graphs/tsp_853.graph,5,10,False,0.8944473,-0.90331465
tsp_8530.graph,data/tsp_graphs/tsp_8530.graph,10,10,True,0.4533615,0.19803256
tsp_8531.graph,data/tsp_graphs/tsp_8531.graph,6,15,False,-0.3232298,-0.25114763
tsp_8532.graph,data/tsp_graphs/tsp_8532.graph,9,10,True,-1.0950089,-0.33210242
tsp_8533.graph,data/tsp_graphs/tsp_8533.graph,7,20,False,-0.93370056,-0.31980276
tsp_8534.graph,data/tsp_graphs/tsp_8534.graph,6,10,True,-0.8286791,-0.84447575
tsp_8535.graph,data/tsp_graphs/tsp_8535.graph,9,15,False,-0.82133675,0.10187036
tsp_8536.graph,data/tsp_graphs/tsp_8536.graph,10,20,True,-1.3058853,0.7508932
tsp_8537.graph,data/tsp_graphs/tsp_8537.graph,9,15,False,-1.1503186,0.581644
tsp_8538.graph,data/tsp_graphs/tsp_8538.graph,10,10,True,0.22665405,0.29805708
tsp_8539.graph,data/tsp_graphs/tsp_8539.graph,5,20,False,-0.7724323,-0.04396537
tsp_854.graph,data/tsp_graphs/tsp_854.graph,5,10,True,0.74344254,-0.7009963
tsp_8540.graph,data/tsp_graphs/tsp_8540.graph,10,15,True,-0.2304287,0.16341478
tsp_8541.graph,data/tsp_graphs/tsp_8541.graph,8,10,False,-0.34881973,-0.22071347
tsp_8542.graph,data/tsp_graphs/tsp_8542.graph,6,20,True,0.9330673,0.074742496
tsp_8543.graph,data/tsp_graphs/tsp_8543.graph,10,20,False,0.8565521,0.64064413
tsp_8544.graph,data/tsp_graphs/tsp_8544.graph,10,10,True,-0.12540436,0.1233874
tsp_8545.graph,data/tsp_graphs/tsp_8545.graph,6,10,False,-0.7277088,-0.6333308
tsp_8546.graph,data/tsp_graphs/tsp_8546.graph,7,20,True,-0.35398865,0.17063421
tsp_8547.graph,data/tsp_graphs/tsp_8547.graph,9,20,False,2.0439758,0.83120805
tsp_8548.graph,data/tsp_graphs/tsp_8548.graph,7,15,True,0.6658082,0.13041055
tsp_8549.graph,data/tsp_graphs/tsp_8549.graph,8,10,False,-2.4890976,-0.28545636
tsp_855.graph,data/tsp_graphs/tsp_855.graph,10,15,False,0.43489695,0.6803573
tsp_8550.graph,data/tsp_graphs/tsp_8550.graph,9,15,True,-0.24101192,0.70923454
tsp_8551.graph,data/tsp_graphs/tsp_8551.graph,8,10,False,-2.7218475,0.15517801
tsp_8552.graph,data/tsp_graphs/tsp_8552.graph,9,10,True,0.91843796,-0.06624836
tsp_8553.graph,data/tsp_graphs/tsp_8553.graph,9,10,False,-1.5970078,0.44448704
tsp_8554.graph,data/tsp_graphs/tsp_8554.graph,8,15,True,0.34522772,0.5075999
tsp_8555.graph,data/tsp_graphs/tsp_8555.graph,8,20,False,0.6821213,0.30885226
tsp_8556.graph,data/tsp_graphs/tsp_8556.graph,5,10,True,0.22448921,-1.1244957
tsp_8557.graph,data/tsp_graphs/tsp_8557.graph,10,15,False,-0.17588806,0.62730247
tsp_8558.graph,data/tsp_graphs/tsp_8558.graph,8,10,True,0.2636032,-0.38034588
tsp_8559.graph,data/tsp_graphs/tsp_8559.graph,5,15,False,-0.39211273,-0.5810442
tsp_856.graph,data/tsp_graphs/tsp_856.graph,5,10,True,1.6252518,-0.56780523
tsp_8560.graph,data/tsp_graphs/tsp_8560.graph,5,10,True,1.900444,-0.4160207
tsp_8561.graph,data/tsp_graphs/tsp_8561.graph,6,15,False,-1.7901785,-0.29054725
tsp_8562.graph,data/tsp_graphs/tsp_8562.graph,8,20,True,-0.3831253,0.4062941
tsp_8563.graph,data/tsp_graphs/tsp_8563.graph,9,15,False,2.432814,0.5919085
tsp_8564.graph,data/tsp_graphs/tsp_8564.graph,6,20,True,-2.7667298,-0.35158163
tsp_8565.graph,data/tsp_graphs/tsp_8565.graph,7,20,False,0.5865021,0.24743366
tsp_8566.graph,data/tsp_graphs/tsp_8566.graph,5,15,True,0.697772,-0.11698961
tsp_8567.graph,data/tsp_graphs/tsp_8567.graph,9,15,False,0.008125305,0.39888376
tsp_8568.graph,data/tsp_graphs/tsp_8568.graph,10,10,True,-0.53290176,-0.16485885
tsp_8569.graph,data/tsp_graphs/tsp_8569.graph,6,10,False,-0.8179741,-0.76287794
tsp_857.graph,data/tsp_graphs/tsp_857.graph,9,20,False,0.27265167,0.3393097
tsp_8570.graph,data/tsp_graphs/tsp_8570.graph,8,15,True,0.8090439,0.22540683
tsp_8571.graph,data/tsp_graphs/tsp_8571.graph,8,10,False,-0.7346878,0.15954947
tsp_8572.graph,data/tsp_graphs/tsp_8572.graph,9,15,True,0.26887512,0.5124243
tsp_8573.graph,data/tsp_graphs/tsp_8573.graph,8,15,False,-0.0800972,0.29437846
tsp_8574.graph,data/tsp_graphs/tsp_8574.graph,10,15,True,-1.3808136,0.2607867
tsp_8575.graph,data/tsp_graphs/tsp_8575.graph,10,10,False,-1.89744,0.2243951
tsp_8576.graph,data/tsp_graphs/tsp_8576.graph,10,20,True,0.47408295,0.4717855
tsp_8577.graph,data/tsp_graphs/tsp_8577.graph,5,15,False,-0.82770157,-0.38904923
tsp_8578.graph,data/tsp_graphs/tsp_8578.graph,10,10,True,0.9655571,-0.05630946
tsp_8579.graph,data/tsp_graphs/tsp_8579.graph,6,15,False,-0.8909569,-0.4447511
tsp_858.graph,data/tsp_graphs/tsp_858.graph,6,20,True,-0.09103775,-0.23335671
tsp_8580.graph,data/tsp_graphs/tsp_8580.graph,5,10,True,1.9570351,-1.0068249
tsp_8581.graph,data/tsp_graphs/tsp_8581.graph,5,20,False,-0.49758816,-0.46528643
tsp_8582.graph,data/tsp_graphs/tsp_8582.graph,10,15,True,1.7921791,0.58011824
tsp_8583.graph,data/tsp_graphs/tsp_8583.graph,8,20,False,-0.36156464,0.31285125
tsp_8584.graph,data/tsp_graphs/tsp_8584.graph,7,15,True,0.11150551,0.023897946
tsp_8585.graph,data/tsp_graphs/tsp_8585.graph,6,20,False,1.069664,-0.17683995
tsp_8586.graph,data/tsp_graphs/tsp_8586.graph,10,10,True,0.7015648,0.0019188821
tsp_8587.graph,data/tsp_graphs/tsp_8587.graph,5,15,False,-0.38276672,-0.8168429
tsp_8588.graph,data/tsp_graphs/tsp_8588.graph,6,20,True,0.5328293,-0.03711489
tsp_8589.graph,data/tsp_graphs/tsp_8589.graph,7,10,False,-0.49699688,-0.24187623
tsp_859.graph,data/tsp_graphs/tsp_859.graph,9,15,False,-0.3323784,0.37045914
tsp_8590.graph,data/tsp_graphs/tsp_8590.graph,6,10,True,-0.5868759,-0.47688705
tsp_8591.graph,data/tsp_graphs/tsp_8591.graph,5,10,False,0.2683897,-0.84546936
tsp_8592.graph,data/tsp_graphs/tsp_8592.graph,9,10,True,-1.1360207,-0.18988085
tsp_8593.graph,data/tsp_graphs/tsp_8593.graph,7,20,False,-0.9900665,0.1357392
tsp_8594.graph,data/tsp_graphs/tsp_8594.graph,6,15,True,1.2484875,0.09354913
tsp_8595.graph,data/tsp_graphs/tsp_8595.graph,7,15,False,-0.3625927,-0.21774155
tsp_8596.graph,data/tsp_graphs/tsp_8596.graph,10,15,True,-0.46941376,0.6431282
tsp_8597.graph,data/tsp_graphs/tsp_8597.graph,8,20,False,0.0039844513,0.45005357
tsp_8598.graph,data/tsp_graphs/tsp_8598.graph,8,15,True,-0.44094467,0.13321751
tsp_8599.graph,data/tsp_graphs/tsp_8599.graph,8,10,False,-0.37540817,-0.18371943
tsp_86.graph,data/tsp_graphs/tsp_86.graph,5,20,True,1.0819397,-0.30554748
tsp_860.graph,data/tsp_graphs/tsp_860.graph,9,10,True,-0.36182785,-0.19664696
tsp_8600.graph,data/tsp_graphs/tsp_8600.graph,7,15,True,1.6921806,0.051304698
tsp_8601.graph,data/tsp_graphs/tsp_8601.graph,9,20,False,-0.06524658,0.64505917
tsp_8602.graph,data/tsp_graphs/tsp_8602.graph,5,15,True,2.6917667,-0.4327196
tsp_8603.graph,data/tsp_graphs/tsp_8603.graph,5,20,False,-0.06416702,-0.39903688
tsp_8604.graph,data/tsp_graphs/tsp_8604.graph,7,10,True,1.082262,-0.40387547
tsp_8605.graph,data/tsp_graphs/tsp_8605.graph,10,20,False,-0.83434296,0.53358585
tsp_8606.graph,data/tsp_graphs/tsp_8606.graph,5,10,True,1.9863815,-0.4753585
tsp_8607.graph,data/tsp_graphs/tsp_8607.graph,6,10,False,-1.0690613,-0.36557028
tsp_8608.graph,data/tsp_graphs/tsp_8608.graph,7,15,True,0.35711575,0.33156884
tsp_8609.graph,data/tsp_graphs/tsp_8609.graph,5,15,False,0.13446808,-0.56379193
tsp_861.graph,data/tsp_graphs/tsp_861.graph,5,15,False,-0.7574711,-0.7664994
tsp_8610.graph,data/tsp_graphs/tsp_8610.graph,8,10,True,-1.837883,-0.07396558
tsp_8611.graph,data/tsp_graphs/tsp_8611.graph,6,10,False,-1.1563492,-0.27259076
tsp_8612.graph,data/tsp_graphs/tsp_8612.graph,5,15,True,-0.6652794,-0.541538
tsp_8613.graph,data/tsp_graphs/tsp_8613.graph,8,10,False,-0.09101868,-0.0471645
tsp_8614.graph,data/tsp_graphs/tsp_8614.graph,5,10,True,0.27939606,-0.44291937
tsp_8615.graph,data/tsp_graphs/tsp_8615.graph,6,20,False,-0.04896927,-0.39350444
tsp_8616.graph,data/tsp_graphs/tsp_8616.graph,7,20,True,0.7272568,0.2417053
tsp_8617.graph,data/tsp_graphs/tsp_8617.graph,7,20,False,-1.2272224,0.3590433
tsp_8618.graph,data/tsp_graphs/tsp_8618.graph,6,20,True,-0.958786,-0.19959009
tsp_8619.graph,data/tsp_graphs/tsp_8619.graph,5,10,False,0.15593815,-1.2712379
tsp_862.graph,data/tsp_graphs/tsp_862.graph,5,20,True,0.41341782,-0.52645904
tsp_8620.graph,data/tsp_graphs/tsp_8620.graph,7,20,True,0.047790527,-0.05785042
tsp_8621.graph,data/tsp_graphs/tsp_8621.graph,5,15,False,-1.1251831,-0.42816615
tsp_8622.graph,data/tsp_graphs/tsp_8622.graph,7,20,True,-0.40027618,0.2415846
tsp_8623.graph,data/tsp_graphs/tsp_8623.graph,5,15,False,0.40351486,-0.2899994
tsp_8624.graph,data/tsp_graphs/tsp_8624.graph,7,15,True,0.103367805,-0.27750438
tsp_8625.graph,data/tsp_graphs/tsp_8625.graph,8,20,False,-0.013160706,0.39013594
tsp_8626.graph,data/tsp_graphs/tsp_8626.graph,5,15,True,0.7443352,-0.37852627
tsp_8627.graph,data/tsp_graphs/tsp_8627.graph,6,15,False,0.013271332,0.051309526
tsp_8628.graph,data/tsp_graphs/tsp_8628.graph,9,15,True,1.0340729,0.24200445
tsp_8629.graph,data/tsp_graphs/tsp_8629.graph,7,20,False,1.0354347,0.10234994
tsp_863.graph,data/tsp_graphs/tsp_863.graph,8,20,False,-2.0835724,0.21085757
tsp_8630.graph,data/tsp_graphs/tsp_8630.graph,9,20,True,0.3635025,0.27336264
tsp_8631.graph,data/tsp_graphs/tsp_8631.graph,6,10,False,-0.3417511,-0.4127122
tsp_8632.graph,data/tsp_graphs/tsp_8632.graph,7,20,True,0.5791435,-0.07377905
tsp_8633.graph,data/tsp_graphs/tsp_8633.graph,6,10,False,-0.0026273727,-0.8860445
tsp_8634.graph,data/tsp_graphs/tsp_8634.graph,8,10,True,0.8026657,-0.20043156
tsp_8635.graph,data/tsp_graphs/tsp_8635.graph,7,10,False,1.5425301,-0.2217196
tsp_8636.graph,data/tsp_graphs/tsp_8636.graph,8,20,True,-0.3866043,0.38579118
tsp_8637.graph,data/tsp_graphs/tsp_8637.graph,8,20,False,-0.08995819,0.29324204
tsp_8638.graph,data/tsp_graphs/tsp_8638.graph,5,10,True,-0.34534454,-0.6284143
tsp_8639.graph,data/tsp_graphs/tsp_8639.graph,8,20,False,1.2342758,0.30768198
tsp_864.graph,data/tsp_graphs/tsp_864.graph,9,10,True,0.556427,0.42065066
tsp_8640.graph,data/tsp_graphs/tsp_8640.graph,8,15,True,-0.5075979,-0.16338071
tsp_8641.graph,data/tsp_graphs/tsp_8641.graph,8,15,False,0.08687258,0.13778108
tsp_8642.graph,data/tsp_graphs/tsp_8642.graph,9,10,True,0.49145508,-0.08755794
tsp_8643.graph,data/tsp_graphs/tsp_8643.graph,10,10,False,-2.4156647,0.2045052
tsp_8644.graph,data/tsp_graphs/tsp_8644.graph,6,20,True,2.963955,-0.16878164
tsp_8645.graph,data/tsp_graphs/tsp_8645.graph,6,20,False,0.67740774,0.017603338
tsp_8646.graph,data/tsp_graphs/tsp_8646.graph,8,15,True,-0.17067719,0.257106
tsp_8647.graph,data/tsp_graphs/tsp_8647.graph,6,10,False,-0.77337265,-0.82417804
tsp_8648.graph,data/tsp_graphs/tsp_8648.graph,7,15,True,0.72834206,-0.20230174
tsp_8649.graph,data/tsp_graphs/tsp_8649.graph,5,20,False,-1.2810612,-0.105433285
tsp_865.graph,data/tsp_graphs/tsp_865.graph,6,10,False,-2.0237885,-0.29543942
tsp_8650.graph,data/tsp_graphs/tsp_8650.graph,8,20,True,0.4247818,0.20944518
tsp_8651.graph,data/tsp_graphs/tsp_8651.graph,8,15,False,-1.1533638,0.45777327
tsp_8652.graph,data/tsp_graphs/tsp_8652.graph,10,20,True,-0.09794617,0.6001021
tsp_8653.graph,data/tsp_graphs/tsp_8653.graph,8,20,False,-1.3550873,0.37588036
tsp_8654.graph,data/tsp_graphs/tsp_8654.graph,6,20,True,1.1808319,-0.13522339
tsp_8655.graph,data/tsp_graphs/tsp_8655.graph,8,20,False,-1.798172,0.3380744
tsp_8656.graph,data/tsp_graphs/tsp_8656.graph,9,10,True,0.29953766,-0.10089469
tsp_8657.graph,data/tsp_graphs/tsp_8657.graph,9,15,False,-1.8122845,0.5555137
tsp_8658.graph,data/tsp_graphs/tsp_8658.graph,6,15,True,-1.741148,-0.41828784
tsp_8659.graph,data/tsp_graphs/tsp_8659.graph,10,10,False,-0.6794777,0.28150624
tsp_866.graph,data/tsp_graphs/tsp_866.graph,6,20,True,0.74964905,-0.16652834
tsp_8660.graph,data/tsp_graphs/tsp_8660.graph,9,10,True,0.52536774,0.43053192
tsp_8661.graph,data/tsp_graphs/tsp_8661.graph,8,10,False,-1.0954819,-0.20007527
tsp_8662.graph,data/tsp_graphs/tsp_8662.graph,5,20,True,0.8223405,-0.22787613
tsp_8663.graph,data/tsp_graphs/tsp_8663.graph,5,15,False,0.08074188,-0.60259515
tsp_8664.graph,data/tsp_graphs/tsp_8664.graph,8,10,True,1.0110779,-0.60921097
tsp_8665.graph,data/tsp_graphs/tsp_8665.graph,7,20,False,-1.2246056,0.04287511
tsp_8666.graph,data/tsp_graphs/tsp_8666.graph,9,15,True,1.1355972,0.22352284
tsp_8667.graph,data/tsp_graphs/tsp_8667.graph,5,15,False,-0.5056133,-0.5297885
tsp_8668.graph,data/tsp_graphs/tsp_8668.graph,6,15,True,0.8370247,-0.17752478
tsp_8669.graph,data/tsp_graphs/tsp_8669.graph,7,15,False,-0.2782488,-0.26771787
tsp_867.graph,data/tsp_graphs/tsp_867.graph,8,20,False,-0.54693604,0.23368746
tsp_8670.graph,data/tsp_graphs/tsp_8670.graph,7,10,True,0.6322441,-0.39497566
tsp_8671.graph,data/tsp_graphs/tsp_8671.graph,9,20,False,-2.8386707,0.6701706
tsp_8672.graph,data/tsp_graphs/tsp_8672.graph,9,15,True,0.7947731,0.30638748
tsp_8673.graph,data/tsp_graphs/tsp_8673.graph,6,10,False,-0.7025528,-0.65986097
tsp_8674.graph,data/tsp_graphs/tsp_8674.graph,8,20,True,-0.47131348,0.49076682
tsp_8675.graph,data/tsp_graphs/tsp_8675.graph,7,20,False,0.36056137,0.2369957
tsp_8676.graph,data/tsp_graphs/tsp_8676.graph,9,15,True,2.4920988,0.48395783
tsp_8677.graph,data/tsp_graphs/tsp_8677.graph,9,15,False,-2.6251965,0.41102076
tsp_8678.graph,data/tsp_graphs/tsp_8678.graph,8,15,True,2.1154509,0.47964042
tsp_8679.graph,data/tsp_graphs/tsp_8679.graph,6,10,False,-0.5626869,-0.79363215
tsp_868.graph,data/tsp_graphs/tsp_868.graph,9,10,True,0.7003403,0.011155307
tsp_8680.graph,data/tsp_graphs/tsp_8680.graph,10,10,True,2.1583328,0.5571155
tsp_8681.graph,data/tsp_graphs/tsp_8681.graph,8,10,False,-0.6316948,-0.13529626
tsp_8682.graph,data/tsp_graphs/tsp_8682.graph,9,15,True,2.2286394,0.4975621
tsp_8683.graph,data/tsp_graphs/tsp_8683.graph,5,10,False,-0.39201355,-0.69875526
tsp_8684.graph,data/tsp_graphs/tsp_8684.graph,9,20,True,0.8108673,0.42774922
tsp_8685.graph,data/tsp_graphs/tsp_8685.graph,5,10,False,0.029956818,-0.83161694
tsp_8686.graph,data/tsp_graphs/tsp_8686.graph,6,10,True,1.2101822,-0.40337312
tsp_8687.graph,data/tsp_graphs/tsp_8687.graph,8,20,False,-0.8522682,0.14227027
tsp_8688.graph,data/tsp_graphs/tsp_8688.graph,6,10,True,-0.2128601,-0.2735711
tsp_8689.graph,data/tsp_graphs/tsp_8689.graph,5,15,False,-1.071701,-0.4215488
tsp_869.graph,data/tsp_graphs/tsp_869.graph,6,15,False,0.5414506,-0.29615533
tsp_8690.graph,data/tsp_graphs/tsp_8690.graph,5,20,True,2.041031,-0.2414433
tsp_8691.graph,data/tsp_graphs/tsp_8691.graph,8,15,False,-0.56720525,0.5075502
tsp_8692.graph,data/tsp_graphs/tsp_8692.graph,5,10,True,1.3372726,-0.8938712
tsp_8693.graph,data/tsp_graphs/tsp_8693.graph,10,20,False,-0.00060272217,0.6338003
tsp_8694.graph,data/tsp_graphs/tsp_8694.graph,6,20,True,0.43169022,-0.016776115
tsp_8695.graph,data/tsp_graphs/tsp_8695.graph,7,20,False,-1.0820389,-0.008282781
tsp_8696.graph,data/tsp_graphs/tsp_8696.graph,10,10,True,-0.21731567,0.13961679
tsp_8697.graph,data/tsp_graphs/tsp_8697.graph,10,15,False,-0.654768,0.82472044
tsp_8698.graph,data/tsp_graphs/tsp_8698.graph,5,10,True,0.2016983,-0.8340225
tsp_8699.graph,data/tsp_graphs/tsp_8699.graph,5,15,False,1.1875973,-0.46779644
tsp_87.graph,data/tsp_graphs/tsp_87.graph,5,15,False,-0.8234787,-0.6625739
tsp_870.graph,data/tsp_graphs/tsp_870.graph,8,20,True,-0.15497589,0.31570238
tsp_8700.graph,data/tsp_graphs/tsp_8700.graph,9,20,True,0.03816223,0.38351518
tsp_8701.graph,data/tsp_graphs/tsp_8701.graph,6,15,False,0.9849014,-0.13955563
tsp_8702.graph,data/tsp_graphs/tsp_8702.graph,7,15,True,0.5524292,0.065415084
tsp_8703.graph,data/tsp_graphs/tsp_8703.graph,5,20,False,-0.59178543,-0.39838332
tsp_8704.graph,data/tsp_graphs/tsp_8704.graph,10,10,True,1.3249702,-0.095718205
tsp_8705.graph,data/tsp_graphs/tsp_8705.graph,6,10,False,2.0370712,-0.36167845
tsp_8706.graph,data/tsp_graphs/tsp_8706.graph,5,10,True,0.49301147,-0.707284
tsp_8707.graph,data/tsp_graphs/tsp_8707.graph,10,15,False,0.5297756,0.86914927
tsp_8708.graph,data/tsp_graphs/tsp_8708.graph,8,10,True,0.2229805,-0.15429834
tsp_8709.graph,data/tsp_graphs/tsp_8709.graph,6,15,False,-0.41176605,-0.39855403
tsp_871.graph,data/tsp_graphs/tsp_871.graph,6,10,False,0.94953156,-0.43246633
tsp_8710.graph,data/tsp_graphs/tsp_8710.graph,10,10,True,0.6332836,0.36040384
tsp_8711.graph,data/tsp_graphs/tsp_8711.graph,5,20,False,-1.1214905,-0.21587345
tsp_8712.graph,data/tsp_graphs/tsp_8712.graph,7,20,True,-1.0472832,0.43168634
tsp_8713.graph,data/tsp_graphs/tsp_8713.graph,7,10,False,-0.7153015,-0.0011934042
tsp_8714.graph,data/tsp_graphs/tsp_8714.graph,5,20,True,2.3102303,-0.33618042
tsp_8715.graph,data/tsp_graphs/tsp_8715.graph,7,20,False,-0.5545006,0.22634023
tsp_8716.graph,data/tsp_graphs/tsp_8716.graph,9,20,True,0.6340027,0.49022967
tsp_8717.graph,data/tsp_graphs/tsp_8717.graph,8,10,False,-1.5670929,0.085654914
tsp_8718.graph,data/tsp_graphs/tsp_8718.graph,10,20,True,1.0202408,0.7656117
tsp_8719.graph,data/tsp_graphs/tsp_8719.graph,5,15,False,-1.5795059,-1.037369
tsp_872.graph,data/tsp_graphs/tsp_872.graph,8,20,True,-0.11279297,0.35289258
tsp_8720.graph,data/tsp_graphs/tsp_8720.graph,7,10,True,-0.80413055,-0.54803216
tsp_8721.graph,data/tsp_graphs/tsp_8721.graph,5,20,False,-0.94731903,-0.28535762
tsp_8722.graph,data/tsp_graphs/tsp_8722.graph,10,20,True,0.69802094,0.86530966
tsp_8723.graph,data/tsp_graphs/tsp_8723.graph,5,20,False,-0.6506214,-0.5279611
tsp_8724.graph,data/tsp_graphs/tsp_8724.graph,7,15,True,0.5055258,0.2111389
tsp_8725.graph,data/tsp_graphs/tsp_8725.graph,5,15,False,0.2807808,-0.33087808
tsp_8726.graph,data/tsp_graphs/tsp_8726.graph,5,20,True,-0.542923,-0.4844146
tsp_8727.graph,data/tsp_graphs/tsp_8727.graph,9,20,False,1.2863922,0.30339605
tsp_8728.graph,data/tsp_graphs/tsp_8728.graph,8,20,True,0.4970703,0.65153366
tsp_8729.graph,data/tsp_graphs/tsp_8729.graph,6,10,False,-2.3903427,-0.33464864
tsp_873.graph,data/tsp_graphs/tsp_873.graph,8,15,False,-0.8230629,0.07316297
tsp_8730.graph,data/tsp_graphs/tsp_8730.graph,9,20,True,-0.21647644,0.2992919
tsp_8731.graph,data/tsp_graphs/tsp_8731.graph,7,10,False,-0.0010757446,-0.27230597
tsp_8732.graph,data/tsp_graphs/tsp_8732.graph,9,10,True,0.82107735,0.2857203
tsp_8733.graph,data/tsp_graphs/tsp_8733.graph,10,10,False,1.0845127,0.22169244
tsp_8734.graph,data/tsp_graphs/tsp_8734.graph,8,20,True,-0.7067261,0.21463376
tsp_8735.graph,data/tsp_graphs/tsp_8735.graph,5,10,False,-0.990448,-0.44938916
tsp_8736.graph,data/tsp_graphs/tsp_8736.graph,5,15,True,-0.18547821,-0.65919304
tsp_8737.graph,data/tsp_graphs/tsp_8737.graph,10,20,False,-0.08692932,0.3527816
tsp_8738.graph,data/tsp_graphs/tsp_8738.graph,10,15,True,-0.9546542,0.728066
tsp_8739.graph,data/tsp_graphs/tsp_8739.graph,5,20,False,-0.1182785,-0.33326834
tsp_874.graph,data/tsp_graphs/tsp_874.graph,8,20,True,0.29148102,0.62872785
tsp_8740.graph,data/tsp_graphs/tsp_8740.graph,8,10,True,-0.85331345,0.22596335
tsp_8741.graph,data/tsp_graphs/tsp_8741.graph,5,15,False,-0.18669796,-0.4980544
tsp_8742.graph,data/tsp_graphs/tsp_8742.graph,5,20,True,0.5604725,-0.07646927
tsp_8743.graph,data/tsp_graphs/tsp_8743.graph,6,10,False,0.62257385,-0.54929405
tsp_8744.graph,data/tsp_graphs/tsp_8744.graph,7,10,True,2.1451645,-0.18323675
tsp_8745.graph,data/tsp_graphs/tsp_8745.graph,8,20,False,0.11444855,0.3710509
tsp_8746.graph,data/tsp_graphs/tsp_8746.graph,9,20,True,0.2721939,0.6271494
tsp_8747.graph,data/tsp_graphs/tsp_8747.graph,6,15,False,0.4641266,-0.47635686
tsp_8748.graph,data/tsp_graphs/tsp_8748.graph,6,10,True,-1.2745209,-0.20580369
tsp_8749.graph,data/tsp_graphs/tsp_8749.graph,10,10,False,-1.6078644,0.3117165
tsp_875.graph,data/tsp_graphs/tsp_875.graph,10,20,False,1.1988068,0.540896
tsp_8750.graph,data/tsp_graphs/tsp_8750.graph,10,20,True,0.3538475,0.83902746
tsp_8751.graph,data/tsp_graphs/tsp_8751.graph,5,10,False,0.7693734,-0.79994935
tsp_8752.graph,data/tsp_graphs/tsp_8752.graph,6,20,True,1.8574343,0.08504456
tsp_8753.graph,data/tsp_graphs/tsp_8753.graph,9,10,False,-0.035354614,0.43804795
tsp_8754.graph,data/tsp_graphs/tsp_8754.graph,6,20,True,1.7871094,-0.11929625
tsp_8755.graph,data/tsp_graphs/tsp_8755.graph,9,20,False,-0.86087036,0.44811338
tsp_8756.graph,data/tsp_graphs/tsp_8756.graph,8,20,True,0.52614975,0.40585905
tsp_8757.graph,data/tsp_graphs/tsp_8757.graph,10,20,False,-2.094246,0.7174004
tsp_8758.graph,data/tsp_graphs/tsp_8758.graph,9,15,True,-0.7437234,-0.0460535
tsp_8759.graph,data/tsp_graphs/tsp_8759.graph,10,10,False,-1.0658798,0.4945361
tsp_876.graph,data/tsp_graphs/tsp_876.graph,10,10,True,1.0591583,0.3658545
tsp_8760.graph,data/tsp_graphs/tsp_8760.graph,6,10,True,-0.7442436,-0.83729064
tsp_8761.graph,data/tsp_graphs/tsp_8761.graph,5,20,False,-2.03273,-0.03737098
tsp_8762.graph,data/tsp_graphs/tsp_8762.graph,5,15,True,0.5928954,-0.18120709
tsp_8763.graph,data/tsp_graphs/tsp_8763.graph,9,15,False,-0.6397133,0.25844997
tsp_8764.graph,data/tsp_graphs/tsp_8764.graph,6,10,True,-0.47729874,-0.5676295
tsp_8765.graph,data/tsp_graphs/tsp_8765.graph,9,20,False,-1.8215199,0.7434035
tsp_8766.graph,data/tsp_graphs/tsp_8766.graph,5,20,True,0.49371147,-0.48251438
tsp_8767.graph,data/tsp_graphs/tsp_8767.graph,10,10,False,0.21006012,0.5876927
tsp_8768.graph,data/tsp_graphs/tsp_8768.graph,10,15,True,0.55680084,0.33908683
tsp_8769.graph,data/tsp_graphs/tsp_8769.graph,8,10,False,1.2127533,0.18531656
tsp_877.graph,data/tsp_graphs/tsp_877.graph,7,15,False,0.40032387,0.16910297
tsp_8770.graph,data/tsp_graphs/tsp_8770.graph,9,15,True,1.5321808,0.16026294
tsp_8771.graph,data/tsp_graphs/tsp_8771.graph,10,15,False,-0.4145584,0.6143498
tsp_8772.graph,data/tsp_graphs/tsp_8772.graph,10,10,True,-0.916008,0.48211807
tsp_8773.graph,data/tsp_graphs/tsp_8773.graph,8,15,False,-0.1907711,-0.08454558
tsp_8774.graph,data/tsp_graphs/tsp_8774.graph,5,20,True,1.6935272,-0.41015473
tsp_8775.graph,data/tsp_graphs/tsp_8775.graph,6,10,False,-0.8055115,-0.38697952
tsp_8776.graph,data/tsp_graphs/tsp_8776.graph,7,15,True,0.07867432,-0.35914803
tsp_8777.graph,data/tsp_graphs/tsp_8777.graph,7,20,False,0.65953445,-0.00023445487
tsp_8778.graph,data/tsp_graphs/tsp_8778.graph,8,20,True,0.9879265,-0.0009751618
tsp_8779.graph,data/tsp_graphs/tsp_8779.graph,9,10,False,0.38185883,0.38320524
tsp_878.graph,data/tsp_graphs/tsp_878.graph,7,15,True,-0.2726562,0.27186888
tsp_8780.graph,data/tsp_graphs/tsp_8780.graph,5,15,True,-0.8901024,-0.7992385
tsp_8781.graph,data/tsp_graphs/tsp_8781.graph,7,15,False,0.4844265,-0.03575197
tsp_8782.graph,data/tsp_graphs/tsp_8782.graph,5,20,True,1.1421194,-0.17061704
tsp_8783.graph,data/tsp_graphs/tsp_8783.graph,7,10,False,-0.14075089,-0.57256716
tsp_8784.graph,data/tsp_graphs/tsp_8784.graph,6,20,True,0.5513687,0.30088127
tsp_8785.graph,data/tsp_graphs/tsp_8785.graph,9,10,False,0.027311325,-0.2530658
tsp_8786.graph,data/tsp_graphs/tsp_8786.graph,7,10,True,1.2749062,-0.52244675
tsp_8787.graph,data/tsp_graphs/tsp_8787.graph,7,20,False,-0.8937416,-0.1163404
tsp_8788.graph,data/tsp_graphs/tsp_8788.graph,9,20,True,-0.9039116,0.7709809
tsp_8789.graph,data/tsp_graphs/tsp_8789.graph,7,20,False,0.21642113,0.23020142
tsp_879.graph,data/tsp_graphs/tsp_879.graph,6,15,False,0.510643,-0.0148405135
tsp_8790.graph,data/tsp_graphs/tsp_8790.graph,6,15,True,0.5868149,-0.03253162
tsp_8791.graph,data/tsp_graphs/tsp_8791.graph,6,20,False,-0.7817993,-0.37088925
tsp_8792.graph,data/tsp_graphs/tsp_8792.graph,7,15,True,0.25034618,0.23827738
tsp_8793.graph,data/tsp_graphs/tsp_8793.graph,9,15,False,-1.1696458,0.6304892
tsp_8794.graph,data/tsp_graphs/tsp_8794.graph,6,15,True,0.4102211,-0.17647177
tsp_8795.graph,data/tsp_graphs/tsp_8795.graph,5,10,False,0.4820099,-0.79757416
tsp_8796.graph,data/tsp_graphs/tsp_8796.graph,5,15,True,0.4510765,-0.48097435
tsp_8797.graph,data/tsp_graphs/tsp_8797.graph,7,10,False,-0.92567444,-0.33580846
tsp_8798.graph,data/tsp_graphs/tsp_8798.graph,6,20,True,0.41060638,-0.20661893
tsp_8799.graph,data/tsp_graphs/tsp_8799.graph,6,20,False,-0.35404205,-0.14273947
tsp_88.graph,data/tsp_graphs/tsp_88.graph,5,15,True,0.80049706,-0.45859486
tsp_880.graph,data/tsp_graphs/tsp_880.graph,5,15,True,-0.35251236,-0.54646647
tsp_8800.graph,data/tsp_graphs/tsp_8800.graph,10,10,True,0.8522663,-0.122427315
tsp_8801.graph,data/tsp_graphs/tsp_8801.graph,9,15,False,-0.2695465,0.40589017
tsp_8802.graph,data/tsp_graphs/tsp_8802.graph,6,10,True,-0.011356354,-0.64175993
tsp_8803.graph,data/tsp_graphs/tsp_8803.graph,7,20,False,-0.77272797,0.3859554
tsp_8804.graph,data/tsp_graphs/tsp_8804.graph,5,10,True,0.20895386,-0.8121959
tsp_8805.graph,data/tsp_graphs/tsp_8805.graph,10,15,False,-2.73812,0.14869213
tsp_8806.graph,data/tsp_graphs/tsp_8806.graph,9,20,True,0.74975586,0.67576593
tsp_8807.graph,data/tsp_graphs/tsp_8807.graph,5,10,False,-1.1946793,-0.4919979
tsp_8808.graph,data/tsp_graphs/tsp_8808.graph,9,10,True,1.7301407,-0.10400343
tsp_8809.graph,data/tsp_graphs/tsp_8809.graph,8,10,False,-0.82618713,-0.46349669
tsp_881.graph,data/tsp_graphs/tsp_881.graph,5,10,False,-0.18777466,-1.076278
tsp_8810.graph,data/tsp_graphs/tsp_8810.graph,9,20,True,1.3626938,0.5371215
tsp_8811.graph,data/tsp_graphs/tsp_8811.graph,7,15,False,0.06867218,0.10973972
tsp_8812.graph,data/tsp_graphs/tsp_8812.graph,9,20,True,1.3744507,0.6416351
tsp_8813.graph,data/tsp_graphs/tsp_8813.graph,8,10,False,-0.43950272,-0.060528994
tsp_8814.graph,data/tsp_graphs/tsp_8814.graph,5,20,True,-1.5606537,-0.6446047
tsp_8815.graph,data/tsp_graphs/tsp_8815.graph,9,15,False,-0.36645603,0.58716184
tsp_8816.graph,data/tsp_graphs/tsp_8816.graph,9,20,True,0.60910034,0.23653382
tsp_8817.graph,data/tsp_graphs/tsp_8817.graph,6,10,False,-0.3078537,-0.20504755
tsp_8818.graph,data/tsp_graphs/tsp_8818.graph,5,20,True,0.9610338,-0.16142863
tsp_8819.graph,data/tsp_graphs/tsp_8819.graph,6,20,False,-1.5292664,-0.4701341
tsp_882.graph,data/tsp_graphs/tsp_882.graph,9,10,True,2.066185,0.40863383
tsp_8820.graph,data/tsp_graphs/tsp_8820.graph,5,10,True,-0.6740265,-0.9809472
tsp_8821.graph,data/tsp_graphs/tsp_8821.graph,7,20,False,-0.08417511,0.32806158
tsp_8822.graph,data/tsp_graphs/tsp_8822.graph,10,15,True,-0.38991946,0.7989854
tsp_8823.graph,data/tsp_graphs/tsp_8823.graph,10,20,False,1.3754349,0.7435048
tsp_8824.graph,data/tsp_graphs/tsp_8824.graph,5,10,True,1.4230194,-0.44067445
tsp_8825.graph,data/tsp_graphs/tsp_8825.graph,8,10,False,0.23572159,-0.013522565
tsp_8826.graph,data/tsp_graphs/tsp_8826.graph,10,15,True,0.42243195,0.5302797
tsp_8827.graph,data/tsp_graphs/tsp_8827.graph,8,15,False,0.07432675,0.4531691
tsp_8828.graph,data/tsp_graphs/tsp_8828.graph,10,10,True,1.8513451,0.5122586
tsp_8829.graph,data/tsp_graphs/tsp_8829.graph,10,10,False,-0.9312668,0.6788886
tsp_883.graph,data/tsp_graphs/tsp_883.graph,5,20,False,0.36473846,-0.032639712
tsp_8830.graph,data/tsp_graphs/tsp_8830.graph,8,10,True,-0.18782425,0.026492178
tsp_8831.graph,data/tsp_graphs/tsp_8831.graph,6,10,False,1.0685043,-0.63951826
tsp_8832.graph,data/tsp_graphs/tsp_8832.graph,9,15,True,0.08162689,0.4352458
tsp_8833.graph,data/tsp_graphs/tsp_8833.graph,9,20,False,-0.96219635,0.2890376
tsp_8834.graph,data/tsp_graphs/tsp_8834.graph,6,20,True,2.1364899,-0.19199365
tsp_8835.graph,data/tsp_graphs/tsp_8835.graph,9,20,False,-1.1163864,0.4623018
tsp_8836.graph,data/tsp_graphs/tsp_8836.graph,7,20,True,-0.7628174,0.31289178
tsp_8837.graph,data/tsp_graphs/tsp_8837.graph,5,10,False,-0.77072144,-0.5733168
tsp_8838.graph,data/tsp_graphs/tsp_8838.graph,9,15,True,-1.1616039,0.5739265
tsp_8839.graph,data/tsp_graphs/tsp_8839.graph,8,10,False,-0.89479065,0.045689404
tsp_884.graph,data/tsp_graphs/tsp_884.graph,6,15,True,0.2825985,-0.0053785443
tsp_8840.graph,data/tsp_graphs/tsp_8840.graph,9,20,True,0.22760773,0.3681777
tsp_8841.graph,data/tsp_graphs/tsp_8841.graph,10,10,False,-1.0541534,-0.009141535
tsp_8842.graph,data/tsp_graphs/tsp_8842.graph,7,20,True,-0.83992577,0.36033446
tsp_8843.graph,data/tsp_graphs/tsp_8843.graph,5,15,False,-0.13382912,-0.48201352
tsp_8844.graph,data/tsp_graphs/tsp_8844.graph,9,10,True,1.1990948,0.15699196
tsp_8845.graph,data/tsp_graphs/tsp_8845.graph,8,15,False,-0.16159058,-0.03577262
tsp_8846.graph,data/tsp_graphs/tsp_8846.graph,8,10,True,-0.45894623,-0.2705335
tsp_8847.graph,data/tsp_graphs/tsp_8847.graph,5,10,False,-0.74922943,-0.8497349
tsp_8848.graph,data/tsp_graphs/tsp_8848.graph,5,10,True,-0.7505474,-1.0080943
tsp_8849.graph,data/tsp_graphs/tsp_8849.graph,8,10,False,-2.2327805,0.22436851
tsp_885.graph,data/tsp_graphs/tsp_885.graph,9,20,False,-1.1818924,0.5433771
tsp_8850.graph,data/tsp_graphs/tsp_8850.graph,10,15,True,-0.106910706,0.29809564
tsp_8851.graph,data/tsp_graphs/tsp_8851.graph,7,20,False,-0.7025299,0.39260668
tsp_8852.graph,data/tsp_graphs/tsp_8852.graph,7,20,True,2.4745102,0.16813475
tsp_8853.graph,data/tsp_graphs/tsp_8853.graph,5,20,False,-0.8094578,-0.63321114
tsp_8854.graph,data/tsp_graphs/tsp_8854.graph,5,10,True,0.5294342,-0.8658024
tsp_8855.graph,data/tsp_graphs/tsp_8855.graph,10,20,False,-0.8768997,0.6492136
tsp_8856.graph,data/tsp_graphs/tsp_8856.graph,9,15,True,0.38759995,0.18677562
tsp_8857.graph,data/tsp_graphs/tsp_8857.graph,7,10,False,0.21219635,-0.34631717
tsp_8858.graph,data/tsp_graphs/tsp_8858.graph,6,10,True,-0.09556198,-0.5633586
tsp_8859.graph,data/tsp_graphs/tsp_8859.graph,8,20,False,0.2848282,0.097652376
tsp_886.graph,data/tsp_graphs/tsp_886.graph,8,10,True,1.5582619,-0.16596049
tsp_8860.graph,data/tsp_graphs/tsp_8860.graph,10,20,True,1.7973709,0.62890655
tsp_8861.graph,data/tsp_graphs/tsp_8861.graph,9,15,False,-0.5205841,-0.067088634
tsp_8862.graph,data/tsp_graphs/tsp_8862.graph,10,15,True,-0.42329407,0.42554653
tsp_8863.graph,data/tsp_graphs/tsp_8863.graph,8,10,False,0.4316802,-0.4030129
tsp_8864.graph,data/tsp_graphs/tsp_8864.graph,8,20,True,1.7382431,0.12468618
tsp_8865.graph,data/tsp_graphs/tsp_8865.graph,6,15,False,-1.8964615,-0.20029944
tsp_8866.graph,data/tsp_graphs/tsp_8866.graph,10,20,True,0.16109467,0.68499786
tsp_8867.graph,data/tsp_graphs/tsp_8867.graph,8,20,False,-1.740879,-0.1697734
tsp_8868.graph,data/tsp_graphs/tsp_8868.graph,5,10,True,-0.57321167,-0.8210465
tsp_8869.graph,data/tsp_graphs/tsp_8869.graph,8,10,False,-0.44076347,-0.42982954
tsp_887.graph,data/tsp_graphs/tsp_887.graph,9,10,False,-2.1588058,0.2788335
tsp_8870.graph,data/tsp_graphs/tsp_8870.graph,5,20,True,0.9477272,-0.41829705
tsp_8871.graph,data/tsp_graphs/tsp_8871.graph,7,20,False,-0.9342799,-0.21452755
tsp_8872.graph,data/tsp_graphs/tsp_8872.graph,9,10,True,1.9682236,0.1865812
tsp_8873.graph,data/tsp_graphs/tsp_8873.graph,10,15,False,-1.9961548,0.56493264
tsp_8874.graph,data/tsp_graphs/tsp_8874.graph,10,15,True,-1.2743868,0.79592735
tsp_8875.graph,data/tsp_graphs/tsp_8875.graph,9,20,False,-0.3447647,0.5900325
tsp_8876.graph,data/tsp_graphs/tsp_8876.graph,6,15,True,-0.015559912,-0.4171614
tsp_8877.graph,data/tsp_graphs/tsp_8877.graph,8,10,False,0.47400665,0.25796735
tsp_8878.graph,data/tsp_graphs/tsp_8878.graph,7,10,True,2.0097733,-0.2627288
tsp_8879.graph,data/tsp_graphs/tsp_8879.graph,6,10,False,-0.97992706,-0.69256115
tsp_888.graph,data/tsp_graphs/tsp_888.graph,9,15,True,-0.3962326,0.5565737
tsp_8880.graph,data/tsp_graphs/tsp_8880.graph,10,20,True,2.006775,0.9073275
tsp_8881.graph,data/tsp_graphs/tsp_8881.graph,6,20,False,-0.533844,-0.22471446
tsp_8882.graph,data/tsp_graphs/tsp_8882.graph,6,15,True,1.2757192,-0.35662562
tsp_8883.graph,data/tsp_graphs/tsp_8883.graph,6,20,False,0.5488548,0.048922896
tsp_8884.graph,data/tsp_graphs/tsp_8884.graph,9,10,True,1.2165909,0.4381842
tsp_8885.graph,data/tsp_graphs/tsp_8885.graph,10,15,False,-0.7327652,0.47164333
tsp_8886.graph,data/tsp_graphs/tsp_8886.graph,9,10,True,-0.73869324,0.1541279
tsp_8887.graph,data/tsp_graphs/tsp_8887.graph,8,20,False,-0.3503704,0.6214847
tsp_8888.graph,data/tsp_graphs/tsp_8888.graph,7,20,True,-1.7926407,-0.044023156
tsp_8889.graph,data/tsp_graphs/tsp_8889.graph,8,10,False,-0.87495804,-0.10602492
tsp_889.graph,data/tsp_graphs/tsp_889.graph,9,10,False,-2.3334045,0.40576184
tsp_8890.graph,data/tsp_graphs/tsp_8890.graph,5,20,True,1.1089058,-0.26322925
tsp_8891.graph,data/tsp_graphs/tsp_8891.graph,7,15,False,-1.7430887,0.099482894
tsp_8892.graph,data/tsp_graphs/tsp_8892.graph,10,20,True,0.45689392,0.44541967
tsp_8893.graph,data/tsp_graphs/tsp_8893.graph,8,10,False,-2.2211838,0.15698129
tsp_8894.graph,data/tsp_graphs/tsp_8894.graph,9,10,True,-0.3900776,-0.35826552
tsp_8895.graph,data/tsp_graphs/tsp_8895.graph,7,10,False,-0.3552475,-0.41060245
tsp_8896.graph,data/tsp_graphs/tsp_8896.graph,8,15,True,-2.0522118,0.17693043
tsp_8897.graph,data/tsp_graphs/tsp_8897.graph,6,20,False,1.2917099,-0.18347016
tsp_8898.graph,data/tsp_graphs/tsp_8898.graph,5,10,True,-0.27458763,-0.7439312
tsp_8899.graph,data/tsp_graphs/tsp_8899.graph,5,15,False,-0.916901,-0.39350808
tsp_89.graph,data/tsp_graphs/tsp_89.graph,8,20,False,-0.2205658,0.13076907
tsp_890.graph,data/tsp_graphs/tsp_890.graph,10,20,True,-1.0948486,0.61755234
tsp_8900.graph,data/tsp_graphs/tsp_8900.graph,6,10,True,-0.3589096,-0.64149904
tsp_8901.graph,data/tsp_graphs/tsp_8901.graph,7,15,False,-0.97212887,-0.40269083
tsp_8902.graph,data/tsp_graphs/tsp_8902.graph,8,10,True,1.8202744,0.15016735
tsp_8903.graph,data/tsp_graphs/tsp_8903.graph,7,15,False,-0.87582207,0.23118222
tsp_8904.graph,data/tsp_graphs/tsp_8904.graph,6,15,True,-0.98405075,-0.08641696
tsp_8905.graph,data/tsp_graphs/tsp_8905.graph,7,10,False,0.39985275,-0.33536893
tsp_8906.graph,data/tsp_graphs/tsp_8906.graph,7,15,True,-0.2392354,0.004394084
tsp_8907.graph,data/tsp_graphs/tsp_8907.graph,8,20,False,-0.089416504,0.2528805
tsp_8908.graph,data/tsp_graphs/tsp_8908.graph,5,10,True,-1.0857658,-0.98470545
tsp_8909.graph,data/tsp_graphs/tsp_8909.graph,10,10,False,-0.9432373,0.5392851
tsp_891.graph,data/tsp_graphs/tsp_891.graph,8,15,False,-1.6428022,0.44829303
tsp_8910.graph,data/tsp_graphs/tsp_8910.graph,7,20,True,-0.05416107,-0.13043803
tsp_8911.graph,data/tsp_graphs/tsp_8911.graph,6,15,False,0.26038933,-0.056461155
tsp_8912.graph,data/tsp_graphs/tsp_8912.graph,9,10,True,-0.67066956,-0.07005313
tsp_8913.graph,data/tsp_graphs/tsp_8913.graph,7,10,False,0.047416687,-0.33745223
tsp_8914.graph,data/tsp_graphs/tsp_8914.graph,10,10,True,1.0495415,0.024647892
tsp_8915.graph,data/tsp_graphs/tsp_8915.graph,9,10,False,-0.94914246,0.16688001
tsp_8916.graph,data/tsp_graphs/tsp_8916.graph,8,15,True,1.2453737,0.35793835
tsp_8917.graph,data/tsp_graphs/tsp_8917.graph,9,15,False,-1.7081604,0.27708668
tsp_8918.graph,data/tsp_graphs/tsp_8918.graph,8,15,True,-1.294486,0.57266444
tsp_8919.graph,data/tsp_graphs/tsp_8919.graph,5,15,False,-1.3234177,-0.6294045
tsp_892.graph,data/tsp_graphs/tsp_892.graph,6,15,True,-0.28455544,-0.33916384
tsp_8920.graph,data/tsp_graphs/tsp_8920.graph,8,15,True,1.4227695,0.07239568
tsp_8921.graph,data/tsp_graphs/tsp_8921.graph,7,10,False,1.6376114,-0.23855981
tsp_8922.graph,data/tsp_graphs/tsp_8922.graph,5,10,True,0.14221954,-0.5789636
tsp_8923.graph,data/tsp_graphs/tsp_8923.graph,6,10,False,0.6623268,-0.5924613
tsp_8924.graph,data/tsp_graphs/tsp_8924.graph,7,10,True,0.49848175,-0.05477929
tsp_8925.graph,data/tsp_graphs/tsp_8925.graph,7,10,False,-0.81941986,-0.43142802
tsp_8926.graph,data/tsp_graphs/tsp_8926.graph,9,20,True,-0.02898407,0.6617568
tsp_8927.graph,data/tsp_graphs/tsp_8927.graph,6,10,False,0.07923126,-0.7396382
tsp_8928.graph,data/tsp_graphs/tsp_8928.graph,9,10,True,0.47045517,-0.1504839
tsp_8929.graph,data/tsp_graphs/tsp_8929.graph,8,10,False,-0.13371468,-0.48187757
tsp_893.graph,data/tsp_graphs/tsp_893.graph,9,10,False,-0.60382843,0.23818791
tsp_8930.graph,data/tsp_graphs/tsp_8930.graph,9,15,True,0.2849021,0.30676562
tsp_8931.graph,data/tsp_graphs/tsp_8931.graph,5,10,False,-1.2777634,-0.8766183
tsp_8932.graph,data/tsp_graphs/tsp_8932.graph,6,15,True,1.6956329,-0.31258714
tsp_8933.graph,data/tsp_graphs/tsp_8933.graph,7,10,False,-1.5600929,-0.29745755
tsp_8934.graph,data/tsp_graphs/tsp_8934.graph,6,15,True,0.97715044,-0.49729124
tsp_8935.graph,data/tsp_graphs/tsp_8935.graph,5,20,False,-0.60021544,-0.61638945
tsp_8936.graph,data/tsp_graphs/tsp_8936.graph,10,20,True,1.1096497,0.5975054
tsp_8937.graph,data/tsp_graphs/tsp_8937.graph,9,10,False,0.939003,-0.044360697
tsp_8938.graph,data/tsp_graphs/tsp_8938.graph,6,10,True,0.583212,-0.8878481
tsp_8939.graph,data/tsp_graphs/tsp_8939.graph,8,15,False,-0.5078893,-0.00802654
tsp_894.graph,data/tsp_graphs/tsp_894.graph,9,15,True,-0.19403458,0.28105098
tsp_8940.graph,data/tsp_graphs/tsp_8940.graph,9,10,True,1.9063492,0.4039247
tsp_8941.graph,data/tsp_graphs/tsp_8941.graph,7,15,False,-0.7585983,-0.050628126
tsp_8942.graph,data/tsp_graphs/tsp_8942.graph,10,20,True,0.4191513,0.50501543
tsp_8943.graph,data/tsp_graphs/tsp_8943.graph,9,20,False,0.21873474,0.18679655
tsp_8944.graph,data/tsp_graphs/tsp_8944.graph,7,15,True,0.08188915,-0.058123946
tsp_8945.graph,data/tsp_graphs/tsp_8945.graph,7,15,False,0.879632,0.15804285
tsp_8946.graph,data/tsp_graphs/tsp_8946.graph,7,10,True,-0.3946228,-0.037091047
tsp_8947.graph,data/tsp_graphs/tsp_8947.graph,10,10,False,-0.92904663,0.32841212
tsp_8948.graph,data/tsp_graphs/tsp_8948.graph,5,10,True,2.888279,-1.0243361
tsp_8949.graph,data/tsp_graphs/tsp_8949.graph,8,10,False,-1.7536926,-0.42436406
tsp_895.graph,data/tsp_graphs/tsp_895.graph,6,10,False,-1.643898,-0.32713228
tsp_8950.graph,data/tsp_graphs/tsp_8950.graph,7,15,True,0.50034523,-0.25526214
tsp_8951.graph,data/tsp_graphs/tsp_8951.graph,8,15,False,-0.16401005,0.46732706
tsp_8952.graph,data/tsp_graphs/tsp_8952.graph,8,20,True,1.8044162,0.23662388
tsp_8953.graph,data/tsp_graphs/tsp_8953.graph,7,10,False,0.053527832,-0.07919979
tsp_8954.graph,data/tsp_graphs/tsp_8954.graph,10,15,True,0.81916046,0.6172647
tsp_8955.graph,data/tsp_graphs/tsp_8955.graph,5,15,False,-2.839676,-0.398556
tsp_8956.graph,data/tsp_graphs/tsp_8956.graph,5,10,True,1.9388962,-0.9029268
tsp_8957.graph,data/tsp_graphs/tsp_8957.graph,7,20,False,-0.2272892,0.35187787
tsp_8958.graph,data/tsp_graphs/tsp_8958.graph,6,10,True,0.56544495,-0.81307167
tsp_8959.graph,data/tsp_graphs/tsp_8959.graph,5,15,False,0.3318863,-0.30670834
tsp_896.graph,data/tsp_graphs/tsp_896.graph,10,20,True,0.63046265,0.4636956
tsp_8960.graph,data/tsp_graphs/tsp_8960.graph,5,20,True,-1.2388706,-0.46931648
tsp_8961.graph,data/tsp_graphs/tsp_8961.graph,6,20,False,-0.23952866,-0.24153885
tsp_8962.graph,data/tsp_graphs/tsp_8962.graph,9,10,True,-0.7007103,0.217861
tsp_8963.graph,data/tsp_graphs/tsp_8963.graph,5,15,False,-0.40144348,-0.2855616
tsp_8964.graph,data/tsp_graphs/tsp_8964.graph,6,15,True,-0.28016615,-0.23124689
tsp_8965.graph,data/tsp_graphs/tsp_8965.graph,5,10,False,-0.5728035,-0.6361233
tsp_8966.graph,data/tsp_graphs/tsp_8966.graph,7,15,True,0.18654823,-0.117488205
tsp_8967.graph,data/tsp_graphs/tsp_8967.graph,10,10,False,-1.6486282,0.09244591
tsp_8968.graph,data/tsp_graphs/tsp_8968.graph,8,10,True,0.0039482117,-0.07465196
tsp_8969.graph,data/tsp_graphs/tsp_8969.graph,8,10,False,0.31090927,-0.061172485
tsp_897.graph,data/tsp_graphs/tsp_897.graph,9,20,False,-0.77002716,0.28014022
tsp_8970.graph,data/tsp_graphs/tsp_8970.graph,10,20,True,1.6372681,0.7677112
tsp_8971.graph,data/tsp_graphs/tsp_8971.graph,5,15,False,0.006164551,-0.31322247
tsp_8972.graph,data/tsp_graphs/tsp_8972.graph,7,10,True,-0.910202,-0.55189437
tsp_8973.graph,data/tsp_graphs/tsp_8973.graph,8,15,False,1.6664562,0.48279762
tsp_8974.graph,data/tsp_graphs/tsp_8974.graph,7,10,True,0.50255585,-0.021886826
tsp_8975.graph,data/tsp_graphs/tsp_8975.graph,10,15,False,-0.7105293,0.5102523
tsp_8976.graph,data/tsp_graphs/tsp_8976.graph,10,10,True,-1.1903458,0.58988184
tsp_8977.graph,data/tsp_graphs/tsp_8977.graph,9,10,False,-0.98470306,0.26100796
tsp_8978.graph,data/tsp_graphs/tsp_8978.graph,10,15,True,1.911144,0.73356146
tsp_8979.graph,data/tsp_graphs/tsp_8979.graph,10,20,False,-0.01008606,0.42750722
tsp_898.graph,data/tsp_graphs/tsp_898.graph,6,20,True,-0.12620544,-0.1954515
tsp_8980.graph,data/tsp_graphs/tsp_8980.graph,10,15,True,0.077747345,0.74986655
tsp_8981.graph,data/tsp_graphs/tsp_8981.graph,6,15,False,1.378869,-0.032137692
tsp_8982.graph,data/tsp_graphs/tsp_8982.graph,7,10,True,-0.9432564,-0.66160595
tsp_8983.graph,data/tsp_graphs/tsp_8983.graph,5,10,False,-1.0207901,-0.4825973
tsp_8984.graph,data/tsp_graphs/tsp_8984.graph,8,15,True,0.9602251,0.4255653
tsp_8985.graph,data/tsp_graphs/tsp_8985.graph,8,15,False,-0.2850976,-0.13738048
tsp_8986.graph,data/tsp_graphs/tsp_8986.graph,9,20,True,0.5974884,0.35274708
tsp_8987.graph,data/tsp_graphs/tsp_8987.graph,10,20,False,0.08039093,0.4785456
tsp_8988.graph,data/tsp_graphs/tsp_8988.graph,7,10,True,-1.2914844,-0.5831281
tsp_8989.graph,data/tsp_graphs/tsp_8989.graph,7,10,False,-1.5242996,-0.15644339
tsp_899.graph,data/tsp_graphs/tsp_899.graph,6,15,False,0.033517838,-0.2855824
tsp_8990.graph,data/tsp_graphs/tsp_8990.graph,10,20,True,0.17655182,0.78084904
tsp_8991.graph,data/tsp_graphs/tsp_8991.graph,8,20,False,0.657959,0.26771593
tsp_8992.graph,data/tsp_graphs/tsp_8992.graph,6,20,True,0.34113503,0.08318508
tsp_8993.graph,data/tsp_graphs/tsp_8993.graph,6,15,False,0.85964966,-0.15547472
tsp_8994.graph,data/tsp_graphs/tsp_8994.graph,10,15,True,-1.1602821,0.53095716
tsp_8995.graph,data/tsp_graphs/tsp_8995.graph,9,10,False,-1.6816254,0.27991468
tsp_8996.graph,data/tsp_graphs/tsp_8996.graph,5,20,True,2.8277473,-0.24645093
tsp_8997.graph,data/tsp_graphs/tsp_8997.graph,5,10,False,0.4076004,-0.38887203
tsp_8998.graph,data/tsp_graphs/tsp_8998.graph,8,15,True,0.11382866,0.030440211
tsp_8999.graph,data/tsp_graphs/tsp_8999.graph,9,15,False,-0.80742455,0.18433946
tsp_9.graph,data/tsp_graphs/tsp_9.graph,9,10,False,-0.43061447,-0.19480574
tsp_90.graph,data/tsp_graphs/tsp_90.graph,8,10,True,1.8300095,0.10752028
tsp_900.graph,data/tsp_graphs/tsp_900.graph,5,20,True,1.6517076,-0.38888946
tsp_9000.graph,data/tsp_graphs/tsp_9000.graph,8,10,True,0.8440094,-0.21863934
tsp_9001.graph,data/tsp_graphs/tsp_9001.graph,9,10,False,0.6350975,-0.005028188
tsp_9002.graph,data/tsp_graphs/tsp_9002.graph,5,20,True,-0.2555809,-0.16145301
tsp_9003.graph,data/tsp_graphs/tsp_9003.graph,9,10,False,1.0597382,-0.09444082
tsp_9004.graph,data/tsp_graphs/tsp_9004.graph,9,20,True,1.6215668,0.5698256
tsp_9005.graph,data/tsp_graphs/tsp_9005.graph,6,15,False,-0.7213249,-0.09675333
tsp_9006.graph,data/tsp_graphs/tsp_9006.graph,6,10,True,-1.315094,-0.30392915
tsp_9007.graph,data/tsp_graphs/tsp_9007.graph,6,15,False,0.5362606,-0.016860843
tsp_9008.graph,data/tsp_graphs/tsp_9008.graph,7,20,True,1.9058838,0.00802058
tsp_9009.graph,data/tsp_graphs/tsp_9009.graph,5,15,False,-0.3603592,-0.61704314
tsp_901.graph,data/tsp_graphs/tsp_901.graph,8,15,False,0.6402159,0.08241248
tsp_9010.graph,data/tsp_graphs/tsp_9010.graph,7,10,True,1.0372391,-0.4396941
tsp_9011.graph,data/tsp_graphs/tsp_9011.graph,5,15,False,-1.4751968,-0.68712926
tsp_9012.graph,data/tsp_graphs/tsp_9012.graph,6,20,True,0.48984337,0.018897831
tsp_9013.graph,data/tsp_graphs/tsp_9013.graph,9,10,False,-0.6417198,0.10528684
tsp_9014.graph,data/tsp_graphs/tsp_9014.graph,5,10,True,2.1863174,-0.87238896
tsp_9015.graph,data/tsp_graphs/tsp_9015.graph,5,20,False,1.1553985,-0.26569077
tsp_9016.graph,data/tsp_graphs/tsp_9016.graph,9,10,True,0.9689255,-0.29368448
tsp_9017.graph,data/tsp_graphs/tsp_9017.graph,8,10,False,0.3741417,-0.183923
tsp_9018.graph,data/tsp_graphs/tsp_9018.graph,8,10,True,2.372017,0.06961995
tsp_9019.graph,data/tsp_graphs/tsp_9019.graph,7,20,False,-0.91000843,0.2858762
tsp_902.graph,data/tsp_graphs/tsp_902.graph,9,15,True,-0.43177795,0.4245475
tsp_9020.graph,data/tsp_graphs/tsp_9020.graph,9,15,True,1.4608383,0.552466
tsp_9021.graph,data/tsp_graphs/tsp_9021.graph,7,20,False,0.8843689,0.032848895
tsp_9022.graph,data/tsp_graphs/tsp_9022.graph,10,20,True,-0.41562653,0.63420683
tsp_9023.graph,data/tsp_graphs/tsp_9023.graph,6,10,False,-1.4880905,-0.36223507
tsp_9024.graph,data/tsp_graphs/tsp_9024.graph,10,10,True,1.9218063,0.40870136
tsp_9025.graph,data/tsp_graphs/tsp_9025.graph,10,20,False,-0.9578018,0.78464884
tsp_9026.graph,data/tsp_graphs/tsp_9026.graph,10,15,True,0.49542618,0.54803056
tsp_9027.graph,data/tsp_graphs/tsp_9027.graph,9,10,False,-0.18883133,0.12097865
tsp_9028.graph,data/tsp_graphs/tsp_9028.graph,8,10,True,2.1502476,-0.055386364
tsp_9029.graph,data/tsp_graphs/tsp_9029.graph,8,10,False,-0.09275055,-0.16542852
tsp_903.graph,data/tsp_graphs/tsp_903.graph,6,10,False,-0.15685463,-0.78220797
tsp_9030.graph,data/tsp_graphs/tsp_9030.graph,7,10,True,-0.22605896,-0.3411794
tsp_9031.graph,data/tsp_graphs/tsp_9031.graph,9,10,False,-0.69190216,-0.1484569
tsp_9032.graph,data/tsp_graphs/tsp_9032.graph,10,15,True,-0.049354553,0.63516337
tsp_9033.graph,data/tsp_graphs/tsp_9033.graph,6,15,False,-0.627718,0.13901472
tsp_9034.graph,data/tsp_graphs/tsp_9034.graph,10,20,True,-0.85494995,0.52967614
tsp_9035.graph,data/tsp_graphs/tsp_9035.graph,8,10,False,-0.8123779,0.12940145
tsp_9036.graph,data/tsp_graphs/tsp_9036.graph,10,10,True,-0.61600494,0.49432582
tsp_9037.graph,data/tsp_graphs/tsp_9037.graph,8,10,False,-0.43736076,-0.48801714
tsp_9038.graph,data/tsp_graphs/tsp_9038.graph,8,15,True,1.6340685,0.449157
tsp_9039.graph,data/tsp_graphs/tsp_9039.graph,6,20,False,0.45191574,-0.098836064
tsp_904.graph,data/tsp_graphs/tsp_904.graph,9,10,True,2.4892197,0.21053058
tsp_9040.graph,data/tsp_graphs/tsp_9040.graph,5,15,True,0.9354496,-0.2737182
tsp_9041.graph,data/tsp_graphs/tsp_9041.graph,9,20,False,-1.1842728,0.49321705
tsp_9042.graph,data/tsp_graphs/tsp_9042.graph,5,15,True,2.0424204,-0.48162246
tsp_9043.graph,data/tsp_graphs/tsp_9043.graph,9,10,False,-0.6894226,0.2825716
tsp_9044.graph,data/tsp_graphs/tsp_9044.graph,10,20,True,0.12033081,0.5516365
tsp_9045.graph,data/tsp_graphs/tsp_9045.graph,10,15,False,-0.4671173,0.5180016
tsp_9046.graph,data/tsp_graphs/tsp_9046.graph,5,15,True,0.6579571,-0.38265583
tsp_9047.graph,data/tsp_graphs/tsp_9047.graph,9,20,False,-1.1497345,0.16325158
tsp_9048.graph,data/tsp_graphs/tsp_9048.graph,5,10,True,2.1808777,-0.9040302
tsp_9049.graph,data/tsp_graphs/tsp_9049.graph,7,10,False,-1.5172806,0.13758409
tsp_905.graph,data/tsp_graphs/tsp_905.graph,5,20,False,-1.9949713,-0.42347208
tsp_9050.graph,data/tsp_graphs/tsp_9050.graph,10,15,True,0.72097564,0.8119666
tsp_9051.graph,data/tsp_graphs/tsp_9051.graph,9,10,False,-1.8769493,0.037282825
tsp_9052.graph,data/tsp_graphs/tsp_9052.graph,5,15,True,-0.14824486,-0.50728047
tsp_9053.graph,data/tsp_graphs/tsp_9053.graph,8,10,False,-2.2864685,0.068001926
tsp_9054.graph,data/tsp_graphs/tsp_9054.graph,9,20,True,-0.9123001,0.6026065
tsp_9055.graph,data/tsp_graphs/tsp_9055.graph,7,15,False,-0.5140953,-0.070061624
tsp_9056.graph,data/tsp_graphs/tsp_9056.graph,10,15,True,-0.13127899,0.55584246
tsp_9057.graph,data/tsp_graphs/tsp_9057.graph,7,20,False,-1.2623653,0.1108914
tsp_9058.graph,data/tsp_graphs/tsp_9058.graph,5,10,True,-0.41213226,-0.7632466
tsp_9059.graph,data/tsp_graphs/tsp_9059.graph,10,15,False,0.26533127,0.3510179
tsp_906.graph,data/tsp_graphs/tsp_906.graph,10,20,True,-1.3424759,0.34690577
tsp_9060.graph,data/tsp_graphs/tsp_9060.graph,7,20,True,0.24375153,-0.11138028
tsp_9061.graph,data/tsp_graphs/tsp_9061.graph,8,15,False,-1.8702221,0.2986533
tsp_9062.graph,data/tsp_graphs/tsp_9062.graph,6,20,True,1.32621,-0.12076065
tsp_9063.graph,data/tsp_graphs/tsp_9063.graph,7,20,False,-0.6588774,0.4019224
tsp_9064.graph,data/tsp_graphs/tsp_9064.graph,5,20,True,-0.35889292,-0.25842285
tsp_9065.graph,data/tsp_graphs/tsp_9065.graph,10,20,False,-0.12169647,0.5826176
tsp_9066.graph,data/tsp_graphs/tsp_9066.graph,7,10,True,1.5069351,-0.5528767
tsp_9067.graph,data/tsp_graphs/tsp_9067.graph,8,20,False,-0.8658905,0.25040418
tsp_9068.graph,data/tsp_graphs/tsp_9068.graph,8,15,True,1.7087831,0.56946164
tsp_9069.graph,data/tsp_graphs/tsp_9069.graph,6,15,False,-0.1141808,0.013470888
tsp_907.graph,data/tsp_graphs/tsp_907.graph,10,20,False,-1.1013184,0.54533154
tsp_9070.graph,data/tsp_graphs/tsp_9070.graph,10,15,True,0.80872583,0.72692615
tsp_9071.graph,data/tsp_graphs/tsp_9071.graph,7,20,False,-1.6292248,0.15770948
tsp_9072.graph,data/tsp_graphs/tsp_9072.graph,6,20,True,-1.1310196,-0.1576438
tsp_9073.graph,data/tsp_graphs/tsp_9073.graph,8,15,False,0.7734213,-0.051335603
tsp_9074.graph,data/tsp_graphs/tsp_9074.graph,7,10,True,-0.9663658,-0.56173116
tsp_9075.graph,data/tsp_graphs/tsp_9075.graph,7,15,False,-2.0046725,0.27421695
tsp_9076.graph,data/tsp_graphs/tsp_9076.graph,8,20,True,-0.1183548,0.30896646
tsp_9077.graph,data/tsp_graphs/tsp_9077.graph,7,10,False,-1.2808075,-0.44760287
tsp_9078.graph,data/tsp_graphs/tsp_9078.graph,10,10,True,1.1055145,0.19829094
tsp_9079.graph,data/tsp_graphs/tsp_9079.graph,6,20,False,0.6024933,0.014972389
tsp_908.graph,data/tsp_graphs/tsp_908.graph,7,20,True,0.6338234,0.340558
tsp_9080.graph,data/tsp_graphs/tsp_9080.graph,10,10,True,0.026725769,0.3435763
tsp_9081.graph,data/tsp_graphs/tsp_9081.graph,6,15,False,0.36364555,-0.31461838
tsp_9082.graph,data/tsp_graphs/tsp_9082.graph,5,20,True,0.36558533,-0.19187522
tsp_9083.graph,data/tsp_graphs/tsp_9083.graph,6,15,False,0.04227066,-0.4123153
tsp_9084.graph,data/tsp_graphs/tsp_9084.graph,5,20,True,-0.3923521,-0.5713512
tsp_9085.graph,data/tsp_graphs/tsp_9085.graph,8,15,False,0.9064293,0.26019853
tsp_9086.graph,data/tsp_graphs/tsp_9086.graph,7,15,True,0.7264869,0.16168314
tsp_9087.graph,data/tsp_graphs/tsp_9087.graph,9,15,False,0.43840277,0.6535731
tsp_9088.graph,data/tsp_graphs/tsp_9088.graph,9,15,True,0.9755764,0.25906926
tsp_9089.graph,data/tsp_graphs/tsp_9089.graph,6,15,False,1.2242184,-0.5182675
tsp_909.graph,data/tsp_graphs/tsp_909.graph,7,15,False,-0.59194183,0.22671169
tsp_9090.graph,data/tsp_graphs/tsp_9090.graph,8,15,True,-0.4962616,0.16568285
tsp_9091.graph,data/tsp_graphs/tsp_9091.graph,9,15,False,-0.040790558,0.07015389
tsp_9092.graph,data/tsp_graphs/tsp_9092.graph,9,20,True,-0.42385864,0.5315133
tsp_9093.graph,data/tsp_graphs/tsp_9093.graph,6,20,False,-0.55908203,-0.40979514
tsp_9094.graph,data/tsp_graphs/tsp_9094.graph,8,20,True,0.1275711,0.26526672
tsp_9095.graph,data/tsp_graphs/tsp_9095.graph,10,20,False,0.63337326,0.712148
tsp_9096.graph,data/tsp_graphs/tsp_9096.graph,7,15,True,0.67736816,0.17625254
tsp_9097.graph,data/tsp_graphs/tsp_9097.graph,6,10,False,-0.94130707,-0.60791266
tsp_9098.graph,data/tsp_graphs/tsp_9098.graph,10,10,True,1.7536392,0.37916493
tsp_9099.graph,data/tsp_graphs/tsp_9099.graph,7,15,False,-1.898644,-0.07487512
tsp_91.graph,data/tsp_graphs/tsp_91.graph,10,20,False,-0.828598,0.7920788
tsp_910.graph,data/tsp_graphs/tsp_910.graph,6,20,True,1.3614502,0.06149894
tsp_9100.graph,data/tsp_graphs/tsp_9100.graph,8,20,True,-0.24649048,0.3034014
tsp_9101.graph,data/tsp_graphs/tsp_9101.graph,10,10,False,-0.57188416,0.47250563
tsp_9102.graph,data/tsp_graphs/tsp_9102.graph,7,20,True,1.9563675,0.038535118
tsp_9103.graph,data/tsp_graphs/tsp_9103.graph,9,10,False,-1.9005737,0.23916847
tsp_9104.graph,data/tsp_graphs/tsp_9104.graph,8,15,True,1.7734833,0.41925406
tsp_9105.graph,data/tsp_graphs/tsp_9105.graph,7,15,False,-0.26781845,-0.04080537
tsp_9106.graph,data/tsp_graphs/tsp_9106.graph,5,10,True,3.1134453,-1.3362367
tsp_9107.graph,data/tsp_graphs/tsp_9107.graph,9,15,False,-0.29090166,0.54910713
tsp_9108.graph,data/tsp_graphs/tsp_9108.graph,5,20,True,2.2009125,-0.19215712
tsp_9109.graph,data/tsp_graphs/tsp_9109.graph,7,15,False,2.1640625,-0.11039683
tsp_911.graph,data/tsp_graphs/tsp_911.graph,8,20,False,-0.29703903,0.2084502
tsp_9110.graph,data/tsp_graphs/tsp_9110.graph,6,15,True,0.53987503,-0.0020557642
tsp_9111.graph,data/tsp_graphs/tsp_9111.graph,8,15,False,-1.597148,-0.10720509
tsp_9112.graph,data/tsp_graphs/tsp_9112.graph,8,15,True,-0.73734283,-0.011053294
tsp_9113.graph,data/tsp_graphs/tsp_9113.graph,6,10,False,-1.6650848,-0.65222824
tsp_9114.graph,data/tsp_graphs/tsp_9114.graph,7,15,True,-0.51450014,-0.09412256
tsp_9115.graph,data/tsp_graphs/tsp_9115.graph,9,20,False,-0.2436676,0.5932141
tsp_9116.graph,data/tsp_graphs/tsp_9116.graph,6,20,True,1.0911888,0.07512927
tsp_9117.graph,data/tsp_graphs/tsp_9117.graph,6,10,False,-0.95915985,-0.3436113
tsp_9118.graph,data/tsp_graphs/tsp_9118.graph,7,10,True,1.8128128,0.15772569
tsp_9119.graph,data/tsp_graphs/tsp_9119.graph,5,15,False,-0.9896622,-0.8764059
tsp_912.graph,data/tsp_graphs/tsp_912.graph,9,10,True,0.20981598,0.012370765
tsp_9120.graph,data/tsp_graphs/tsp_9120.graph,6,20,True,0.69618225,-0.048724562
tsp_9121.graph,data/tsp_graphs/tsp_9121.graph,10,10,False,0.05213356,0.15069526
tsp_9122.graph,data/tsp_graphs/tsp_9122.graph,8,15,True,1.1721115,0.37828237
tsp_9123.graph,data/tsp_graphs/tsp_9123.graph,5,20,False,0.28738022,-0.4627751
tsp_9124.graph,data/tsp_graphs/tsp_9124.graph,6,10,True,1.4921417,-0.22619408
tsp_9125.graph,data/tsp_graphs/tsp_9125.graph,10,20,False,0.34953308,0.60313696
tsp_9126.graph,data/tsp_graphs/tsp_9126.graph,10,20,True,0.31911469,0.3986464
tsp_9127.graph,data/tsp_graphs/tsp_9127.graph,10,10,False,-1.6323948,0.16599315
tsp_9128.graph,data/tsp_graphs/tsp_9128.graph,6,10,True,2.3027344,-0.3600127
tsp_9129.graph,data/tsp_graphs/tsp_9129.graph,9,15,False,0.41861343,0.36825997
tsp_913.graph,data/tsp_graphs/tsp_913.graph,9,15,False,0.57245445,0.0150876045
tsp_9130.graph,data/tsp_graphs/tsp_9130.graph,5,20,True,-0.4545765,-0.24012408
tsp_9131.graph,data/tsp_graphs/tsp_9131.graph,8,10,False,1.9005585,0.05919093
tsp_9132.graph,data/tsp_graphs/tsp_9132.graph,9,10,True,-0.1831665,0.060048163
tsp_9133.graph,data/tsp_graphs/tsp_9133.graph,8,20,False,-1.655117,-0.15614405
tsp_9134.graph,data/tsp_graphs/tsp_9134.graph,7,10,True,2.304802,-0.24867742
tsp_9135.graph,data/tsp_graphs/tsp_9135.graph,8,15,False,-0.9527092,0.23141223
tsp_9136.graph,data/tsp_graphs/tsp_9136.graph,10,20,True,1.5587997,0.7125401
tsp_9137.graph,data/tsp_graphs/tsp_9137.graph,5,15,False,0.6083679,-0.9195432
tsp_9138.graph,data/tsp_graphs/tsp_9138.graph,8,15,True,-1.1278658,-0.055140197
tsp_9139.graph,data/tsp_graphs/tsp_9139.graph,6,20,False,-0.32803774,-0.3293507
tsp_914.graph,data/tsp_graphs/tsp_914.graph,7,20,True,0.46152115,0.34306806
tsp_9140.graph,data/tsp_graphs/tsp_9140.graph,8,15,True,-0.966095,-0.23184371
tsp_9141.graph,data/tsp_graphs/tsp_9141.graph,10,10,False,0.16291428,0.087415755
tsp_9142.graph,data/tsp_graphs/tsp_9142.graph,7,20,True,0.4229126,0.05487913
tsp_9143.graph,data/tsp_graphs/tsp_9143.graph,5,20,False,-0.21547699,-0.0386765
tsp_9144.graph,data/tsp_graphs/tsp_9144.graph,10,20,True,1.4738388,0.6800154
tsp_9145.graph,data/tsp_graphs/tsp_9145.graph,5,15,False,0.041410446,-0.5190654
tsp_9146.graph,data/tsp_graphs/tsp_9146.graph,6,20,True,0.22561646,-0.04284227
tsp_9147.graph,data/tsp_graphs/tsp_9147.graph,7,15,False,-1.3821888,0.31311452
tsp_9148.graph,data/tsp_graphs/tsp_9148.graph,10,10,True,0.7289734,0.01841271
tsp_9149.graph,data/tsp_graphs/tsp_9149.graph,9,10,False,0.54556084,0.11363715
tsp_915.graph,data/tsp_graphs/tsp_915.graph,5,20,False,-2.1127548,-0.37811714
tsp_9150.graph,data/tsp_graphs/tsp_9150.graph,7,10,True,-1.0187035,-0.42896032
tsp_9151.graph,data/tsp_graphs/tsp_9151.graph,5,15,False,0.031028748,-0.66363114
tsp_9152.graph,data/tsp_graphs/tsp_9152.graph,10,15,True,0.49759674,0.55280024
tsp_9153.graph,data/tsp_graphs/tsp_9153.graph,6,15,False,-0.40266514,0.16490918
tsp_9154.graph,data/tsp_graphs/tsp_9154.graph,9,20,True,-1.1331635,0.45561844
tsp_9155.graph,data/tsp_graphs/tsp_9155.graph,8,10,False,2.029457,0.16374809
tsp_9156.graph,data/tsp_graphs/tsp_9156.graph,8,10,True,1.3222733,-0.15530112
tsp_9157.graph,data/tsp_graphs/tsp_9157.graph,5,15,False,-0.36741543,-0.46791628
tsp_9158.graph,data/tsp_graphs/tsp_9158.graph,10,15,True,1.4121742,0.7763681
tsp_9159.graph,data/tsp_graphs/tsp_9159.graph,5,20,False,-1.4490016,-0.25901657
tsp_916.graph,data/tsp_graphs/tsp_916.graph,7,10,True,-1.1749191,-0.15869704
tsp_9160.graph,data/tsp_graphs/tsp_9160.graph,10,10,True,-1.3954735,0.13689929
tsp_9161.graph,data/tsp_graphs/tsp_9161.graph,5,10,False,-0.04840088,-0.59075284
tsp_9162.graph,data/tsp_graphs/tsp_9162.graph,8,15,True,-0.9683361,0.1408413
tsp_9163.graph,data/tsp_graphs/tsp_9163.graph,9,15,False,0.007701874,0.13620675
tsp_9164.graph,data/tsp_graphs/tsp_9164.graph,10,15,True,-0.72924423,0.59240395
tsp_9165.graph,data/tsp_graphs/tsp_9165.graph,6,15,False,-1.3680344,-0.14579117
tsp_9166.graph,data/tsp_graphs/tsp_9166.graph,6,15,True,-1.2598953,-0.16691959
tsp_9167.graph,data/tsp_graphs/tsp_9167.graph,7,10,False,0.15877342,-0.36999476
tsp_9168.graph,data/tsp_graphs/tsp_9168.graph,9,10,True,0.66604614,0.10753685
tsp_9169.graph,data/tsp_graphs/tsp_9169.graph,6,20,False,1.3292351,0.07954842
tsp_917.graph,data/tsp_graphs/tsp_917.graph,7,15,False,-0.6980133,0.07787907
tsp_9170.graph,data/tsp_graphs/tsp_9170.graph,6,10,True,-0.708889,-0.84227204
tsp_9171.graph,data/tsp_graphs/tsp_9171.graph,10,15,False,-0.67328644,0.52506644
tsp_9172.graph,data/tsp_graphs/tsp_9172.graph,6,10,True,1.1942368,-0.64515924
tsp_9173.graph,data/tsp_graphs/tsp_9173.graph,6,20,False,0.10644531,-0.059319973
tsp_9174.graph,data/tsp_graphs/tsp_9174.graph,10,20,True,1.1383362,0.90596944
tsp_9175.graph,data/tsp_graphs/tsp_9175.graph,7,15,False,-1.0859666,0.2819789
tsp_9176.graph,data/tsp_graphs/tsp_9176.graph,7,15,True,-0.3586092,-0.42088023
tsp_9177.graph,data/tsp_graphs/tsp_9177.graph,7,10,False,-0.112327576,-0.32411075
tsp_9178.graph,data/tsp_graphs/tsp_9178.graph,5,20,True,-0.10091305,-0.2517
tsp_9179.graph,data/tsp_graphs/tsp_9179.graph,9,20,False,-0.3759079,0.3677532
tsp_918.graph,data/tsp_graphs/tsp_918.graph,9,10,True,0.65252686,0.013646424
tsp_9180.graph,data/tsp_graphs/tsp_9180.graph,10,10,True,1.3103828,0.09823227
tsp_9181.graph,data/tsp_graphs/tsp_9181.graph,9,10,False,-0.9449768,0.3231395
tsp_9182.graph,data/tsp_graphs/tsp_9182.graph,7,10,True,0.27331543,-0.23003575
tsp_9183.graph,data/tsp_graphs/tsp_9183.graph,10,15,False,-0.88153505,0.8775924
tsp_9184.graph,data/tsp_graphs/tsp_9184.graph,5,20,True,2.131752,-0.14775074
tsp_9185.graph,data/tsp_graphs/tsp_9185.graph,6,15,False,-2.1067429,-0.42246425
tsp_9186.graph,data/tsp_graphs/tsp_9186.graph,7,20,True,0.9095764,0.016402721
tsp_9187.graph,data/tsp_graphs/tsp_9187.graph,9,15,False,-1.4782386,0.6302692
tsp_9188.graph,data/tsp_graphs/tsp_9188.graph,9,10,True,0.30143356,0.08330935
tsp_9189.graph,data/tsp_graphs/tsp_9189.graph,5,15,False,-1.5214863,-0.40776503
tsp_919.graph,data/tsp_graphs/tsp_919.graph,7,15,False,-0.76141644,0.21400672
tsp_9190.graph,data/tsp_graphs/tsp_9190.graph,7,15,True,0.53562164,-0.0004838109
tsp_9191.graph,data/tsp_graphs/tsp_9191.graph,6,20,False,0.17728424,-0.14097568
tsp_9192.graph,data/tsp_graphs/tsp_9192.graph,5,10,True,1.8941879,-0.74717665
tsp_9193.graph,data/tsp_graphs/tsp_9193.graph,10,10,False,0.22806549,0.19659036
tsp_9194.graph,data/tsp_graphs/tsp_9194.graph,7,15,True,0.38072777,-0.18762127
tsp_9195.graph,data/tsp_graphs/tsp_9195.graph,8,10,False,-0.88993835,0.17504054
tsp_9196.graph,data/tsp_graphs/tsp_9196.graph,10,20,True,0.09842682,0.52207834
tsp_9197.graph,data/tsp_graphs/tsp_9197.graph,8,15,False,0.8223877,0.06718743
tsp_9198.graph,data/tsp_graphs/tsp_9198.graph,5,10,True,0.8103752,-0.7227237
tsp_9199.graph,data/tsp_graphs/tsp_9199.graph,6,15,False,-0.97076416,-0.58315027
tsp_92.graph,data/tsp_graphs/tsp_92.graph,6,10,True,1.02071,-0.6886125
tsp_920.graph,data/tsp_graphs/tsp_920.graph,6,15,True,1.0982018,-0.18754745
tsp_9200.graph,data/tsp_graphs/tsp_9200.graph,10,15,True,-0.74464273,0.731546
tsp_9201.graph,data/tsp_graphs/tsp_9201.graph,8,10,False,0.019462585,0.17769212
tsp_9202.graph,data/tsp_graphs/tsp_9202.graph,7,10,True,-0.13906097,0.059434116
tsp_9203.graph,data/tsp_graphs/tsp_9203.graph,10,15,False,-1.6412115,0.8306518
tsp_9204.graph,data/tsp_graphs/tsp_9204.graph,7,15,True,-0.52929115,-0.15340936
tsp_9205.graph,data/tsp_graphs/tsp_9205.graph,10,20,False,-1.8431168,0.42412287
tsp_9206.graph,data/tsp_graphs/tsp_9206.graph,8,20,True,-1.140152,0.22918832
tsp_9207.graph,data/tsp_graphs/tsp_9207.graph,8,20,False,0.23241806,0.30419075
tsp_9208.graph,data/tsp_graphs/tsp_9208.graph,9,10,True,0.15067291,-0.08171022
tsp_9209.graph,data/tsp_graphs/tsp_9209.graph,6,15,False,0.08048248,-0.21203583
tsp_921.graph,data/tsp_graphs/tsp_921.graph,6,10,False,-1.1742668,-0.66434276
tsp_9210.graph,data/tsp_graphs/tsp_9210.graph,5,20,True,2.904005,-0.19635448
tsp_9211.graph,data/tsp_graphs/tsp_9211.graph,8,20,False,-0.058753967,0.14214677
tsp_9212.graph,data/tsp_graphs/tsp_9212.graph,7,10,True,1.3425903,-0.35895777
tsp_9213.graph,data/tsp_graphs/tsp_9213.graph,9,15,False,-0.39603615,0.023272455
tsp_9214.graph,data/tsp_graphs/tsp_9214.graph,5,20,True,1.54706,-0.059779763
tsp_9215.graph,data/tsp_graphs/tsp_9215.graph,9,10,False,-0.9079704,0.27489948
tsp_9216.graph,data/tsp_graphs/tsp_9216.graph,6,20,True,-0.6826935,0.1835218
tsp_9217.graph,data/tsp_graphs/tsp_9217.graph,6,20,False,0.3710518,-0.19340989
tsp_9218.graph,data/tsp_graphs/tsp_9218.graph,8,10,True,0.33006668,0.051374555
tsp_9219.graph,data/tsp_graphs/tsp_9219.graph,6,15,False,0.59342575,-0.30646205
tsp_922.graph,data/tsp_graphs/tsp_922.graph,5,15,True,1.2134018,-0.40046507
tsp_9220.graph,data/tsp_graphs/tsp_9220.graph,6,15,True,-1.2279968,-0.6149965
tsp_9221.graph,data/tsp_graphs/tsp_9221.graph,5,15,False,-0.4028988,-0.4955515
tsp_9222.graph,data/tsp_graphs/tsp_9222.graph,7,10,True,-0.90161896,-0.17601618
tsp_9223.graph,data/tsp_graphs/tsp_9223.graph,8,10,False,-0.010543823,-0.4952555
tsp_9224.graph,data/tsp_graphs/tsp_9224.graph,6,10,True,-0.055389404,-0.8694653
tsp_9225.graph,data/tsp_graphs/tsp_9225.graph,5,15,False,0.06803131,-0.34435868
tsp_9226.graph,data/tsp_graphs/tsp_9226.graph,8,15,True,-0.10157299,0.059919894
tsp_9227.graph,data/tsp_graphs/tsp_9227.graph,5,15,False,-0.7114601,-0.25888038
tsp_9228.graph,data/tsp_graphs/tsp_9228.graph,10,15,True,1.3412552,0.3707387
tsp_9229.graph,data/tsp_graphs/tsp_9229.graph,7,15,False,-0.67884254,0.24634081
tsp_923.graph,data/tsp_graphs/tsp_923.graph,8,15,False,-0.111093044,0.48721093
tsp_9230.graph,data/tsp_graphs/tsp_9230.graph,9,20,True,1.3586121,0.5782133
tsp_9231.graph,data/tsp_graphs/tsp_9231.graph,7,20,False,-0.20800781,0.23398644
tsp_9232.graph,data/tsp_graphs/tsp_9232.graph,10,20,True,0.39100647,0.8818925
tsp_9233.graph,data/tsp_graphs/tsp_9233.graph,8,15,False,0.20663452,0.076001346
tsp_9234.graph,data/tsp_graphs/tsp_9234.graph,5,15,True,-0.25839996,-1.0358572
tsp_9235.graph,data/tsp_graphs/tsp_9235.graph,6,20,False,-0.70328903,-0.0010713935
tsp_9236.graph,data/tsp_graphs/tsp_9236.graph,6,20,True,0.38274384,0.1624803
tsp_9237.graph,data/tsp_graphs/tsp_9237.graph,9,10,False,-0.61772156,0.09246242
tsp_9238.graph,data/tsp_graphs/tsp_9238.graph,10,10,True,1.6042175,0.43709952
tsp_9239.graph,data/tsp_graphs/tsp_9239.graph,9,10,False,0.50862503,0.029549122
tsp_924.graph,data/tsp_graphs/tsp_924.graph,8,10,True,0.4266281,0.035667002
tsp_9240.graph,data/tsp_graphs/tsp_9240.graph,6,10,True,0.5121956,-0.5250142
tsp_9241.graph,data/tsp_graphs/tsp_9241.graph,7,15,False,0.85206795,0.160133
tsp_9242.graph,data/tsp_graphs/tsp_9242.graph,7,20,True,2.513626,0.13312036
tsp_9243.graph,data/tsp_graphs/tsp_9243.graph,7,10,False,-2.2149887,-0.033793747
tsp_9244.graph,data/tsp_graphs/tsp_9244.graph,8,20,True,0.45231628,0.07060671
tsp_9245.graph,data/tsp_graphs/tsp_9245.graph,9,10,False,0.73719406,-0.15297866
tsp_9246.graph,data/tsp_graphs/tsp_9246.graph,8,10,True,-0.91836166,-0.02597183
tsp_9247.graph,data/tsp_graphs/tsp_9247.graph,5,10,False,0.7334976,-0.78574705
tsp_9248.graph,data/tsp_graphs/tsp_9248.graph,9,20,True,0.9785576,0.59036535
tsp_9249.graph,data/tsp_graphs/tsp_9249.graph,9,20,False,-1.4235077,0.40613192
tsp_925.graph,data/tsp_graphs/tsp_925.graph,9,10,False,-0.82666016,0.28072882
tsp_9250.graph,data/tsp_graphs/tsp_9250.graph,6,15,True,0.3912506,-0.07979852
tsp_9251.graph,data/tsp_graphs/tsp_9251.graph,10,10,False,-1.8671188,0.46911502
tsp_9252.graph,data/tsp_graphs/tsp_9252.graph,6,20,True,0.40509796,-0.26287633
tsp_9253.graph,data/tsp_graphs/tsp_9253.graph,5,15,False,-0.15123507,-0.4224618
tsp_9254.graph,data/tsp_graphs/tsp_9254.graph,8,10,True,-0.017532349,-0.43973023
tsp_9255.graph,data/tsp_graphs/tsp_9255.graph,8,20,False,1.8220444,0.0885241
tsp_9256.graph,data/tsp_graphs/tsp_9256.graph,8,20,True,0.4331255,0.34165937
tsp_9257.graph,data/tsp_graphs/tsp_9257.graph,10,15,False,0.9654875,0.5276497
tsp_9258.graph,data/tsp_graphs/tsp_9258.graph,7,20,True,1.3377304,0.21678287
tsp_9259.graph,data/tsp_graphs/tsp_9259.graph,5,15,False,-0.36854553,-0.39666802
tsp_926.graph,data/tsp_graphs/tsp_926.graph,10,20,True,0.05079651,0.47060186
tsp_9260.graph,data/tsp_graphs/tsp_9260.graph,9,10,True,1.8210945,-0.0023152232
tsp_9261.graph,data/tsp_graphs/tsp_9261.graph,7,20,False,-0.874176,0.15148896
tsp_9262.graph,data/tsp_graphs/tsp_9262.graph,6,15,True,1.5645294,-0.031380653
tsp_9263.graph,data/tsp_graphs/tsp_9263.graph,5,20,False,-0.15213394,-0.7169457
tsp_9264.graph,data/tsp_graphs/tsp_9264.graph,7,20,True,-0.06341553,0.033381164
tsp_9265.graph,data/tsp_graphs/tsp_9265.graph,10,15,False,-1.3511505,0.45593756
tsp_9266.graph,data/tsp_graphs/tsp_9266.graph,9,10,True,1.8365593,0.03800851
tsp_9267.graph,data/tsp_graphs/tsp_9267.graph,10,20,False,1.992691,0.9935346
tsp_9268.graph,data/tsp_graphs/tsp_9268.graph,6,15,True,0.92762756,-0.06868234
tsp_9269.graph,data/tsp_graphs/tsp_9269.graph,9,10,False,-2.032898,0.31561905
tsp_927.graph,data/tsp_graphs/tsp_927.graph,10,15,False,-2.400836,0.7226617
tsp_9270.graph,data/tsp_graphs/tsp_9270.graph,5,15,True,1.0684872,-0.32531783
tsp_9271.graph,data/tsp_graphs/tsp_9271.graph,8,20,False,-0.7622223,0.2141692
tsp_9272.graph,data/tsp_graphs/tsp_9272.graph,10,10,True,-0.057933807,-0.111036
tsp_9273.graph,data/tsp_graphs/tsp_9273.graph,5,20,False,-0.47154272,-0.50327593
tsp_9274.graph,data/tsp_graphs/tsp_9274.graph,7,10,True,3.348442,-0.17274603
tsp_9275.graph,data/tsp_graphs/tsp_9275.graph,10,10,False,-0.4246254,0.4174704
tsp_9276.graph,data/tsp_graphs/tsp_9276.graph,7,20,True,-1.0199242,0.06709558
tsp_9277.graph,data/tsp_graphs/tsp_9277.graph,8,15,False,-1.7340126,0.39828837
tsp_9278.graph,data/tsp_graphs/tsp_9278.graph,7,10,True,-0.14855957,-0.48093605
tsp_9279.graph,data/tsp_graphs/tsp_9279.graph,8,15,False,-0.6513758,-0.00739491
tsp_928.graph,data/tsp_graphs/tsp_928.graph,10,20,True,1.6480331,0.71722966
tsp_9280.graph,data/tsp_graphs/tsp_9280.graph,8,10,True,0.43377686,-0.1144163
tsp_9281.graph,data/tsp_graphs/tsp_9281.graph,9,20,False,-1.5138702,0.48054737
tsp_9282.graph,data/tsp_graphs/tsp_9282.graph,9,10,True,-0.37383366,-0.18750256
tsp_9283.graph,data/tsp_graphs/tsp_9283.graph,6,10,False,-1.3992004,-0.5306629
tsp_9284.graph,data/tsp_graphs/tsp_9284.graph,8,15,True,-0.07207298,0.32905143
tsp_9285.graph,data/tsp_graphs/tsp_9285.graph,9,10,False,-1.8363914,0.16054553
tsp_9286.graph,data/tsp_graphs/tsp_9286.graph,5,10,True,0.18087006,-0.6326214
tsp_9287.graph,data/tsp_graphs/tsp_9287.graph,7,15,False,0.5322151,-0.064047396
tsp_9288.graph,data/tsp_graphs/tsp_9288.graph,5,20,True,-0.25637054,-0.29710406
tsp_9289.graph,data/tsp_graphs/tsp_9289.graph,8,20,False,-0.4980812,0.3337698
tsp_929.graph,data/tsp_graphs/tsp_929.graph,5,10,False,-0.52266693,-0.5293048
tsp_9290.graph,data/tsp_graphs/tsp_9290.graph,8,20,True,1.0279236,0.28821772
tsp_9291.graph,data/tsp_graphs/tsp_9291.graph,6,20,False,1.274662,-0.17492932
tsp_9292.graph,data/tsp_graphs/tsp_9292.graph,8,10,True,1.4810638,0.33825284
tsp_9293.graph,data/tsp_graphs/tsp_9293.graph,10,15,False,-0.86906815,0.7122355
tsp_9294.graph,data/tsp_graphs/tsp_9294.graph,8,15,True,0.23899841,0.32773262
tsp_9295.graph,data/tsp_graphs/tsp_9295.graph,7,15,False,-1.813446,0.2925716
tsp_9296.graph,data/tsp_graphs/tsp_9296.graph,6,10,True,0.047626495,-0.43988505
tsp_9297.graph,data/tsp_graphs/tsp_9297.graph,6,20,False,0.5406647,0.12137216
tsp_9298.graph,data/tsp_graphs/tsp_9298.graph,10,20,True,0.47001648,0.6053435
tsp_9299.graph,data/tsp_graphs/tsp_9299.graph,6,10,False,-1.1989317,-0.7294941
tsp_93.graph,data/tsp_graphs/tsp_93.graph,6,20,False,0.103263855,-0.20491147
tsp_930.graph,data/tsp_graphs/tsp_930.graph,9,20,True,0.29048157,0.44226718
tsp_9300.graph,data/tsp_graphs/tsp_9300.graph,10,20,True,0.53632355,0.5807844
tsp_9301.graph,data/tsp_graphs/tsp_9301.graph,9,15,False,0.5300789,0.18597555
tsp_9302.graph,data/tsp_graphs/tsp_9302.graph,5,20,True,0.043803215,-0.5868428
tsp_9303.graph,data/tsp_graphs/tsp_9303.graph,6,10,False,0.38325882,-0.7490865
tsp_9304.graph,data/tsp_graphs/tsp_9304.graph,7,15,True,-0.9584875,0.21355647
tsp_9305.graph,data/tsp_graphs/tsp_9305.graph,8,20,False,0.3283081,0.18144149
tsp_9306.graph,data/tsp_graphs/tsp_9306.graph,6,20,True,1.7470322,-0.24692462
tsp_9307.graph,data/tsp_graphs/tsp_9307.graph,10,15,False,0.044864655,0.5318735
tsp_9308.graph,data/tsp_graphs/tsp_9308.graph,9,20,True,0.40205002,0.5511077
tsp_9309.graph,data/tsp_graphs/tsp_9309.graph,8,15,False,-0.6210823,0.14946812
tsp_931.graph,data/tsp_graphs/tsp_931.graph,5,10,False,-1.7156448,-0.7296132
tsp_9310.graph,data/tsp_graphs/tsp_9310.graph,7,20,True,1.5222588,0.100081384
tsp_9311.graph,data/tsp_graphs/tsp_9311.graph,7,15,False,-0.976984,-0.44418892
tsp_9312.graph,data/tsp_graphs/tsp_9312.graph,5,15,True,-0.20452881,-1.0273664
tsp_9313.graph,data/tsp_graphs/tsp_9313.graph,7,15,False,-0.24421597,-0.16161284
tsp_9314.graph,data/tsp_graphs/tsp_9314.graph,7,20,True,0.18931198,0.06277019
tsp_9315.graph,data/tsp_graphs/tsp_9315.graph,10,20,False,0.5559006,0.6500574
tsp_9316.graph,data/tsp_graphs/tsp_9316.graph,7,10,True,0.329628,-0.17938596
tsp_9317.graph,data/tsp_graphs/tsp_9317.graph,10,15,False,0.83425844,0.9222432
tsp_9318.graph,data/tsp_graphs/tsp_9318.graph,5,10,True,-0.8910599,-1.368571
tsp_9319.graph,data/tsp_graphs/tsp_9319.graph,5,10,False,-0.74429893,-1.176158
tsp_932.graph,data/tsp_graphs/tsp_932.graph,9,10,True,-1.274723,0.20323509
tsp_9320.graph,data/tsp_graphs/tsp_9320.graph,8,10,True,0.8176155,-0.25560832
tsp_9321.graph,data/tsp_graphs/tsp_9321.graph,5,20,False,-1.4689031,-0.2598589
tsp_9322.graph,data/tsp_graphs/tsp_9322.graph,10,20,True,-1.3327217,0.7703083
tsp_9323.graph,data/tsp_graphs/tsp_9323.graph,9,10,False,-2.2278557,0.0049597025
tsp_9324.graph,data/tsp_graphs/tsp_9324.graph,6,15,True,-0.14827347,-0.19540569
tsp_9325.graph,data/tsp_graphs/tsp_9325.graph,7,15,False,-0.3299942,-0.09062222
tsp_9326.graph,data/tsp_graphs/tsp_9326.graph,10,15,True,2.1513877,0.7139135
tsp_9327.graph,data/tsp_graphs/tsp_9327.graph,10,10,False,-0.51306343,0.36835682
tsp_9328.graph,data/tsp_graphs/tsp_9328.graph,6,15,True,-0.3300476,-0.62403876
tsp_9329.graph,data/tsp_graphs/tsp_9329.graph,10,10,False,-2.4046364,0.35922015
tsp_933.graph,data/tsp_graphs/tsp_933.graph,5,15,False,-0.52305794,-0.47437036
tsp_9330.graph,data/tsp_graphs/tsp_9330.graph,9,10,True,-0.8702736,-0.16507617
tsp_9331.graph,data/tsp_graphs/tsp_9331.graph,7,10,False,0.80132294,-0.5392468
tsp_9332.graph,data/tsp_graphs/tsp_9332.graph,6,10,True,1.2063103,-0.4135166
tsp_9333.graph,data/tsp_graphs/tsp_9333.graph,10,10,False,-2.6441612,0.28991532
tsp_9334.graph,data/tsp_graphs/tsp_9334.graph,7,20,True,0.3504181,0.38224465
tsp_9335.graph,data/tsp_graphs/tsp_9335.graph,10,10,False,0.1719513,0.5260082
tsp_9336.graph,data/tsp_graphs/tsp_9336.graph,5,10,True,0.09559631,-0.8837765
tsp_9337.graph,data/tsp_graphs/tsp_9337.graph,10,10,False,-2.1783218,0.57350665
tsp_9338.graph,data/tsp_graphs/tsp_9338.graph,9,20,True,-0.36450958,0.6739171
tsp_9339.graph,data/tsp_graphs/tsp_9339.graph,6,10,False,-0.0056762695,-0.39899185
tsp_934.graph,data/tsp_graphs/tsp_934.graph,6,15,True,-0.3678589,-0.4481163
tsp_9340.graph,data/tsp_graphs/tsp_9340.graph,5,15,True,-1.3345871,-0.65451247
tsp_9341.graph,data/tsp_graphs/tsp_9341.graph,8,15,False,-0.8515587,0.29588014
tsp_9342.graph,data/tsp_graphs/tsp_9342.graph,10,20,True,-1.2265015,0.51233464
tsp_9343.graph,data/tsp_graphs/tsp_9343.graph,6,20,False,-1.0843964,-0.0661872
tsp_9344.graph,data/tsp_graphs/tsp_9344.graph,5,20,True,-0.27841568,-0.45834875
tsp_9345.graph,data/tsp_graphs/tsp_9345.graph,10,10,False,-0.1634674,0.06710869
tsp_9346.graph,data/tsp_graphs/tsp_9346.graph,10,20,True,1.2937851,0.47996014
tsp_9347.graph,data/tsp_graphs/tsp_9347.graph,8,10,False,-0.99777985,0.28360182
tsp_9348.graph,data/tsp_graphs/tsp_9348.graph,9,10,True,0.46348572,0.3302781
tsp_9349.graph,data/tsp_graphs/tsp_9349.graph,5,10,False,-0.89097595,-0.7901323
tsp_935.graph,data/tsp_graphs/tsp_935.graph,7,20,False,-1.9296494,-0.024157077
tsp_9350.graph,data/tsp_graphs/tsp_9350.graph,8,10,True,1.2944565,-0.1606789
tsp_9351.graph,data/tsp_graphs/tsp_9351.graph,7,10,False,0.015769958,-0.2611959
tsp_9352.graph,data/tsp_graphs/tsp_9352.graph,9,10,True,-0.8642807,0.37472802
tsp_9353.graph,data/tsp_graphs/tsp_9353.graph,8,10,False,0.57527924,-0.4564085
tsp_9354.graph,data/tsp_graphs/tsp_9354.graph,9,15,True,0.34231853,0.05707103
tsp_9355.graph,data/tsp_graphs/tsp_9355.graph,8,10,False,0.41090775,-0.13947314
tsp_9356.graph,data/tsp_graphs/tsp_9356.graph,9,15,True,1.8105211,0.68906945
tsp_9357.graph,data/tsp_graphs/tsp_9357.graph,10,10,False,1.05513,0.5122146
tsp_9358.graph,data/tsp_graphs/tsp_9358.graph,8,15,True,-0.6181252,-0.118798375
tsp_9359.graph,data/tsp_graphs/tsp_9359.graph,10,20,False,-0.5926056,0.44355333
tsp_936.graph,data/tsp_graphs/tsp_936.graph,7,20,True,0.9065933,0.087496996
tsp_9360.graph,data/tsp_graphs/tsp_9360.graph,8,15,True,-0.86239624,-0.2290155
tsp_9361.graph,data/tsp_graphs/tsp_9361.graph,9,10,False,0.6107979,0.05261451
tsp_9362.graph,data/tsp_graphs/tsp_9362.graph,10,10,True,1.5253143,0.5574431
tsp_9363.graph,data/tsp_graphs/tsp_9363.graph,8,20,False,0.2094574,-0.053070366
tsp_9364.graph,data/tsp_graphs/tsp_9364.graph,6,10,True,0.78775024,-0.5296214
tsp_9365.graph,data/tsp_graphs/tsp_9365.graph,9,10,False,-0.30605316,0.3729046
tsp_9366.graph,data/tsp_graphs/tsp_9366.graph,8,15,True,-0.87940407,0.11608076
tsp_9367.graph,data/tsp_graphs/tsp_9367.graph,9,20,False,0.18373108,0.14883637
tsp_9368.graph,data/tsp_graphs/tsp_9368.graph,7,20,True,0.035842896,-0.04553014
tsp_9369.graph,data/tsp_graphs/tsp_9369.graph,7,15,False,-0.10846901,-0.10854766
tsp_937.graph,data/tsp_graphs/tsp_937.graph,5,15,False,-0.86930084,-0.6304958
tsp_9370.graph,data/tsp_graphs/tsp_9370.graph,6,20,True,1.4596405,-0.17828563
tsp_9371.graph,data/tsp_graphs/tsp_9371.graph,6,15,False,-1.7156296,-0.23616943
tsp_9372.graph,data/tsp_graphs/tsp_9372.graph,8,20,True,1.2942543,0.5200736
tsp_9373.graph,data/tsp_graphs/tsp_9373.graph,9,10,False,0.55537415,0.039898634
tsp_9374.graph,data/tsp_graphs/tsp_9374.graph,7,10,True,0.59465027,-0.42817983
tsp_9375.graph,data/tsp_graphs/tsp_9375.graph,6,15,False,-1.6085548,0.025301337
tsp_9376.graph,data/tsp_graphs/tsp_9376.graph,7,20,True,0.16529846,0.15693432
tsp_9377.graph,data/tsp_graphs/tsp_9377.graph,5,20,False,-1.1441479,-0.020838052
tsp_9378.graph,data/tsp_graphs/tsp_9378.graph,6,15,True,0.7972374,-0.16314757
tsp_9379.graph,data/tsp_graphs/tsp_9379.graph,5,20,False,0.8045764,-0.22728345
tsp_938.graph,data/tsp_graphs/tsp_938.graph,5,15,True,1.5817299,-0.38192648
tsp_9380.graph,data/tsp_graphs/tsp_9380.graph,10,15,True,0.66706085,0.421452
tsp_9381.graph,data/tsp_graphs/tsp_9381.graph,7,20,False,-1.5914879,0.20853692
tsp_9382.graph,data/tsp_graphs/tsp_9382.graph,8,10,True,1.272131,-0.12470561
tsp_9383.graph,data/tsp_graphs/tsp_9383.graph,6,15,False,-1.509388,-0.50009054
tsp_9384.graph,data/tsp_graphs/tsp_9384.graph,10,10,True,1.5008736,-0.26799196
tsp_9385.graph,data/tsp_graphs/tsp_9385.graph,9,20,False,-0.35063934,0.17693692
tsp_9386.graph,data/tsp_graphs/tsp_9386.graph,9,20,True,1.7931519,0.6908341
tsp_9387.graph,data/tsp_graphs/tsp_9387.graph,7,15,False,-0.4085884,0.09866285
tsp_9388.graph,data/tsp_graphs/tsp_9388.graph,6,10,True,1.6219482,-0.3123685
tsp_9389.graph,data/tsp_graphs/tsp_9389.graph,6,20,False,1.324398,0.00816232
tsp_939.graph,data/tsp_graphs/tsp_939.graph,10,15,False,-0.4955597,0.6320762
tsp_9390.graph,data/tsp_graphs/tsp_9390.graph,10,10,True,-0.42134857,0.30056268
tsp_9391.graph,data/tsp_graphs/tsp_9391.graph,8,10,False,-0.108493805,-0.2127755
tsp_9392.graph,data/tsp_graphs/tsp_9392.graph,5,20,True,1.4423218,-0.57714844
tsp_9393.graph,data/tsp_graphs/tsp_9393.graph,6,20,False,-1.2944641,-0.049581528
tsp_9394.graph,data/tsp_graphs/tsp_9394.graph,8,20,True,1.336052,0.4072011
tsp_9395.graph,data/tsp_graphs/tsp_9395.graph,9,20,False,-0.00038909912,0.48910993
tsp_9396.graph,data/tsp_graphs/tsp_9396.graph,5,15,True,1.5694389,-0.39352053
tsp_9397.graph,data/tsp_graphs/tsp_9397.graph,5,10,False,-0.32834625,-0.9289956
tsp_9398.graph,data/tsp_graphs/tsp_9398.graph,9,15,True,0.8064289,0.64176005
tsp_9399.graph,data/tsp_graphs/tsp_9399.graph,5,15,False,-1.4901428,-0.5702956
tsp_94.graph,data/tsp_graphs/tsp_94.graph,7,15,True,0.5609789,0.075369954
tsp_940.graph,data/tsp_graphs/tsp_940.graph,6,15,True,0.55989075,-0.17299026
tsp_9400.graph,data/tsp_graphs/tsp_9400.graph,5,15,True,2.3318405,-0.51720774
tsp_9401.graph,data/tsp_graphs/tsp_9401.graph,8,15,False,-1.299676,-0.06705749
tsp_9402.graph,data/tsp_graphs/tsp_9402.graph,10,10,True,1.5995445,0.07006675
tsp_9403.graph,data/tsp_graphs/tsp_9403.graph,7,10,False,-1.073986,-0.48886174
tsp_9404.graph,data/tsp_graphs/tsp_9404.graph,10,15,True,0.09603882,0.48954946
tsp_9405.graph,data/tsp_graphs/tsp_9405.graph,10,15,False,-0.78938293,0.33358675
tsp_9406.graph,data/tsp_graphs/tsp_9406.graph,5,20,True,1.2170258,-0.2982127
tsp_9407.graph,data/tsp_graphs/tsp_9407.graph,5,15,False,-1.1500397,-0.46162966
tsp_9408.graph,data/tsp_graphs/tsp_9408.graph,7,15,True,-0.09684849,0.23064184
tsp_9409.graph,data/tsp_graphs/tsp_9409.graph,7,20,False,-0.4718094,0.13701159
tsp_941.graph,data/tsp_graphs/tsp_941.graph,7,10,False,-1.1976357,-0.5882285
tsp_9410.graph,data/tsp_graphs/tsp_9410.graph,6,10,True,2.2368202,-0.5753061
tsp_9411.graph,data/tsp_graphs/tsp_9411.graph,10,20,False,-0.45059967,0.5510649
tsp_9412.graph,data/tsp_graphs/tsp_9412.graph,8,10,True,0.28892517,-0.2575759
tsp_9413.graph,data/tsp_graphs/tsp_9413.graph,6,15,False,-1.5759277,-0.48342273
tsp_9414.graph,data/tsp_graphs/tsp_9414.graph,5,10,True,0.59975433,-0.96614456
tsp_9415.graph,data/tsp_graphs/tsp_9415.graph,8,15,False,0.044799805,0.4724241
tsp_9416.graph,data/tsp_graphs/tsp_9416.graph,6,15,True,0.9188371,-0.43751574
tsp_9417.graph,data/tsp_graphs/tsp_9417.graph,7,10,False,0.21916962,-0.31871498
tsp_9418.graph,data/tsp_graphs/tsp_9418.graph,10,20,True,-0.28248596,0.3776552
tsp_9419.graph,data/tsp_graphs/tsp_9419.graph,7,20,False,-1.3359528,-0.055596292
tsp_942.graph,data/tsp_graphs/tsp_942.graph,8,20,True,2.2469635,0.20305139
tsp_9420.graph,data/tsp_graphs/tsp_9420.graph,7,15,True,2.7368946,-0.2245152
tsp_9421.graph,data/tsp_graphs/tsp_9421.graph,7,15,False,-0.52363205,0.14935279
tsp_9422.graph,data/tsp_graphs/tsp_9422.graph,10,20,True,0.7858887,0.6973575
tsp_9423.graph,data/tsp_graphs/tsp_9423.graph,6,20,False,-0.04610443,0.022094429
tsp_9424.graph,data/tsp_graphs/tsp_9424.graph,9,20,True,-0.10272217,0.357036
tsp_9425.graph,data/tsp_graphs/tsp_9425.graph,8,15,False,-1.4942532,-0.058060884
tsp_9426.graph,data/tsp_graphs/tsp_9426.graph,10,10,True,0.66069984,0.26606643
tsp_9427.graph,data/tsp_graphs/tsp_9427.graph,8,10,False,-0.7476883,0.1956715
tsp_9428.graph,data/tsp_graphs/tsp_9428.graph,8,10,True,2.0506973,0.14077842
tsp_9429.graph,data/tsp_graphs/tsp_9429.graph,7,15,False,-0.0888567,-0.34580842
tsp_943.graph,data/tsp_graphs/tsp_943.graph,6,20,False,0.27254486,-0.03437555
tsp_9430.graph,data/tsp_graphs/tsp_9430.graph,8,15,True,1.4668045,0.25959998
tsp_9431.graph,data/tsp_graphs/tsp_9431.graph,9,10,False,-0.79719543,-0.36814666
tsp_9432.graph,data/tsp_graphs/tsp_9432.graph,7,20,True,-0.7169609,0.428379
tsp_9433.graph,data/tsp_graphs/tsp_9433.graph,9,15,False,-0.069664,0.21053892
tsp_9434.graph,data/tsp_graphs/tsp_9434.graph,9,20,True,1.4684982,0.6525672
tsp_9435.graph,data/tsp_graphs/tsp_9435.graph,7,20,False,-0.9680786,0.016382992
tsp_9436.graph,data/tsp_graphs/tsp_9436.graph,10,20,True,0.045066833,0.5397673
tsp_9437.graph,data/tsp_graphs/tsp_9437.graph,9,20,False,-2.7112427,0.33388823
tsp_9438.graph,data/tsp_graphs/tsp_9438.graph,5,10,True,1.8753586,-0.58953047
tsp_9439.graph,data/tsp_graphs/tsp_9439.graph,7,15,False,0.12532711,0.17084682
tsp_944.graph,data/tsp_graphs/tsp_944.graph,5,10,True,1.5923233,-0.4907644
tsp_9440.graph,data/tsp_graphs/tsp_9440.graph,10,20,True,0.36396027,0.66792566
tsp_9441.graph,data/tsp_graphs/tsp_9441.graph,9,10,False,-0.47502708,-0.15887082
tsp_9442.graph,data/tsp_graphs/tsp_9442.graph,8,15,True,-1.1441936,0.17867148
tsp_9443.graph,data/tsp_graphs/tsp_9443.graph,6,15,False,-1.155899,-0.5935967
tsp_9444.graph,data/tsp_graphs/tsp_9444.graph,7,10,True,-0.00541687,-0.57769454
tsp_9445.graph,data/tsp_graphs/tsp_9445.graph,7,10,False,-0.061388493,-0.6991266
tsp_9446.graph,data/tsp_graphs/tsp_9446.graph,7,10,True,0.3643875,-0.3832248
tsp_9447.graph,data/tsp_graphs/tsp_9447.graph,5,20,False,-2.4382935,-0.5821739
tsp_9448.graph,data/tsp_graphs/tsp_9448.graph,10,20,True,0.29575348,0.49361855
tsp_9449.graph,data/tsp_graphs/tsp_9449.graph,7,15,False,-0.37437534,0.32648265
tsp_945.graph,data/tsp_graphs/tsp_945.graph,5,15,False,0.06037903,-0.27528667
tsp_9450.graph,data/tsp_graphs/tsp_9450.graph,7,20,True,-1.0150986,-0.018242478
tsp_9451.graph,data/tsp_graphs/tsp_9451.graph,5,20,False,2.5547285,-0.22009534
tsp_9452.graph,data/tsp_graphs/tsp_9452.graph,6,20,True,1.5420151,-0.026575506
tsp_9453.graph,data/tsp_graphs/tsp_9453.graph,7,15,False,-0.37711716,0.20666075
tsp_9454.graph,data/tsp_graphs/tsp_9454.graph,10,20,True,0.8461151,0.34236938
tsp_9455.graph,data/tsp_graphs/tsp_9455.graph,7,10,False,-0.6812382,-0.26980498
tsp_9456.graph,data/tsp_graphs/tsp_9456.graph,9,15,True,-0.047618866,0.20235741
tsp_9457.graph,data/tsp_graphs/tsp_9457.graph,7,15,False,0.27090263,-0.12602407
tsp_9458.graph,data/tsp_graphs/tsp_9458.graph,8,20,True,-0.391037,0.3861248
tsp_9459.graph,data/tsp_graphs/tsp_9459.graph,8,15,False,0.13835335,0.3338166
tsp_946.graph,data/tsp_graphs/tsp_946.graph,9,10,True,1.6113129,0.34770983
tsp_9460.graph,data/tsp_graphs/tsp_9460.graph,9,10,True,0.39522552,-0.3608671
tsp_9461.graph,data/tsp_graphs/tsp_9461.graph,6,10,False,-0.37825775,-0.34360045
tsp_9462.graph,data/tsp_graphs/tsp_9462.graph,8,10,True,1.7855759,0.28098965
tsp_9463.graph,data/tsp_graphs/tsp_9463.graph,9,10,False,1.3774452,0.0710302
tsp_9464.graph,data/tsp_graphs/tsp_9464.graph,9,10,True,0.40608597,-0.117562115
tsp_9465.graph,data/tsp_graphs/tsp_9465.graph,10,15,False,-1.3550358,0.910662
tsp_9466.graph,data/tsp_graphs/tsp_9466.graph,9,15,True,0.8031082,0.28660697
tsp_9467.graph,data/tsp_graphs/tsp_9467.graph,7,20,False,-0.02412033,-0.007767141
tsp_9468.graph,data/tsp_graphs/tsp_9468.graph,7,20,True,0.30464172,0.31667697
tsp_9469.graph,data/tsp_graphs/tsp_9469.graph,10,15,False,0.29709244,0.4931864
tsp_947.graph,data/tsp_graphs/tsp_947.graph,7,15,False,-0.90971184,0.19640177
tsp_9470.graph,data/tsp_graphs/tsp_9470.graph,7,15,True,-0.24323654,0.010175228
tsp_9471.graph,data/tsp_graphs/tsp_9471.graph,5,20,False,-0.45335388,-0.45568046
tsp_9472.graph,data/tsp_graphs/tsp_9472.graph,6,10,True,1.0069427,-0.30640915
tsp_9473.graph,data/tsp_graphs/tsp_9473.graph,5,20,False,-0.36721992,-0.5833945
tsp_9474.graph,data/tsp_graphs/tsp_9474.graph,6,10,True,1.2204838,-0.7251526
tsp_9475.graph,data/tsp_graphs/tsp_9475.graph,6,20,False,-0.9564171,0.050139785
tsp_9476.graph,data/tsp_graphs/tsp_9476.graph,5,10,True,0.21357727,-0.754303
tsp_9477.graph,data/tsp_graphs/tsp_9477.graph,5,20,False,0.21905136,-0.4067826
tsp_9478.graph,data/tsp_graphs/tsp_9478.graph,5,15,True,2.0363655,-0.26022777
tsp_9479.graph,data/tsp_graphs/tsp_9479.graph,10,20,False,0.447464,0.6451208
tsp_948.graph,data/tsp_graphs/tsp_948.graph,6,10,True,2.2980042,-0.20476067
tsp_9480.graph,data/tsp_graphs/tsp_9480.graph,6,15,True,0.09630966,-0.054355025
tsp_9481.graph,data/tsp_graphs/tsp_9481.graph,10,15,False,-0.1118927,0.5405343
tsp_9482.graph,data/tsp_graphs/tsp_9482.graph,8,15,True,1.2127724,0.31016237
tsp_9483.graph,data/tsp_graphs/tsp_9483.graph,10,10,False,-1.3611393,-0.06716281
tsp_9484.graph,data/tsp_graphs/tsp_9484.graph,9,10,True,-1.8437805,0.35355645
tsp_9485.graph,data/tsp_graphs/tsp_9485.graph,7,10,False,0.092754364,-0.3004074
tsp_9486.graph,data/tsp_graphs/tsp_9486.graph,8,10,True,-0.1924057,0.1324715
tsp_9487.graph,data/tsp_graphs/tsp_9487.graph,7,10,False,-0.1842041,-0.546763
tsp_9488.graph,data/tsp_graphs/tsp_9488.graph,5,20,True,0.03604889,-0.3666922
tsp_9489.graph,data/tsp_graphs/tsp_9489.graph,9,15,False,-0.6539993,0.24797302
tsp_949.graph,data/tsp_graphs/tsp_949.graph,10,10,False,-1.0696716,0.6898921
tsp_9490.graph,data/tsp_graphs/tsp_9490.graph,9,10,True,0.33203506,0.0443604
tsp_9491.graph,data/tsp_graphs/tsp_9491.graph,8,15,False,-1.5385437,0.08288813
tsp_9492.graph,data/tsp_graphs/tsp_9492.graph,10,10,True,-0.6541214,0.39458442
tsp_9493.graph,data/tsp_graphs/tsp_9493.graph,10,20,False,-0.9449234,0.8112832
tsp_9494.graph,data/tsp_graphs/tsp_9494.graph,7,20,True,-0.67198944,0.2138331
tsp_9495.graph,data/tsp_graphs/tsp_9495.graph,5,20,False,-1.5548439,-0.04804349
tsp_9496.graph,data/tsp_graphs/tsp_9496.graph,9,10,True,0.7970581,0.19179505
tsp_9497.graph,data/tsp_graphs/tsp_9497.graph,7,15,False,-0.6909313,0.13336784
tsp_9498.graph,data/tsp_graphs/tsp_9498.graph,5,20,True,-1.1914406,-0.124004185
tsp_9499.graph,data/tsp_graphs/tsp_9499.graph,8,20,False,0.19335175,0.18522465
tsp_95.graph,data/tsp_graphs/tsp_95.graph,9,10,False,-0.19044495,0.07220644
tsp_950.graph,data/tsp_graphs/tsp_950.graph,5,15,True,0.7724056,-0.30231094
tsp_9500.graph,data/tsp_graphs/tsp_9500.graph,7,10,True,0.9623642,-0.43172327
tsp_9501.graph,data/tsp_graphs/tsp_9501.graph,9,20,False,-0.15512085,0.35413092
tsp_9502.graph,data/tsp_graphs/tsp_9502.graph,5,20,True,0.42101288,-0.35667542
tsp_9503.graph,data/tsp_graphs/tsp_9503.graph,6,10,False,0.380764,-0.59600383
tsp_9504.graph,data/tsp_graphs/tsp_9504.graph,8,15,True,-0.2401762,0.5401637
tsp_9505.graph,data/tsp_graphs/tsp_9505.graph,5,20,False,-1.4060135,-0.50802356
tsp_9506.graph,data/tsp_graphs/tsp_9506.graph,10,10,True,2.0028763,0.4593842
tsp_9507.graph,data/tsp_graphs/tsp_9507.graph,7,10,False,0.31557465,-0.39279422
tsp_9508.graph,data/tsp_graphs/tsp_9508.graph,8,10,True,0.34641266,-0.28141657
tsp_9509.graph,data/tsp_graphs/tsp_9509.graph,7,20,False,0.36545563,-0.08239046
tsp_951.graph,data/tsp_graphs/tsp_951.graph,10,20,False,0.7312546,0.37042183
tsp_9510.graph,data/tsp_graphs/tsp_9510.graph,6,20,True,-0.28409576,-0.19738036
tsp_9511.graph,data/tsp_graphs/tsp_9511.graph,8,20,False,-0.516716,0.19542152
tsp_9512.graph,data/tsp_graphs/tsp_9512.graph,6,10,True,-1.107235,-0.71667075
tsp_9513.graph,data/tsp_graphs/tsp_9513.graph,10,15,False,0.16040802,0.3544497
tsp_9514.graph,data/tsp_graphs/tsp_9514.graph,9,20,True,1.560997,0.39418364
tsp_9515.graph,data/tsp_graphs/tsp_9515.graph,10,15,False,0.2876587,0.4011374
tsp_9516.graph,data/tsp_graphs/tsp_9516.graph,9,20,True,1.039238,0.7141083
tsp_9517.graph,data/tsp_graphs/tsp_9517.graph,10,10,False,0.8854599,0.4876272
tsp_9518.graph,data/tsp_graphs/tsp_9518.graph,7,10,True,0.12492752,-0.22322184
tsp_9519.graph,data/tsp_graphs/tsp_9519.graph,10,10,False,-0.5583725,0.39874488
tsp_952.graph,data/tsp_graphs/tsp_952.graph,10,10,True,0.7172146,0.35868603
tsp_9520.graph,data/tsp_graphs/tsp_9520.graph,10,15,True,1.7905197,0.38249093
tsp_9521.graph,data/tsp_graphs/tsp_9521.graph,10,15,False,1.0863075,0.6924786
tsp_9522.graph,data/tsp_graphs/tsp_9522.graph,9,20,True,1.1426544,0.5472385
tsp_9523.graph,data/tsp_graphs/tsp_9523.graph,6,20,False,-1.0150299,0.02434057
tsp_9524.graph,data/tsp_graphs/tsp_9524.graph,10,15,True,-0.85033417,0.41810954
tsp_9525.graph,data/tsp_graphs/tsp_9525.graph,8,15,False,-1.0502491,-0.22812662
tsp_9526.graph,data/tsp_graphs/tsp_9526.graph,10,10,True,0.8626652,0.39777333
tsp_9527.graph,data/tsp_graphs/tsp_9527.graph,8,15,False,-1.6386127,-0.27497286
tsp_9528.graph,data/tsp_graphs/tsp_9528.graph,9,20,True,0.8781662,0.3691861
tsp_9529.graph,data/tsp_graphs/tsp_9529.graph,8,10,False,-0.31355667,-0.40612715
tsp_953.graph,data/tsp_graphs/tsp_953.graph,7,20,False,0.11556244,0.18687373
tsp_9530.graph,data/tsp_graphs/tsp_9530.graph,8,10,True,1.3538895,0.2543103
tsp_9531.graph,data/tsp_graphs/tsp_9531.graph,7,10,False,0.26173782,-0.5361271
tsp_9532.graph,data/tsp_graphs/tsp_9532.graph,5,10,True,0.23841095,-0.90227234
tsp_9533.graph,data/tsp_graphs/tsp_9533.graph,9,15,False,0.04397571,-0.016694874
tsp_9534.graph,data/tsp_graphs/tsp_9534.graph,7,10,True,0.41810608,-0.56137806
tsp_9535.graph,data/tsp_graphs/tsp_9535.graph,8,10,False,-0.04360962,-0.034952313
tsp_9536.graph,data/tsp_graphs/tsp_9536.graph,6,20,True,-0.9304457,0.03374207
tsp_9537.graph,data/tsp_graphs/tsp_9537.graph,9,20,False,0.029464722,0.45634228
tsp_9538.graph,data/tsp_graphs/tsp_9538.graph,8,10,True,0.19114685,0.21364361
tsp_9539.graph,data/tsp_graphs/tsp_9539.graph,6,10,False,0.080062866,-0.4007569
tsp_954.graph,data/tsp_graphs/tsp_954.graph,6,20,True,-0.30389595,0.0052352548
tsp_9540.graph,data/tsp_graphs/tsp_9540.graph,10,15,True,-1.770319,0.7015256
tsp_9541.graph,data/tsp_graphs/tsp_9541.graph,8,15,False,-0.9457092,-0.041438222
tsp_9542.graph,data/tsp_graphs/tsp_9542.graph,6,10,True,1.2090263,-0.43776727
tsp_9543.graph,data/tsp_graphs/tsp_9543.graph,8,10,False,-1.0097084,-0.033947945
tsp_9544.graph,data/tsp_graphs/tsp_9544.graph,5,10,True,0.39339828,-0.96220773
tsp_9545.graph,data/tsp_graphs/tsp_9545.graph,9,15,False,-1.1305037,0.5717779
tsp_9546.graph,data/tsp_graphs/tsp_9546.graph,9,15,True,1.3084493,0.65559846
tsp_9547.graph,data/tsp_graphs/tsp_9547.graph,8,10,False,-1.9577255,0.0978266
tsp_9548.graph,data/tsp_graphs/tsp_9548.graph,5,15,True,0.046962738,-0.23437884
tsp_9549.graph,data/tsp_graphs/tsp_9549.graph,8,15,False,0.79156685,0.08621079
tsp_955.graph,data/tsp_graphs/tsp_955.graph,5,20,False,-0.47710705,-0.35690984
tsp_9550.graph,data/tsp_graphs/tsp_9550.graph,6,15,True,-2.036415,-0.47929415
tsp_9551.graph,data/tsp_graphs/tsp_9551.graph,7,20,False,0.17636108,0.024885416
tsp_9552.graph,data/tsp_graphs/tsp_9552.graph,8,15,True,-1.2756453,-0.016414702
tsp_9553.graph,data/tsp_graphs/tsp_9553.graph,6,15,False,-0.4230461,-0.40470827
tsp_9554.graph,data/tsp_graphs/tsp_9554.graph,8,10,True,-0.17888737,-0.38140097
tsp_9555.graph,data/tsp_graphs/tsp_9555.graph,5,15,False,0.9157257,-0.85912776
tsp_9556.graph,data/tsp_graphs/tsp_9556.graph,5,20,True,2.0256124,-0.116570145
tsp_9557.graph,data/tsp_graphs/tsp_9557.graph,8,15,False,-1.3952453,0.49160284
tsp_9558.graph,data/tsp_graphs/tsp_9558.graph,10,15,True,0.25883865,0.6656422
tsp_9559.graph,data/tsp_graphs/tsp_9559.graph,7,15,False,-1.6684084,-0.040470123
tsp_956.graph,data/tsp_graphs/tsp_956.graph,9,10,True,0.47681808,0.0054270923
tsp_9560.graph,data/tsp_graphs/tsp_9560.graph,8,10,True,0.21530533,-0.28168264
tsp_9561.graph,data/tsp_graphs/tsp_9561.graph,7,10,False,-0.7862663,-0.32705677
tsp_9562.graph,data/tsp_graphs/tsp_9562.graph,10,20,True,-0.015472412,0.54432195
tsp_9563.graph,data/tsp_graphs/tsp_9563.graph,7,15,False,-0.25559235,-0.35000002
tsp_9564.graph,data/tsp_graphs/tsp_9564.graph,5,20,True,2.4026291,-0.28920943
tsp_9565.graph,data/tsp_graphs/tsp_9565.graph,7,15,False,0.39418793,-0.06918898
tsp_9566.graph,data/tsp_graphs/tsp_9566.graph,8,10,True,2.501831,-0.208042
tsp_9567.graph,data/tsp_graphs/tsp_9567.graph,6,20,False,-0.76662636,0.0016553402
tsp_9568.graph,data/tsp_graphs/tsp_9568.graph,9,15,True,-0.087303996,0.6779799
tsp_9569.graph,data/tsp_graphs/tsp_9569.graph,9,20,False,-0.0013809204,0.39512116
tsp_957.graph,data/tsp_graphs/tsp_957.graph,8,10,False,0.41317368,-0.1665147
tsp_9570.graph,data/tsp_graphs/tsp_9570.graph,10,20,True,0.9956665,0.95738417
tsp_9571.graph,data/tsp_graphs/tsp_9571.graph,9,15,False,-1.4846592,0.6069692
tsp_9572.graph,data/tsp_graphs/tsp_9572.graph,8,20,True,0.047920227,0.3647204
tsp_9573.graph,data/tsp_graphs/tsp_9573.graph,9,20,False,-3.0934067,0.29604512
tsp_9574.graph,data/tsp_graphs/tsp_9574.graph,10,20,True,1.8939362,0.7752072
tsp_9575.graph,data/tsp_graphs/tsp_9575.graph,5,20,False,-1.0706463,-0.22676924
tsp_9576.graph,data/tsp_graphs/tsp_9576.graph,7,15,True,0.85782623,-0.038220912
tsp_9577.graph,data/tsp_graphs/tsp_9577.graph,8,10,False,-0.07113266,-0.51403844
tsp_9578.graph,data/tsp_graphs/tsp_9578.graph,6,20,True,0.56778145,-0.16508591
tsp_9579.graph,data/tsp_graphs/tsp_9579.graph,6,15,False,0.58329964,-0.33223128
tsp_958.graph,data/tsp_graphs/tsp_958.graph,8,20,True,0.7600899,0.46216744
tsp_9580.graph,data/tsp_graphs/tsp_9580.graph,9,15,True,-0.8500595,0.5182902
tsp_9581.graph,data/tsp_graphs/tsp_9581.graph,6,20,False,-0.9900131,0.17906028
tsp_9582.graph,data/tsp_graphs/tsp_9582.graph,8,20,True,1.3943367,0.6079102
tsp_9583.graph,data/tsp_graphs/tsp_9583.graph,7,15,False,1.2569354,-0.16562244
tsp_9584.graph,data/tsp_graphs/tsp_9584.graph,8,20,True,1.0736847,0.10813671
tsp_9585.graph,data/tsp_graphs/tsp_9585.graph,6,15,False,-0.8849964,-0.4877794
tsp_9586.graph,data/tsp_graphs/tsp_9586.graph,9,15,True,0.5861597,-0.060470283
tsp_9587.graph,data/tsp_graphs/tsp_9587.graph,5,20,False,-0.88256454,-0.3990566
tsp_9588.graph,data/tsp_graphs/tsp_9588.graph,8,10,True,0.5404129,0.2867462
tsp_9589.graph,data/tsp_graphs/tsp_9589.graph,10,20,False,-0.92742157,0.75106305
tsp_959.graph,data/tsp_graphs/tsp_959.graph,9,10,False,-1.9125977,-0.08428809
tsp_9590.graph,data/tsp_graphs/tsp_9590.graph,6,10,True,-0.12548065,-1.0614866
tsp_9591.graph,data/tsp_graphs/tsp_9591.graph,8,15,False,-1.9130859,-0.29672414
tsp_9592.graph,data/tsp_graphs/tsp_9592.graph,6,10,True,0.34928894,-0.6687925
tsp_9593.graph,data/tsp_graphs/tsp_9593.graph,5,10,False,-0.8116188,-0.9622806
tsp_9594.graph,data/tsp_graphs/tsp_9594.graph,5,15,True,1.0626869,-0.43970907
tsp_9595.graph,data/tsp_graphs/tsp_9595.graph,10,20,False,-0.5912247,0.7332675
tsp_9596.graph,data/tsp_graphs/tsp_9596.graph,8,20,True,-0.41930008,0.46687204
tsp_9597.graph,data/tsp_graphs/tsp_9597.graph,8,10,False,-1.0997543,0.18382919
tsp_9598.graph,data/tsp_graphs/tsp_9598.graph,7,15,True,1.1358728,0.25808102
tsp_9599.graph,data/tsp_graphs/tsp_9599.graph,9,10,False,-0.43844986,0.017534494
tsp_96.graph,data/tsp_graphs/tsp_96.graph,8,15,True,1.6670876,0.423939
tsp_960.graph,data/tsp_graphs/tsp_960.graph,5,10,True,2.3558292,-0.9878026
tsp_9600.graph,data/tsp_graphs/tsp_9600.graph,6,20,True,-0.7759018,-0.39318284
tsp_9601.graph,data/tsp_graphs/tsp_9601.graph,7,10,False,-0.867115,-0.6772898
tsp_9602.graph,data/tsp_graphs/tsp_9602.graph,8,10,True,1.0622215,-0.28604433
tsp_9603.graph,data/tsp_graphs/tsp_9603.graph,5,20,False,-0.35264206,-0.48012432
tsp_9604.graph,data/tsp_graphs/tsp_9604.graph,8,15,True,0.93001556,0.016715825
tsp_9605.graph,data/tsp_graphs/tsp_9605.graph,10,20,False,0.025878906,0.31861204
tsp_9606.graph,data/tsp_graphs/tsp_9606.graph,6,10,True,0.03727722,-0.2420425
tsp_9607.graph,data/tsp_graphs/tsp_9607.graph,5,15,False,-0.2885456,-0.38630846
tsp_9608.graph,data/tsp_graphs/tsp_9608.graph,5,15,True,1.0014496,-0.3177204
tsp_9609.graph,data/tsp_graphs/tsp_9609.graph,9,15,False,0.965271,0.1829738
tsp_961.graph,data/tsp_graphs/tsp_961.graph,5,15,False,-0.60785675,-0.8643907
tsp_9610.graph,data/tsp_graphs/tsp_9610.graph,7,15,True,0.06978035,0.24050319
tsp_9611.graph,data/tsp_graphs/tsp_9611.graph,5,10,False,0.04699278,-0.7781813
tsp_9612.graph,data/tsp_graphs/tsp_9612.graph,7,15,True,0.54435897,0.24710351
tsp_9613.graph,data/tsp_graphs/tsp_9613.graph,8,10,False,-2.821289,0.1304779
tsp_9614.graph,data/tsp_graphs/tsp_9614.graph,9,20,True,1.2419281,0.54601306
tsp_9615.graph,data/tsp_graphs/tsp_9615.graph,7,20,False,-0.72592163,-0.04229468
tsp_9616.graph,data/tsp_graphs/tsp_9616.graph,9,20,True,-0.16442108,0.20045936
tsp_9617.graph,data/tsp_graphs/tsp_9617.graph,5,10,False,-1.5869827,-0.60925287
tsp_9618.graph,data/tsp_graphs/tsp_9618.graph,5,10,True,0.5071869,-0.7956054
tsp_9619.graph,data/tsp_graphs/tsp_9619.graph,9,15,False,-2.013401,0.56522304
tsp_962.graph,data/tsp_graphs/tsp_962.graph,5,20,True,1.511575,-0.1550439
tsp_9620.graph,data/tsp_graphs/tsp_9620.graph,7,10,True,0.801548,-0.47795466
tsp_9621.graph,data/tsp_graphs/tsp_9621.graph,5,15,False,-0.9811077,-0.7008858
tsp_9622.graph,data/tsp_graphs/tsp_9622.graph,6,10,True,1.0811882,-0.5937476
tsp_9623.graph,data/tsp_graphs/tsp_9623.graph,9,10,False,-0.97315216,-0.65106726
tsp_9624.graph,data/tsp_graphs/tsp_9624.graph,7,15,True,-0.62965024,-0.31521428
tsp_9625.graph,data/tsp_graphs/tsp_9625.graph,6,15,False,0.18940067,-0.25108826
tsp_9626.graph,data/tsp_graphs/tsp_9626.graph,10,10,True,0.869915,0.11473143
tsp_9627.graph,data/tsp_graphs/tsp_9627.graph,10,20,False,-0.033546448,0.52059144
tsp_9628.graph,data/tsp_graphs/tsp_9628.graph,8,20,True,1.3428535,0.20233703
tsp_9629.graph,data/tsp_graphs/tsp_9629.graph,10,15,False,-1.4260702,0.76366466
tsp_963.graph,data/tsp_graphs/tsp_963.graph,8,20,False,-0.11312866,0.32046145
tsp_9630.graph,data/tsp_graphs/tsp_9630.graph,10,10,True,0.7581024,0.18354064
tsp_9631.graph,data/tsp_graphs/tsp_9631.graph,7,15,False,-0.78224945,-0.41607183
tsp_9632.graph,data/tsp_graphs/tsp_9632.graph,5,15,True,0.11945343,-0.4565459
tsp_9633.graph,data/tsp_graphs/tsp_9633.graph,7,15,False,0.7623286,0.14521194
tsp_9634.graph,data/tsp_graphs/tsp_9634.graph,8,15,True,0.17013168,0.22942358
tsp_9635.graph,data/tsp_graphs/tsp_9635.graph,5,20,False,-1.3569803,0.12950343
tsp_9636.graph,data/tsp_graphs/tsp_9636.graph,6,15,True,-1.2138176,-0.38671646
tsp_9637.graph,data/tsp_graphs/tsp_9637.graph,10,20,False,-1.0327911,0.5658091
tsp_9638.graph,data/tsp_graphs/tsp_9638.graph,8,20,True,-0.28456116,0.09075445
tsp_9639.graph,data/tsp_graphs/tsp_9639.graph,5,15,False,-0.24099731,-0.4216803
tsp_964.graph,data/tsp_graphs/tsp_964.graph,10,10,True,0.37861633,0.034383476
tsp_9640.graph,data/tsp_graphs/tsp_9640.graph,5,15,True,-0.47283173,-0.28890452
tsp_9641.graph,data/tsp_graphs/tsp_9641.graph,6,15,False,-0.7841835,-0.15680891
tsp_9642.graph,data/tsp_graphs/tsp_9642.graph,6,15,True,1.0992851,-0.48344877
tsp_9643.graph,data/tsp_graphs/tsp_9643.graph,9,15,False,-0.12280178,0.59326464
tsp_9644.graph,data/tsp_graphs/tsp_9644.graph,8,15,True,0.21432495,0.0172202
tsp_9645.graph,data/tsp_graphs/tsp_9645.graph,7,10,False,0.37374878,-0.1289038
tsp_9646.graph,data/tsp_graphs/tsp_9646.graph,6,10,True,-0.18185425,-0.46788856
tsp_9647.graph,data/tsp_graphs/tsp_9647.graph,10,15,False,-0.868618,0.5369559
tsp_9648.graph,data/tsp_graphs/tsp_9648.graph,6,20,True,0.48149872,-0.16253829
tsp_9649.graph,data/tsp_graphs/tsp_9649.graph,9,10,False,-0.55677795,0.14019686
tsp_965.graph,data/tsp_graphs/tsp_965.graph,6,15,False,-0.6665983,-0.3899691
tsp_9650.graph,data/tsp_graphs/tsp_9650.graph,7,15,True,1.2354221,0.20204353
tsp_9651.graph,data/tsp_graphs/tsp_9651.graph,10,10,False,1.3361435,0.55607086
tsp_9652.graph,data/tsp_graphs/tsp_9652.graph,7,15,True,0.8859525,0.23712867
tsp_9653.graph,data/tsp_graphs/tsp_9653.graph,5,10,False,0.99863434,-0.8172914
tsp_9654.graph,data/tsp_graphs/tsp_9654.graph,10,20,True,0.87831116,0.7408455
tsp_9655.graph,data/tsp_graphs/tsp_9655.graph,7,20,False,0.25274277,0.17341262
tsp_9656.graph,data/tsp_graphs/tsp_9656.graph,7,15,True,0.5597019,-0.13441849
tsp_9657.graph,data/tsp_graphs/tsp_9657.graph,5,15,False,-0.99043274,-0.3791439
tsp_9658.graph,data/tsp_graphs/tsp_9658.graph,8,15,True,0.98737335,-0.060767055
tsp_9659.graph,data/tsp_graphs/tsp_9659.graph,8,10,False,-1.5723267,0.069672406
tsp_966.graph,data/tsp_graphs/tsp_966.graph,7,15,True,-0.7628479,-0.35630012
tsp_9660.graph,data/tsp_graphs/tsp_9660.graph,5,15,True,0.61923456,-0.5058447
tsp_9661.graph,data/tsp_graphs/tsp_9661.graph,5,20,False,-1.6240654,-0.55935526
tsp_9662.graph,data/tsp_graphs/tsp_9662.graph,7,10,True,0.059253693,-0.5022238
tsp_9663.graph,data/tsp_graphs/tsp_9663.graph,9,10,False,-0.63710785,0.05110085
tsp_9664.graph,data/tsp_graphs/tsp_9664.graph,8,15,True,0.5153394,0.3685354
tsp_9665.graph,data/tsp_graphs/tsp_9665.graph,7,10,False,-0.28740692,0.16174942
tsp_9666.graph,data/tsp_graphs/tsp_9666.graph,10,15,True,-0.3442626,0.6790256
tsp_9667.graph,data/tsp_graphs/tsp_9667.graph,10,15,False,0.71989393,0.71430355
tsp_9668.graph,data/tsp_graphs/tsp_9668.graph,5,15,True,-0.1822586,-0.7541387
tsp_9669.graph,data/tsp_graphs/tsp_9669.graph,7,10,False,-0.76758575,-0.119485766
tsp_967.graph,data/tsp_graphs/tsp_967.graph,7,15,False,-0.31826782,-0.070445925
tsp_9670.graph,data/tsp_graphs/tsp_9670.graph,10,20,True,2.9183464,0.6556472
tsp_9671.graph,data/tsp_graphs/tsp_9671.graph,10,10,False,-0.048273087,-0.032031804
tsp_9672.graph,data/tsp_graphs/tsp_9672.graph,5,15,True,-0.707077,-0.2477656
tsp_9673.graph,data/tsp_graphs/tsp_9673.graph,10,10,False,0.71300125,0.16082871
tsp_9674.graph,data/tsp_graphs/tsp_9674.graph,8,15,True,0.73971176,0.29020655
tsp_9675.graph,data/tsp_graphs/tsp_9675.graph,6,20,False,-0.395916,-0.30681318
tsp_9676.graph,data/tsp_graphs/tsp_9676.graph,6,20,True,0.59695053,-0.122238934
tsp_9677.graph,data/tsp_graphs/tsp_9677.graph,9,10,False,-1.9973755,0.36604184
tsp_9678.graph,data/tsp_graphs/tsp_9678.graph,10,20,True,1.5100555,0.86409765
tsp_9679.graph,data/tsp_graphs/tsp_9679.graph,10,10,False,-1.2724228,0.5457297
tsp_968.graph,data/tsp_graphs/tsp_968.graph,7,15,True,1.0893993,0.16217107
tsp_9680.graph,data/tsp_graphs/tsp_9680.graph,9,10,True,0.88871765,0.38969082
tsp_9681.graph,data/tsp_graphs/tsp_9681.graph,6,20,False,-0.49333,-0.09390259
tsp_9682.graph,data/tsp_graphs/tsp_9682.graph,9,15,True,-0.10618973,0.22499281
tsp_9683.graph,data/tsp_graphs/tsp_9683.graph,5,15,False,0.51042557,-0.67257434
tsp_9684.graph,data/tsp_graphs/tsp_9684.graph,9,10,True,0.8058777,-0.2594991
tsp_9685.graph,data/tsp_graphs/tsp_9685.graph,8,20,False,-0.4781952,0.3702126
tsp_9686.graph,data/tsp_graphs/tsp_9686.graph,5,20,True,-2.0402756,-0.65275514
tsp_9687.graph,data/tsp_graphs/tsp_9687.graph,8,10,False,-0.96157074,0.18138057
tsp_9688.graph,data/tsp_graphs/tsp_9688.graph,9,10,True,-0.87594604,-0.03970164
tsp_9689.graph,data/tsp_graphs/tsp_9689.graph,9,10,False,-0.9621887,0.23096925
tsp_969.graph,data/tsp_graphs/tsp_969.graph,8,20,False,-0.22871399,0.14106435
tsp_9690.graph,data/tsp_graphs/tsp_9690.graph,6,15,True,0.38454056,-0.21207464
tsp_9691.graph,data/tsp_graphs/tsp_9691.graph,6,20,False,-1.8501015,-0.029798508
tsp_9692.graph,data/tsp_graphs/tsp_9692.graph,7,10,True,1.1938286,-0.1945324
tsp_9693.graph,data/tsp_graphs/tsp_9693.graph,10,10,False,-1.0217667,0.43002647
tsp_9694.graph,data/tsp_graphs/tsp_9694.graph,5,20,True,2.1608477,-0.30929723
tsp_9695.graph,data/tsp_graphs/tsp_9695.graph,7,15,False,0.17835343,0.0040486455
tsp_9696.graph,data/tsp_graphs/tsp_9696.graph,8,20,True,-0.1714096,0.05528003
tsp_9697.graph,data/tsp_graphs/tsp_9697.graph,6,20,False,0.26832962,-0.17824507
tsp_9698.graph,data/tsp_graphs/tsp_9698.graph,5,10,True,0.97413635,-0.3418171
tsp_9699.graph,data/tsp_graphs/tsp_9699.graph,10,20,False,1.7301712,0.7558499
tsp_97.graph,data/tsp_graphs/tsp_97.graph,8,20,False,-0.6139183,0.37075156
tsp_970.graph,data/tsp_graphs/tsp_970.graph,10,20,True,1.5525208,0.8226308
tsp_9700.graph,data/tsp_graphs/tsp_9700.graph,6,20,True,-1.3147049,-0.38194567
tsp_9701.graph,data/tsp_graphs/tsp_9701.graph,8,20,False,0.1962738,0.26882654
tsp_9702.graph,data/tsp_graphs/tsp_9702.graph,7,10,True,0.3293152,-0.62430954
tsp_9703.graph,data/tsp_graphs/tsp_9703.graph,10,20,False,-0.9495239,0.4172206
tsp_9704.graph,data/tsp_graphs/tsp_9704.graph,6,20,True,0.30221558,-0.43250167
tsp_9705.graph,data/tsp_graphs/tsp_9705.graph,9,15,False,0.8966675,0.15428543
tsp_9706.graph,data/tsp_graphs/tsp_9706.graph,5,10,True,-0.1592331,-0.8067038
tsp_9707.graph,data/tsp_graphs/tsp_9707.graph,9,20,False,-0.9425354,0.2594015
tsp_9708.graph,data/tsp_graphs/tsp_9708.graph,10,10,True,0.55965817,0.38337404
tsp_9709.graph,data/tsp_graphs/tsp_9709.graph,7,10,False,-0.5944996,-0.52088827
tsp_971.graph,data/tsp_graphs/tsp_971.graph,10,10,False,-1.2792702,0.05861169
tsp_9710.graph,data/tsp_graphs/tsp_9710.graph,10,20,True,-0.33620453,0.5858192
tsp_9711.graph,data/tsp_graphs/tsp_9711.graph,10,15,False,0.43048286,0.5317133
tsp_9712.graph,data/tsp_graphs/tsp_9712.graph,5,15,True,-0.2942314,-0.7761659
tsp_9713.graph,data/tsp_graphs/tsp_9713.graph,5,15,False,0.8215904,-0.49075556
tsp_9714.graph,data/tsp_graphs/tsp_9714.graph,5,20,True,-0.3532791,-0.040735364
tsp_9715.graph,data/tsp_graphs/tsp_9715.graph,7,10,False,1.4585483,-0.5227318
tsp_9716.graph,data/tsp_graphs/tsp_9716.graph,10,15,True,3.2324796,0.6943677
tsp_9717.graph,data/tsp_graphs/tsp_9717.graph,7,10,False,-1.8743134,0.09659684
tsp_9718.graph,data/tsp_graphs/tsp_9718.graph,8,10,True,0.12562561,0.3846467
tsp_9719.graph,data/tsp_graphs/tsp_9719.graph,6,10,False,-0.3945942,-0.48649618
tsp_972.graph,data/tsp_graphs/tsp_972.graph,7,15,True,1.9288177,0.060142875
tsp_9720.graph,data/tsp_graphs/tsp_9720.graph,5,10,True,1.996933,-0.8420633
tsp_9721.graph,data/tsp_graphs/tsp_9721.graph,9,20,False,0.25901794,0.21807432
tsp_9722.graph,data/tsp_graphs/tsp_9722.graph,10,10,True,1.8200607,0.40488553
tsp_9723.graph,data/tsp_graphs/tsp_9723.graph,10,10,False,-1.2711258,0.2030288
tsp_9724.graph,data/tsp_graphs/tsp_9724.graph,6,10,True,1.1385422,-0.6630448
tsp_9725.graph,data/tsp_graphs/tsp_9725.graph,6,10,False,0.10348511,-0.3359883
tsp_9726.graph,data/tsp_graphs/tsp_9726.graph,7,10,True,0.33029747,-0.23180869
tsp_9727.graph,data/tsp_graphs/tsp_9727.graph,9,15,False,-0.8723564,0.4266116
tsp_9728.graph,data/tsp_graphs/tsp_9728.graph,9,20,True,0.83895874,0.5179396
tsp_9729.graph,data/tsp_graphs/tsp_9729.graph,9,15,False,-1.1501695,0.06120926
tsp_973.graph,data/tsp_graphs/tsp_973.graph,9,15,False,-1.1249886,0.42158836
tsp_9730.graph,data/tsp_graphs/tsp_9730.graph,10,10,True,-0.31661224,-0.2322393
tsp_9731.graph,data/tsp_graphs/tsp_9731.graph,5,10,False,0.44577408,-0.9180132
tsp_9732.graph,data/tsp_graphs/tsp_9732.graph,9,20,True,0.17930603,0.67038816
tsp_9733.graph,data/tsp_graphs/tsp_9733.graph,8,10,False,-1.0918121,0.27381194
tsp_9734.graph,data/tsp_graphs/tsp_9734.graph,10,15,True,3.0124626,0.41967124
tsp_9735.graph,data/tsp_graphs/tsp_9735.graph,5,15,False,-0.18602753,-0.6563939
tsp_9736.graph,data/tsp_graphs/tsp_9736.graph,5,20,True,1.6661501,-0.3739829
tsp_9737.graph,data/tsp_graphs/tsp_9737.graph,6,20,False,0.27051544,0.08751136
tsp_9738.graph,data/tsp_graphs/tsp_9738.graph,6,15,True,-0.5952816,-0.34645852
tsp_9739.graph,data/tsp_graphs/tsp_9739.graph,6,10,False,-0.10182762,-0.81773436
tsp_974.graph,data/tsp_graphs/tsp_974.graph,5,10,True,1.1268005,-0.64179623
tsp_9740.graph,data/tsp_graphs/tsp_9740.graph,8,15,True,0.90240574,0.46813983
tsp_9741.graph,data/tsp_graphs/tsp_9741.graph,7,15,False,-1.3685188,0.03710711
tsp_9742.graph,data/tsp_graphs/tsp_9742.graph,10,20,True,0.83708954,0.30208117
tsp_9743.graph,data/tsp_graphs/tsp_9743.graph,6,20,False,-2.471077,-0.45296872
tsp_9744.graph,data/tsp_graphs/tsp_9744.graph,7,20,True,-0.5734863,-0.10676539
tsp_9745.graph,data/tsp_graphs/tsp_9745.graph,9,10,False,0.7155647,-0.18856001
tsp_9746.graph,data/tsp_graphs/tsp_9746.graph,9,20,True,-0.43030548,0.1447801
tsp_9747.graph,data/tsp_graphs/tsp_9747.graph,9,10,False,-1.3945389,-0.09423804
tsp_9748.graph,data/tsp_graphs/tsp_9748.graph,8,20,True,0.5509491,0.19384795
tsp_9749.graph,data/tsp_graphs/tsp_9749.graph,10,20,False,1.3977814,0.5525684
tsp_975.graph,data/tsp_graphs/tsp_975.graph,9,15,False,0.12188721,0.50654703
tsp_9750.graph,data/tsp_graphs/tsp_9750.graph,7,15,True,0.56604767,0.22976851
tsp_9751.graph,data/tsp_graphs/tsp_9751.graph,6,15,False,0.3123703,0.04186499
tsp_9752.graph,data/tsp_graphs/tsp_9752.graph,7,15,True,-0.049447775,-0.15729815
tsp_9753.graph,data/tsp_graphs/tsp_9753.graph,8,15,False,-1.9635715,0.3608027
tsp_9754.graph,data/tsp_graphs/tsp_9754.graph,9,10,True,0.73884773,0.13496423
tsp_9755.graph,data/tsp_graphs/tsp_9755.graph,6,20,False,-1.053608,0.0636338
tsp_9756.graph,data/tsp_graphs/tsp_9756.graph,5,20,True,-1.0168935,-0.4624475
tsp_9757.graph,data/tsp_graphs/tsp_9757.graph,9,20,False,-1.1923676,0.32706934
tsp_9758.graph,data/tsp_graphs/tsp_9758.graph,8,10,True,2.1008282,-0.15579253
tsp_9759.graph,data/tsp_graphs/tsp_9759.graph,6,10,False,-1.2474594,-0.97413003
tsp_976.graph,data/tsp_graphs/tsp_976.graph,9,10,True,1.9116058,0.45456034
tsp_9760.graph,data/tsp_graphs/tsp_9760.graph,9,10,True,-1.8014946,0.055306375
tsp_9761.graph,data/tsp_graphs/tsp_9761.graph,7,15,False,-1.6567612,0.31736022
tsp_9762.graph,data/tsp_graphs/tsp_9762.graph,8,15,True,-0.6766634,0.027460754
tsp_9763.graph,data/tsp_graphs/tsp_9763.graph,8,20,False,0.6441345,0.3349206
tsp_9764.graph,data/tsp_graphs/tsp_9764.graph,8,20,True,0.5034256,0.26241243
tsp_9765.graph,data/tsp_graphs/tsp_9765.graph,9,15,False,1.6146748,0.53542227
tsp_9766.graph,data/tsp_graphs/tsp_9766.graph,9,10,True,0.952034,0.06818795
tsp_9767.graph,data/tsp_graphs/tsp_9767.graph,10,10,False,0.014912605,-0.18218419
tsp_9768.graph,data/tsp_graphs/tsp_9768.graph,9,20,True,-0.8098526,0.33877617
tsp_9769.graph,data/tsp_graphs/tsp_9769.graph,6,15,False,-0.42478228,-0.30417097
tsp_977.graph,data/tsp_graphs/tsp_977.graph,6,10,False,-1.7059326,-0.5725259
tsp_9770.graph,data/tsp_graphs/tsp_9770.graph,8,15,True,0.010631561,-0.06562528
tsp_9771.graph,data/tsp_graphs/tsp_9771.graph,9,10,False,-1.6466904,0.27595043
tsp_9772.graph,data/tsp_graphs/tsp_9772.graph,7,20,True,0.30223083,0.4016341
tsp_9773.graph,data/tsp_graphs/tsp_9773.graph,6,15,False,0.49830246,-0.48799583
tsp_9774.graph,data/tsp_graphs/tsp_9774.graph,8,10,True,1.9997673,-0.05738309
tsp_9775.graph,data/tsp_graphs/tsp_9775.graph,8,15,False,0.62966347,0.35464662
tsp_9776.graph,data/tsp_graphs/tsp_9776.graph,10,20,True,-0.72317505,0.6553659
tsp_9777.graph,data/tsp_graphs/tsp_9777.graph,7,10,False,-1.8280792,-0.5450765
tsp_9778.graph,data/tsp_graphs/tsp_9778.graph,10,15,True,1.994297,0.5753316
tsp_9779.graph,data/tsp_graphs/tsp_9779.graph,10,15,False,0.9596367,0.24655789
tsp_978.graph,data/tsp_graphs/tsp_978.graph,7,20,True,-0.28006744,-0.070783496
tsp_9780.graph,data/tsp_graphs/tsp_9780.graph,5,15,True,1.2477493,-0.31394175
tsp_9781.graph,data/tsp_graphs/tsp_9781.graph,8,20,False,-0.34285736,0.16756475
tsp_9782.graph,data/tsp_graphs/tsp_9782.graph,8,20,True,-0.29537964,-0.18991789
tsp_9783.graph,data/tsp_graphs/tsp_9783.graph,5,10,False,-0.93174744,-0.5844892
tsp_9784.graph,data/tsp_graphs/tsp_9784.graph,8,15,True,-0.5844307,-0.008731425
tsp_9785.graph,data/tsp_graphs/tsp_9785.graph,7,15,False,0.25326538,0.15589601
tsp_9786.graph,data/tsp_graphs/tsp_9786.graph,8,20,True,-0.39782333,-0.11953911
tsp_9787.graph,data/tsp_graphs/tsp_9787.graph,8,20,False,-0.6602936,0.22380012
tsp_9788.graph,data/tsp_graphs/tsp_9788.graph,5,10,True,-1.1286774,-0.44303846
tsp_9789.graph,data/tsp_graphs/tsp_9789.graph,10,20,False,-0.3767929,0.55984956
tsp_979.graph,data/tsp_graphs/tsp_979.graph,10,15,False,1.0907669,0.71415657
tsp_9790.graph,data/tsp_graphs/tsp_9790.graph,5,20,True,0.70008564,-0.58780074
tsp_9791.graph,data/tsp_graphs/tsp_9791.graph,9,20,False,0.55644226,0.6541783
tsp_9792.graph,data/tsp_graphs/tsp_9792.graph,10,20,True,0.5600281,0.61278933
tsp_9793.graph,data/tsp_graphs/tsp_9793.graph,6,20,False,0.10380554,0.06503618
tsp_9794.graph,data/tsp_graphs/tsp_9794.graph,7,20,True,1.0031452,-0.13161656
tsp_9795.graph,data/tsp_graphs/tsp_9795.graph,8,15,False,-2.5929604,0.120527685
tsp_9796.graph,data/tsp_graphs/tsp_9796.graph,7,20,True,-2.6202812,0.24985975
tsp_9797.graph,data/tsp_graphs/tsp_9797.graph,6,10,False,-0.88846207,-0.70161784
tsp_9798.graph,data/tsp_graphs/tsp_9798.graph,10,10,True,-1.7507782,0.31078452
tsp_9799.graph,data/tsp_graphs/tsp_9799.graph,6,15,False,-2.0346975,-0.7761457
tsp_98.graph,data/tsp_graphs/tsp_98.graph,6,15,True,-1.340889,-0.40105182
tsp_980.graph,data/tsp_graphs/tsp_980.graph,6,10,True,1.2869835,-0.61884105
tsp_9800.graph,data/tsp_graphs/tsp_9800.graph,8,10,True,0.5738373,0.028005779
tsp_9801.graph,data/tsp_graphs/tsp_9801.graph,6,15,False,-0.4724083,-0.17725882
tsp_9802.graph,data/tsp_graphs/tsp_9802.graph,10,20,True,-0.14974594,0.86619884
tsp_9803.graph,data/tsp_graphs/tsp_9803.graph,6,15,False,-0.53019905,-0.019709885
tsp_9804.graph,data/tsp_graphs/tsp_9804.graph,6,15,True,0.02904129,-0.087040186
tsp_9805.graph,data/tsp_graphs/tsp_9805.graph,10,15,False,-1.005436,0.6557682
tsp_9806.graph,data/tsp_graphs/tsp_9806.graph,5,15,True,1.5540639,-0.5284745
tsp_9807.graph,data/tsp_graphs/tsp_9807.graph,6,10,False,0.20953369,-0.44369653
tsp_9808.graph,data/tsp_graphs/tsp_9808.graph,10,20,True,-0.18862152,0.82822424
tsp_9809.graph,data/tsp_graphs/tsp_9809.graph,8,10,False,-0.62090397,-0.61629707
tsp_981.graph,data/tsp_graphs/tsp_981.graph,5,10,False,-0.38189697,-0.8793113
tsp_9810.graph,data/tsp_graphs/tsp_9810.graph,10,15,True,0.6300392,0.32821423
tsp_9811.graph,data/tsp_graphs/tsp_9811.graph,5,15,False,-0.9083042,-0.4967672
tsp_9812.graph,data/tsp_graphs/tsp_9812.graph,8,10,True,0.51124954,-0.19613475
tsp_9813.graph,data/tsp_graphs/tsp_9813.graph,8,20,False,1.937046,0.6173046
tsp_9814.graph,data/tsp_graphs/tsp_9814.graph,6,20,True,0.34763908,-0.099711
tsp_9815.graph,data/tsp_graphs/tsp_9815.graph,10,10,False,-1.1824226,-0.10242334
tsp_9816.graph,data/tsp_graphs/tsp_9816.graph,6,10,True,-0.041915894,-0.5151005
tsp_9817.graph,data/tsp_graphs/tsp_9817.graph,6,10,False,2.668953,-0.23919708
tsp_9818.graph,data/tsp_graphs/tsp_9818.graph,10,10,True,-0.27228546,-0.0012151897
tsp_9819.graph,data/tsp_graphs/tsp_9819.graph,7,20,False,-1.5803413,0.03806126
tsp_982.graph,data/tsp_graphs/tsp_982.graph,6,15,True,0.06470871,-0.0104468465
tsp_9820.graph,data/tsp_graphs/tsp_9820.graph,5,15,True,-0.44602203,-0.27854836
tsp_9821.graph,data/tsp_graphs/tsp_9821.graph,6,10,False,0.29521942,-0.46719557
tsp_9822.graph,data/tsp_graphs/tsp_9822.graph,5,15,True,-0.16592026,-0.50901115
tsp_9823.graph,data/tsp_graphs/tsp_9823.graph,6,20,False,0.7053566,-0.31888473
tsp_9824.graph,data/tsp_graphs/tsp_9824.graph,8,20,True,0.8991394,0.46813667
tsp_9825.graph,data/tsp_graphs/tsp_9825.graph,10,10,False,0.5697613,0.44898862
tsp_9826.graph,data/tsp_graphs/tsp_9826.graph,6,20,True,1.1027832,-0.0049515367
tsp_9827.graph,data/tsp_graphs/tsp_9827.graph,9,10,False,0.96495056,-0.07789102
tsp_9828.graph,data/tsp_graphs/tsp_9828.graph,5,10,True,0.10727692,-0.9361565
tsp_9829.graph,data/tsp_graphs/tsp_9829.graph,6,15,False,-0.6415577,-0.4440313
tsp_983.graph,data/tsp_graphs/tsp_983.graph,10,10,False,-1.1441803,0.48357922
tsp_9830.graph,data/tsp_graphs/tsp_9830.graph,8,15,True,-1.2250366,0.27851337
tsp_9831.graph,data/tsp_graphs/tsp_9831.graph,10,15,False,-0.35191917,0.29014754
tsp_9832.graph,data/tsp_graphs/tsp_9832.graph,7,15,True,1.0328102,0.16829407
tsp_9833.graph,data/tsp_graphs/tsp_9833.graph,10,15,False,0.8509598,0.44189113
tsp_9834.graph,data/tsp_graphs/tsp_9834.graph,6,20,True,-0.8735814,-0.10525617
tsp_9835.graph,data/tsp_graphs/tsp_9835.graph,8,10,False,-1.1183205,-0.3025121
tsp_9836.graph,data/tsp_graphs/tsp_9836.graph,7,15,True,0.38765335,0.1449036
tsp_9837.graph,data/tsp_graphs/tsp_9837.graph,5,20,False,0.114724055,-0.5151019
tsp_9838.graph,data/tsp_graphs/tsp_9838.graph,6,10,True,1.3723755,-0.61951053
tsp_9839.graph,data/tsp_graphs/tsp_9839.graph,10,20,False,-0.27096558,0.80244714
tsp_984.graph,data/tsp_graphs/tsp_984.graph,8,15,True,0.45752335,0.027989388
tsp_9840.graph,data/tsp_graphs/tsp_9840.graph,10,15,True,0.684474,0.7209032
tsp_9841.graph,data/tsp_graphs/tsp_9841.graph,8,15,False,-3.1086197,0.30596823
tsp_9842.graph,data/tsp_graphs/tsp_9842.graph,9,15,True,0.099294186,0.5835871
tsp_9843.graph,data/tsp_graphs/tsp_9843.graph,8,15,False,-0.62833023,0.009403169
tsp_9844.graph,data/tsp_graphs/tsp_9844.graph,9,20,True,0.60793304,0.3086869
tsp_9845.graph,data/tsp_graphs/tsp_9845.graph,10,20,False,0.76830673,0.92712766
tsp_9846.graph,data/tsp_graphs/tsp_9846.graph,6,10,True,-0.15296173,-0.74803233
tsp_9847.graph,data/tsp_graphs/tsp_9847.graph,10,15,False,0.37882233,0.51572174
tsp_9848.graph,data/tsp_graphs/tsp_9848.graph,7,15,True,1.0821457,0.2119363
tsp_9849.graph,data/tsp_graphs/tsp_9849.graph,6,20,False,-0.6276398,-0.25555277
tsp_985.graph,data/tsp_graphs/tsp_985.graph,10,20,False,-1.2132568,0.8403745
tsp_9850.graph,data/tsp_graphs/tsp_9850.graph,8,20,True,1.4328918,0.3294266
tsp_9851.graph,data/tsp_graphs/tsp_9851.graph,9,15,False,-2.325323,0.6085473
tsp_9852.graph,data/tsp_graphs/tsp_9852.graph,6,10,True,1.3089218,-0.4109388
tsp_9853.graph,data/tsp_graphs/tsp_9853.graph,6,10,False,0.282135,-0.61152905
tsp_9854.graph,data/tsp_graphs/tsp_9854.graph,6,10,True,0.6092949,-0.56545675
tsp_9855.graph,data/tsp_graphs/tsp_9855.graph,7,20,False,0.07645035,-0.020753443
tsp_9856.graph,data/tsp_graphs/tsp_9856.graph,5,20,True,0.57268524,-0.13265535
tsp_9857.graph,data/tsp_graphs/tsp_9857.graph,10,15,False,-0.5216713,0.39092845
tsp_9858.graph,data/tsp_graphs/tsp_9858.graph,10,10,True,-0.49108887,0.11266422
tsp_9859.graph,data/tsp_graphs/tsp_9859.graph,5,10,False,-0.051589966,-0.35273704
tsp_986.graph,data/tsp_graphs/tsp_986.graph,10,10,True,1.727314,0.4032666
tsp_9860.graph,data/tsp_graphs/tsp_9860.graph,10,20,True,0.8824463,0.48783565
tsp_9861.graph,data/tsp_graphs/tsp_9861.graph,8,20,False,-1.8124237,0.26254797
tsp_9862.graph,data/tsp_graphs/tsp_9862.graph,7,20,True,1.7981491,0.2111395
tsp_9863.graph,data/tsp_graphs/tsp_9863.graph,5,15,False,-2.178112,-0.7917155
tsp_9864.graph,data/tsp_graphs/tsp_9864.graph,5,20,True,1.8098106,-0.3896922
tsp_9865.graph,data/tsp_graphs/tsp_9865.graph,8,15,False,-1.0074921,0.28039402
tsp_9866.graph,data/tsp_graphs/tsp_9866.graph,5,15,True,1.2904267,-0.194736
tsp_9867.graph,data/tsp_graphs/tsp_9867.graph,9,10,False,0.42974854,0.22247559
tsp_9868.graph,data/tsp_graphs/tsp_9868.graph,9,20,True,-1.1518707,0.39895803
tsp_9869.graph,data/tsp_graphs/tsp_9869.graph,5,20,False,1.0382633,-0.40809083
tsp_987.graph,data/tsp_graphs/tsp_987.graph,8,10,False,0.0953331,-0.032622516
tsp_9870.graph,data/tsp_graphs/tsp_9870.graph,6,20,True,0.7416878,0.11871022
tsp_9871.graph,data/tsp_graphs/tsp_9871.graph,7,20,False,-0.3675804,0.3078496
tsp_9872.graph,data/tsp_graphs/tsp_9872.graph,8,10,True,0.25632477,-0.22500119
tsp_9873.graph,data/tsp_graphs/tsp_9873.graph,5,20,False,-0.10448074,-0.22321415
tsp_9874.graph,data/tsp_graphs/tsp_9874.graph,6,15,True,1.4159822,0.050853074
tsp_9875.graph,data/tsp_graphs/tsp_9875.graph,7,15,False,0.039424896,0.013276696
tsp_9876.graph,data/tsp_graphs/tsp_9876.graph,6,10,True,0.3913269,-0.24534343
tsp_9877.graph,data/tsp_graphs/tsp_9877.graph,8,10,False,-0.5855255,-0.022823721
tsp_9878.graph,data/tsp_graphs/tsp_9878.graph,10,20,True,-0.7273407,0.53309435
tsp_9879.graph,data/tsp_graphs/tsp_9879.graph,8,20,False,-2.6026707,0.43894917
tsp_988.graph,data/tsp_graphs/tsp_988.graph,8,10,True,0.8004608,-0.051914364
tsp_9880.graph,data/tsp_graphs/tsp_9880.graph,5,15,True,2.7983017,-0.43803683
tsp_9881.graph,data/tsp_graphs/tsp_9881.graph,10,20,False,-1.6897087,0.62448794
tsp_9882.graph,data/tsp_graphs/tsp_9882.graph,5,15,True,1.5280952,-0.39737752
tsp_9883.graph,data/tsp_graphs/tsp_9883.graph,7,15,False,0.014896393,-0.17292896
tsp_9884.graph,data/tsp_graphs/tsp_9884.graph,8,10,True,-0.3264618,0.028245807
tsp_9885.graph,data/tsp_graphs/tsp_9885.graph,10,15,False,0.15283203,0.419477
tsp_9886.graph,data/tsp_graphs/tsp_9886.graph,9,10,True,0.85909843,0.14531851
tsp_9887.graph,data/tsp_graphs/tsp_9887.graph,7,20,False,-0.7175598,-0.17123866
tsp_9888.graph,data/tsp_graphs/tsp_9888.graph,10,20,True,1.580368,0.8215831
tsp_9889.graph,data/tsp_graphs/tsp_9889.graph,8,20,False,0.59760284,0.3294289
tsp_989.graph,data/tsp_graphs/tsp_989.graph,9,20,False,-0.39904022,0.55668837
tsp_9890.graph,data/tsp_graphs/tsp_9890.graph,5,10,True,-0.76795197,-0.70881116
tsp_9891.graph,data/tsp_graphs/tsp_9891.graph,6,20,False,-1.156662,-0.28871453
tsp_9892.graph,data/tsp_graphs/tsp_9892.graph,10,20,True,1.2288437,0.6665098
tsp_9893.graph,data/tsp_graphs/tsp_9893.graph,8,15,False,-1.8905201,-0.0044687986
tsp_9894.graph,data/tsp_graphs/tsp_9894.graph,6,15,True,0.5557337,-0.32278508
tsp_9895.graph,data/tsp_graphs/tsp_9895.graph,9,10,False,-1.0161858,-0.19791022
tsp_9896.graph,data/tsp_graphs/tsp_9896.graph,7,15,True,1.8691998,0.13642639
tsp_9897.graph,data/tsp_graphs/tsp_9897.graph,9,15,False,-1.126685,0.2493791
tsp_9898.graph,data/tsp_graphs/tsp_9898.graph,5,10,True,-0.93329453,-1.1518736
tsp_9899.graph,data/tsp_graphs/tsp_9899.graph,10,15,False,0.60672,0.6884474
tsp_99.graph,data/tsp_graphs/tsp_99.graph,7,15,False,-0.0010766983,-0.1566067
tsp_990.graph,data/tsp_graphs/tsp_990.graph,6,15,True,0.17681122,-0.585453
tsp_9900.graph,data/tsp_graphs/tsp_9900.graph,8,15,True,0.9069271,-0.14810228
tsp_9901.graph,data/tsp_graphs/tsp_9901.graph,9,10,False,0.0045394897,0.050634325
tsp_9902.graph,data/tsp_graphs/tsp_9902.graph,6,15,True,0.3912716,-0.07256776
tsp_9903.graph,data/tsp_graphs/tsp_9903.graph,5,15,False,-2.2907028,-0.29355
tsp_9904.graph,data/tsp_graphs/tsp_9904.graph,7,10,True,-1.5562248,-0.7675501
tsp_9905.graph,data/tsp_graphs/tsp_9905.graph,8,20,False,1.2292786,0.03408879
tsp_9906.graph,data/tsp_graphs/tsp_9906.graph,8,15,True,1.6109581,0.5408018
tsp_9907.graph,data/tsp_graphs/tsp_9907.graph,5,10,False,-0.09814453,-0.76341206
tsp_9908.graph,data/tsp_graphs/tsp_9908.graph,8,20,True,-0.34706497,-0.088385135
tsp_9909.graph,data/tsp_graphs/tsp_9909.graph,9,20,False,-0.05583954,-0.004573256
tsp_991.graph,data/tsp_graphs/tsp_991.graph,9,20,False,-1.616395,0.7632156
tsp_9910.graph,data/tsp_graphs/tsp_9910.graph,9,20,True,0.5572128,0.6352611
tsp_9911.graph,data/tsp_graphs/tsp_9911.graph,7,10,False,-0.9622688,-0.21204245
tsp_9912.graph,data/tsp_graphs/tsp_9912.graph,7,20,True,0.19263458,0.21126175
tsp_9913.graph,data/tsp_graphs/tsp_9913.graph,9,20,False,-0.40133286,0.4747705
tsp_9914.graph,data/tsp_graphs/tsp_9914.graph,8,10,True,-1.470478,-0.39163554
tsp_9915.graph,data/tsp_graphs/tsp_9915.graph,8,20,False,0.54546356,0.24672353
tsp_9916.graph,data/tsp_graphs/tsp_9916.graph,6,15,True,-0.9401169,-0.031143963
tsp_9917.graph,data/tsp_graphs/tsp_9917.graph,7,10,False,-2.166542,-0.20644063
tsp_9918.graph,data/tsp_graphs/tsp_9918.graph,7,10,True,0.008073807,-0.3945132
tsp_9919.graph,data/tsp_graphs/tsp_9919.graph,8,10,False,-1.28788,0.13578391
tsp_992.graph,data/tsp_graphs/tsp_992.graph,7,20,True,-0.43297577,0.44284052
tsp_9920.graph,data/tsp_graphs/tsp_9920.graph,9,15,True,1.2811112,0.59911245
tsp_9921.graph,data/tsp_graphs/tsp_9921.graph,8,15,False,-0.53096676,-0.212908
tsp_9922.graph,data/tsp_graphs/tsp_9922.graph,10,10,True,-0.15438843,0.081724405
tsp_9923.graph,data/tsp_graphs/tsp_9923.graph,9,20,False,-2.3122444,0.51351744
tsp_9924.graph,data/tsp_graphs/tsp_9924.graph,10,20,True,1.3366241,0.48419756
tsp_9925.graph,data/tsp_graphs/tsp_9925.graph,6,20,False,-2.347313,-0.16548884
tsp_9926.graph,data/tsp_graphs/tsp_9926.graph,9,10,True,1.6852531,0.08286351
tsp_9927.graph,data/tsp_graphs/tsp_9927.graph,6,20,False,0.9828987,-0.045870304
tsp_9928.graph,data/tsp_graphs/tsp_9928.graph,9,15,True,0.054099083,0.21557742
tsp_9929.graph,data/tsp_graphs/tsp_9929.graph,6,15,False,0.80851746,-0.07869506
tsp_993.graph,data/tsp_graphs/tsp_993.graph,6,10,False,1.2611427,-0.5850749
tsp_9930.graph,data/tsp_graphs/tsp_9930.graph,7,15,True,0.38266182,0.10093051
tsp_9931.graph,data/tsp_graphs/tsp_9931.graph,8,20,False,-0.2578888,0.24598873
tsp_9932.graph,data/tsp_graphs/tsp_9932.graph,7,20,True,1.5597858,0.37156194
tsp_9933.graph,data/tsp_graphs/tsp_9933.graph,10,15,False,-1.3577452,0.7171312
tsp_9934.graph,data/tsp_graphs/tsp_9934.graph,10,15,True,-1.3621941,0.32749766
tsp_9935.graph,data/tsp_graphs/tsp_9935.graph,7,10,False,0.48156738,-0.3976345
tsp_9936.graph,data/tsp_graphs/tsp_9936.graph,8,20,True,-1.0854874,0.06868094
tsp_9937.graph,data/tsp_graphs/tsp_9937.graph,9,10,False,-1.6073685,0.5038263
tsp_9938.graph,data/tsp_graphs/tsp_9938.graph,6,15,True,-0.3230791,-0.4768654
tsp_9939.graph,data/tsp_graphs/tsp_9939.graph,8,10,False,-1.381649,-0.073708594
tsp_994.graph,data/tsp_graphs/tsp_994.graph,6,10,True,0.2685089,-0.582653
tsp_9940.graph,data/tsp_graphs/tsp_9940.graph,6,10,True,1.7565155,-0.31508845
tsp_9941.graph,data/tsp_graphs/tsp_9941.graph,6,10,False,-1.0909328,-0.9579067
tsp_9942.graph,data/tsp_graphs/tsp_9942.graph,5,10,True,0.01940155,-0.9565271
tsp_9943.graph,data/tsp_graphs/tsp_9943.graph,6,20,False,-0.14950562,0.020347774
tsp_9944.graph,data/tsp_graphs/tsp_9944.graph,10,15,True,0.57120895,0.39940757
tsp_9945.graph,data/tsp_graphs/tsp_9945.graph,9,20,False,-2.2578964,0.4891954
tsp_9946.graph,data/tsp_graphs/tsp_9946.graph,8,10,True,0.10961151,-0.05522713
tsp_9947.graph,data/tsp_graphs/tsp_9947.graph,7,20,False,-1.9862633,-0.18139249
tsp_9948.graph,data/tsp_graphs/tsp_9948.graph,8,20,True,1.0600052,0.25818515
tsp_9949.graph,data/tsp_graphs/tsp_9949.graph,8,15,False,-0.68840027,0.036709428
tsp_995.graph,data/tsp_graphs/tsp_995.graph,9,10,False,0.3788681,0.17099571
tsp_9950.graph,data/tsp_graphs/tsp_9950.graph,7,20,True,1.4912491,0.3151999
tsp_9951.graph,data/tsp_graphs/tsp_9951.graph,7,10,False,-1.2932072,-0.71835005
tsp_9952.graph,data/tsp_graphs/tsp_9952.graph,8,20,True,0.3712883,0.46558762
tsp_9953.graph,data/tsp_graphs/tsp_9953.graph,6,20,False,-1.3941135,0.15200043
tsp_9954.graph,data/tsp_graphs/tsp_9954.graph,10,15,True,-0.041503906,0.5622304
tsp_9955.graph,data/tsp_graphs/tsp_9955.graph,10,15,False,-1.3687744,0.5329829
tsp_9956.graph,data/tsp_graphs/tsp_9956.graph,8,15,True,0.5584583,-0.0029320717
tsp_9957.graph,data/tsp_graphs/tsp_9957.graph,5,20,False,0.17744064,-0.51566803
tsp_9958.graph,data/tsp_graphs/tsp_9958.graph,7,15,True,-0.70707893,-0.08874214
tsp_9959.graph,data/tsp_graphs/tsp_9959.graph,8,10,False,-0.64056396,0.12385547
tsp_996.graph,data/tsp_graphs/tsp_996.graph,9,20,True,-1.0648499,0.33030415
tsp_9960.graph,data/tsp_graphs/tsp_9960.graph,9,20,True,0.13652802,0.29994994
tsp_9961.graph,data/tsp_graphs/tsp_9961.graph,6,20,False,2.4284782,-0.14707223
tsp_9962.graph,data/tsp_graphs/tsp_9962.graph,9,15,True,1.4570427,0.6391104
tsp_9963.graph,data/tsp_graphs/tsp_9963.graph,5,10,False,-0.5041046,-0.797328
tsp_9964.graph,data/tsp_graphs/tsp_9964.graph,5,15,True,0.6185112,-0.5829943
tsp_9965.graph,data/tsp_graphs/tsp_9965.graph,5,20,False,-1.6255016,-0.09774536
tsp_9966.graph,data/tsp_graphs/tsp_9966.graph,10,10,True,0.99562454,0.07432693
tsp_9967.graph,data/tsp_graphs/tsp_9967.graph,10,15,False,-1.3546486,0.56516474
tsp_9968.graph,data/tsp_graphs/tsp_9968.graph,7,10,True,0.4172516,-0.2811619
tsp_9969.graph,data/tsp_graphs/tsp_9969.graph,7,10,False,-0.6541214,-0.06712717
tsp_997.graph,data/tsp_graphs/tsp_997.graph,6,10,False,-0.80513763,-0.11626524
tsp_9970.graph,data/tsp_graphs/tsp_9970.graph,7,20,True,0.61846924,0.2388094
tsp_9971.graph,data/tsp_graphs/tsp_9971.graph,10,20,False,-0.7915878,0.49304503
tsp_9972.graph,data/tsp_graphs/tsp_9972.graph,6,15,True,-0.5667877,-0.40880308
tsp_9973.graph,data/tsp_graphs/tsp_9973.graph,8,20,False,-0.72729874,0.49424523
tsp_9974.graph,data/tsp_graphs/tsp_9974.graph,6,20,True,-1.2099457,0.0022516549
tsp_9975.graph,data/tsp_graphs/tsp_9975.graph,5,20,False,-0.004339218,-0.5487872
tsp_9976.graph,data/tsp_graphs/tsp_9976.graph,10,20,True,0.103027344,0.494847
tsp_9977.graph,data/tsp_graphs/tsp_9977.graph,7,15,False,-0.5276457,-0.10987252
tsp_9978.graph,data/tsp_graphs/tsp_9978.graph,10,15,True,-0.7691231,0.6752681
tsp_9979.graph,data/tsp_graphs/tsp_9979.graph,10,10,False,-0.11371231,0.2473895
tsp_998.graph,data/tsp_graphs/tsp_998.graph,8,15,True,0.089660645,-0.05642265
tsp_9980.graph,data/tsp_graphs/tsp_9980.graph,8,20,True,-0.03125763,0.48163182
tsp_9981.graph,data/tsp_graphs/tsp_9981.graph,5,15,False,-1.3479614,-0.5138922
tsp_9982.graph,data/tsp_graphs/tsp_9982.graph,7,15,True,-0.01285553,-0.015167266
tsp_9983.graph,data/tsp_graphs/tsp_9983.graph,8,15,False,0.55716896,0.39245194
tsp_9984.graph,data/tsp_graphs/tsp_9984.graph,5,10,True,0.5336647,-0.76438034
tsp_9985.graph,data/tsp_graphs/tsp_9985.graph,6,15,False,0.35874176,-0.44161302
tsp_9986.graph,data/tsp_graphs/tsp_9986.graph,5,15,True,2.3812084,-0.21450424
tsp_9987.graph,data/tsp_graphs/tsp_9987.graph,5,15,False,1.0164757,-0.28003392
tsp_9988.graph,data/tsp_graphs/tsp_9988.graph,10,15,True,0.631752,0.42673212
tsp_9989.graph,data/tsp_graphs/tsp_9989.graph,7,10,False,-1.7664967,-0.15712294
tsp_999.graph,data/tsp_graphs/tsp_999.graph,10,15,False,0.110557556,0.6348477
tsp_9990.graph,data/tsp_graphs/tsp_9990.graph,6,20,True,0.6665077,-0.3454058
tsp_9991.graph,data/tsp_graphs/tsp_9991.graph,9,15,False,0.47974968,0.56064206
tsp_9992.graph,data/tsp_graphs/tsp_9992.graph,9,15,True,1.4103565,0.6572191
tsp_9993.graph,data/tsp_graphs/tsp_9993.graph,5,10,False,-0.79546165,-1.0823524
tsp_9994.graph,data/tsp_graphs/tsp_9994.graph,10,20,True,2.2515564,0.6342426
tsp_9995.graph,data/tsp_graphs/tsp_9995.graph,7,20,False,-1.2954597,0.25661498
tsp_9996.graph,data/tsp_graphs/tsp_9996.graph,5,10,True,0.44190216,-0.7511019
tsp_9997.graph,data/tsp_graphs/tsp_9997.graph,7,20,False,-0.23406982,0.29861385
tsp_9998.graph,data/tsp_graphs/tsp_9998.graph,5,20,True,0.40349388,-0.4966014
tsp_9999.graph,data/tsp_graphs/tsp_9999.graph,9,20,False,0.5682373,0.49563617
