filename,path,nv,nc,sat,lda_x,pca_y
instance_0.graph,data/graph_coloring_graphs/instance_0.graph,17,97,True,-5.4374638,1.7664548
instance_1.graph,data/graph_coloring_graphs/instance_1.graph,13,10,True,1.8769035,-0.6628009
instance_10.graph,data/graph_coloring_graphs/instance_10.graph,19,33,True,1.7257919,-0.22401889
instance_100.graph,data/graph_coloring_graphs/instance_100.graph,12,9,True,0.6397953,0.7221421
instance_1000.graph,data/graph_coloring_graphs/instance_1000.graph,16,9,True,1.1675415,-0.16074437
instance_1001.graph,data/graph_coloring_graphs/instance_1001.graph,10,15,True,0.99998665,-1.3451209
instance_1002.graph,data/graph_coloring_graphs/instance_1002.graph,18,5,False,-4.1075916,1.4320495
instance_1003.graph,data/graph_coloring_graphs/instance_1003.graph,16,5,False,-2.4399137,1.106565
instance_1004.graph,data/graph_coloring_graphs/instance_1004.graph,16,13,True,1.1511803,-1.139394
instance_1005.graph,data/graph_coloring_graphs/instance_1005.graph,16,11,True,1.1108475,0.029911935
instance_1006.graph,data/graph_coloring_graphs/instance_1006.graph,14,5,True,1.8239212,-0.36746028
instance_1007.graph,data/graph_coloring_graphs/instance_1007.graph,10,7,True,0.80101013,-0.20943515
instance_1008.graph,data/graph_coloring_graphs/instance_1008.graph,18,7,False,-2.023983,1.3235961
instance_1009.graph,data/graph_coloring_graphs/instance_1009.graph,12,9,True,1.2607422,-0.9099401
instance_101.graph,data/graph_coloring_graphs/instance_101.graph,18,11,True,1.1791191,-0.32547316
instance_1010.graph,data/graph_coloring_graphs/instance_1010.graph,20,11,True,1.1844177,-0.21569459
instance_1011.graph,data/graph_coloring_graphs/instance_1011.graph,14,3,False,-4.592842,1.3207545
instance_1012.graph,data/graph_coloring_graphs/instance_1012.graph,14,5,True,0.22669983,0.5522361
instance_1013.graph,data/graph_coloring_graphs/instance_1013.graph,16,13,True,1.1153183,-0.7380483
instance_1014.graph,data/graph_coloring_graphs/instance_1014.graph,18,5,True,1.4385529,-0.1687778
instance_1015.graph,data/graph_coloring_graphs/instance_1015.graph,10,9,True,0.91662884,0.40317383
instance_1016.graph,data/graph_coloring_graphs/instance_1016.graph,14,11,True,1.0824127,-0.032005824
instance_1017.graph,data/graph_coloring_graphs/instance_1017.graph,16,5,False,-3.9183254,1.3890438
instance_1018.graph,data/graph_coloring_graphs/instance_1018.graph,16,13,True,1.1109962,-0.6264137
instance_1019.graph,data/graph_coloring_graphs/instance_1019.graph,10,5,True,-0.81751347,0.6892259
instance_102.graph,data/graph_coloring_graphs/instance_102.graph,12,5,False,-1.8327959,0.93637097
instance_1020.graph,data/graph_coloring_graphs/instance_1020.graph,10,9,True,1.0000076,-0.8991587
instance_1021.graph,data/graph_coloring_graphs/instance_1021.graph,18,11,True,1.1948271,-0.3658549
instance_1022.graph,data/graph_coloring_graphs/instance_1022.graph,12,11,True,1.0569191,-0.18743911
instance_1023.graph,data/graph_coloring_graphs/instance_1023.graph,16,9,True,0.572773,0.9226135
instance_1024.graph,data/graph_coloring_graphs/instance_1024.graph,10,15,True,1.0082245,-1.130444
instance_1025.graph,data/graph_coloring_graphs/instance_1025.graph,12,3,True,-1.2317924,0.2691211
instance_1026.graph,data/graph_coloring_graphs/instance_1026.graph,10,7,True,-0.510808,0.6981102
instance_1027.graph,data/graph_coloring_graphs/instance_1027.graph,10,3,True,1.6804771,-0.4839823
instance_1028.graph,data/graph_coloring_graphs/instance_1028.graph,16,15,True,1.1068115,-1.0161685
instance_1029.graph,data/graph_coloring_graphs/instance_1029.graph,18,13,True,1.123188,-0.7195829
instance_103.graph,data/graph_coloring_graphs/instance_103.graph,20,13,True,1.1442871,-0.54109406
instance_1030.graph,data/graph_coloring_graphs/instance_1030.graph,10,15,True,0.9794197,-1.1354917
instance_1031.graph,data/graph_coloring_graphs/instance_1031.graph,20,3,False,-2.3279953,0.5059428
instance_1032.graph,data/graph_coloring_graphs/instance_1032.graph,16,15,True,1.1002617,-1.0202562
instance_1033.graph,data/graph_coloring_graphs/instance_1033.graph,20,13,True,1.1977158,-0.84686923
instance_1034.graph,data/graph_coloring_graphs/instance_1034.graph,10,3,True,-0.65327835,0.35948265
instance_1035.graph,data/graph_coloring_graphs/instance_1035.graph,20,5,False,-4.8411293,1.5618122
instance_1036.graph,data/graph_coloring_graphs/instance_1036.graph,16,13,True,1.3328514,-1.3629997
instance_1037.graph,data/graph_coloring_graphs/instance_1037.graph,10,13,True,0.99399185,-0.84188414
instance_1038.graph,data/graph_coloring_graphs/instance_1038.graph,10,7,True,2.5021439,-0.8291564
instance_1039.graph,data/graph_coloring_graphs/instance_1039.graph,20,5,True,-1.7699907,0.9316908
instance_104.graph,data/graph_coloring_graphs/instance_104.graph,10,13,True,1.0689964,-1.4095552
instance_1040.graph,data/graph_coloring_graphs/instance_1040.graph,14,11,True,1.1183596,-0.49177256
instance_1041.graph,data/graph_coloring_graphs/instance_1041.graph,16,9,True,1.1264372,0.33279315
instance_1042.graph,data/graph_coloring_graphs/instance_1042.graph,12,7,True,1.7270069,0.19184485
instance_1043.graph,data/graph_coloring_graphs/instance_1043.graph,18,7,True,-1.1760101,1.122021
instance_1044.graph,data/graph_coloring_graphs/instance_1044.graph,12,9,True,0.9241257,0.4318793
instance_1045.graph,data/graph_coloring_graphs/instance_1045.graph,20,13,True,1.296812,-1.1309917
instance_1046.graph,data/graph_coloring_graphs/instance_1046.graph,16,3,False,-5.4721127,1.7848909
instance_1047.graph,data/graph_coloring_graphs/instance_1047.graph,10,9,True,0.88901234,0.43209818
instance_1048.graph,data/graph_coloring_graphs/instance_1048.graph,14,5,False,-1.3757839,0.9402119
instance_1049.graph,data/graph_coloring_graphs/instance_1049.graph,20,15,True,1.1175804,-0.95481086
instance_105.graph,data/graph_coloring_graphs/instance_105.graph,18,11,True,1.1261673,0.05029299
instance_1050.graph,data/graph_coloring_graphs/instance_1050.graph,14,9,True,0.62682724,0.838786
instance_1051.graph,data/graph_coloring_graphs/instance_1051.graph,10,7,True,0.61364746,-0.9620861
instance_1052.graph,data/graph_coloring_graphs/instance_1052.graph,12,7,True,1.6679955,-0.15896615
instance_1053.graph,data/graph_coloring_graphs/instance_1053.graph,14,13,True,1.0898361,-0.8133569
instance_1054.graph,data/graph_coloring_graphs/instance_1054.graph,10,15,True,1.0744476,-1.6279409
instance_1055.graph,data/graph_coloring_graphs/instance_1055.graph,10,7,True,1.5636673,-0.8221805
instance_1056.graph,data/graph_coloring_graphs/instance_1056.graph,10,15,True,1.0287323,-1.2623684
instance_1057.graph,data/graph_coloring_graphs/instance_1057.graph,18,9,True,0.88990307,0.5264499
instance_1058.graph,data/graph_coloring_graphs/instance_1058.graph,14,5,True,-0.4386902,0.5384674
instance_1059.graph,data/graph_coloring_graphs/instance_1059.graph,10,11,True,-0.4703865,-1.6873691
instance_106.graph,data/graph_coloring_graphs/instance_106.graph,20,3,False,-5.8712006,1.9941456
instance_1060.graph,data/graph_coloring_graphs/instance_1060.graph,12,3,False,-3.8028164,1.0265043
instance_1061.graph,data/graph_coloring_graphs/instance_1061.graph,18,7,True,-0.6493616,0.9968469
instance_1062.graph,data/graph_coloring_graphs/instance_1062.graph,10,7,True,0.8096161,-0.020409795
instance_1063.graph,data/graph_coloring_graphs/instance_1063.graph,12,13,True,1.1075783,-0.98565173
instance_1064.graph,data/graph_coloring_graphs/instance_1064.graph,12,7,True,3.1060753,-0.31810483
instance_1065.graph,data/graph_coloring_graphs/instance_1065.graph,20,15,True,1.2899323,-1.3164684
instance_1066.graph,data/graph_coloring_graphs/instance_1066.graph,16,11,True,1.1155815,0.067170136
instance_1067.graph,data/graph_coloring_graphs/instance_1067.graph,10,9,True,0.8484421,0.13084757
instance_1068.graph,data/graph_coloring_graphs/instance_1068.graph,16,5,False,-3.9183311,1.3890438
instance_1069.graph,data/graph_coloring_graphs/instance_1069.graph,14,11,True,1.1262474,-0.3628197
instance_107.graph,data/graph_coloring_graphs/instance_107.graph,12,9,True,0.7566519,0.60286
instance_1070.graph,data/graph_coloring_graphs/instance_1070.graph,14,9,True,1.0122757,-0.5136852
instance_1071.graph,data/graph_coloring_graphs/instance_1071.graph,10,15,True,0.9843483,-1.1856201
instance_1072.graph,data/graph_coloring_graphs/instance_1072.graph,16,3,False,-5.3324203,1.7645622
instance_1073.graph,data/graph_coloring_graphs/instance_1073.graph,14,7,True,1.6409569,-0.09542134
instance_1074.graph,data/graph_coloring_graphs/instance_1074.graph,20,7,False,-2.238411,1.4077467
instance_1075.graph,data/graph_coloring_graphs/instance_1075.graph,16,5,True,1.5692139,0.009536773
instance_1076.graph,data/graph_coloring_graphs/instance_1076.graph,14,3,False,-3.283557,0.8527826
instance_1077.graph,data/graph_coloring_graphs/instance_1077.graph,20,5,True,-0.36032104,0.48014143
instance_1078.graph,data/graph_coloring_graphs/instance_1078.graph,10,9,True,1.0972252,-0.19408916
instance_1079.graph,data/graph_coloring_graphs/instance_1079.graph,18,3,False,-5.586624,1.8437791
instance_108.graph,data/graph_coloring_graphs/instance_108.graph,12,13,True,1.0689926,-1.4095553
instance_1080.graph,data/graph_coloring_graphs/instance_1080.graph,16,3,False,-4.9111004,1.4862336
instance_1081.graph,data/graph_coloring_graphs/instance_1081.graph,16,11,True,1.1342888,-0.19417691
instance_1082.graph,data/graph_coloring_graphs/instance_1082.graph,12,13,True,1.1166916,-1.5254688
instance_1083.graph,data/graph_coloring_graphs/instance_1083.graph,12,9,True,0.8395281,0.5803524
instance_1084.graph,data/graph_coloring_graphs/instance_1084.graph,20,13,True,1.3715439,-1.2700818
instance_1085.graph,data/graph_coloring_graphs/instance_1085.graph,20,11,True,1.1408653,0.03494545
instance_1086.graph,data/graph_coloring_graphs/instance_1086.graph,18,7,False,-2.1030807,1.3423877
instance_1087.graph,data/graph_coloring_graphs/instance_1087.graph,12,7,True,2.1455307,-0.46940193
instance_1088.graph,data/graph_coloring_graphs/instance_1088.graph,18,7,False,-1.9137077,1.3233682
instance_1089.graph,data/graph_coloring_graphs/instance_1089.graph,14,11,True,1.0919456,-0.07017495
instance_109.graph,data/graph_coloring_graphs/instance_109.graph,14,9,True,1.0354776,0.19953528
instance_1090.graph,data/graph_coloring_graphs/instance_1090.graph,16,9,True,1.3271809,0.07939465
instance_1091.graph,data/graph_coloring_graphs/instance_1091.graph,14,13,True,1.3403244,-1.3564184
instance_1092.graph,data/graph_coloring_graphs/instance_1092.graph,18,7,False,-1.8863335,1.3170394
instance_1093.graph,data/graph_coloring_graphs/instance_1093.graph,14,13,True,1.1021652,-0.667971
instance_1094.graph,data/graph_coloring_graphs/instance_1094.graph,18,13,True,1.1224499,-0.7051836
instance_1095.graph,data/graph_coloring_graphs/instance_1095.graph,12,15,True,1.0635595,-1.2635766
instance_1096.graph,data/graph_coloring_graphs/instance_1096.graph,20,3,False,-5.862175,1.9893143
instance_1097.graph,data/graph_coloring_graphs/instance_1097.graph,18,3,True,-2.3102226,0.7044958
instance_1098.graph,data/graph_coloring_graphs/instance_1098.graph,12,11,True,1.053782,-0.42728215
instance_1099.graph,data/graph_coloring_graphs/instance_1099.graph,16,5,True,-0.48098755,0.7222719
instance_11.graph,data/graph_coloring_graphs/instance_11.graph,17,96,True,0.59022903,0.906991
instance_110.graph,data/graph_coloring_graphs/instance_110.graph,16,9,True,0.99574614,0.35034552
instance_1100.graph,data/graph_coloring_graphs/instance_1100.graph,10,15,True,0.9882889,-1.4550512
instance_1101.graph,data/graph_coloring_graphs/instance_1101.graph,14,7,True,-1.1369877,1.1080787
instance_1102.graph,data/graph_coloring_graphs/instance_1102.graph,20,5,False,-4.01515,1.3834779
instance_1103.graph,data/graph_coloring_graphs/instance_1103.graph,16,13,True,1.1012077,-0.60587907
instance_1104.graph,data/graph_coloring_graphs/instance_1104.graph,14,7,True,-0.59359264,0.92979586
instance_1105.graph,data/graph_coloring_graphs/instance_1105.graph,10,7,True,3.0589523,-1.102638
instance_1106.graph,data/graph_coloring_graphs/instance_1106.graph,16,7,False,-1.6650887,1.2521958
instance_1107.graph,data/graph_coloring_graphs/instance_1107.graph,20,9,True,0.83427525,0.62761843
instance_1108.graph,data/graph_coloring_graphs/instance_1108.graph,12,15,True,1.0780926,-1.174985
instance_1109.graph,data/graph_coloring_graphs/instance_1109.graph,16,9,True,1.1763344,-0.48700866
instance_111.graph,data/graph_coloring_graphs/instance_111.graph,12,9,True,0.80793285,0.48004296
instance_1110.graph,data/graph_coloring_graphs/instance_1110.graph,16,13,True,1.1630707,-0.8404255
instance_1111.graph,data/graph_coloring_graphs/instance_1111.graph,12,7,True,1.8840637,0.25260696
instance_1112.graph,data/graph_coloring_graphs/instance_1112.graph,14,7,True,1.8717918,-0.33786157
instance_1113.graph,data/graph_coloring_graphs/instance_1113.graph,10,5,True,1.8645287,-0.6956346
instance_1114.graph,data/graph_coloring_graphs/instance_1114.graph,18,9,True,0.6523113,0.82373
instance_1115.graph,data/graph_coloring_graphs/instance_1115.graph,14,3,False,-4.2308607,1.3056538
instance_1116.graph,data/graph_coloring_graphs/instance_1116.graph,18,7,False,-1.9134789,1.2973223
instance_1117.graph,data/graph_coloring_graphs/instance_1117.graph,16,13,True,1.2168579,-1.3636577
instance_1118.graph,data/graph_coloring_graphs/instance_1118.graph,12,15,True,1.1142998,-1.6786754
instance_1119.graph,data/graph_coloring_graphs/instance_1119.graph,10,15,True,1.0417976,-1.5154793
instance_112.graph,data/graph_coloring_graphs/instance_112.graph,16,13,True,1.1412086,-0.7563884
instance_1120.graph,data/graph_coloring_graphs/instance_1120.graph,18,9,True,1.4255981,-0.5067093
instance_1121.graph,data/graph_coloring_graphs/instance_1121.graph,18,15,True,1.1591988,-1.1426814
instance_1122.graph,data/graph_coloring_graphs/instance_1122.graph,16,13,True,1.2852173,-1.26473
instance_1123.graph,data/graph_coloring_graphs/instance_1123.graph,14,11,True,1.1204948,-0.25448376
instance_1124.graph,data/graph_coloring_graphs/instance_1124.graph,10,11,True,1.0003948,-0.43354267
instance_1125.graph,data/graph_coloring_graphs/instance_1125.graph,12,9,True,0.900753,0.4557452
instance_1126.graph,data/graph_coloring_graphs/instance_1126.graph,14,5,True,2.2064552,-0.19815826
instance_1127.graph,data/graph_coloring_graphs/instance_1127.graph,16,7,True,0.8692703,0.48659566
instance_1128.graph,data/graph_coloring_graphs/instance_1128.graph,10,9,True,1.3169556,-0.47605452
instance_1129.graph,data/graph_coloring_graphs/instance_1129.graph,20,7,False,-2.2588043,1.4124175
instance_113.graph,data/graph_coloring_graphs/instance_113.graph,10,3,False,-3.4775,0.8977362
instance_1130.graph,data/graph_coloring_graphs/instance_1130.graph,18,13,True,1.1275749,-0.6378975
instance_1131.graph,data/graph_coloring_graphs/instance_1131.graph,10,7,True,0.6136551,-0.9620861
instance_1132.graph,data/graph_coloring_graphs/instance_1132.graph,18,3,False,-3.7882433,1.1893
instance_1133.graph,data/graph_coloring_graphs/instance_1133.graph,16,7,False,-1.4835892,1.2096331
instance_1134.graph,data/graph_coloring_graphs/instance_1134.graph,10,15,True,0.9775219,-1.3458717
instance_1135.graph,data/graph_coloring_graphs/instance_1135.graph,18,5,False,-4.4704895,1.4924215
instance_1136.graph,data/graph_coloring_graphs/instance_1136.graph,10,7,True,0.61364746,-0.9620861
instance_1137.graph,data/graph_coloring_graphs/instance_1137.graph,16,7,True,0.8442116,0.6127945
instance_1138.graph,data/graph_coloring_graphs/instance_1138.graph,14,9,True,0.6934204,0.6363255
instance_1139.graph,data/graph_coloring_graphs/instance_1139.graph,10,5,True,-1.5880704,0.83337235
instance_114.graph,data/graph_coloring_graphs/instance_114.graph,12,7,True,1.5343475,-0.6335516
instance_1140.graph,data/graph_coloring_graphs/instance_1140.graph,14,15,True,1.1324987,-1.2707764
instance_1141.graph,data/graph_coloring_graphs/instance_1141.graph,16,3,False,-3.8962765,1.1186261
instance_1142.graph,data/graph_coloring_graphs/instance_1142.graph,10,7,True,0.06310654,-0.28124845
instance_1143.graph,data/graph_coloring_graphs/instance_1143.graph,20,7,True,-0.2993641,0.8204094
instance_1144.graph,data/graph_coloring_graphs/instance_1144.graph,18,9,True,0.5295315,0.9849739
instance_1145.graph,data/graph_coloring_graphs/instance_1145.graph,12,11,True,1.0449104,-0.23046625
instance_1146.graph,data/graph_coloring_graphs/instance_1146.graph,20,13,True,1.124691,-0.544446
instance_1147.graph,data/graph_coloring_graphs/instance_1147.graph,12,15,True,1.0534611,-1.0742639
instance_1148.graph,data/graph_coloring_graphs/instance_1148.graph,16,13,True,1.1160488,-0.756637
instance_1149.graph,data/graph_coloring_graphs/instance_1149.graph,18,13,True,1.1637878,-0.7997389
instance_115.graph,data/graph_coloring_graphs/instance_115.graph,14,15,True,1.1513653,-1.2909782
instance_1150.graph,data/graph_coloring_graphs/instance_1150.graph,12,11,True,1.0469131,-0.15066169
instance_1151.graph,data/graph_coloring_graphs/instance_1151.graph,12,7,True,1.1249466,-0.041076533
instance_1152.graph,data/graph_coloring_graphs/instance_1152.graph,18,7,True,1.4315262,0.3309175
instance_1153.graph,data/graph_coloring_graphs/instance_1153.graph,10,13,True,0.99399376,-0.84188414
instance_1154.graph,data/graph_coloring_graphs/instance_1154.graph,18,3,True,-1.9649467,0.4944472
instance_1155.graph,data/graph_coloring_graphs/instance_1155.graph,12,5,True,-0.76821613,0.8053751
instance_1156.graph,data/graph_coloring_graphs/instance_1156.graph,18,9,True,1.3379135,-0.19918516
instance_1157.graph,data/graph_coloring_graphs/instance_1157.graph,18,13,True,1.1333771,-0.60222244
instance_1158.graph,data/graph_coloring_graphs/instance_1158.graph,14,3,True,-0.7115364,0.23500916
instance_1159.graph,data/graph_coloring_graphs/instance_1159.graph,12,13,True,1.0425835,-0.7338426
instance_116.graph,data/graph_coloring_graphs/instance_116.graph,20,3,False,-4.9505463,1.6026143
instance_1160.graph,data/graph_coloring_graphs/instance_1160.graph,16,9,True,0.95198154,0.45018938
instance_1161.graph,data/graph_coloring_graphs/instance_1161.graph,18,11,True,1.1426926,-0.055146694
instance_1162.graph,data/graph_coloring_graphs/instance_1162.graph,16,3,True,-1.5807362,0.4773132
instance_1163.graph,data/graph_coloring_graphs/instance_1163.graph,10,9,True,1.0486412,-0.35078242
instance_1164.graph,data/graph_coloring_graphs/instance_1164.graph,12,15,True,1.1020126,-1.3262551
instance_1165.graph,data/graph_coloring_graphs/instance_1165.graph,12,5,True,-0.6074724,0.7154764
instance_1166.graph,data/graph_coloring_graphs/instance_1166.graph,20,11,True,1.3638239,-0.71294487
instance_1167.graph,data/graph_coloring_graphs/instance_1167.graph,20,9,True,0.8974705,0.63330436
instance_1168.graph,data/graph_coloring_graphs/instance_1168.graph,18,11,True,1.2620678,-0.7771441
instance_1169.graph,data/graph_coloring_graphs/instance_1169.graph,10,7,True,0.4696846,-0.13918455
instance_117.graph,data/graph_coloring_graphs/instance_117.graph,12,5,True,-0.61572075,0.36333725
instance_1170.graph,data/graph_coloring_graphs/instance_1170.graph,10,5,True,0.24477577,0.2637615
instance_1171.graph,data/graph_coloring_graphs/instance_1171.graph,20,9,False,0.42066193,1.0960262
instance_1172.graph,data/graph_coloring_graphs/instance_1172.graph,18,11,True,1.1159096,0.10073805
instance_1173.graph,data/graph_coloring_graphs/instance_1173.graph,16,13,True,1.2111807,-1.0992745
instance_1174.graph,data/graph_coloring_graphs/instance_1174.graph,12,7,True,-0.5060854,0.86377144
instance_1175.graph,data/graph_coloring_graphs/instance_1175.graph,16,7,True,-1.0083523,1.0197042
instance_1176.graph,data/graph_coloring_graphs/instance_1176.graph,18,5,True,-2.6758738,1.1020164
instance_1177.graph,data/graph_coloring_graphs/instance_1177.graph,16,11,True,1.1179237,-0.08633209
instance_1178.graph,data/graph_coloring_graphs/instance_1178.graph,18,7,False,-2.179039,1.3604481
instance_1179.graph,data/graph_coloring_graphs/instance_1179.graph,18,3,True,-0.53178024,0.18806267
instance_118.graph,data/graph_coloring_graphs/instance_118.graph,20,7,True,-0.44689846,0.89739895
instance_1180.graph,data/graph_coloring_graphs/instance_1180.graph,16,9,True,0.49428558,0.9658201
instance_1181.graph,data/graph_coloring_graphs/instance_1181.graph,14,7,True,1.9012299,-0.08569624
instance_1182.graph,data/graph_coloring_graphs/instance_1182.graph,20,13,True,1.1798077,-0.80657125
instance_1183.graph,data/graph_coloring_graphs/instance_1183.graph,14,13,True,1.1134644,-1.2964581
instance_1184.graph,data/graph_coloring_graphs/instance_1184.graph,18,7,True,-0.11447525,0.82874405
instance_1185.graph,data/graph_coloring_graphs/instance_1185.graph,14,3,True,-0.63308144,0.34465346
instance_1186.graph,data/graph_coloring_graphs/instance_1186.graph,14,13,True,1.1035347,-0.74249685
instance_1187.graph,data/graph_coloring_graphs/instance_1187.graph,20,15,True,1.1491051,-1.0139589
instance_1188.graph,data/graph_coloring_graphs/instance_1188.graph,18,9,True,1.4697571,-0.25809777
instance_1189.graph,data/graph_coloring_graphs/instance_1189.graph,18,9,True,0.57546806,0.8337656
instance_119.graph,data/graph_coloring_graphs/instance_119.graph,14,13,True,1.1962972,-1.024868
instance_1190.graph,data/graph_coloring_graphs/instance_1190.graph,16,3,True,-1.2511425,0.45648637
instance_1191.graph,data/graph_coloring_graphs/instance_1191.graph,16,7,True,-0.16738796,0.857528
instance_1192.graph,data/graph_coloring_graphs/instance_1192.graph,20,7,True,-1.331068,1.1461933
instance_1193.graph,data/graph_coloring_graphs/instance_1193.graph,14,9,True,0.63814545,0.82827246
instance_1194.graph,data/graph_coloring_graphs/instance_1194.graph,20,11,True,1.142334,0.020858034
instance_1195.graph,data/graph_coloring_graphs/instance_1195.graph,14,7,True,-1.1318607,1.0136744
instance_1196.graph,data/graph_coloring_graphs/instance_1196.graph,12,9,True,0.94497013,0.4776729
instance_1197.graph,data/graph_coloring_graphs/instance_1197.graph,20,11,True,1.1718445,-0.18257394
instance_1198.graph,data/graph_coloring_graphs/instance_1198.graph,14,15,True,1.086319,-1.0384892
instance_1199.graph,data/graph_coloring_graphs/instance_1199.graph,20,11,True,1.2976027,-0.67372143
instance_12.graph,data/graph_coloring_graphs/instance_12.graph,17,76,True,1.1034908,-0.7268474
instance_120.graph,data/graph_coloring_graphs/instance_120.graph,18,5,True,-1.3530612,0.9048737
instance_1200.graph,data/graph_coloring_graphs/instance_1200.graph,14,3,False,-4.486515,1.4278858
instance_1201.graph,data/graph_coloring_graphs/instance_1201.graph,12,7,True,2.7465973,0.13071439
instance_1202.graph,data/graph_coloring_graphs/instance_1202.graph,14,9,True,0.6373825,0.7897301
instance_1203.graph,data/graph_coloring_graphs/instance_1203.graph,12,5,True,-1.411571,0.8604388
instance_1204.graph,data/graph_coloring_graphs/instance_1204.graph,16,11,True,1.1035957,0.032154597
instance_1205.graph,data/graph_coloring_graphs/instance_1205.graph,20,15,True,1.1208305,-0.9688524
instance_1206.graph,data/graph_coloring_graphs/instance_1206.graph,14,7,True,-1.2916374,1.1026542
instance_1207.graph,data/graph_coloring_graphs/instance_1207.graph,20,3,True,-1.0448189,0.5288967
instance_1208.graph,data/graph_coloring_graphs/instance_1208.graph,10,13,True,0.92868423,-1.3634293
instance_1209.graph,data/graph_coloring_graphs/instance_1209.graph,18,7,True,1.9401474,-0.2376164
instance_121.graph,data/graph_coloring_graphs/instance_121.graph,10,11,True,1.0039825,-0.72164726
instance_1210.graph,data/graph_coloring_graphs/instance_1210.graph,10,11,True,0.9872551,-0.23287606
instance_1211.graph,data/graph_coloring_graphs/instance_1211.graph,14,9,True,0.57987404,0.8450966
instance_1212.graph,data/graph_coloring_graphs/instance_1212.graph,14,11,True,1.1037827,-0.13477303
instance_1213.graph,data/graph_coloring_graphs/instance_1213.graph,18,11,True,1.1198235,0.12428109
instance_1214.graph,data/graph_coloring_graphs/instance_1214.graph,14,3,True,-1.2905121,0.33152854
instance_1215.graph,data/graph_coloring_graphs/instance_1215.graph,16,3,False,-5.489029,1.7938864
instance_1216.graph,data/graph_coloring_graphs/instance_1216.graph,18,3,True,-1.2932854,0.48177
instance_1217.graph,data/graph_coloring_graphs/instance_1217.graph,10,13,True,0.95285416,-1.1278334
instance_1218.graph,data/graph_coloring_graphs/instance_1218.graph,18,3,False,-3.9181118,1.2481195
instance_1219.graph,data/graph_coloring_graphs/instance_1219.graph,18,5,False,-4.6574936,1.480186
instance_122.graph,data/graph_coloring_graphs/instance_122.graph,18,11,True,1.1675224,-0.21536659
instance_1220.graph,data/graph_coloring_graphs/instance_1220.graph,14,3,False,-4.446685,1.4088284
instance_1221.graph,data/graph_coloring_graphs/instance_1221.graph,10,15,True,0.98771286,-1.1666154
instance_1222.graph,data/graph_coloring_graphs/instance_1222.graph,18,9,False,0.45882034,1.0251362
instance_1223.graph,data/graph_coloring_graphs/instance_1223.graph,20,11,True,1.1253357,0.18288931
instance_1224.graph,data/graph_coloring_graphs/instance_1224.graph,10,13,True,1.0386381,-1.1797833
instance_1225.graph,data/graph_coloring_graphs/instance_1225.graph,16,13,True,1.1295967,-0.776657
instance_1226.graph,data/graph_coloring_graphs/instance_1226.graph,16,7,True,-0.09952116,0.60780764
instance_1227.graph,data/graph_coloring_graphs/instance_1227.graph,18,5,True,-0.76553535,0.5514389
instance_1228.graph,data/graph_coloring_graphs/instance_1228.graph,10,5,True,0.16748619,0.40217283
instance_1229.graph,data/graph_coloring_graphs/instance_1229.graph,12,11,True,1.0475273,-0.1269555
instance_123.graph,data/graph_coloring_graphs/instance_123.graph,10,3,False,-3.7507267,1.0315442
instance_1230.graph,data/graph_coloring_graphs/instance_1230.graph,18,15,True,1.1126595,-0.9892913
instance_1231.graph,data/graph_coloring_graphs/instance_1231.graph,16,3,False,-5.016114,1.5421398
instance_1232.graph,data/graph_coloring_graphs/instance_1232.graph,18,13,True,1.1739388,-0.8917576
instance_1233.graph,data/graph_coloring_graphs/instance_1233.graph,14,11,True,1.0958481,-0.20367199
instance_1234.graph,data/graph_coloring_graphs/instance_1234.graph,16,3,True,-0.31403732,0.1541368
instance_1235.graph,data/graph_coloring_graphs/instance_1235.graph,20,11,True,1.1259232,0.12678666
instance_1236.graph,data/graph_coloring_graphs/instance_1236.graph,18,13,True,1.1235962,-0.5828711
instance_1237.graph,data/graph_coloring_graphs/instance_1237.graph,12,7,True,-0.40091515,0.90004385
instance_1238.graph,data/graph_coloring_graphs/instance_1238.graph,10,5,True,-2.6599188,0.86985457
instance_1239.graph,data/graph_coloring_graphs/instance_1239.graph,10,9,True,1.1168785,-0.051751114
instance_124.graph,data/graph_coloring_graphs/instance_124.graph,14,5,True,1.2504349,0.20873752
instance_1240.graph,data/graph_coloring_graphs/instance_1240.graph,20,7,False,-2.19693,1.3982518
instance_1241.graph,data/graph_coloring_graphs/instance_1241.graph,18,15,True,1.122982,-0.98301554
instance_1242.graph,data/graph_coloring_graphs/instance_1242.graph,10,15,True,0.99773407,-1.2041795
instance_1243.graph,data/graph_coloring_graphs/instance_1243.graph,20,11,True,1.15839,-0.003846258
instance_1244.graph,data/graph_coloring_graphs/instance_1244.graph,14,9,True,1.5692635,-0.51034963
instance_1245.graph,data/graph_coloring_graphs/instance_1245.graph,18,3,False,-3.5362282,1.1475267
instance_1246.graph,data/graph_coloring_graphs/instance_1246.graph,12,11,True,1.2485199,-1.2653536
instance_1247.graph,data/graph_coloring_graphs/instance_1247.graph,10,15,True,1.1119843,-1.6334767
instance_1248.graph,data/graph_coloring_graphs/instance_1248.graph,18,7,True,0.8971338,0.58126104
instance_1249.graph,data/graph_coloring_graphs/instance_1249.graph,18,13,True,1.2086468,-0.92497814
instance_125.graph,data/graph_coloring_graphs/instance_125.graph,12,15,True,1.0824356,-1.3270984
instance_1250.graph,data/graph_coloring_graphs/instance_1250.graph,12,13,True,1.0541325,-0.7756908
instance_1251.graph,data/graph_coloring_graphs/instance_1251.graph,20,7,True,1.7764969,0.010411985
instance_1252.graph,data/graph_coloring_graphs/instance_1252.graph,14,3,False,-4.997322,1.5355477
instance_1253.graph,data/graph_coloring_graphs/instance_1253.graph,20,13,True,1.1854687,-0.7662735
instance_1254.graph,data/graph_coloring_graphs/instance_1254.graph,16,7,True,0.8692646,0.4865956
instance_1255.graph,data/graph_coloring_graphs/instance_1255.graph,16,5,False,-2.4531631,1.1426365
instance_1256.graph,data/graph_coloring_graphs/instance_1256.graph,18,3,True,-0.93432045,0.34330806
instance_1257.graph,data/graph_coloring_graphs/instance_1257.graph,18,5,False,-4.4843082,1.4732695
instance_1258.graph,data/graph_coloring_graphs/instance_1258.graph,12,9,True,0.8145418,0.54375124
instance_1259.graph,data/graph_coloring_graphs/instance_1259.graph,16,13,True,1.1678638,-0.8870115
instance_126.graph,data/graph_coloring_graphs/instance_126.graph,18,11,True,1.2729044,-0.6415225
instance_1260.graph,data/graph_coloring_graphs/instance_1260.graph,10,7,True,2.2791252,-0.10003047
instance_1261.graph,data/graph_coloring_graphs/instance_1261.graph,10,3,False,-3.750739,1.0315442
instance_1262.graph,data/graph_coloring_graphs/instance_1262.graph,12,5,True,-1.6827452,0.7750766
instance_1263.graph,data/graph_coloring_graphs/instance_1263.graph,12,7,True,0.526165,0.5145794
instance_1264.graph,data/graph_coloring_graphs/instance_1264.graph,10,9,True,0.80409527,0.43214178
instance_1265.graph,data/graph_coloring_graphs/instance_1265.graph,10,11,True,1.0150604,-1.0887089
instance_1266.graph,data/graph_coloring_graphs/instance_1266.graph,20,13,True,1.1536636,-0.7715019
instance_1267.graph,data/graph_coloring_graphs/instance_1267.graph,10,15,True,1.013958,-1.2132044
instance_1268.graph,data/graph_coloring_graphs/instance_1268.graph,10,5,True,2.5261307,-0.7824998
instance_1269.graph,data/graph_coloring_graphs/instance_1269.graph,20,15,True,1.1423645,-1.0113947
instance_127.graph,data/graph_coloring_graphs/instance_127.graph,10,3,True,-0.46798706,-0.27393746
instance_1270.graph,data/graph_coloring_graphs/instance_1270.graph,18,9,True,0.9559965,0.414034
instance_1271.graph,data/graph_coloring_graphs/instance_1271.graph,14,11,True,1.1275806,-0.7167375
instance_1272.graph,data/graph_coloring_graphs/instance_1272.graph,12,5,True,1.8645325,-0.6956346
instance_1273.graph,data/graph_coloring_graphs/instance_1273.graph,20,9,True,1.3416328,-0.22962737
instance_1274.graph,data/graph_coloring_graphs/instance_1274.graph,10,9,True,0.73278236,0.118526176
instance_1275.graph,data/graph_coloring_graphs/instance_1275.graph,20,15,True,1.134552,-1.0280538
instance_1276.graph,data/graph_coloring_graphs/instance_1276.graph,12,7,True,1.0760212,0.36680105
instance_1277.graph,data/graph_coloring_graphs/instance_1277.graph,12,15,True,1.0527554,-1.0942498
instance_1278.graph,data/graph_coloring_graphs/instance_1278.graph,10,5,True,0.056037903,-1.0519942
instance_1279.graph,data/graph_coloring_graphs/instance_1279.graph,20,11,True,1.128128,0.15615535
instance_128.graph,data/graph_coloring_graphs/instance_128.graph,12,11,True,1.0579033,-0.1128107
instance_1280.graph,data/graph_coloring_graphs/instance_1280.graph,20,15,True,1.1393089,-1.0225936
instance_1281.graph,data/graph_coloring_graphs/instance_1281.graph,12,13,True,1.083518,-1.0724251
instance_1282.graph,data/graph_coloring_graphs/instance_1282.graph,10,5,True,-1.2925282,0.10183196
instance_1283.graph,data/graph_coloring_graphs/instance_1283.graph,14,9,True,1.1283607,-0.41886833
instance_1284.graph,data/graph_coloring_graphs/instance_1284.graph,16,5,False,-3.8131409,1.3713508
instance_1285.graph,data/graph_coloring_graphs/instance_1285.graph,14,5,False,-3.6249294,1.2895097
instance_1286.graph,data/graph_coloring_graphs/instance_1286.graph,14,3,True,0.061912537,-0.06581859
instance_1287.graph,data/graph_coloring_graphs/instance_1287.graph,16,3,True,-1.2883911,0.28360364
instance_1288.graph,data/graph_coloring_graphs/instance_1288.graph,20,15,True,1.2963762,-1.29901
instance_1289.graph,data/graph_coloring_graphs/instance_1289.graph,18,13,True,1.1251183,-0.60393345
instance_129.graph,data/graph_coloring_graphs/instance_129.graph,18,3,False,-5.1396904,1.707995
instance_1290.graph,data/graph_coloring_graphs/instance_1290.graph,14,5,False,-1.2565942,0.9198787
instance_1291.graph,data/graph_coloring_graphs/instance_1291.graph,18,11,True,1.1211853,0.10838099
instance_1292.graph,data/graph_coloring_graphs/instance_1292.graph,16,13,True,1.1208363,-0.87992525
instance_1293.graph,data/graph_coloring_graphs/instance_1293.graph,14,11,True,1.1343231,-0.64902556
instance_1294.graph,data/graph_coloring_graphs/instance_1294.graph,14,3,False,-4.009138,1.2859793
instance_1295.graph,data/graph_coloring_graphs/instance_1295.graph,10,15,True,0.979414,-1.1354916
instance_1296.graph,data/graph_coloring_graphs/instance_1296.graph,16,15,True,1.1476479,-1.1013968
instance_1297.graph,data/graph_coloring_graphs/instance_1297.graph,16,13,True,1.1148624,-0.72628164
instance_1298.graph,data/graph_coloring_graphs/instance_1298.graph,12,13,True,1.0663872,-0.8730477
instance_1299.graph,data/graph_coloring_graphs/instance_1299.graph,14,13,True,1.090332,-0.6977087
instance_13.graph,data/graph_coloring_graphs/instance_13.graph,15,53,True,1.1201458,-0.80636775
instance_130.graph,data/graph_coloring_graphs/instance_130.graph,18,7,False,-2.1287231,1.3484867
instance_1300.graph,data/graph_coloring_graphs/instance_1300.graph,14,9,True,0.8047981,0.62861323
instance_1301.graph,data/graph_coloring_graphs/instance_1301.graph,16,15,True,1.0996437,-1.0153493
instance_1302.graph,data/graph_coloring_graphs/instance_1302.graph,16,11,True,1.2010155,-0.95481825
instance_1303.graph,data/graph_coloring_graphs/instance_1303.graph,14,15,True,1.106472,-1.1594372
instance_1304.graph,data/graph_coloring_graphs/instance_1304.graph,16,15,True,1.1128845,-1.0583237
instance_1305.graph,data/graph_coloring_graphs/instance_1305.graph,12,9,True,0.6998739,0.71635115
instance_1306.graph,data/graph_coloring_graphs/instance_1306.graph,16,5,True,2.5432816,-0.34878728
instance_1307.graph,data/graph_coloring_graphs/instance_1307.graph,18,13,True,1.1603327,-0.8982047
instance_1308.graph,data/graph_coloring_graphs/instance_1308.graph,16,13,True,1.1531687,-0.904526
instance_1309.graph,data/graph_coloring_graphs/instance_1309.graph,16,13,True,1.1111336,-0.63037014
instance_131.graph,data/graph_coloring_graphs/instance_131.graph,14,15,True,1.1064548,-1.1594371
instance_1310.graph,data/graph_coloring_graphs/instance_1310.graph,12,3,False,-4.6196594,1.3401673
instance_1311.graph,data/graph_coloring_graphs/instance_1311.graph,12,7,True,0.47557735,0.61275744
instance_1312.graph,data/graph_coloring_graphs/instance_1312.graph,18,15,True,1.1200638,-1.0303632
instance_1313.graph,data/graph_coloring_graphs/instance_1313.graph,18,5,False,-4.2743454,1.459791
instance_1314.graph,data/graph_coloring_graphs/instance_1314.graph,16,9,True,1.4007721,-0.1467689
instance_1315.graph,data/graph_coloring_graphs/instance_1315.graph,16,9,True,0.6566963,0.78090525
instance_1316.graph,data/graph_coloring_graphs/instance_1316.graph,12,13,True,1.0614774,-1.006181
instance_1317.graph,data/graph_coloring_graphs/instance_1317.graph,18,7,True,-1.1760159,1.122021
instance_1318.graph,data/graph_coloring_graphs/instance_1318.graph,20,9,True,0.6572819,0.8480892
instance_1319.graph,data/graph_coloring_graphs/instance_1319.graph,16,9,True,0.7851095,0.6973392
instance_132.graph,data/graph_coloring_graphs/instance_132.graph,16,9,True,1.0950136,0.30882373
instance_1320.graph,data/graph_coloring_graphs/instance_1320.graph,12,11,True,1.0681009,-0.7102606
instance_1321.graph,data/graph_coloring_graphs/instance_1321.graph,18,5,False,-4.4843063,1.4732695
instance_1322.graph,data/graph_coloring_graphs/instance_1322.graph,16,15,True,1.1214218,-1.0599184
instance_1323.graph,data/graph_coloring_graphs/instance_1323.graph,16,7,True,-1.4585476,1.1698998
instance_1324.graph,data/graph_coloring_graphs/instance_1324.graph,16,9,True,0.5991764,0.8989843
instance_1325.graph,data/graph_coloring_graphs/instance_1325.graph,18,7,True,0.1856041,0.59777665
instance_1326.graph,data/graph_coloring_graphs/instance_1326.graph,16,3,True,0.14874268,0.11553992
instance_1327.graph,data/graph_coloring_graphs/instance_1327.graph,12,13,True,1.0517044,-0.81444573
instance_1328.graph,data/graph_coloring_graphs/instance_1328.graph,12,7,True,-0.63273907,0.95670867
instance_1329.graph,data/graph_coloring_graphs/instance_1329.graph,16,5,False,-4.1698666,1.404994
instance_133.graph,data/graph_coloring_graphs/instance_133.graph,16,9,True,0.6566982,0.78090525
instance_1330.graph,data/graph_coloring_graphs/instance_1330.graph,14,5,True,-0.12568283,0.6161951
instance_1331.graph,data/graph_coloring_graphs/instance_1331.graph,18,15,True,1.1102028,-0.97584
instance_1332.graph,data/graph_coloring_graphs/instance_1332.graph,10,5,False,-1.6843529,0.9234365
instance_1333.graph,data/graph_coloring_graphs/instance_1333.graph,16,13,True,1.1148758,-0.72628164
instance_1334.graph,data/graph_coloring_graphs/instance_1334.graph,20,15,True,1.1231537,-0.9585315
instance_1335.graph,data/graph_coloring_graphs/instance_1335.graph,20,5,True,2.2213516,-0.03504452
instance_1336.graph,data/graph_coloring_graphs/instance_1336.graph,18,7,True,2.202568,-0.08590229
instance_1337.graph,data/graph_coloring_graphs/instance_1337.graph,18,11,True,1.1402435,-0.029397793
instance_1338.graph,data/graph_coloring_graphs/instance_1338.graph,20,7,True,-1.8485222,1.2705932
instance_1339.graph,data/graph_coloring_graphs/instance_1339.graph,20,7,True,0.36341572,0.6973083
instance_134.graph,data/graph_coloring_graphs/instance_134.graph,16,13,True,1.1523447,-0.89440596
instance_1340.graph,data/graph_coloring_graphs/instance_1340.graph,14,7,True,1.5449162,0.13650051
instance_1341.graph,data/graph_coloring_graphs/instance_1341.graph,16,11,True,1.1194191,-0.1110321
instance_1342.graph,data/graph_coloring_graphs/instance_1342.graph,10,11,True,0.98525333,-0.42729723
instance_1343.graph,data/graph_coloring_graphs/instance_1343.graph,14,5,False,-1.7680273,0.963166
instance_1344.graph,data/graph_coloring_graphs/instance_1344.graph,16,9,True,0.5991745,0.8989843
instance_1345.graph,data/graph_coloring_graphs/instance_1345.graph,10,11,True,0.9901352,-0.19912691
instance_1346.graph,data/graph_coloring_graphs/instance_1346.graph,14,13,True,1.2005122,-1.05999
instance_1347.graph,data/graph_coloring_graphs/instance_1347.graph,16,15,True,1.1353378,-1.1420069
instance_1348.graph,data/graph_coloring_graphs/instance_1348.graph,16,5,True,-1.2582798,0.8130833
instance_1349.graph,data/graph_coloring_graphs/instance_1349.graph,10,11,True,0.9812751,-0.48195592
instance_135.graph,data/graph_coloring_graphs/instance_135.graph,20,13,True,1.1540184,-0.6832677
instance_1350.graph,data/graph_coloring_graphs/instance_1350.graph,16,5,True,1.0550423,0.115862146
instance_1351.graph,data/graph_coloring_graphs/instance_1351.graph,12,3,True,-0.595623,0.071435675
instance_1352.graph,data/graph_coloring_graphs/instance_1352.graph,14,3,False,-5.1088333,1.5947616
instance_1353.graph,data/graph_coloring_graphs/instance_1353.graph,12,11,True,1.0462761,-0.17573217
instance_1354.graph,data/graph_coloring_graphs/instance_1354.graph,18,5,True,0.96427155,0.12539531
instance_1355.graph,data/graph_coloring_graphs/instance_1355.graph,20,5,False,-3.3209572,1.3110867
instance_1356.graph,data/graph_coloring_graphs/instance_1356.graph,12,11,True,1.1698341,-1.2765553
instance_1357.graph,data/graph_coloring_graphs/instance_1357.graph,18,9,True,0.51605225,0.9967314
instance_1358.graph,data/graph_coloring_graphs/instance_1358.graph,10,9,True,0.88959503,-0.7892325
instance_1359.graph,data/graph_coloring_graphs/instance_1359.graph,16,3,False,-3.8963013,1.1186261
instance_136.graph,data/graph_coloring_graphs/instance_136.graph,18,11,True,1.1175156,0.0794391
instance_1360.graph,data/graph_coloring_graphs/instance_1360.graph,20,9,True,1.1195898,0.49923977
instance_1361.graph,data/graph_coloring_graphs/instance_1361.graph,10,7,True,0.28329563,0.47092864
instance_1362.graph,data/graph_coloring_graphs/instance_1362.graph,10,5,True,2.4175491,-0.3694434
instance_1363.graph,data/graph_coloring_graphs/instance_1363.graph,12,9,True,1.3169403,-0.47605452
instance_1364.graph,data/graph_coloring_graphs/instance_1364.graph,12,9,True,0.9955063,0.06989883
instance_1365.graph,data/graph_coloring_graphs/instance_1365.graph,16,9,True,0.8423357,0.68127227
instance_1366.graph,data/graph_coloring_graphs/instance_1366.graph,18,11,True,1.1618881,-0.25640547
instance_1367.graph,data/graph_coloring_graphs/instance_1367.graph,16,15,True,1.3563957,-1.5197699
instance_1368.graph,data/graph_coloring_graphs/instance_1368.graph,12,11,True,1.1051497,-0.6400764
instance_1369.graph,data/graph_coloring_graphs/instance_1369.graph,18,15,True,1.1341839,-1.0663401
instance_137.graph,data/graph_coloring_graphs/instance_137.graph,10,9,True,1.1480713,-0.26047403
instance_1370.graph,data/graph_coloring_graphs/instance_1370.graph,20,3,False,-5.3448296,1.7564855
instance_1371.graph,data/graph_coloring_graphs/instance_1371.graph,20,7,False,-2.5433426,1.4583899
instance_1372.graph,data/graph_coloring_graphs/instance_1372.graph,20,13,True,1.3372316,-1.1329156
instance_1373.graph,data/graph_coloring_graphs/instance_1373.graph,10,5,True,0.24477386,0.2637615
instance_1374.graph,data/graph_coloring_graphs/instance_1374.graph,10,11,True,0.9922066,-0.33164424
instance_1375.graph,data/graph_coloring_graphs/instance_1375.graph,10,3,False,-4.3281393,1.3143084
instance_1376.graph,data/graph_coloring_graphs/instance_1376.graph,16,7,False,-1.8325272,1.2914721
instance_1377.graph,data/graph_coloring_graphs/instance_1377.graph,12,9,True,1.1911621,-0.79898846
instance_1378.graph,data/graph_coloring_graphs/instance_1378.graph,10,9,True,1.2641335,-0.22857514
instance_1379.graph,data/graph_coloring_graphs/instance_1379.graph,20,5,False,-3.7504787,1.3380413
instance_138.graph,data/graph_coloring_graphs/instance_138.graph,12,9,True,0.8202877,0.5990894
instance_1380.graph,data/graph_coloring_graphs/instance_1380.graph,20,15,True,1.1187325,-0.9597223
instance_1381.graph,data/graph_coloring_graphs/instance_1381.graph,18,11,True,1.3861427,-0.9722948
instance_1382.graph,data/graph_coloring_graphs/instance_1382.graph,20,13,True,1.1233788,-0.5282862
instance_1383.graph,data/graph_coloring_graphs/instance_1383.graph,10,13,True,0.9668565,-1.0306108
instance_1384.graph,data/graph_coloring_graphs/instance_1384.graph,14,13,True,1.2539749,-1.3947246
instance_1385.graph,data/graph_coloring_graphs/instance_1385.graph,12,5,True,3.6753693,-0.51279104
instance_1386.graph,data/graph_coloring_graphs/instance_1386.graph,18,7,True,-0.18726063,0.69847953
instance_1387.graph,data/graph_coloring_graphs/instance_1387.graph,10,15,True,0.98477554,-1.2952116
instance_1388.graph,data/graph_coloring_graphs/instance_1388.graph,18,5,True,-0.5000067,0.7563565
instance_1389.graph,data/graph_coloring_graphs/instance_1389.graph,10,9,True,0.9710655,-0.22481486
instance_139.graph,data/graph_coloring_graphs/instance_139.graph,10,13,True,0.9878311,-0.8847766
instance_1390.graph,data/graph_coloring_graphs/instance_1390.graph,10,3,True,2.0944786,-0.40654063
instance_1391.graph,data/graph_coloring_graphs/instance_1391.graph,12,13,True,1.0503654,-0.8356991
instance_1392.graph,data/graph_coloring_graphs/instance_1392.graph,14,3,False,-4.9013367,1.5575494
instance_1393.graph,data/graph_coloring_graphs/instance_1393.graph,16,7,True,-1.2611618,0.99018955
instance_1394.graph,data/graph_coloring_graphs/instance_1394.graph,16,9,True,1.1264353,0.33279315
instance_1395.graph,data/graph_coloring_graphs/instance_1395.graph,20,7,True,1.3156357,0.22119209
instance_1396.graph,data/graph_coloring_graphs/instance_1396.graph,10,13,True,0.97102165,-0.8667557
instance_1397.graph,data/graph_coloring_graphs/instance_1397.graph,10,5,True,-1.2703552,0.6853242
instance_1398.graph,data/graph_coloring_graphs/instance_1398.graph,14,15,True,1.0896435,-1.0874741
instance_1399.graph,data/graph_coloring_graphs/instance_1399.graph,18,15,True,1.1672745,-1.1367519
instance_14.graph,data/graph_coloring_graphs/instance_14.graph,11,21,True,1.9813232,0.12951688
instance_140.graph,data/graph_coloring_graphs/instance_140.graph,10,7,True,3.046627,-0.6037915
instance_1400.graph,data/graph_coloring_graphs/instance_1400.graph,12,15,True,1.0489473,-1.2043601
instance_1401.graph,data/graph_coloring_graphs/instance_1401.graph,20,3,False,-5.8437805,1.9794958
instance_1402.graph,data/graph_coloring_graphs/instance_1402.graph,18,11,True,1.2997942,-0.7787658
instance_1403.graph,data/graph_coloring_graphs/instance_1403.graph,14,5,False,-3.379713,1.2820146
instance_1404.graph,data/graph_coloring_graphs/instance_1404.graph,10,3,True,-2.2239876,0.4666997
instance_1405.graph,data/graph_coloring_graphs/instance_1405.graph,16,11,True,1.1780605,-0.43923542
instance_1406.graph,data/graph_coloring_graphs/instance_1406.graph,12,9,True,0.7486267,0.668869
instance_1407.graph,data/graph_coloring_graphs/instance_1407.graph,10,3,False,-4.309059,1.1836712
instance_1408.graph,data/graph_coloring_graphs/instance_1408.graph,16,3,False,-4.57994,1.4504945
instance_1409.graph,data/graph_coloring_graphs/instance_1409.graph,10,11,True,0.9924278,-0.9791802
instance_141.graph,data/graph_coloring_graphs/instance_141.graph,18,11,True,1.2517052,-0.696911
instance_1410.graph,data/graph_coloring_graphs/instance_1410.graph,14,9,True,0.98810387,0.4521521
instance_1411.graph,data/graph_coloring_graphs/instance_1411.graph,10,9,True,0.7674484,-1.0501258
instance_1412.graph,data/graph_coloring_graphs/instance_1412.graph,16,13,True,1.2380295,-1.2300458
instance_1413.graph,data/graph_coloring_graphs/instance_1413.graph,16,3,False,-5.408861,1.8528874
instance_1414.graph,data/graph_coloring_graphs/instance_1414.graph,12,3,False,-2.2767124,0.70324206
instance_1415.graph,data/graph_coloring_graphs/instance_1415.graph,18,13,True,1.123806,-0.5857581
instance_1416.graph,data/graph_coloring_graphs/instance_1416.graph,10,15,True,0.97942734,-1.1354917
instance_1417.graph,data/graph_coloring_graphs/instance_1417.graph,14,9,True,1.5472107,-0.61535287
instance_1418.graph,data/graph_coloring_graphs/instance_1418.graph,10,13,True,1.0100994,-0.87323403
instance_1419.graph,data/graph_coloring_graphs/instance_1419.graph,18,5,True,0.6512337,-0.076080345
instance_142.graph,data/graph_coloring_graphs/instance_142.graph,18,5,False,-4.4843063,1.4732695
instance_1420.graph,data/graph_coloring_graphs/instance_1420.graph,20,15,True,1.1187172,-0.95972216
instance_1421.graph,data/graph_coloring_graphs/instance_1421.graph,10,5,True,1.9392853,-0.26285985
instance_1422.graph,data/graph_coloring_graphs/instance_1422.graph,12,9,True,0.7834444,0.6349691
instance_1423.graph,data/graph_coloring_graphs/instance_1423.graph,16,3,False,-5.4374695,1.7664546
instance_1424.graph,data/graph_coloring_graphs/instance_1424.graph,10,11,True,0.98415947,-0.26919666
instance_1425.graph,data/graph_coloring_graphs/instance_1425.graph,14,9,True,1.2841187,-0.29337943
instance_1426.graph,data/graph_coloring_graphs/instance_1426.graph,10,3,False,-1.9260635,0.5091764
instance_1427.graph,data/graph_coloring_graphs/instance_1427.graph,10,9,True,1.3783951,-0.36578295
instance_1428.graph,data/graph_coloring_graphs/instance_1428.graph,18,5,True,-2.0029063,0.94252884
instance_1429.graph,data/graph_coloring_graphs/instance_1429.graph,10,3,False,-2.2239723,0.46669975
instance_143.graph,data/graph_coloring_graphs/instance_143.graph,12,3,True,0.016296387,-0.09265884
instance_1430.graph,data/graph_coloring_graphs/instance_1430.graph,14,13,True,1.0795059,-0.65554833
instance_1431.graph,data/graph_coloring_graphs/instance_1431.graph,18,7,True,0.54042435,0.71404624
instance_1432.graph,data/graph_coloring_graphs/instance_1432.graph,16,7,True,1.3771553,-0.019204544
instance_1433.graph,data/graph_coloring_graphs/instance_1433.graph,20,7,True,2.5714264,-0.17937937
instance_1434.graph,data/graph_coloring_graphs/instance_1434.graph,10,5,False,-1.8416624,0.95153916
instance_1435.graph,data/graph_coloring_graphs/instance_1435.graph,14,3,False,-4.6688356,1.3611139
instance_1436.graph,data/graph_coloring_graphs/instance_1436.graph,14,9,True,1.0597839,-0.53002477
instance_1437.graph,data/graph_coloring_graphs/instance_1437.graph,12,15,True,1.0483322,-1.2229812
instance_1438.graph,data/graph_coloring_graphs/instance_1438.graph,16,3,False,-5.4197197,1.7570082
instance_1439.graph,data/graph_coloring_graphs/instance_1439.graph,18,13,True,1.1724358,-0.76790655
instance_144.graph,data/graph_coloring_graphs/instance_144.graph,16,9,True,1.4090118,-0.23047027
instance_1440.graph,data/graph_coloring_graphs/instance_1440.graph,12,9,True,0.9568243,0.22738713
instance_1441.graph,data/graph_coloring_graphs/instance_1441.graph,18,13,True,1.120533,-0.67015076
instance_1442.graph,data/graph_coloring_graphs/instance_1442.graph,20,11,True,1.4081249,-0.8039541
instance_1443.graph,data/graph_coloring_graphs/instance_1443.graph,12,13,True,1.0487976,-1.3513421
instance_1444.graph,data/graph_coloring_graphs/instance_1444.graph,20,9,True,0.82821274,0.559693
instance_1445.graph,data/graph_coloring_graphs/instance_1445.graph,12,13,True,1.0601406,-1.0427653
instance_1446.graph,data/graph_coloring_graphs/instance_1446.graph,14,11,True,1.3259964,-1.1392624
instance_1447.graph,data/graph_coloring_graphs/instance_1447.graph,10,13,True,0.9733906,-0.852947
instance_1448.graph,data/graph_coloring_graphs/instance_1448.graph,16,15,True,1.137104,-1.1525167
instance_1449.graph,data/graph_coloring_graphs/instance_1449.graph,10,5,True,3.693634,-0.7832376
instance_145.graph,data/graph_coloring_graphs/instance_145.graph,16,9,True,1.3342285,-0.36576593
instance_1450.graph,data/graph_coloring_graphs/instance_1450.graph,18,5,False,-4.393593,1.4796295
instance_1451.graph,data/graph_coloring_graphs/instance_1451.graph,14,5,True,-1.0083041,0.87753034
instance_1452.graph,data/graph_coloring_graphs/instance_1452.graph,14,13,True,1.2010345,-1.326885
instance_1453.graph,data/graph_coloring_graphs/instance_1453.graph,14,15,True,1.0863075,-1.0384892
instance_1454.graph,data/graph_coloring_graphs/instance_1454.graph,20,13,True,1.1450615,-0.6841737
instance_1455.graph,data/graph_coloring_graphs/instance_1455.graph,18,3,True,-1.3663082,0.41209096
instance_1456.graph,data/graph_coloring_graphs/instance_1456.graph,16,13,True,1.142395,-0.99145603
instance_1457.graph,data/graph_coloring_graphs/instance_1457.graph,14,11,True,1.2019377,-0.71502554
instance_1458.graph,data/graph_coloring_graphs/instance_1458.graph,12,13,True,1.0760651,-1.3504186
instance_1459.graph,data/graph_coloring_graphs/instance_1459.graph,16,9,True,1.2939377,-0.6371856
instance_146.graph,data/graph_coloring_graphs/instance_146.graph,12,11,True,1.0825119,-0.35208833
instance_1460.graph,data/graph_coloring_graphs/instance_1460.graph,20,15,True,1.1261559,-0.9703778
instance_1461.graph,data/graph_coloring_graphs/instance_1461.graph,10,7,True,1.7289124,-0.54746497
instance_1462.graph,data/graph_coloring_graphs/instance_1462.graph,14,5,True,2.6737404,0.024767399
instance_1463.graph,data/graph_coloring_graphs/instance_1463.graph,20,5,False,-3.9293518,1.3687482
instance_1464.graph,data/graph_coloring_graphs/instance_1464.graph,14,9,True,0.7379694,0.7357074
instance_1465.graph,data/graph_coloring_graphs/instance_1465.graph,12,11,True,1.0999184,-0.44369915
instance_1466.graph,data/graph_coloring_graphs/instance_1466.graph,18,7,True,-1.0955524,1.102897
instance_1467.graph,data/graph_coloring_graphs/instance_1467.graph,20,7,True,-1.0824642,1.1159422
instance_1468.graph,data/graph_coloring_graphs/instance_1468.graph,20,7,True,-0.46156597,0.86161435
instance_1469.graph,data/graph_coloring_graphs/instance_1469.graph,10,15,True,1.0100098,-1.2504113
instance_147.graph,data/graph_coloring_graphs/instance_147.graph,18,9,True,0.9050474,0.55337656
instance_1470.graph,data/graph_coloring_graphs/instance_1470.graph,20,5,False,-4.750595,1.5468836
instance_1471.graph,data/graph_coloring_graphs/instance_1471.graph,12,5,True,0.08396149,0.3288038
instance_1472.graph,data/graph_coloring_graphs/instance_1472.graph,12,11,True,1.1357765,-0.8973794
instance_1473.graph,data/graph_coloring_graphs/instance_1473.graph,10,15,True,0.6609955,-1.7083116
instance_1474.graph,data/graph_coloring_graphs/instance_1474.graph,10,15,True,1.0071125,-1.1383836
instance_1475.graph,data/graph_coloring_graphs/instance_1475.graph,10,9,True,1.2022934,-0.33128458
instance_1476.graph,data/graph_coloring_graphs/instance_1476.graph,18,5,True,-0.27819443,0.21636695
instance_1477.graph,data/graph_coloring_graphs/instance_1477.graph,20,13,True,1.131218,-0.54477125
instance_1478.graph,data/graph_coloring_graphs/instance_1478.graph,18,5,True,-0.9954958,0.70954645
instance_1479.graph,data/graph_coloring_graphs/instance_1479.graph,10,11,True,0.98526096,-0.42729723
instance_148.graph,data/graph_coloring_graphs/instance_148.graph,16,15,True,1.2823563,-1.5103463
instance_1480.graph,data/graph_coloring_graphs/instance_1480.graph,20,7,True,0.6952057,0.15712051
instance_1481.graph,data/graph_coloring_graphs/instance_1481.graph,10,15,True,1.0020771,-1.1735549
instance_1482.graph,data/graph_coloring_graphs/instance_1482.graph,10,3,False,-3.9898167,1.1486261
instance_1483.graph,data/graph_coloring_graphs/instance_1483.graph,18,15,True,1.1491184,-1.1395642
instance_1484.graph,data/graph_coloring_graphs/instance_1484.graph,12,15,True,1.0489483,-1.20436
instance_1485.graph,data/graph_coloring_graphs/instance_1485.graph,14,11,True,1.2558289,-1.34641
instance_1486.graph,data/graph_coloring_graphs/instance_1486.graph,16,9,True,0.6175194,0.8825611
instance_1487.graph,data/graph_coloring_graphs/instance_1487.graph,12,3,False,-4.089924,1.2716298
instance_1488.graph,data/graph_coloring_graphs/instance_1488.graph,14,5,True,-0.27534008,0.5790359
instance_1489.graph,data/graph_coloring_graphs/instance_1489.graph,16,3,False,-5.286766,1.6862152
instance_149.graph,data/graph_coloring_graphs/instance_149.graph,10,7,True,2.9250984,-0.4013515
instance_1490.graph,data/graph_coloring_graphs/instance_1490.graph,18,3,False,-5.5307903,1.8580971
instance_1491.graph,data/graph_coloring_graphs/instance_1491.graph,12,11,True,0.9126892,-1.5556256
instance_1492.graph,data/graph_coloring_graphs/instance_1492.graph,18,9,True,1.1403332,0.28169805
instance_1493.graph,data/graph_coloring_graphs/instance_1493.graph,12,9,True,1.2368851,-0.091921225
instance_1494.graph,data/graph_coloring_graphs/instance_1494.graph,12,7,True,1.3096619,-1.3039382
instance_1495.graph,data/graph_coloring_graphs/instance_1495.graph,16,5,True,0.5168438,0.42701513
instance_1496.graph,data/graph_coloring_graphs/instance_1496.graph,10,9,True,0.6067009,-0.6741296
instance_1497.graph,data/graph_coloring_graphs/instance_1497.graph,10,7,True,0.61364746,-0.9620861
instance_1498.graph,data/graph_coloring_graphs/instance_1498.graph,12,3,False,-4.864294,1.4696591
instance_1499.graph,data/graph_coloring_graphs/instance_1499.graph,14,5,False,-3.235691,1.2574488
instance_15.graph,data/graph_coloring_graphs/instance_15.graph,13,9,True,1.041439,-1.3103471
instance_150.graph,data/graph_coloring_graphs/instance_150.graph,14,5,False,-3.0855026,1.2318327
instance_1500.graph,data/graph_coloring_graphs/instance_1500.graph,14,15,True,1.1347332,-1.3547754
instance_1501.graph,data/graph_coloring_graphs/instance_1501.graph,20,9,True,1.0980577,0.4869899
instance_1502.graph,data/graph_coloring_graphs/instance_1502.graph,12,7,True,-0.14818192,0.8382659
instance_1503.graph,data/graph_coloring_graphs/instance_1503.graph,16,5,True,-0.47004604,0.6127864
instance_1504.graph,data/graph_coloring_graphs/instance_1504.graph,16,11,True,1.1406898,-0.46053287
instance_1505.graph,data/graph_coloring_graphs/instance_1505.graph,10,11,True,0.9349785,-1.2304591
instance_1506.graph,data/graph_coloring_graphs/instance_1506.graph,12,11,True,1.0581703,-0.090588026
instance_1507.graph,data/graph_coloring_graphs/instance_1507.graph,10,11,True,0.97523975,-0.37337923
instance_1508.graph,data/graph_coloring_graphs/instance_1508.graph,14,5,True,-0.4551506,0.67599416
instance_1509.graph,data/graph_coloring_graphs/instance_1509.graph,14,7,True,0.022538185,0.5666752
instance_151.graph,data/graph_coloring_graphs/instance_151.graph,20,15,True,1.117836,-0.95601916
instance_1510.graph,data/graph_coloring_graphs/instance_1510.graph,16,9,True,0.60827255,0.89084184
instance_1511.graph,data/graph_coloring_graphs/instance_1511.graph,12,15,True,1.0397491,-1.1248595
instance_1512.graph,data/graph_coloring_graphs/instance_1512.graph,16,5,True,-1.4149799,0.79065764
instance_1513.graph,data/graph_coloring_graphs/instance_1513.graph,18,3,False,-4.8311634,1.6102487
instance_1514.graph,data/graph_coloring_graphs/instance_1514.graph,10,11,True,1.0758781,-1.1187452
instance_1515.graph,data/graph_coloring_graphs/instance_1515.graph,20,3,False,-5.2731037,1.7626171
instance_1516.graph,data/graph_coloring_graphs/instance_1516.graph,12,5,True,3.3819427,-0.68762267
instance_1517.graph,data/graph_coloring_graphs/instance_1517.graph,16,3,False,-5.5056477,1.8027391
instance_1518.graph,data/graph_coloring_graphs/instance_1518.graph,12,13,True,1.041214,-0.749794
instance_1519.graph,data/graph_coloring_graphs/instance_1519.graph,12,15,True,1.0776463,-1.1593544
instance_152.graph,data/graph_coloring_graphs/instance_152.graph,16,9,True,1.1582661,0.18350312
instance_1520.graph,data/graph_coloring_graphs/instance_1520.graph,16,5,True,-0.61399555,0.74584687
instance_1521.graph,data/graph_coloring_graphs/instance_1521.graph,10,7,True,1.1445141,0.22455582
instance_1522.graph,data/graph_coloring_graphs/instance_1522.graph,18,11,True,1.1618843,-0.25640547
instance_1523.graph,data/graph_coloring_graphs/instance_1523.graph,12,13,True,1.0425854,-0.7338426
instance_1524.graph,data/graph_coloring_graphs/instance_1524.graph,10,5,True,-0.33865738,0.38549802
instance_1525.graph,data/graph_coloring_graphs/instance_1525.graph,14,3,False,-4.4865093,1.4278858
instance_1526.graph,data/graph_coloring_graphs/instance_1526.graph,18,11,True,1.174427,-0.3882629
instance_1527.graph,data/graph_coloring_graphs/instance_1527.graph,18,9,True,0.71879387,0.792554
instance_1528.graph,data/graph_coloring_graphs/instance_1528.graph,14,5,False,-3.4495316,1.293924
instance_1529.graph,data/graph_coloring_graphs/instance_1529.graph,14,11,True,1.2984047,-1.1554601
instance_153.graph,data/graph_coloring_graphs/instance_153.graph,16,3,True,-1.1372108,0.26876456
instance_1530.graph,data/graph_coloring_graphs/instance_1530.graph,10,7,True,-0.13424587,0.78465474
instance_1531.graph,data/graph_coloring_graphs/instance_1531.graph,20,5,True,0.66407204,0.44681153
instance_1532.graph,data/graph_coloring_graphs/instance_1532.graph,12,7,True,-0.24431896,0.79683435
instance_1533.graph,data/graph_coloring_graphs/instance_1533.graph,18,5,True,-0.72253275,0.83347666
instance_1534.graph,data/graph_coloring_graphs/instance_1534.graph,14,7,True,1.4758072,0.30456156
instance_1535.graph,data/graph_coloring_graphs/instance_1535.graph,14,15,True,1.34375,-1.540475
instance_1536.graph,data/graph_coloring_graphs/instance_1536.graph,10,7,True,1.3671227,0.29412708
instance_1537.graph,data/graph_coloring_graphs/instance_1537.graph,14,9,True,0.6253872,0.80127966
instance_1538.graph,data/graph_coloring_graphs/instance_1538.graph,14,11,True,1.17062,-0.9280658
instance_1539.graph,data/graph_coloring_graphs/instance_1539.graph,10,13,True,0.9699297,-1.0092695
instance_154.graph,data/graph_coloring_graphs/instance_154.graph,12,9,True,0.68707466,0.6739013
instance_1540.graph,data/graph_coloring_graphs/instance_1540.graph,10,11,True,0.9771671,-0.3508242
instance_1541.graph,data/graph_coloring_graphs/instance_1541.graph,14,15,True,1.0911942,-1.1107184
instance_1542.graph,data/graph_coloring_graphs/instance_1542.graph,14,13,True,1.1488461,-0.99511456
instance_1543.graph,data/graph_coloring_graphs/instance_1543.graph,10,11,True,0.97716427,-0.3508242
instance_1544.graph,data/graph_coloring_graphs/instance_1544.graph,12,3,True,-2.2767162,0.7032422
instance_1545.graph,data/graph_coloring_graphs/instance_1545.graph,12,5,True,-1.5209761,0.7433797
instance_1546.graph,data/graph_coloring_graphs/instance_1546.graph,12,7,True,-0.4803791,0.9194677
instance_1547.graph,data/graph_coloring_graphs/instance_1547.graph,10,9,True,1.017868,0.19352512
instance_1548.graph,data/graph_coloring_graphs/instance_1548.graph,12,9,True,1.0690918,-0.16102323
instance_1549.graph,data/graph_coloring_graphs/instance_1549.graph,18,3,False,-3.8244057,1.0618371
instance_155.graph,data/graph_coloring_graphs/instance_155.graph,18,13,True,1.140522,-0.68070745
instance_1550.graph,data/graph_coloring_graphs/instance_1550.graph,18,13,True,1.2217216,-1.1462382
instance_1551.graph,data/graph_coloring_graphs/instance_1551.graph,18,11,True,1.1804295,-0.33792576
instance_1552.graph,data/graph_coloring_graphs/instance_1552.graph,12,3,False,-4.574527,1.3162794
instance_1553.graph,data/graph_coloring_graphs/instance_1553.graph,18,11,True,1.1420822,-0.13762629
instance_1554.graph,data/graph_coloring_graphs/instance_1554.graph,16,3,True,-0.61595535,0.08667417
instance_1555.graph,data/graph_coloring_graphs/instance_1555.graph,14,13,True,1.1886139,-1.4920213
instance_1556.graph,data/graph_coloring_graphs/instance_1556.graph,14,9,True,0.757638,0.5690644
instance_1557.graph,data/graph_coloring_graphs/instance_1557.graph,10,3,True,-3.0560074,0.5234908
instance_1558.graph,data/graph_coloring_graphs/instance_1558.graph,12,7,True,3.327423,-0.3089008
instance_1559.graph,data/graph_coloring_graphs/instance_1559.graph,20,7,False,-1.951355,1.3420453
instance_156.graph,data/graph_coloring_graphs/instance_156.graph,16,13,True,1.112484,-0.66458714
instance_1560.graph,data/graph_coloring_graphs/instance_1560.graph,20,13,True,1.131031,-0.5426447
instance_1561.graph,data/graph_coloring_graphs/instance_1561.graph,12,13,True,1.0373688,-0.793808
instance_1562.graph,data/graph_coloring_graphs/instance_1562.graph,14,9,True,0.9504013,0.43171552
instance_1563.graph,data/graph_coloring_graphs/instance_1563.graph,18,11,True,1.1482697,-0.032944545
instance_1564.graph,data/graph_coloring_graphs/instance_1564.graph,10,11,True,0.5436535,-1.000008
instance_1565.graph,data/graph_coloring_graphs/instance_1565.graph,18,13,True,1.1212273,-0.68275154
instance_1566.graph,data/graph_coloring_graphs/instance_1566.graph,10,11,True,0.7560196,-1.372366
instance_1567.graph,data/graph_coloring_graphs/instance_1567.graph,18,5,True,1.430378,-0.25687325
instance_1568.graph,data/graph_coloring_graphs/instance_1568.graph,16,13,True,1.1019173,-0.6441997
instance_1569.graph,data/graph_coloring_graphs/instance_1569.graph,20,9,False,0.39923096,1.0972703
instance_157.graph,data/graph_coloring_graphs/instance_157.graph,18,5,False,-4.393593,1.4796295
instance_1570.graph,data/graph_coloring_graphs/instance_1570.graph,10,11,True,1.0386963,-1.5134355
instance_1571.graph,data/graph_coloring_graphs/instance_1571.graph,12,5,False,-2.675189,1.0882361
instance_1572.graph,data/graph_coloring_graphs/instance_1572.graph,20,15,True,1.1299629,-1.0083481
instance_1573.graph,data/graph_coloring_graphs/instance_1573.graph,20,15,True,1.1178322,-0.95601916
instance_1574.graph,data/graph_coloring_graphs/instance_1574.graph,16,5,True,-1.1366682,0.7908952
instance_1575.graph,data/graph_coloring_graphs/instance_1575.graph,12,5,True,1.7989731,-0.44268182
instance_1576.graph,data/graph_coloring_graphs/instance_1576.graph,20,15,True,1.1408806,-1.028874
instance_1577.graph,data/graph_coloring_graphs/instance_1577.graph,14,5,False,-2.2726827,1.0058802
instance_1578.graph,data/graph_coloring_graphs/instance_1578.graph,16,15,True,1.1243343,-1.0772172
instance_1579.graph,data/graph_coloring_graphs/instance_1579.graph,10,9,True,1.0926876,0.110009134
instance_158.graph,data/graph_coloring_graphs/instance_158.graph,20,15,True,1.1866627,-1.1419601
instance_1580.graph,data/graph_coloring_graphs/instance_1580.graph,12,9,True,1.3310547,-0.72938514
instance_1581.graph,data/graph_coloring_graphs/instance_1581.graph,20,15,True,1.1436272,-1.0399619
instance_1582.graph,data/graph_coloring_graphs/instance_1582.graph,12,9,True,1.3558731,0.07754153
instance_1583.graph,data/graph_coloring_graphs/instance_1583.graph,16,15,True,1.1720524,-1.2115853
instance_1584.graph,data/graph_coloring_graphs/instance_1584.graph,14,13,True,1.0897636,-0.83137774
instance_1585.graph,data/graph_coloring_graphs/instance_1585.graph,18,15,True,1.1306763,-1.0492133
instance_1586.graph,data/graph_coloring_graphs/instance_1586.graph,14,3,False,-3.2173672,0.7092458
instance_1587.graph,data/graph_coloring_graphs/instance_1587.graph,10,11,True,0.9932983,-0.55344725
instance_1588.graph,data/graph_coloring_graphs/instance_1588.graph,18,3,False,-3.4461403,1.0343462
instance_1589.graph,data/graph_coloring_graphs/instance_1589.graph,10,9,True,1.264122,-0.22857517
instance_159.graph,data/graph_coloring_graphs/instance_159.graph,16,13,True,1.1770296,-0.9763433
instance_1590.graph,data/graph_coloring_graphs/instance_1590.graph,10,9,True,0.7942109,0.33567232
instance_1591.graph,data/graph_coloring_graphs/instance_1591.graph,18,5,True,0.121439934,0.6481614
instance_1592.graph,data/graph_coloring_graphs/instance_1592.graph,14,13,True,1.1498849,-1.0105186
instance_1593.graph,data/graph_coloring_graphs/instance_1593.graph,16,13,True,1.2020969,-1.2201269
instance_1594.graph,data/graph_coloring_graphs/instance_1594.graph,18,3,False,-3.7882318,1.1892998
instance_1595.graph,data/graph_coloring_graphs/instance_1595.graph,12,13,True,1.2037659,-1.4538724
instance_1596.graph,data/graph_coloring_graphs/instance_1596.graph,10,11,True,0.97915125,-0.5112852
instance_1597.graph,data/graph_coloring_graphs/instance_1597.graph,18,9,True,0.5040817,0.98464704
instance_1598.graph,data/graph_coloring_graphs/instance_1598.graph,16,15,True,1.100254,-1.0202562
instance_1599.graph,data/graph_coloring_graphs/instance_1599.graph,18,3,False,-5.586624,1.8437791
instance_16.graph,data/graph_coloring_graphs/instance_16.graph,15,70,True,0.71137905,0.7603662
instance_160.graph,data/graph_coloring_graphs/instance_160.graph,10,9,True,0.88775635,0.3387701
instance_1600.graph,data/graph_coloring_graphs/instance_1600.graph,10,11,True,0.99518967,-0.52119446
instance_1601.graph,data/graph_coloring_graphs/instance_1601.graph,16,15,True,1.1018143,-1.0332943
instance_1602.graph,data/graph_coloring_graphs/instance_1602.graph,14,9,True,0.798996,0.58346415
instance_1603.graph,data/graph_coloring_graphs/instance_1603.graph,18,13,True,1.2477403,-1.0578678
instance_1604.graph,data/graph_coloring_graphs/instance_1604.graph,10,15,True,0.9704113,-1.1782265
instance_1605.graph,data/graph_coloring_graphs/instance_1605.graph,12,9,True,1.4020386,-0.83108056
instance_1606.graph,data/graph_coloring_graphs/instance_1606.graph,18,15,True,1.1117287,-0.9840784
instance_1607.graph,data/graph_coloring_graphs/instance_1607.graph,10,9,True,1.0543709,0.1527856
instance_1608.graph,data/graph_coloring_graphs/instance_1608.graph,12,11,True,1.0559597,-0.2606629
instance_1609.graph,data/graph_coloring_graphs/instance_1609.graph,16,3,False,-3.5973492,1.1416489
instance_161.graph,data/graph_coloring_graphs/instance_161.graph,18,11,True,1.1874657,-0.30232307
instance_1610.graph,data/graph_coloring_graphs/instance_1610.graph,14,5,False,-3.1613922,1.2447767
instance_1611.graph,data/graph_coloring_graphs/instance_1611.graph,14,13,True,1.0900078,-0.7722477
instance_1612.graph,data/graph_coloring_graphs/instance_1612.graph,12,15,True,1.0397358,-1.1248595
instance_1613.graph,data/graph_coloring_graphs/instance_1613.graph,14,15,True,1.2325516,-1.5314865
instance_1614.graph,data/graph_coloring_graphs/instance_1614.graph,12,5,True,1.2804375,0.37513068
instance_1615.graph,data/graph_coloring_graphs/instance_1615.graph,14,11,True,1.1051178,-0.16746005
instance_1616.graph,data/graph_coloring_graphs/instance_1616.graph,18,5,False,-4.154196,1.3925605
instance_1617.graph,data/graph_coloring_graphs/instance_1617.graph,16,15,True,1.1283092,-1.1650815
instance_1618.graph,data/graph_coloring_graphs/instance_1618.graph,20,7,True,0.94911194,0.16895956
instance_1619.graph,data/graph_coloring_graphs/instance_1619.graph,10,7,True,0.8096199,-0.020409798
instance_162.graph,data/graph_coloring_graphs/instance_162.graph,10,11,True,0.9666891,-0.6823715
instance_1620.graph,data/graph_coloring_graphs/instance_1620.graph,10,3,True,-1.5615654,0.35461637
instance_1621.graph,data/graph_coloring_graphs/instance_1621.graph,12,15,True,1.0638866,-1.1690515
instance_1622.graph,data/graph_coloring_graphs/instance_1622.graph,16,7,False,-1.4066505,1.1915933
instance_1623.graph,data/graph_coloring_graphs/instance_1623.graph,20,15,True,1.1930885,-1.1636684
instance_1624.graph,data/graph_coloring_graphs/instance_1624.graph,12,9,True,1.2344131,-0.96304774
instance_1625.graph,data/graph_coloring_graphs/instance_1625.graph,14,15,True,1.0803394,-1.0982798
instance_1626.graph,data/graph_coloring_graphs/instance_1626.graph,14,5,True,2.1115494,0.13043061
instance_1627.graph,data/graph_coloring_graphs/instance_1627.graph,14,11,True,1.0830193,-0.06454833
instance_1628.graph,data/graph_coloring_graphs/instance_1628.graph,10,5,True,-1.2703571,0.6853242
instance_1629.graph,data/graph_coloring_graphs/instance_1629.graph,18,11,True,1.1178627,0.07500243
instance_163.graph,data/graph_coloring_graphs/instance_163.graph,18,11,True,1.1257629,0.05514981
instance_1630.graph,data/graph_coloring_graphs/instance_1630.graph,10,15,True,0.96730614,-1.2816436
instance_1631.graph,data/graph_coloring_graphs/instance_1631.graph,10,5,True,-0.80061436,0.7655412
instance_1632.graph,data/graph_coloring_graphs/instance_1632.graph,12,15,True,1.0994978,-1.2850997
instance_1633.graph,data/graph_coloring_graphs/instance_1633.graph,18,13,True,1.1162186,-0.59045684
instance_1634.graph,data/graph_coloring_graphs/instance_1634.graph,10,3,False,-4.4922485,1.2801865
instance_1635.graph,data/graph_coloring_graphs/instance_1635.graph,10,9,True,1.2121124,-0.16611488
instance_1636.graph,data/graph_coloring_graphs/instance_1636.graph,12,3,False,-4.663451,1.3633482
instance_1637.graph,data/graph_coloring_graphs/instance_1637.graph,14,5,True,0.7594261,-0.22972801
instance_1638.graph,data/graph_coloring_graphs/instance_1638.graph,20,15,True,1.1289825,-0.96244013
instance_1639.graph,data/graph_coloring_graphs/instance_1639.graph,10,7,True,3.150978,-0.3494494
instance_164.graph,data/graph_coloring_graphs/instance_164.graph,10,7,True,0.68146324,0.47787794
instance_1640.graph,data/graph_coloring_graphs/instance_1640.graph,18,11,True,1.1260605,-0.034764856
instance_1641.graph,data/graph_coloring_graphs/instance_1641.graph,14,13,True,1.0778809,-0.7169938
instance_1642.graph,data/graph_coloring_graphs/instance_1642.graph,20,5,False,-4.750597,1.5468836
instance_1643.graph,data/graph_coloring_graphs/instance_1643.graph,14,3,False,-5.1985035,1.7072508
instance_1644.graph,data/graph_coloring_graphs/instance_1644.graph,16,15,True,1.3128395,-1.5382675
instance_1645.graph,data/graph_coloring_graphs/instance_1645.graph,20,11,True,1.1457825,0.046979763
instance_1646.graph,data/graph_coloring_graphs/instance_1646.graph,16,9,True,0.65638924,0.8161496
instance_1647.graph,data/graph_coloring_graphs/instance_1647.graph,16,7,True,-1.4835911,1.209633
instance_1648.graph,data/graph_coloring_graphs/instance_1648.graph,10,9,True,0.83691406,0.48664078
instance_1649.graph,data/graph_coloring_graphs/instance_1649.graph,18,7,False,-2.0704842,1.3596404
instance_165.graph,data/graph_coloring_graphs/instance_165.graph,10,13,True,0.54756546,-1.5015574
instance_1650.graph,data/graph_coloring_graphs/instance_1650.graph,16,7,True,1.6898727,0.0016848631
instance_1651.graph,data/graph_coloring_graphs/instance_1651.graph,10,3,False,-3.162262,0.7433424
instance_1652.graph,data/graph_coloring_graphs/instance_1652.graph,14,7,True,-0.81069374,1.030222
instance_1653.graph,data/graph_coloring_graphs/instance_1653.graph,10,11,True,1.0401344,-1.4070563
instance_1654.graph,data/graph_coloring_graphs/instance_1654.graph,12,3,True,0.27746964,0.008889206
instance_1655.graph,data/graph_coloring_graphs/instance_1655.graph,18,5,True,2.0977058,-0.10992043
instance_1656.graph,data/graph_coloring_graphs/instance_1656.graph,20,11,True,1.1222763,0.16499068
instance_1657.graph,data/graph_coloring_graphs/instance_1657.graph,20,9,True,0.4607315,1.061806
instance_1658.graph,data/graph_coloring_graphs/instance_1658.graph,20,15,True,1.1289902,-0.96244013
instance_1659.graph,data/graph_coloring_graphs/instance_1659.graph,16,15,True,1.1231041,-1.0700846
instance_166.graph,data/graph_coloring_graphs/instance_166.graph,12,9,True,0.65513325,0.70650244
instance_1660.graph,data/graph_coloring_graphs/instance_1660.graph,10,3,True,-1.561554,0.35461637
instance_1661.graph,data/graph_coloring_graphs/instance_1661.graph,16,13,True,1.2557526,-1.2489233
instance_1662.graph,data/graph_coloring_graphs/instance_1662.graph,20,11,True,1.1610718,-0.025632173
instance_1663.graph,data/graph_coloring_graphs/instance_1663.graph,20,3,True,-0.77845,0.29095367
instance_1664.graph,data/graph_coloring_graphs/instance_1664.graph,20,13,True,1.1250343,-0.5487071
instance_1665.graph,data/graph_coloring_graphs/instance_1665.graph,18,3,False,-5.571968,1.8791718
instance_1666.graph,data/graph_coloring_graphs/instance_1666.graph,18,3,False,-4.07798,1.3205445
instance_1667.graph,data/graph_coloring_graphs/instance_1667.graph,16,9,True,0.88337994,0.60661113
instance_1668.graph,data/graph_coloring_graphs/instance_1668.graph,18,11,True,1.287075,-0.9994285
instance_1669.graph,data/graph_coloring_graphs/instance_1669.graph,12,15,True,1.0796547,-1.229533
instance_167.graph,data/graph_coloring_graphs/instance_167.graph,12,7,True,1.6784744,-0.37301874
instance_1670.graph,data/graph_coloring_graphs/instance_1670.graph,16,11,True,1.1041679,0.020536274
instance_1671.graph,data/graph_coloring_graphs/instance_1671.graph,14,11,True,1.0977097,-0.2678532
instance_1672.graph,data/graph_coloring_graphs/instance_1672.graph,18,5,False,-3.8670406,1.3425622
instance_1673.graph,data/graph_coloring_graphs/instance_1673.graph,14,7,True,0.46968842,-0.13918453
instance_1674.graph,data/graph_coloring_graphs/instance_1674.graph,14,13,True,1.2217941,-1.4426123
instance_1675.graph,data/graph_coloring_graphs/instance_1675.graph,14,3,False,-4.839156,1.5262175
instance_1676.graph,data/graph_coloring_graphs/instance_1676.graph,10,5,True,2.3231392,-0.56866884
instance_1677.graph,data/graph_coloring_graphs/instance_1677.graph,20,11,True,1.1471596,-0.0251064
instance_1678.graph,data/graph_coloring_graphs/instance_1678.graph,14,3,False,-4.201951,1.3734865
instance_1679.graph,data/graph_coloring_graphs/instance_1679.graph,10,7,True,1.8082008,-0.13853939
instance_168.graph,data/graph_coloring_graphs/instance_168.graph,20,11,True,1.3072987,-0.6418185
instance_1680.graph,data/graph_coloring_graphs/instance_1680.graph,14,7,True,1.4022884,0.27494887
instance_1681.graph,data/graph_coloring_graphs/instance_1681.graph,14,5,True,3.1109161,-0.49295124
instance_1682.graph,data/graph_coloring_graphs/instance_1682.graph,14,5,True,-1.0298634,0.8334397
instance_1683.graph,data/graph_coloring_graphs/instance_1683.graph,10,5,True,4.242752,-0.8362632
instance_1684.graph,data/graph_coloring_graphs/instance_1684.graph,16,11,True,1.2356987,-1.078971
instance_1685.graph,data/graph_coloring_graphs/instance_1685.graph,18,15,True,1.157095,-1.1786175
instance_1686.graph,data/graph_coloring_graphs/instance_1686.graph,12,3,True,3.8282204,-0.43926528
instance_1687.graph,data/graph_coloring_graphs/instance_1687.graph,20,3,False,-5.8195114,2.0008202
instance_1688.graph,data/graph_coloring_graphs/instance_1688.graph,20,5,False,-3.4872952,1.3164984
instance_1689.graph,data/graph_coloring_graphs/instance_1689.graph,18,11,True,1.1300163,-0.08708026
instance_169.graph,data/graph_coloring_graphs/instance_169.graph,14,11,True,1.1642876,-0.48944157
instance_1690.graph,data/graph_coloring_graphs/instance_1690.graph,10,11,True,0.992218,-0.3316442
instance_1691.graph,data/graph_coloring_graphs/instance_1691.graph,14,11,True,1.0996399,-0.033060208
instance_1692.graph,data/graph_coloring_graphs/instance_1692.graph,12,7,True,1.5532913,0.23853257
instance_1693.graph,data/graph_coloring_graphs/instance_1693.graph,20,5,False,-2.16785,1.0945834
instance_1694.graph,data/graph_coloring_graphs/instance_1694.graph,20,5,True,2.0080452,0.007520713
instance_1695.graph,data/graph_coloring_graphs/instance_1695.graph,10,11,True,0.9994621,-0.23238179
instance_1696.graph,data/graph_coloring_graphs/instance_1696.graph,10,9,True,1.1480789,-0.26047406
instance_1697.graph,data/graph_coloring_graphs/instance_1697.graph,20,9,True,0.6413746,0.8858024
instance_1698.graph,data/graph_coloring_graphs/instance_1698.graph,16,15,True,1.1419735,-1.1812928
instance_1699.graph,data/graph_coloring_graphs/instance_1699.graph,14,5,False,-3.1613903,1.2447767
instance_17.graph,data/graph_coloring_graphs/instance_17.graph,19,122,True,1.111721,-0.9840783
instance_170.graph,data/graph_coloring_graphs/instance_170.graph,14,7,True,-0.47795486,0.84511435
instance_1700.graph,data/graph_coloring_graphs/instance_1700.graph,16,9,True,1.1502037,0.12131271
instance_1701.graph,data/graph_coloring_graphs/instance_1701.graph,16,9,True,0.5429077,0.92091894
instance_1702.graph,data/graph_coloring_graphs/instance_1702.graph,16,7,True,1.2300014,0.51946163
instance_1703.graph,data/graph_coloring_graphs/instance_1703.graph,18,15,True,1.1113892,-0.9823867
instance_1704.graph,data/graph_coloring_graphs/instance_1704.graph,18,11,True,1.1948233,-0.3658549
instance_1705.graph,data/graph_coloring_graphs/instance_1705.graph,20,15,True,1.3142643,-1.3431569
instance_1706.graph,data/graph_coloring_graphs/instance_1706.graph,16,13,True,1.1012115,-0.60587907
instance_1707.graph,data/graph_coloring_graphs/instance_1707.graph,12,3,True,-0.5358658,0.12534223
instance_1708.graph,data/graph_coloring_graphs/instance_1708.graph,14,9,True,1.2880516,-0.63675463
instance_1709.graph,data/graph_coloring_graphs/instance_1709.graph,18,11,True,1.2337685,-0.70148885
instance_171.graph,data/graph_coloring_graphs/instance_171.graph,18,9,True,0.48415756,1.002469
instance_1710.graph,data/graph_coloring_graphs/instance_1710.graph,16,15,True,1.2443962,-1.4558814
instance_1711.graph,data/graph_coloring_graphs/instance_1711.graph,16,11,True,1.1247063,-0.060316205
instance_1712.graph,data/graph_coloring_graphs/instance_1712.graph,20,5,False,-5.2331085,1.6101176
instance_1713.graph,data/graph_coloring_graphs/instance_1713.graph,20,5,False,-3.9355984,1.391898
instance_1714.graph,data/graph_coloring_graphs/instance_1714.graph,16,11,True,1.2666245,-0.9471539
instance_1715.graph,data/graph_coloring_graphs/instance_1715.graph,18,11,True,1.162118,-0.37260008
instance_1716.graph,data/graph_coloring_graphs/instance_1716.graph,10,5,True,1.6260643,-0.664323
instance_1717.graph,data/graph_coloring_graphs/instance_1717.graph,12,5,True,0.26589775,0.39327124
instance_1718.graph,data/graph_coloring_graphs/instance_1718.graph,16,3,False,-3.4393148,0.9864249
instance_1719.graph,data/graph_coloring_graphs/instance_1719.graph,18,15,True,1.1085815,-0.9666312
instance_172.graph,data/graph_coloring_graphs/instance_172.graph,14,5,True,-0.7743988,0.67283523
instance_1720.graph,data/graph_coloring_graphs/instance_1720.graph,14,11,True,1.0838318,-0.10941038
instance_1721.graph,data/graph_coloring_graphs/instance_1721.graph,12,15,True,1.0419064,-1.0912123
instance_1722.graph,data/graph_coloring_graphs/instance_1722.graph,16,11,True,1.1047974,0.00851915
instance_1723.graph,data/graph_coloring_graphs/instance_1723.graph,14,5,True,0.7200661,0.52589834
instance_1724.graph,data/graph_coloring_graphs/instance_1724.graph,10,9,True,0.80410194,0.43214175
instance_1725.graph,data/graph_coloring_graphs/instance_1725.graph,14,15,True,1.2367134,-1.5320673
instance_1726.graph,data/graph_coloring_graphs/instance_1726.graph,12,9,True,0.952199,0.32485044
instance_1727.graph,data/graph_coloring_graphs/instance_1727.graph,20,13,True,1.251791,-1.0886137
instance_1728.graph,data/graph_coloring_graphs/instance_1728.graph,16,9,True,1.1409302,-0.26844072
instance_1729.graph,data/graph_coloring_graphs/instance_1729.graph,20,9,True,1.4586601,-0.012450408
instance_173.graph,data/graph_coloring_graphs/instance_173.graph,14,13,True,1.0783653,-0.6987864
instance_1730.graph,data/graph_coloring_graphs/instance_1730.graph,12,5,False,-1.9062757,0.88870215
instance_1731.graph,data/graph_coloring_graphs/instance_1731.graph,16,9,True,1.5779114,-0.43732694
instance_1732.graph,data/graph_coloring_graphs/instance_1732.graph,12,11,True,1.1625175,-0.9272425
instance_1733.graph,data/graph_coloring_graphs/instance_1733.graph,12,3,True,0.9103508,-0.0010634884
instance_1734.graph,data/graph_coloring_graphs/instance_1734.graph,10,7,True,0.21442509,0.69644916
instance_1735.graph,data/graph_coloring_graphs/instance_1735.graph,16,9,True,0.58143425,0.91486657
instance_1736.graph,data/graph_coloring_graphs/instance_1736.graph,10,5,True,-2.141954,0.7617748
instance_1737.graph,data/graph_coloring_graphs/instance_1737.graph,12,3,False,-4.665266,1.4558423
instance_1738.graph,data/graph_coloring_graphs/instance_1738.graph,18,9,True,1.443718,-0.31936166
instance_1739.graph,data/graph_coloring_graphs/instance_1739.graph,12,9,True,1.1129417,0.23911488
instance_174.graph,data/graph_coloring_graphs/instance_174.graph,10,3,False,-4.20078,1.2519343
instance_1740.graph,data/graph_coloring_graphs/instance_1740.graph,20,13,True,1.1859779,-0.85259914
instance_1741.graph,data/graph_coloring_graphs/instance_1741.graph,20,15,True,1.1831474,-1.129947
instance_1742.graph,data/graph_coloring_graphs/instance_1742.graph,10,15,True,0.9760246,-1.1515702
instance_1743.graph,data/graph_coloring_graphs/instance_1743.graph,20,3,False,-4.8219547,1.538831
instance_1744.graph,data/graph_coloring_graphs/instance_1744.graph,14,11,True,1.0825653,-0.03988585
instance_1745.graph,data/graph_coloring_graphs/instance_1745.graph,14,13,True,1.1039753,-0.76464367
instance_1746.graph,data/graph_coloring_graphs/instance_1746.graph,12,9,True,1.0453758,-0.13317823
instance_1747.graph,data/graph_coloring_graphs/instance_1747.graph,16,9,True,0.8423395,0.68127227
instance_1748.graph,data/graph_coloring_graphs/instance_1748.graph,18,9,False,0.51605415,0.9967314
instance_1749.graph,data/graph_coloring_graphs/instance_1749.graph,12,9,True,0.76579094,0.6521559
instance_175.graph,data/graph_coloring_graphs/instance_175.graph,16,3,False,-3.7226477,1.1178243
instance_1750.graph,data/graph_coloring_graphs/instance_1750.graph,14,3,False,-4.3953533,1.3026546
instance_1751.graph,data/graph_coloring_graphs/instance_1751.graph,10,15,True,0.9566765,-1.2431009
instance_1752.graph,data/graph_coloring_graphs/instance_1752.graph,12,15,True,0.9379692,-1.5426553
instance_1753.graph,data/graph_coloring_graphs/instance_1753.graph,10,9,True,1.2602386,-0.40697864
instance_1754.graph,data/graph_coloring_graphs/instance_1754.graph,12,15,True,1.1266785,-1.3737047
instance_1755.graph,data/graph_coloring_graphs/instance_1755.graph,14,9,True,0.79488087,0.68292916
instance_1756.graph,data/graph_coloring_graphs/instance_1756.graph,14,13,True,1.0782089,-0.704723
instance_1757.graph,data/graph_coloring_graphs/instance_1757.graph,20,15,True,1.119278,-0.96225905
instance_1758.graph,data/graph_coloring_graphs/instance_1758.graph,12,15,True,1.0639076,-1.1614069
instance_1759.graph,data/graph_coloring_graphs/instance_1759.graph,16,11,True,1.1408768,-0.28622377
instance_176.graph,data/graph_coloring_graphs/instance_176.graph,10,15,True,0.9669075,-1.5859122
instance_1760.graph,data/graph_coloring_graphs/instance_1760.graph,18,3,False,-4.0601597,1.2465944
instance_1761.graph,data/graph_coloring_graphs/instance_1761.graph,10,11,True,0.9841614,-0.2691967
instance_1762.graph,data/graph_coloring_graphs/instance_1762.graph,14,5,True,-0.43868732,0.5384675
instance_1763.graph,data/graph_coloring_graphs/instance_1763.graph,20,7,True,-1.0457611,1.1073344
instance_1764.graph,data/graph_coloring_graphs/instance_1764.graph,12,7,True,0.6304741,-0.24473628
instance_1765.graph,data/graph_coloring_graphs/instance_1765.graph,12,5,True,0.20332527,0.49300066
instance_1766.graph,data/graph_coloring_graphs/instance_1766.graph,12,9,True,1.0997162,0.16619149
instance_1767.graph,data/graph_coloring_graphs/instance_1767.graph,20,13,True,1.1257477,-0.5575161
instance_1768.graph,data/graph_coloring_graphs/instance_1768.graph,10,7,True,-0.24195051,0.8118987
instance_1769.graph,data/graph_coloring_graphs/instance_1769.graph,10,11,True,0.9825096,-0.28841478
instance_177.graph,data/graph_coloring_graphs/instance_177.graph,12,9,True,0.6844845,0.7313509
instance_1770.graph,data/graph_coloring_graphs/instance_1770.graph,14,11,True,1.0834923,-0.090864055
instance_1771.graph,data/graph_coloring_graphs/instance_1771.graph,12,7,True,1.0756645,-0.21608837
instance_1772.graph,data/graph_coloring_graphs/instance_1772.graph,12,11,True,1.0683899,-0.12170511
instance_1773.graph,data/graph_coloring_graphs/instance_1773.graph,16,15,True,1.2256546,-1.2133589
instance_1774.graph,data/graph_coloring_graphs/instance_1774.graph,14,5,False,-3.449524,1.293924
instance_1775.graph,data/graph_coloring_graphs/instance_1775.graph,16,3,True,-1.0423698,0.36367646
instance_1776.graph,data/graph_coloring_graphs/instance_1776.graph,18,15,True,1.278698,-1.3911645
instance_1777.graph,data/graph_coloring_graphs/instance_1777.graph,18,15,True,1.1290436,-1.0412866
instance_1778.graph,data/graph_coloring_graphs/instance_1778.graph,10,13,True,1.0074406,-1.1608927
instance_1779.graph,data/graph_coloring_graphs/instance_1779.graph,18,15,True,1.1205139,-1.0327605
instance_178.graph,data/graph_coloring_graphs/instance_178.graph,10,13,True,0.9660282,-0.8960817
instance_1780.graph,data/graph_coloring_graphs/instance_1780.graph,18,7,True,0.80942345,0.1568458
instance_1781.graph,data/graph_coloring_graphs/instance_1781.graph,10,7,True,-0.3457651,0.8381611
instance_1782.graph,data/graph_coloring_graphs/instance_1782.graph,16,3,False,-1.6638966,0.4006219
instance_1783.graph,data/graph_coloring_graphs/instance_1783.graph,16,11,True,1.1016998,0.069948204
instance_1784.graph,data/graph_coloring_graphs/instance_1784.graph,10,9,True,0.874176,-0.6640096
instance_1785.graph,data/graph_coloring_graphs/instance_1785.graph,18,5,True,-1.2546792,0.88774526
instance_1786.graph,data/graph_coloring_graphs/instance_1786.graph,18,11,True,1.1654797,-0.19606978
instance_1787.graph,data/graph_coloring_graphs/instance_1787.graph,12,3,False,-3.63381,1.0579362
instance_1788.graph,data/graph_coloring_graphs/instance_1788.graph,12,3,False,-4.9298706,1.5875705
instance_1789.graph,data/graph_coloring_graphs/instance_1789.graph,20,13,True,1.3309479,-1.2232412
instance_179.graph,data/graph_coloring_graphs/instance_179.graph,12,15,True,1.0672989,-1.4907229
instance_1790.graph,data/graph_coloring_graphs/instance_1790.graph,12,15,True,1.0483198,-1.2229812
instance_1791.graph,data/graph_coloring_graphs/instance_1791.graph,14,5,True,0.47799873,0.43745193
instance_1792.graph,data/graph_coloring_graphs/instance_1792.graph,20,9,True,0.47135162,1.0527686
instance_1793.graph,data/graph_coloring_graphs/instance_1793.graph,10,15,True,0.997921,-1.3643583
instance_1794.graph,data/graph_coloring_graphs/instance_1794.graph,14,5,False,-3.7602825,1.3132956
instance_1795.graph,data/graph_coloring_graphs/instance_1795.graph,10,3,True,1.026413,-0.13002066
instance_1796.graph,data/graph_coloring_graphs/instance_1796.graph,16,9,True,1.600708,-0.36066386
instance_1797.graph,data/graph_coloring_graphs/instance_1797.graph,14,3,False,-4.636326,1.4994965
instance_1798.graph,data/graph_coloring_graphs/instance_1798.graph,16,3,False,-2.2126522,0.4424857
instance_1799.graph,data/graph_coloring_graphs/instance_1799.graph,12,3,False,-2.5047512,0.6678935
instance_18.graph,data/graph_coloring_graphs/instance_18.graph,13,12,True,1.0342026,-1.4922323
instance_180.graph,data/graph_coloring_graphs/instance_180.graph,12,13,True,1.1991234,-1.5229309
instance_1800.graph,data/graph_coloring_graphs/instance_1800.graph,14,5,True,0.123924255,-0.0004664138
instance_1801.graph,data/graph_coloring_graphs/instance_1801.graph,10,3,False,-3.3992805,0.70435417
instance_1802.graph,data/graph_coloring_graphs/instance_1802.graph,20,9,False,0.39451218,1.1013921
instance_1803.graph,data/graph_coloring_graphs/instance_1803.graph,18,13,True,1.1331005,-0.71404874
instance_1804.graph,data/graph_coloring_graphs/instance_1804.graph,20,7,False,-1.7720222,1.2775805
instance_1805.graph,data/graph_coloring_graphs/instance_1805.graph,14,11,True,1.1046996,-0.5064305
instance_1806.graph,data/graph_coloring_graphs/instance_1806.graph,10,7,True,1.007576,0.39048424
instance_1807.graph,data/graph_coloring_graphs/instance_1807.graph,18,13,True,1.1865921,-0.8765985
instance_1808.graph,data/graph_coloring_graphs/instance_1808.graph,10,13,True,1.0680084,-1.461803
instance_1809.graph,data/graph_coloring_graphs/instance_1809.graph,14,5,True,2.1908875,-0.36868623
instance_181.graph,data/graph_coloring_graphs/instance_181.graph,18,3,False,-1.4772015,0.4566048
instance_1810.graph,data/graph_coloring_graphs/instance_1810.graph,10,5,True,0.24835968,-0.27554718
instance_1811.graph,data/graph_coloring_graphs/instance_1811.graph,18,15,True,1.1228065,-1.0453438
instance_1812.graph,data/graph_coloring_graphs/instance_1812.graph,18,15,True,1.1237793,-1.0506741
instance_1813.graph,data/graph_coloring_graphs/instance_1813.graph,16,5,False,-4.020149,1.4061671
instance_1814.graph,data/graph_coloring_graphs/instance_1814.graph,12,13,True,1.1061525,-0.9065999
instance_1815.graph,data/graph_coloring_graphs/instance_1815.graph,10,11,True,0.8893051,-0.8703356
instance_1816.graph,data/graph_coloring_graphs/instance_1816.graph,14,15,True,1.099081,-1.2270188
instance_1817.graph,data/graph_coloring_graphs/instance_1817.graph,18,11,True,1.1182327,0.14303127
instance_1818.graph,data/graph_coloring_graphs/instance_1818.graph,12,11,True,1.055727,-0.27674818
instance_1819.graph,data/graph_coloring_graphs/instance_1819.graph,16,7,True,0.4471941,0.6555401
instance_182.graph,data/graph_coloring_graphs/instance_182.graph,16,5,False,-3.133728,1.1924657
instance_1820.graph,data/graph_coloring_graphs/instance_1820.graph,12,13,True,1.0837216,-1.0520511
instance_1821.graph,data/graph_coloring_graphs/instance_1821.graph,14,13,True,1.0897236,-0.8407632
instance_1822.graph,data/graph_coloring_graphs/instance_1822.graph,18,11,True,1.1335945,-0.038334675
instance_1823.graph,data/graph_coloring_graphs/instance_1823.graph,14,3,False,-4.1840725,1.2832873
instance_1824.graph,data/graph_coloring_graphs/instance_1824.graph,12,9,True,0.9148216,-0.66247165
instance_1825.graph,data/graph_coloring_graphs/instance_1825.graph,10,5,True,1.0672646,0.43181702
instance_1826.graph,data/graph_coloring_graphs/instance_1826.graph,20,9,True,0.871253,0.59279525
instance_1827.graph,data/graph_coloring_graphs/instance_1827.graph,14,11,True,1.1291199,-0.41698763
instance_1828.graph,data/graph_coloring_graphs/instance_1828.graph,20,11,True,1.2845078,-0.6849688
instance_1829.graph,data/graph_coloring_graphs/instance_1829.graph,14,5,True,-0.2551613,0.50264394
instance_183.graph,data/graph_coloring_graphs/instance_183.graph,10,13,True,0.6780243,-1.6024511
instance_1830.graph,data/graph_coloring_graphs/instance_1830.graph,18,9,True,0.53195953,0.9597055
instance_1831.graph,data/graph_coloring_graphs/instance_1831.graph,18,3,True,-1.0584793,0.39118758
instance_1832.graph,data/graph_coloring_graphs/instance_1832.graph,16,13,True,1.1342754,-0.85477626
instance_1833.graph,data/graph_coloring_graphs/instance_1833.graph,18,11,True,1.1315384,-0.0140506625
instance_1834.graph,data/graph_coloring_graphs/instance_1834.graph,16,7,True,-0.9684124,1.051321
instance_1835.graph,data/graph_coloring_graphs/instance_1835.graph,20,13,True,1.2434006,-1.0395082
instance_1836.graph,data/graph_coloring_graphs/instance_1836.graph,12,7,True,1.5572834,0.42141625
instance_1837.graph,data/graph_coloring_graphs/instance_1837.graph,18,3,True,-1.4992027,0.5525011
instance_1838.graph,data/graph_coloring_graphs/instance_1838.graph,12,3,False,-4.937151,1.5081878
instance_1839.graph,data/graph_coloring_graphs/instance_1839.graph,10,11,True,0.22676086,-1.2148077
instance_184.graph,data/graph_coloring_graphs/instance_184.graph,14,5,True,2.4307518,-0.5461302
instance_1840.graph,data/graph_coloring_graphs/instance_1840.graph,16,9,True,1.4392624,-0.6612297
instance_1841.graph,data/graph_coloring_graphs/instance_1841.graph,20,5,True,-1.2749715,0.91304386
instance_1842.graph,data/graph_coloring_graphs/instance_1842.graph,12,11,True,1.0842199,-0.48616663
instance_1843.graph,data/graph_coloring_graphs/instance_1843.graph,16,15,True,1.1476173,-1.15096
instance_1844.graph,data/graph_coloring_graphs/instance_1844.graph,18,15,True,1.3239403,-1.4738269
instance_1845.graph,data/graph_coloring_graphs/instance_1845.graph,10,15,True,0.99230385,-1.1409038
instance_1846.graph,data/graph_coloring_graphs/instance_1846.graph,16,9,True,0.5814495,0.91486657
instance_1847.graph,data/graph_coloring_graphs/instance_1847.graph,10,5,False,-1.9932895,0.9786291
instance_1848.graph,data/graph_coloring_graphs/instance_1848.graph,16,9,True,1.331173,-0.1441068
instance_1849.graph,data/graph_coloring_graphs/instance_1849.graph,14,9,True,1.3342361,-0.36576596
instance_185.graph,data/graph_coloring_graphs/instance_185.graph,10,5,True,0.6346855,0.4175652
instance_1850.graph,data/graph_coloring_graphs/instance_1850.graph,20,5,True,0.6973133,0.26908562
instance_1851.graph,data/graph_coloring_graphs/instance_1851.graph,16,15,True,1.2725677,-1.4066097
instance_1852.graph,data/graph_coloring_graphs/instance_1852.graph,10,7,True,2.839058,-0.7024956
instance_1853.graph,data/graph_coloring_graphs/instance_1853.graph,12,7,True,-0.42151642,0.8421457
instance_1854.graph,data/graph_coloring_graphs/instance_1854.graph,14,15,True,1.1325006,-1.2707763
instance_1855.graph,data/graph_coloring_graphs/instance_1855.graph,14,11,True,1.0831642,-0.07312844
instance_1856.graph,data/graph_coloring_graphs/instance_1856.graph,20,7,False,-2.207264,1.379601
instance_1857.graph,data/graph_coloring_graphs/instance_1857.graph,12,5,False,-1.0767951,0.85902226
instance_1858.graph,data/graph_coloring_graphs/instance_1858.graph,18,13,True,1.1151581,-0.5708816
instance_1859.graph,data/graph_coloring_graphs/instance_1859.graph,20,15,True,1.1344643,-1.0034376
instance_186.graph,data/graph_coloring_graphs/instance_186.graph,14,15,True,1.0779877,-1.040358
instance_1860.graph,data/graph_coloring_graphs/instance_1860.graph,18,11,True,1.1347046,-0.05108872
instance_1861.graph,data/graph_coloring_graphs/instance_1861.graph,18,13,True,1.1148834,-0.5656084
instance_1862.graph,data/graph_coloring_graphs/instance_1862.graph,14,11,True,1.0900421,-0.0056269765
instance_1863.graph,data/graph_coloring_graphs/instance_1863.graph,16,15,True,1.1544819,-1.1860803
instance_1864.graph,data/graph_coloring_graphs/instance_1864.graph,10,15,True,1.0296936,-1.248528
instance_1865.graph,data/graph_coloring_graphs/instance_1865.graph,20,9,True,0.88404465,0.5807471
instance_1866.graph,data/graph_coloring_graphs/instance_1866.graph,18,3,False,-5.4731674,1.8286107
instance_1867.graph,data/graph_coloring_graphs/instance_1867.graph,18,13,True,1.1855202,-0.86816585
instance_1868.graph,data/graph_coloring_graphs/instance_1868.graph,18,13,True,1.1162148,-0.59045684
instance_1869.graph,data/graph_coloring_graphs/instance_1869.graph,12,11,True,1.0469131,-0.15066172
instance_187.graph,data/graph_coloring_graphs/instance_187.graph,14,15,True,1.0877113,-1.0593193
instance_1870.graph,data/graph_coloring_graphs/instance_1870.graph,14,5,True,2.1293373,-0.3168431
instance_1871.graph,data/graph_coloring_graphs/instance_1871.graph,16,3,True,-0.37091827,0.35533366
instance_1872.graph,data/graph_coloring_graphs/instance_1872.graph,14,7,True,-0.47796535,0.84511435
instance_1873.graph,data/graph_coloring_graphs/instance_1873.graph,20,13,True,1.309761,-1.1929209
instance_1874.graph,data/graph_coloring_graphs/instance_1874.graph,18,3,False,-5.2612476,1.7201512
instance_1875.graph,data/graph_coloring_graphs/instance_1875.graph,12,7,True,1.1108027,0.45033666
instance_1876.graph,data/graph_coloring_graphs/instance_1876.graph,16,7,True,2.8524475,-0.22301368
instance_1877.graph,data/graph_coloring_graphs/instance_1877.graph,12,7,True,-0.15519333,0.69769657
instance_1878.graph,data/graph_coloring_graphs/instance_1878.graph,18,3,False,-5.108225,1.641824
instance_1879.graph,data/graph_coloring_graphs/instance_1879.graph,20,3,False,-4.364293,1.4245236
instance_188.graph,data/graph_coloring_graphs/instance_188.graph,20,7,True,-0.28351974,0.8943417
instance_1880.graph,data/graph_coloring_graphs/instance_1880.graph,18,13,True,1.2459946,-1.1727415
instance_1881.graph,data/graph_coloring_graphs/instance_1881.graph,14,9,True,0.92633533,0.56102836
instance_1882.graph,data/graph_coloring_graphs/instance_1882.graph,16,13,True,1.2021008,-1.2201269
instance_1883.graph,data/graph_coloring_graphs/instance_1883.graph,20,5,False,-5.06929,1.5825665
instance_1884.graph,data/graph_coloring_graphs/instance_1884.graph,10,13,True,0.9994526,-0.80375767
instance_1885.graph,data/graph_coloring_graphs/instance_1885.graph,20,3,False,-5.80579,1.9592144
instance_1886.graph,data/graph_coloring_graphs/instance_1886.graph,10,13,True,0.9958224,-0.9972682
instance_1887.graph,data/graph_coloring_graphs/instance_1887.graph,14,11,True,1.0831718,-0.07312844
instance_1888.graph,data/graph_coloring_graphs/instance_1888.graph,18,3,False,-5.4717236,1.7824899
instance_1889.graph,data/graph_coloring_graphs/instance_1889.graph,14,3,False,-3.0363874,0.84446776
instance_189.graph,data/graph_coloring_graphs/instance_189.graph,16,5,False,-2.9122734,1.1532147
instance_1890.graph,data/graph_coloring_graphs/instance_1890.graph,16,7,True,0.9046726,0.5410783
instance_1891.graph,data/graph_coloring_graphs/instance_1891.graph,20,3,False,-2.596506,0.77077675
instance_1892.graph,data/graph_coloring_graphs/instance_1892.graph,20,13,True,1.1391449,-0.62466586
instance_1893.graph,data/graph_coloring_graphs/instance_1893.graph,20,11,True,1.1200714,0.1878411
instance_1894.graph,data/graph_coloring_graphs/instance_1894.graph,18,9,True,1.2761192,0.025503382
instance_1895.graph,data/graph_coloring_graphs/instance_1895.graph,14,9,True,0.6381531,0.82827246
instance_1896.graph,data/graph_coloring_graphs/instance_1896.graph,20,5,True,0.6973057,0.26908556
instance_1897.graph,data/graph_coloring_graphs/instance_1897.graph,16,5,False,-2.6010885,1.1343683
instance_1898.graph,data/graph_coloring_graphs/instance_1898.graph,14,15,True,1.087471,-1.0556546
instance_1899.graph,data/graph_coloring_graphs/instance_1899.graph,12,5,True,4.2112045,-0.62693787
instance_19.graph,data/graph_coloring_graphs/instance_19.graph,21,42,True,1.2866974,-1.307962
instance_190.graph,data/graph_coloring_graphs/instance_190.graph,10,15,True,0.99344635,-1.4066818
instance_1900.graph,data/graph_coloring_graphs/instance_1900.graph,10,5,True,0.6346817,0.41756514
instance_1901.graph,data/graph_coloring_graphs/instance_1901.graph,18,7,True,0.72049904,0.1124019
instance_1902.graph,data/graph_coloring_graphs/instance_1902.graph,10,9,True,1.0374832,-1.0760512
instance_1903.graph,data/graph_coloring_graphs/instance_1903.graph,20,7,True,0.24880695,0.838477
instance_1904.graph,data/graph_coloring_graphs/instance_1904.graph,16,5,False,-3.969656,1.3976746
instance_1905.graph,data/graph_coloring_graphs/instance_1905.graph,10,3,True,1.5494232,-0.45040897
instance_1906.graph,data/graph_coloring_graphs/instance_1906.graph,12,5,False,-3.2091846,1.1330924
instance_1907.graph,data/graph_coloring_graphs/instance_1907.graph,12,11,True,1.1217675,-0.55874515
instance_1908.graph,data/graph_coloring_graphs/instance_1908.graph,12,11,True,1.0466194,-0.1630191
instance_1909.graph,data/graph_coloring_graphs/instance_1909.graph,14,13,True,1.0892272,-0.9512725
instance_191.graph,data/graph_coloring_graphs/instance_191.graph,18,15,True,1.1729374,-1.1223023
instance_1910.graph,data/graph_coloring_graphs/instance_1910.graph,10,13,True,0.9756508,-0.8396642
instance_1911.graph,data/graph_coloring_graphs/instance_1911.graph,14,7,True,2.5272675,-0.3696093
instance_1912.graph,data/graph_coloring_graphs/instance_1912.graph,10,13,True,0.97829676,-0.95106494
instance_1913.graph,data/graph_coloring_graphs/instance_1913.graph,18,5,False,-4.0644245,1.4248707
instance_1914.graph,data/graph_coloring_graphs/instance_1914.graph,10,7,True,2.5506744,-0.17771843
instance_1915.graph,data/graph_coloring_graphs/instance_1915.graph,18,7,True,1.3610077,-0.14530191
instance_1916.graph,data/graph_coloring_graphs/instance_1916.graph,10,3,True,1.4460335,-0.27806345
instance_1917.graph,data/graph_coloring_graphs/instance_1917.graph,12,15,True,1.0397491,-1.5838242
instance_1918.graph,data/graph_coloring_graphs/instance_1918.graph,10,11,True,0.97348976,-0.88760746
instance_1919.graph,data/graph_coloring_graphs/instance_1919.graph,14,9,True,1.3733253,-0.26622766
instance_192.graph,data/graph_coloring_graphs/instance_192.graph,14,3,False,-4.086421,1.2366235
instance_1920.graph,data/graph_coloring_graphs/instance_1920.graph,16,7,True,0.055407524,0.6977229
instance_1921.graph,data/graph_coloring_graphs/instance_1921.graph,18,9,True,1.459198,-0.16632329
instance_1922.graph,data/graph_coloring_graphs/instance_1922.graph,10,3,True,0.91033554,-0.0010634772
instance_1923.graph,data/graph_coloring_graphs/instance_1923.graph,16,7,False,-1.5760937,1.1983366
instance_1924.graph,data/graph_coloring_graphs/instance_1924.graph,14,3,False,-4.596651,1.4040592
instance_1925.graph,data/graph_coloring_graphs/instance_1925.graph,12,3,True,-1.4056244,0.341333
instance_1926.graph,data/graph_coloring_graphs/instance_1926.graph,20,15,True,1.137764,-1.0165716
instance_1927.graph,data/graph_coloring_graphs/instance_1927.graph,20,9,True,0.6413708,0.8858024
instance_1928.graph,data/graph_coloring_graphs/instance_1928.graph,12,9,True,1.2415752,0.013593618
instance_1929.graph,data/graph_coloring_graphs/instance_1929.graph,18,11,True,1.2506847,-0.7127671
instance_193.graph,data/graph_coloring_graphs/instance_193.graph,18,15,True,1.122982,-0.98301554
instance_1930.graph,data/graph_coloring_graphs/instance_1930.graph,12,5,False,-2.7819557,1.1074865
instance_1931.graph,data/graph_coloring_graphs/instance_1931.graph,16,5,True,0.7140274,-0.06291981
instance_1932.graph,data/graph_coloring_graphs/instance_1932.graph,14,11,True,1.2007179,-1.0064538
instance_1933.graph,data/graph_coloring_graphs/instance_1933.graph,14,7,True,0.07172775,0.81963384
instance_1934.graph,data/graph_coloring_graphs/instance_1934.graph,14,15,True,1.0996618,-1.2355967
instance_1935.graph,data/graph_coloring_graphs/instance_1935.graph,12,7,True,1.7955589,-0.46885505
instance_1936.graph,data/graph_coloring_graphs/instance_1936.graph,14,7,True,-0.59733963,0.5611813
instance_1937.graph,data/graph_coloring_graphs/instance_1937.graph,18,13,True,1.1438398,-0.8629668
instance_1938.graph,data/graph_coloring_graphs/instance_1938.graph,18,11,True,1.1255989,-0.028698176
instance_1939.graph,data/graph_coloring_graphs/instance_1939.graph,18,13,True,1.1627979,-0.92554
instance_194.graph,data/graph_coloring_graphs/instance_194.graph,18,11,True,1.3231316,-0.7371533
instance_1940.graph,data/graph_coloring_graphs/instance_1940.graph,20,5,False,-2.7410822,1.1909927
instance_1941.graph,data/graph_coloring_graphs/instance_1941.graph,16,3,False,-4.736332,1.3932086
instance_1942.graph,data/graph_coloring_graphs/instance_1942.graph,14,9,True,1.1767082,-0.6867899
instance_1943.graph,data/graph_coloring_graphs/instance_1943.graph,20,11,True,1.2976027,-0.67372143
instance_1944.graph,data/graph_coloring_graphs/instance_1944.graph,10,7,True,-0.13709545,0.69725394
instance_1945.graph,data/graph_coloring_graphs/instance_1945.graph,16,5,False,-2.9763565,1.1991069
instance_1946.graph,data/graph_coloring_graphs/instance_1946.graph,12,5,True,3.37368,-0.50218695
instance_1947.graph,data/graph_coloring_graphs/instance_1947.graph,20,11,True,1.2759626,-0.541832
instance_1948.graph,data/graph_coloring_graphs/instance_1948.graph,16,7,True,0.30438137,0.6331316
instance_1949.graph,data/graph_coloring_graphs/instance_1949.graph,18,11,True,1.2719669,-0.74975765
instance_195.graph,data/graph_coloring_graphs/instance_195.graph,18,3,False,-5.652256,1.8787987
instance_1950.graph,data/graph_coloring_graphs/instance_1950.graph,12,3,False,-2.4938984,0.5238874
instance_1951.graph,data/graph_coloring_graphs/instance_1951.graph,12,13,True,1.054678,-0.7667041
instance_1952.graph,data/graph_coloring_graphs/instance_1952.graph,20,7,True,-1.4640903,1.1781716
instance_1953.graph,data/graph_coloring_graphs/instance_1953.graph,20,11,True,1.1528587,0.040807612
instance_1954.graph,data/graph_coloring_graphs/instance_1954.graph,20,7,False,-2.0442276,1.3633034
instance_1955.graph,data/graph_coloring_graphs/instance_1955.graph,20,5,True,-1.5433283,0.8527261
instance_1956.graph,data/graph_coloring_graphs/instance_1956.graph,20,13,True,1.1321793,-0.63547826
instance_1957.graph,data/graph_coloring_graphs/instance_1957.graph,16,11,True,1.2167578,-0.52672744
instance_1958.graph,data/graph_coloring_graphs/instance_1958.graph,20,5,True,-1.2994232,0.88356984
instance_1959.graph,data/graph_coloring_graphs/instance_1959.graph,20,13,True,1.3748493,-1.2097034
instance_196.graph,data/graph_coloring_graphs/instance_196.graph,20,15,True,1.3222256,-1.3627934
instance_1960.graph,data/graph_coloring_graphs/instance_1960.graph,14,13,True,1.0904045,-0.6860509
instance_1961.graph,data/graph_coloring_graphs/instance_1961.graph,20,5,True,0.35531425,0.4256061
instance_1962.graph,data/graph_coloring_graphs/instance_1962.graph,12,7,True,-0.21812057,-0.56067026
instance_1963.graph,data/graph_coloring_graphs/instance_1963.graph,18,15,True,1.1533318,-1.1169922
instance_1964.graph,data/graph_coloring_graphs/instance_1964.graph,20,15,True,1.1877918,-1.1173017
instance_1965.graph,data/graph_coloring_graphs/instance_1965.graph,20,7,True,-1.296587,1.1379032
instance_1966.graph,data/graph_coloring_graphs/instance_1966.graph,10,11,True,0.9901352,-0.19912688
instance_1967.graph,data/graph_coloring_graphs/instance_1967.graph,18,3,False,-4.6529827,1.5809795
instance_1968.graph,data/graph_coloring_graphs/instance_1968.graph,20,3,False,-3.9494123,1.1709902
instance_1969.graph,data/graph_coloring_graphs/instance_1969.graph,16,5,True,-0.20366287,0.67311597
instance_197.graph,data/graph_coloring_graphs/instance_197.graph,18,5,True,0.1680069,0.17150691
instance_1970.graph,data/graph_coloring_graphs/instance_1970.graph,12,7,True,1.3872013,0.2831681
instance_1971.graph,data/graph_coloring_graphs/instance_1971.graph,12,11,True,1.089344,-0.8884014
instance_1972.graph,data/graph_coloring_graphs/instance_1972.graph,20,7,True,-0.6884928,0.9570532
instance_1973.graph,data/graph_coloring_graphs/instance_1973.graph,12,3,False,-4.0313225,1.2441804
instance_1974.graph,data/graph_coloring_graphs/instance_1974.graph,10,9,True,0.9925499,0.097515956
instance_1975.graph,data/graph_coloring_graphs/instance_1975.graph,20,3,False,-4.408186,1.333607
instance_1976.graph,data/graph_coloring_graphs/instance_1976.graph,10,5,True,2.9594116,-0.61280274
instance_1977.graph,data/graph_coloring_graphs/instance_1977.graph,16,11,True,1.1983881,-0.49992344
instance_1978.graph,data/graph_coloring_graphs/instance_1978.graph,10,7,True,0.093688965,0.72699285
instance_1979.graph,data/graph_coloring_graphs/instance_1979.graph,10,3,False,-2.3791237,0.5373709
instance_198.graph,data/graph_coloring_graphs/instance_198.graph,10,3,False,-4.3724794,1.2170926
instance_1980.graph,data/graph_coloring_graphs/instance_1980.graph,10,11,True,0.99529076,-0.28955695
instance_1981.graph,data/graph_coloring_graphs/instance_1981.graph,12,11,True,1.0081825,-1.0917621
instance_1982.graph,data/graph_coloring_graphs/instance_1982.graph,10,13,True,0.89544296,-1.3288577
instance_1983.graph,data/graph_coloring_graphs/instance_1983.graph,20,15,True,1.2729645,-1.3443446
instance_1984.graph,data/graph_coloring_graphs/instance_1984.graph,14,15,True,1.0781212,-1.0436476
instance_1985.graph,data/graph_coloring_graphs/instance_1985.graph,16,7,True,-0.81583595,1.0144081
instance_1986.graph,data/graph_coloring_graphs/instance_1986.graph,14,9,True,1.2423058,-0.39720413
instance_1987.graph,data/graph_coloring_graphs/instance_1987.graph,16,11,True,1.1672635,-0.4700868
instance_1988.graph,data/graph_coloring_graphs/instance_1988.graph,18,11,True,1.2708282,-0.7092018
instance_1989.graph,data/graph_coloring_graphs/instance_1989.graph,18,7,True,-0.24869633,0.769004
instance_199.graph,data/graph_coloring_graphs/instance_199.graph,14,15,True,1.0872269,-1.0520709
instance_1990.graph,data/graph_coloring_graphs/instance_1990.graph,10,3,False,-3.0461006,0.6864605
instance_1991.graph,data/graph_coloring_graphs/instance_1991.graph,18,7,False,-1.8586159,1.3106261
instance_1992.graph,data/graph_coloring_graphs/instance_1992.graph,20,7,False,-1.7255058,1.2903633
instance_1993.graph,data/graph_coloring_graphs/instance_1993.graph,16,9,True,0.73505306,0.7435372
instance_1994.graph,data/graph_coloring_graphs/instance_1994.graph,16,13,True,1.1016083,-0.6281146
instance_1995.graph,data/graph_coloring_graphs/instance_1995.graph,20,15,True,1.1202087,-0.96617055
instance_1996.graph,data/graph_coloring_graphs/instance_1996.graph,18,15,True,1.110508,-0.9774445
instance_1997.graph,data/graph_coloring_graphs/instance_1997.graph,12,5,True,2.5954514,-0.677186
instance_1998.graph,data/graph_coloring_graphs/instance_1998.graph,18,5,True,1.05719,0.53078854
instance_1999.graph,data/graph_coloring_graphs/instance_1999.graph,10,5,True,-0.10326767,0.45549372
instance_2.graph,data/graph_coloring_graphs/instance_2.graph,11,12,True,0.016277313,-0.09265883
instance_20.graph,data/graph_coloring_graphs/instance_20.graph,21,88,True,-0.17330551,0.93508303
instance_200.graph,data/graph_coloring_graphs/instance_200.graph,10,13,True,1.001936,-1.22575
instance_2000.graph,data/graph_coloring_graphs/instance_2000.graph,16,15,True,1.2360764,-1.422097
instance_2001.graph,data/graph_coloring_graphs/instance_2001.graph,18,7,True,2.9362717,-0.1451892
instance_2002.graph,data/graph_coloring_graphs/instance_2002.graph,20,11,True,1.3004367,-0.60261405
instance_2003.graph,data/graph_coloring_graphs/instance_2003.graph,10,7,True,1.0980759,0.0803688
instance_2004.graph,data/graph_coloring_graphs/instance_2004.graph,18,15,True,1.2706642,-1.3581868
instance_2005.graph,data/graph_coloring_graphs/instance_2005.graph,16,3,True,-1.2905083,0.33152857
instance_2006.graph,data/graph_coloring_graphs/instance_2006.graph,18,3,False,-5.6773148,1.8921678
instance_2007.graph,data/graph_coloring_graphs/instance_2007.graph,12,9,True,1.0786743,-0.7060574
instance_2008.graph,data/graph_coloring_graphs/instance_2008.graph,12,3,False,-4.7460995,1.4960926
instance_2009.graph,data/graph_coloring_graphs/instance_2009.graph,14,9,True,1.1771183,-0.055716876
instance_201.graph,data/graph_coloring_graphs/instance_201.graph,10,9,True,0.88619995,0.22520229
instance_2010.graph,data/graph_coloring_graphs/instance_2010.graph,12,9,True,0.7486191,0.668869
instance_2011.graph,data/graph_coloring_graphs/instance_2011.graph,18,15,True,1.1707668,-1.1506357
instance_2012.graph,data/graph_coloring_graphs/instance_2012.graph,10,7,True,-0.25441456,0.728698
instance_2013.graph,data/graph_coloring_graphs/instance_2013.graph,16,15,True,1.215023,-1.4304773
instance_2014.graph,data/graph_coloring_graphs/instance_2014.graph,14,5,False,-3.3797073,1.2820146
instance_2015.graph,data/graph_coloring_graphs/instance_2015.graph,20,13,True,1.4161892,-1.2573812
instance_2016.graph,data/graph_coloring_graphs/instance_2016.graph,20,11,True,1.1281509,0.15615539
instance_2017.graph,data/graph_coloring_graphs/instance_2017.graph,12,7,True,-0.9135456,1.0253485
instance_2018.graph,data/graph_coloring_graphs/instance_2018.graph,18,3,False,-3.7428722,1.1687546
instance_2019.graph,data/graph_coloring_graphs/instance_2019.graph,12,9,True,1.1571083,-0.000955455
instance_202.graph,data/graph_coloring_graphs/instance_202.graph,16,9,False,0.5395317,0.95237553
instance_2020.graph,data/graph_coloring_graphs/instance_2020.graph,18,13,True,1.1558466,-0.8489716
instance_2021.graph,data/graph_coloring_graphs/instance_2021.graph,16,5,True,-2.1850233,1.0625937
instance_2022.graph,data/graph_coloring_graphs/instance_2022.graph,18,9,True,0.6523247,0.82373
instance_2023.graph,data/graph_coloring_graphs/instance_2023.graph,16,15,True,1.0996246,-1.0153493
instance_2024.graph,data/graph_coloring_graphs/instance_2024.graph,16,13,True,1.1689186,-0.89709973
instance_2025.graph,data/graph_coloring_graphs/instance_2025.graph,18,13,True,1.3156853,-1.1875415
instance_2026.graph,data/graph_coloring_graphs/instance_2026.graph,10,11,True,0.9852629,-0.42729723
instance_2027.graph,data/graph_coloring_graphs/instance_2027.graph,10,3,False,-4.3090496,1.1836712
instance_2028.graph,data/graph_coloring_graphs/instance_2028.graph,14,13,True,1.2153721,-1.1847327
instance_2029.graph,data/graph_coloring_graphs/instance_2029.graph,20,9,False,0.4303589,1.0877479
instance_203.graph,data/graph_coloring_graphs/instance_203.graph,10,15,True,0.8265114,-1.4975663
instance_2030.graph,data/graph_coloring_graphs/instance_2030.graph,14,7,False,-1.0854778,1.0957892
instance_2031.graph,data/graph_coloring_graphs/instance_2031.graph,20,7,True,-0.07068157,0.84317493
instance_2032.graph,data/graph_coloring_graphs/instance_2032.graph,10,3,False,-3.9898214,1.1486261
instance_2033.graph,data/graph_coloring_graphs/instance_2033.graph,16,3,False,-3.097108,1.007709
instance_2034.graph,data/graph_coloring_graphs/instance_2034.graph,10,7,True,0.6016245,0.3798641
instance_2035.graph,data/graph_coloring_graphs/instance_2035.graph,14,3,False,-3.1174335,0.8812605
instance_2036.graph,data/graph_coloring_graphs/instance_2036.graph,10,3,False,-4.6033716,1.338733
instance_2037.graph,data/graph_coloring_graphs/instance_2037.graph,14,7,True,1.9578323,-0.46910846
instance_2038.graph,data/graph_coloring_graphs/instance_2038.graph,10,3,False,-4.548808,1.3099965
instance_2039.graph,data/graph_coloring_graphs/instance_2039.graph,20,13,True,1.131237,-0.5447713
instance_204.graph,data/graph_coloring_graphs/instance_204.graph,16,11,True,1.2528977,-0.6786151
instance_2040.graph,data/graph_coloring_graphs/instance_2040.graph,16,11,True,1.1194191,-0.11103209
instance_2041.graph,data/graph_coloring_graphs/instance_2041.graph,10,13,True,0.9855995,-0.90029085
instance_2042.graph,data/graph_coloring_graphs/instance_2042.graph,14,11,True,1.1183648,-0.49177256
instance_2043.graph,data/graph_coloring_graphs/instance_2043.graph,16,13,True,1.1811714,-0.8602123
instance_2044.graph,data/graph_coloring_graphs/instance_2044.graph,10,3,False,-2.9190836,0.7833437
instance_2045.graph,data/graph_coloring_graphs/instance_2045.graph,12,3,False,-4.665265,1.4558423
instance_2046.graph,data/graph_coloring_graphs/instance_2046.graph,18,13,True,1.1145973,-0.56046736
instance_2047.graph,data/graph_coloring_graphs/instance_2047.graph,20,9,True,0.9634342,0.5415703
instance_2048.graph,data/graph_coloring_graphs/instance_2048.graph,14,11,True,1.0833244,-0.08189823
instance_2049.graph,data/graph_coloring_graphs/instance_2049.graph,18,3,False,-5.2901173,1.685658
instance_205.graph,data/graph_coloring_graphs/instance_205.graph,16,13,True,1.1015701,-0.62425745
instance_2050.graph,data/graph_coloring_graphs/instance_2050.graph,18,15,True,1.1329575,-1.0604312
instance_2051.graph,data/graph_coloring_graphs/instance_2051.graph,12,11,True,1.0572433,-0.16112085
instance_2052.graph,data/graph_coloring_graphs/instance_2052.graph,20,11,True,1.142334,0.020858034
instance_2053.graph,data/graph_coloring_graphs/instance_2053.graph,14,3,False,-4.7758236,1.4179388
instance_2054.graph,data/graph_coloring_graphs/instance_2054.graph,12,7,True,1.5485306,-0.5406233
instance_2055.graph,data/graph_coloring_graphs/instance_2055.graph,12,5,True,-0.92505646,0.8326422
instance_2056.graph,data/graph_coloring_graphs/instance_2056.graph,18,13,True,1.1334381,-0.7189907
instance_2057.graph,data/graph_coloring_graphs/instance_2057.graph,20,7,False,-2.2177505,1.4030252
instance_2058.graph,data/graph_coloring_graphs/instance_2058.graph,12,3,True,-0.7641449,-0.1414878
instance_2059.graph,data/graph_coloring_graphs/instance_2059.graph,16,9,True,1.4884796,-0.543492
instance_206.graph,data/graph_coloring_graphs/instance_206.graph,10,7,True,0.90851974,-0.18718007
instance_2060.graph,data/graph_coloring_graphs/instance_2060.graph,18,7,True,-1.2152348,1.1313493
instance_2061.graph,data/graph_coloring_graphs/instance_2061.graph,14,9,True,0.80479145,0.62861323
instance_2062.graph,data/graph_coloring_graphs/instance_2062.graph,14,11,True,1.0824203,-0.0320058
instance_2063.graph,data/graph_coloring_graphs/instance_2063.graph,12,11,True,1.0681477,-0.644477
instance_2064.graph,data/graph_coloring_graphs/instance_2064.graph,20,13,True,1.152195,-0.6678052
instance_2065.graph,data/graph_coloring_graphs/instance_2065.graph,20,3,False,-5.304123,1.7780004
instance_2066.graph,data/graph_coloring_graphs/instance_2066.graph,20,7,True,0.67502594,0.28365842
instance_2067.graph,data/graph_coloring_graphs/instance_2067.graph,10,11,True,1.0019703,-0.7667154
instance_2068.graph,data/graph_coloring_graphs/instance_2068.graph,20,15,True,1.2586555,-1.3355907
instance_2069.graph,data/graph_coloring_graphs/instance_2069.graph,14,11,True,1.1008253,-0.37429535
instance_207.graph,data/graph_coloring_graphs/instance_207.graph,18,13,True,1.1813221,-0.8363197
instance_2070.graph,data/graph_coloring_graphs/instance_2070.graph,16,3,False,-1.2511387,0.4564863
instance_2071.graph,data/graph_coloring_graphs/instance_2071.graph,10,11,True,0.99519396,-0.52119446
instance_2072.graph,data/graph_coloring_graphs/instance_2072.graph,14,15,True,1.1436176,-1.2403955
instance_2073.graph,data/graph_coloring_graphs/instance_2073.graph,12,3,True,0.028148651,0.100824624
instance_2074.graph,data/graph_coloring_graphs/instance_2074.graph,20,5,False,-3.5103226,1.3423202
instance_2075.graph,data/graph_coloring_graphs/instance_2075.graph,18,9,True,0.62698746,0.90002775
instance_2076.graph,data/graph_coloring_graphs/instance_2076.graph,12,15,True,1.0004005,-1.6359982
instance_2077.graph,data/graph_coloring_graphs/instance_2077.graph,14,3,False,-4.636323,1.4994963
instance_2078.graph,data/graph_coloring_graphs/instance_2078.graph,10,3,True,-0.7828903,0.22286901
instance_2079.graph,data/graph_coloring_graphs/instance_2079.graph,16,5,True,-0.7513075,0.72057986
instance_208.graph,data/graph_coloring_graphs/instance_208.graph,14,3,False,-3.2711716,0.9510397
instance_2080.graph,data/graph_coloring_graphs/instance_2080.graph,10,9,True,0.86245346,0.45989892
instance_2081.graph,data/graph_coloring_graphs/instance_2081.graph,16,15,True,1.1475525,-1.2142701
instance_2082.graph,data/graph_coloring_graphs/instance_2082.graph,20,3,False,-3.0325718,0.9060526
instance_2083.graph,data/graph_coloring_graphs/instance_2083.graph,10,3,True,2.373661,-0.4294893
instance_2084.graph,data/graph_coloring_graphs/instance_2084.graph,16,11,True,1.1210327,-0.13729224
instance_2085.graph,data/graph_coloring_graphs/instance_2085.graph,10,13,True,0.97558784,-1.1731378
instance_2086.graph,data/graph_coloring_graphs/instance_2086.graph,20,11,True,1.1373138,0.00844454
instance_2087.graph,data/graph_coloring_graphs/instance_2087.graph,12,5,True,1.1651764,0.31258488
instance_2088.graph,data/graph_coloring_graphs/instance_2088.graph,18,13,True,1.1172028,-0.6087661
instance_2089.graph,data/graph_coloring_graphs/instance_2089.graph,16,11,True,1.2361794,-0.8558916
instance_209.graph,data/graph_coloring_graphs/instance_209.graph,18,5,True,0.56214523,0.055463523
instance_2090.graph,data/graph_coloring_graphs/instance_2090.graph,12,9,True,0.9241276,0.4318793
instance_2091.graph,data/graph_coloring_graphs/instance_2091.graph,14,3,False,-5.2824116,1.6869285
instance_2092.graph,data/graph_coloring_graphs/instance_2092.graph,20,9,False,0.43035126,1.0877479
instance_2093.graph,data/graph_coloring_graphs/instance_2093.graph,16,3,False,-4.673998,1.4299114
instance_2094.graph,data/graph_coloring_graphs/instance_2094.graph,10,3,False,-2.669477,0.82439744
instance_2095.graph,data/graph_coloring_graphs/instance_2095.graph,18,9,True,0.59633064,0.84579456
instance_2096.graph,data/graph_coloring_graphs/instance_2096.graph,10,13,True,1.0050163,-1.5100431
instance_2097.graph,data/graph_coloring_graphs/instance_2097.graph,10,3,False,-4.372486,1.2170925
instance_2098.graph,data/graph_coloring_graphs/instance_2098.graph,12,3,True,0.16982651,-0.12673688
instance_2099.graph,data/graph_coloring_graphs/instance_2099.graph,16,9,True,1.0513105,0.35201874
instance_21.graph,data/graph_coloring_graphs/instance_21.graph,13,55,True,1.0717926,-0.7246119
instance_210.graph,data/graph_coloring_graphs/instance_210.graph,16,13,True,1.3117409,-1.3187077
instance_2100.graph,data/graph_coloring_graphs/instance_2100.graph,14,3,False,-4.98954,1.6019659
instance_2101.graph,data/graph_coloring_graphs/instance_2101.graph,20,13,True,1.1388664,-0.62158024
instance_2102.graph,data/graph_coloring_graphs/instance_2102.graph,14,9,True,1.4309082,-0.48467842
instance_2103.graph,data/graph_coloring_graphs/instance_2103.graph,10,3,False,-2.7952695,0.8777425
instance_2104.graph,data/graph_coloring_graphs/instance_2104.graph,12,9,True,1.162857,-0.28374234
instance_2105.graph,data/graph_coloring_graphs/instance_2105.graph,12,15,True,1.041584,-1.0964168
instance_2106.graph,data/graph_coloring_graphs/instance_2106.graph,16,7,True,-0.18387794,0.6315452
instance_2107.graph,data/graph_coloring_graphs/instance_2107.graph,10,15,True,0.9557533,-1.3466008
instance_2108.graph,data/graph_coloring_graphs/instance_2108.graph,14,7,True,0.95864105,0.3021665
instance_2109.graph,data/graph_coloring_graphs/instance_2109.graph,16,7,False,-1.4454556,1.2006893
instance_211.graph,data/graph_coloring_graphs/instance_211.graph,18,13,True,1.1286621,-0.652969
instance_2110.graph,data/graph_coloring_graphs/instance_2110.graph,10,9,True,0.8818455,-0.09628205
instance_2111.graph,data/graph_coloring_graphs/instance_2111.graph,14,7,False,-1.6214619,1.18433
instance_2112.graph,data/graph_coloring_graphs/instance_2112.graph,10,7,True,0.09369755,0.72699285
instance_2113.graph,data/graph_coloring_graphs/instance_2113.graph,10,7,True,1.7655106,0.18735284
instance_2114.graph,data/graph_coloring_graphs/instance_2114.graph,12,13,True,1.1404934,-1.1691403
instance_2115.graph,data/graph_coloring_graphs/instance_2115.graph,14,9,True,0.9829035,0.508566
instance_2116.graph,data/graph_coloring_graphs/instance_2116.graph,18,13,True,1.1603265,-0.8982047
instance_2117.graph,data/graph_coloring_graphs/instance_2117.graph,12,9,True,0.7834482,0.6349691
instance_2118.graph,data/graph_coloring_graphs/instance_2118.graph,16,13,True,1.1012039,-0.60587895
instance_2119.graph,data/graph_coloring_graphs/instance_2119.graph,12,11,True,1.0683289,-0.29447296
instance_212.graph,data/graph_coloring_graphs/instance_212.graph,16,13,True,1.2557526,-1.2489232
instance_2120.graph,data/graph_coloring_graphs/instance_2120.graph,18,5,False,-4.4046974,1.4597282
instance_2121.graph,data/graph_coloring_graphs/instance_2121.graph,12,15,True,1.1330185,-1.6215622
instance_2122.graph,data/graph_coloring_graphs/instance_2122.graph,16,15,True,1.1082535,-1.0263155
instance_2123.graph,data/graph_coloring_graphs/instance_2123.graph,20,15,True,1.1195908,-0.96354866
instance_2124.graph,data/graph_coloring_graphs/instance_2124.graph,10,15,True,1.0744286,-1.6279409
instance_2125.graph,data/graph_coloring_graphs/instance_2125.graph,14,9,True,1.4309044,-0.48467842
instance_2126.graph,data/graph_coloring_graphs/instance_2126.graph,12,11,True,1.1879883,-0.90747905
instance_2127.graph,data/graph_coloring_graphs/instance_2127.graph,10,15,True,0.9482136,-1.2831216
instance_2128.graph,data/graph_coloring_graphs/instance_2128.graph,10,9,True,0.992548,0.09751594
instance_2129.graph,data/graph_coloring_graphs/instance_2129.graph,12,7,False,-0.9135456,1.0253487
instance_213.graph,data/graph_coloring_graphs/instance_213.graph,12,5,False,-2.5653038,1.0684273
instance_2130.graph,data/graph_coloring_graphs/instance_2130.graph,12,3,False,-3.63381,1.0579362
instance_2131.graph,data/graph_coloring_graphs/instance_2131.graph,20,13,True,1.1246796,-0.544446
instance_2132.graph,data/graph_coloring_graphs/instance_2132.graph,16,5,True,2.190422,0.11198515
instance_2133.graph,data/graph_coloring_graphs/instance_2133.graph,10,7,True,0.84062386,0.43522188
instance_2134.graph,data/graph_coloring_graphs/instance_2134.graph,16,15,True,1.1148376,-1.0717448
instance_2135.graph,data/graph_coloring_graphs/instance_2135.graph,18,15,True,1.2989445,-1.355957
instance_2136.graph,data/graph_coloring_graphs/instance_2136.graph,12,11,True,1.2213745,-1.3633237
instance_2137.graph,data/graph_coloring_graphs/instance_2137.graph,18,15,True,1.1270027,-1.0313098
instance_2138.graph,data/graph_coloring_graphs/instance_2138.graph,18,7,True,-0.9697151,1.0729854
instance_2139.graph,data/graph_coloring_graphs/instance_2139.graph,20,13,True,1.1594868,-0.8301587
instance_214.graph,data/graph_coloring_graphs/instance_214.graph,18,9,True,0.77739906,0.70869434
instance_2140.graph,data/graph_coloring_graphs/instance_2140.graph,18,13,True,1.1389847,-0.6637
instance_2141.graph,data/graph_coloring_graphs/instance_2141.graph,16,9,True,0.8625841,0.48704842
instance_2142.graph,data/graph_coloring_graphs/instance_2142.graph,20,15,True,1.1671562,-1.1024071
instance_2143.graph,data/graph_coloring_graphs/instance_2143.graph,18,3,False,-4.211361,1.3179176
instance_2144.graph,data/graph_coloring_graphs/instance_2144.graph,16,5,False,-1.8626184,1.0433209
instance_2145.graph,data/graph_coloring_graphs/instance_2145.graph,16,9,True,1.0715065,-0.48624
instance_2146.graph,data/graph_coloring_graphs/instance_2146.graph,12,9,True,0.7553797,0.45706537
instance_2147.graph,data/graph_coloring_graphs/instance_2147.graph,12,9,True,0.9241371,0.43187928
instance_2148.graph,data/graph_coloring_graphs/instance_2148.graph,16,11,True,1.2428331,-0.60229754
instance_2149.graph,data/graph_coloring_graphs/instance_2149.graph,18,7,True,1.1174889,0.30909917
instance_215.graph,data/graph_coloring_graphs/instance_215.graph,10,3,False,-2.6638947,0.66709626
instance_2150.graph,data/graph_coloring_graphs/instance_2150.graph,16,7,True,-1.0590687,1.032392
instance_2151.graph,data/graph_coloring_graphs/instance_2151.graph,18,15,True,1.1415215,-1.0648643
instance_2152.graph,data/graph_coloring_graphs/instance_2152.graph,16,7,True,0.5337868,0.6338768
instance_2153.graph,data/graph_coloring_graphs/instance_2153.graph,10,13,True,0.91609955,-1.5781449
instance_2154.graph,data/graph_coloring_graphs/instance_2154.graph,20,9,True,0.46600723,1.0573128
instance_2155.graph,data/graph_coloring_graphs/instance_2155.graph,10,13,True,0.9755783,-1.1731378
instance_2156.graph,data/graph_coloring_graphs/instance_2156.graph,20,5,False,-4.6570244,1.5314481
instance_2157.graph,data/graph_coloring_graphs/instance_2157.graph,20,9,True,0.7300663,0.8318312
instance_2158.graph,data/graph_coloring_graphs/instance_2158.graph,18,15,True,1.1143494,-0.9984709
instance_2159.graph,data/graph_coloring_graphs/instance_2159.graph,14,11,True,1.190031,-0.8664274
instance_216.graph,data/graph_coloring_graphs/instance_216.graph,12,13,True,1.0594349,-1.0622628
instance_2160.graph,data/graph_coloring_graphs/instance_2160.graph,14,9,True,0.71138,0.7603662
instance_2161.graph,data/graph_coloring_graphs/instance_2161.graph,20,13,True,1.2845249,-1.1672657
instance_2162.graph,data/graph_coloring_graphs/instance_2162.graph,18,9,False,0.48386765,1.0247931
instance_2163.graph,data/graph_coloring_graphs/instance_2163.graph,18,7,False,-2.0770683,1.3362075
instance_2164.graph,data/graph_coloring_graphs/instance_2164.graph,14,5,True,-1.4632955,0.66601753
instance_2165.graph,data/graph_coloring_graphs/instance_2165.graph,16,15,True,1.0988159,-1.0082914
instance_2166.graph,data/graph_coloring_graphs/instance_2166.graph,12,11,True,1.0104675,-1.2426875
instance_2167.graph,data/graph_coloring_graphs/instance_2167.graph,18,9,True,1.2461796,-0.014596362
instance_2168.graph,data/graph_coloring_graphs/instance_2168.graph,10,7,True,1.8215942,-0.8682209
instance_2169.graph,data/graph_coloring_graphs/instance_2169.graph,14,5,True,-0.29315186,0.6465889
instance_217.graph,data/graph_coloring_graphs/instance_217.graph,14,5,True,1.2504425,0.20873752
instance_2170.graph,data/graph_coloring_graphs/instance_2170.graph,16,15,True,1.1093025,-1.0956933
instance_2171.graph,data/graph_coloring_graphs/instance_2171.graph,12,11,True,1.0575943,-0.1362854
instance_2172.graph,data/graph_coloring_graphs/instance_2172.graph,18,7,True,0.26597357,0.5760665
instance_2173.graph,data/graph_coloring_graphs/instance_2173.graph,20,9,True,0.8587103,0.6046189
instance_2174.graph,data/graph_coloring_graphs/instance_2174.graph,10,5,True,0.17101288,-0.28236216
instance_2175.graph,data/graph_coloring_graphs/instance_2175.graph,14,9,True,1.1046314,0.20561782
instance_2176.graph,data/graph_coloring_graphs/instance_2176.graph,12,3,True,0.5436897,-0.089279145
instance_2177.graph,data/graph_coloring_graphs/instance_2177.graph,20,7,True,1.7764816,0.010411993
instance_2178.graph,data/graph_coloring_graphs/instance_2178.graph,20,15,True,1.3198814,-1.3947296
instance_2179.graph,data/graph_coloring_graphs/instance_2179.graph,14,13,True,1.0782127,-0.7047229
instance_218.graph,data/graph_coloring_graphs/instance_218.graph,14,3,False,-3.98306,1.1871946
instance_2180.graph,data/graph_coloring_graphs/instance_2180.graph,12,15,True,1.0674286,-1.5471094
instance_2181.graph,data/graph_coloring_graphs/instance_2181.graph,12,15,True,1.0428619,-1.0764493
instance_2182.graph,data/graph_coloring_graphs/instance_2182.graph,14,9,True,0.90883064,0.52845955
instance_2183.graph,data/graph_coloring_graphs/instance_2183.graph,18,3,False,-5.725559,1.9178864
instance_2184.graph,data/graph_coloring_graphs/instance_2184.graph,10,3,False,-2.5368605,0.7681687
instance_2185.graph,data/graph_coloring_graphs/instance_2185.graph,14,15,True,1.1306381,-1.4123352
instance_2186.graph,data/graph_coloring_graphs/instance_2186.graph,10,5,True,-2.2766473,0.67665446
instance_2187.graph,data/graph_coloring_graphs/instance_2187.graph,10,13,True,0.99582005,-0.9972682
instance_2188.graph,data/graph_coloring_graphs/instance_2188.graph,14,11,True,1.1204987,-0.25448376
instance_2189.graph,data/graph_coloring_graphs/instance_2189.graph,10,13,True,0.97566223,-0.8396642
instance_219.graph,data/graph_coloring_graphs/instance_219.graph,20,11,True,1.1449547,-0.003953323
instance_2190.graph,data/graph_coloring_graphs/instance_2190.graph,18,3,False,-5.095619,1.581897
instance_2191.graph,data/graph_coloring_graphs/instance_2191.graph,12,5,True,-1.4115767,0.8604388
instance_2192.graph,data/graph_coloring_graphs/instance_2192.graph,14,3,True,-2.7744827,0.7255993
instance_2193.graph,data/graph_coloring_graphs/instance_2193.graph,18,9,True,1.5495911,-0.18588676
instance_2194.graph,data/graph_coloring_graphs/instance_2194.graph,16,7,True,-0.012722969,0.5833713
instance_2195.graph,data/graph_coloring_graphs/instance_2195.graph,20,3,False,-4.5502357,1.4040666
instance_2196.graph,data/graph_coloring_graphs/instance_2196.graph,10,13,True,0.94813824,-1.0006188
instance_2197.graph,data/graph_coloring_graphs/instance_2197.graph,20,3,True,-1.2242088,0.4623573
instance_2198.graph,data/graph_coloring_graphs/instance_2198.graph,20,3,False,-1.9418545,0.6587341
instance_2199.graph,data/graph_coloring_graphs/instance_2199.graph,20,3,True,-1.5869579,0.51724637
instance_22.graph,data/graph_coloring_graphs/instance_22.graph,13,26,True,-2.04325,0.73943233
instance_220.graph,data/graph_coloring_graphs/instance_220.graph,20,13,True,1.1520295,-0.8766202
instance_2200.graph,data/graph_coloring_graphs/instance_2200.graph,14,15,True,1.1904297,-1.4129534
instance_2201.graph,data/graph_coloring_graphs/instance_2201.graph,12,13,True,1.0510445,-0.8249037
instance_2202.graph,data/graph_coloring_graphs/instance_2202.graph,10,15,True,0.89850616,-1.5770524
instance_2203.graph,data/graph_coloring_graphs/instance_2203.graph,18,13,True,1.1453705,-0.7339436
instance_2204.graph,data/graph_coloring_graphs/instance_2204.graph,10,15,True,0.8366165,-1.5833592
instance_2205.graph,data/graph_coloring_graphs/instance_2205.graph,18,11,True,1.2871761,-0.85968626
instance_2206.graph,data/graph_coloring_graphs/instance_2206.graph,16,15,True,1.099083,-1.0106053
instance_2207.graph,data/graph_coloring_graphs/instance_2207.graph,20,7,True,-1.6038876,1.2381682
instance_2208.graph,data/graph_coloring_graphs/instance_2208.graph,10,3,False,-1.9260597,0.50917625
instance_2209.graph,data/graph_coloring_graphs/instance_2209.graph,10,9,True,0.7886429,0.5371804
instance_221.graph,data/graph_coloring_graphs/instance_221.graph,12,3,False,-4.6230545,1.4348419
instance_2210.graph,data/graph_coloring_graphs/instance_2210.graph,20,7,True,1.2110729,0.250453
instance_2211.graph,data/graph_coloring_graphs/instance_2211.graph,18,13,True,1.2852173,-1.2647299
instance_2212.graph,data/graph_coloring_graphs/instance_2212.graph,18,5,False,-2.4350538,1.0217171
instance_2213.graph,data/graph_coloring_graphs/instance_2213.graph,14,5,False,-3.6688156,1.2592821
instance_2214.graph,data/graph_coloring_graphs/instance_2214.graph,14,15,True,1.0778732,-1.0371367
instance_2215.graph,data/graph_coloring_graphs/instance_2215.graph,12,9,True,1.1571064,-0.000955455
instance_2216.graph,data/graph_coloring_graphs/instance_2216.graph,18,5,False,-3.965685,1.3597434
instance_2217.graph,data/graph_coloring_graphs/instance_2217.graph,12,3,False,-3.9375877,1.0935886
instance_2218.graph,data/graph_coloring_graphs/instance_2218.graph,10,13,True,0.9728575,-0.98894393
instance_2219.graph,data/graph_coloring_graphs/instance_2219.graph,20,15,True,1.3226738,-1.2976019
instance_222.graph,data/graph_coloring_graphs/instance_222.graph,10,7,True,1.5528641,-0.27021262
instance_2220.graph,data/graph_coloring_graphs/instance_2220.graph,18,5,False,-4.7244415,1.5346673
instance_2221.graph,data/graph_coloring_graphs/instance_2221.graph,20,13,True,1.1257591,-0.5575161
instance_2222.graph,data/graph_coloring_graphs/instance_2222.graph,12,3,False,-4.1569633,1.0952597
instance_2223.graph,data/graph_coloring_graphs/instance_2223.graph,20,3,False,-5.241276,1.7468071
instance_2224.graph,data/graph_coloring_graphs/instance_2224.graph,20,3,False,-4.294778,1.3361205
instance_2225.graph,data/graph_coloring_graphs/instance_2225.graph,12,3,False,-3.8714266,1.0606563
instance_2226.graph,data/graph_coloring_graphs/instance_2226.graph,10,7,True,1.7088127,-0.2549063
instance_2227.graph,data/graph_coloring_graphs/instance_2227.graph,20,7,True,-1.4532318,1.2028505
instance_2228.graph,data/graph_coloring_graphs/instance_2228.graph,14,7,True,-0.15753937,0.8743441
instance_2229.graph,data/graph_coloring_graphs/instance_2229.graph,16,3,False,-3.9450207,1.1422853
instance_223.graph,data/graph_coloring_graphs/instance_223.graph,14,9,True,0.7049475,0.67772496
instance_2230.graph,data/graph_coloring_graphs/instance_2230.graph,12,13,True,1.0347996,-0.82349193
instance_2231.graph,data/graph_coloring_graphs/instance_2231.graph,10,13,True,0.9956703,-1.2995526
instance_2232.graph,data/graph_coloring_graphs/instance_2232.graph,20,7,True,0.8437691,0.20078509
instance_2233.graph,data/graph_coloring_graphs/instance_2233.graph,18,3,True,0.23046112,0.12550834
instance_2234.graph,data/graph_coloring_graphs/instance_2234.graph,20,3,True,-2.6366673,0.6470554
instance_2235.graph,data/graph_coloring_graphs/instance_2235.graph,14,13,True,1.0898495,-0.8133569
instance_2236.graph,data/graph_coloring_graphs/instance_2236.graph,18,11,True,1.1649857,-0.2891522
instance_2237.graph,data/graph_coloring_graphs/instance_2237.graph,10,7,True,1.1917648,-0.755797
instance_2238.graph,data/graph_coloring_graphs/instance_2238.graph,20,3,False,-3.9513664,1.2939909
instance_2239.graph,data/graph_coloring_graphs/instance_2239.graph,14,15,True,1.2113495,-1.4131699
instance_224.graph,data/graph_coloring_graphs/instance_224.graph,10,9,True,1.1168671,-0.051751096
instance_2240.graph,data/graph_coloring_graphs/instance_2240.graph,14,11,True,1.10923,-0.2682257
instance_2241.graph,data/graph_coloring_graphs/instance_2241.graph,18,11,True,1.112709,0.14295354
instance_2242.graph,data/graph_coloring_graphs/instance_2242.graph,18,9,True,0.652401,0.79267895
instance_2243.graph,data/graph_coloring_graphs/instance_2243.graph,16,9,True,1.2645531,-0.08667238
instance_2244.graph,data/graph_coloring_graphs/instance_2244.graph,18,5,True,0.4850464,0.16929954
instance_2245.graph,data/graph_coloring_graphs/instance_2245.graph,12,5,False,-2.2487092,1.0627666
instance_2246.graph,data/graph_coloring_graphs/instance_2246.graph,20,13,True,1.3006792,-1.1181674
instance_2247.graph,data/graph_coloring_graphs/instance_2247.graph,18,13,True,1.2525368,-1.1469514
instance_2248.graph,data/graph_coloring_graphs/instance_2248.graph,14,3,True,-0.6184387,0.33390233
instance_2249.graph,data/graph_coloring_graphs/instance_2249.graph,14,9,True,1.0632801,0.16899756
instance_225.graph,data/graph_coloring_graphs/instance_225.graph,20,5,True,-1.7716551,0.9983151
instance_2250.graph,data/graph_coloring_graphs/instance_2250.graph,16,9,True,0.59023285,0.906991
instance_2251.graph,data/graph_coloring_graphs/instance_2251.graph,10,7,True,2.7371292,-0.59148693
instance_2252.graph,data/graph_coloring_graphs/instance_2252.graph,12,5,True,-1.1401749,0.74500346
instance_2253.graph,data/graph_coloring_graphs/instance_2253.graph,16,13,True,1.110405,-0.6112262
instance_2254.graph,data/graph_coloring_graphs/instance_2254.graph,12,15,True,1.0748749,-1.6717675
instance_2255.graph,data/graph_coloring_graphs/instance_2255.graph,20,5,True,1.5300331,0.029162578
instance_2256.graph,data/graph_coloring_graphs/instance_2256.graph,10,5,True,-1.0589037,0.6436845
instance_2257.graph,data/graph_coloring_graphs/instance_2257.graph,10,11,True,1.1180077,-1.4777162
instance_2258.graph,data/graph_coloring_graphs/instance_2258.graph,10,7,True,-0.47552156,0.7879579
instance_2259.graph,data/graph_coloring_graphs/instance_2259.graph,10,11,True,1.0003967,-0.4335427
instance_226.graph,data/graph_coloring_graphs/instance_226.graph,16,15,True,1.1937256,-1.3869712
instance_2260.graph,data/graph_coloring_graphs/instance_2260.graph,14,3,True,-0.08003616,-0.028943628
instance_2261.graph,data/graph_coloring_graphs/instance_2261.graph,14,3,False,-2.1191063,0.88842165
instance_2262.graph,data/graph_coloring_graphs/instance_2262.graph,12,9,True,0.7774019,0.4319442
instance_2263.graph,data/graph_coloring_graphs/instance_2263.graph,10,7,True,-0.2544222,0.728698
instance_2264.graph,data/graph_coloring_graphs/instance_2264.graph,20,13,True,1.229105,-1.1183918
instance_2265.graph,data/graph_coloring_graphs/instance_2265.graph,10,7,True,0.21442223,0.69644916
instance_2266.graph,data/graph_coloring_graphs/instance_2266.graph,10,5,True,-1.1015787,0.54469216
instance_2267.graph,data/graph_coloring_graphs/instance_2267.graph,18,13,True,1.1387405,-0.7922307
instance_2268.graph,data/graph_coloring_graphs/instance_2268.graph,12,13,True,1.0854874,-0.87596357
instance_2269.graph,data/graph_coloring_graphs/instance_2269.graph,18,15,True,1.1388664,-1.0532506
instance_227.graph,data/graph_coloring_graphs/instance_227.graph,16,3,False,-4.823578,1.5059397
instance_2270.graph,data/graph_coloring_graphs/instance_2270.graph,14,5,False,-1.6533031,0.94300604
instance_2271.graph,data/graph_coloring_graphs/instance_2271.graph,16,7,True,-0.9565754,1.0067537
instance_2272.graph,data/graph_coloring_graphs/instance_2272.graph,14,15,True,1.1371479,-1.1981734
instance_2273.graph,data/graph_coloring_graphs/instance_2273.graph,20,13,True,1.2954502,-1.1599646
instance_2274.graph,data/graph_coloring_graphs/instance_2274.graph,20,9,True,1.6374588,-0.18564665
instance_2275.graph,data/graph_coloring_graphs/instance_2275.graph,18,9,True,0.7088089,0.8014815
instance_2276.graph,data/graph_coloring_graphs/instance_2276.graph,16,5,True,2.0139084,0.21601504
instance_2277.graph,data/graph_coloring_graphs/instance_2277.graph,14,9,True,1.1675587,-0.029553084
instance_2278.graph,data/graph_coloring_graphs/instance_2278.graph,12,5,True,1.606842,-0.43624714
instance_2279.graph,data/graph_coloring_graphs/instance_2279.graph,16,13,True,1.1016159,-0.6281146
instance_228.graph,data/graph_coloring_graphs/instance_228.graph,20,11,True,1.1877918,-0.24296354
instance_2280.graph,data/graph_coloring_graphs/instance_2280.graph,14,3,False,-2.4805183,0.5921751
instance_2281.graph,data/graph_coloring_graphs/instance_2281.graph,14,11,True,1.2512951,-0.970525
instance_2282.graph,data/graph_coloring_graphs/instance_2282.graph,12,11,True,1.1882324,-1.3795748
instance_2283.graph,data/graph_coloring_graphs/instance_2283.graph,10,15,True,0.98607635,-1.1759158
instance_2284.graph,data/graph_coloring_graphs/instance_2284.graph,14,9,True,0.79246235,0.5325916
instance_2285.graph,data/graph_coloring_graphs/instance_2285.graph,20,3,False,-5.2828293,1.7245862
instance_2286.graph,data/graph_coloring_graphs/instance_2286.graph,16,7,True,0.79058933,0.6763916
instance_2287.graph,data/graph_coloring_graphs/instance_2287.graph,20,5,True,-0.8990059,0.8811815
instance_2288.graph,data/graph_coloring_graphs/instance_2288.graph,18,3,False,-5.14834,1.6623611
instance_2289.graph,data/graph_coloring_graphs/instance_2289.graph,20,5,False,-4.688572,1.5366518
instance_229.graph,data/graph_coloring_graphs/instance_229.graph,18,5,True,-0.6168699,0.7345333
instance_2290.graph,data/graph_coloring_graphs/instance_2290.graph,20,5,True,-2.2162971,1.0746484
instance_2291.graph,data/graph_coloring_graphs/instance_2291.graph,10,9,True,1.2436295,-0.63350046
instance_2292.graph,data/graph_coloring_graphs/instance_2292.graph,14,3,False,-3.6325274,1.0196179
instance_2293.graph,data/graph_coloring_graphs/instance_2293.graph,18,11,True,1.1178703,0.07500247
instance_2294.graph,data/graph_coloring_graphs/instance_2294.graph,12,9,True,0.78344154,0.634969
instance_2295.graph,data/graph_coloring_graphs/instance_2295.graph,14,11,True,1.0831757,-0.07312846
instance_2296.graph,data/graph_coloring_graphs/instance_2296.graph,16,5,True,0.16800117,0.17150691
instance_2297.graph,data/graph_coloring_graphs/instance_2297.graph,16,3,False,-3.7554693,1.2117105
instance_2298.graph,data/graph_coloring_graphs/instance_2298.graph,18,9,True,0.679842,0.8273926
instance_2299.graph,data/graph_coloring_graphs/instance_2299.graph,12,5,False,-2.5653067,1.0684273
instance_23.graph,data/graph_coloring_graphs/instance_23.graph,15,14,True,0.022838593,0.01426623
instance_230.graph,data/graph_coloring_graphs/instance_230.graph,20,7,True,-0.014986038,0.8297827
instance_2300.graph,data/graph_coloring_graphs/instance_2300.graph,16,7,False,-2.027771,1.2747544
instance_2301.graph,data/graph_coloring_graphs/instance_2301.graph,14,9,True,1.077344,0.23420778
instance_2302.graph,data/graph_coloring_graphs/instance_2302.graph,10,7,True,0.22441864,-0.7719959
instance_2303.graph,data/graph_coloring_graphs/instance_2303.graph,10,7,True,1.2877426,-0.18110168
instance_2304.graph,data/graph_coloring_graphs/instance_2304.graph,18,9,True,0.8550463,0.70121384
instance_2305.graph,data/graph_coloring_graphs/instance_2305.graph,12,13,True,1.0692558,-0.7951859
instance_2306.graph,data/graph_coloring_graphs/instance_2306.graph,16,3,True,-1.3334961,0.37720835
instance_2307.graph,data/graph_coloring_graphs/instance_2307.graph,14,15,True,1.093792,-1.0271516
instance_2308.graph,data/graph_coloring_graphs/instance_2308.graph,16,3,True,-0.4507637,0.267793
instance_2309.graph,data/graph_coloring_graphs/instance_2309.graph,20,15,True,1.1502457,-1.0179368
instance_231.graph,data/graph_coloring_graphs/instance_231.graph,10,15,True,0.9825001,-1.3111467
instance_2310.graph,data/graph_coloring_graphs/instance_2310.graph,14,15,True,1.078125,-1.0436478
instance_2311.graph,data/graph_coloring_graphs/instance_2311.graph,12,7,True,-0.94669724,0.91041505
instance_2312.graph,data/graph_coloring_graphs/instance_2312.graph,20,3,False,-5.7352104,1.921496
instance_2313.graph,data/graph_coloring_graphs/instance_2313.graph,16,3,False,-5.4374657,1.7664547
instance_2314.graph,data/graph_coloring_graphs/instance_2314.graph,12,9,True,1.067482,-0.6017418
instance_2315.graph,data/graph_coloring_graphs/instance_2315.graph,20,5,False,-4.057188,1.3906934
instance_2316.graph,data/graph_coloring_graphs/instance_2316.graph,20,11,True,1.1249924,0.136822
instance_2317.graph,data/graph_coloring_graphs/instance_2317.graph,16,5,True,0.5324116,0.19043285
instance_2318.graph,data/graph_coloring_graphs/instance_2318.graph,10,3,False,-4.1026926,1.0749649
instance_2319.graph,data/graph_coloring_graphs/instance_2319.graph,10,3,True,1.5494347,-0.45040894
instance_232.graph,data/graph_coloring_graphs/instance_232.graph,14,5,True,1.6732941,-0.366957
instance_2320.graph,data/graph_coloring_graphs/instance_2320.graph,16,7,False,-1.4835968,1.2096331
instance_2321.graph,data/graph_coloring_graphs/instance_2321.graph,14,3,False,-4.3517876,1.2807063
instance_2322.graph,data/graph_coloring_graphs/instance_2322.graph,20,15,True,1.2866898,-1.3079618
instance_2323.graph,data/graph_coloring_graphs/instance_2323.graph,20,3,False,-5.7715225,1.9761188
instance_2324.graph,data/graph_coloring_graphs/instance_2324.graph,18,7,False,-1.5911942,1.2487669
instance_2325.graph,data/graph_coloring_graphs/instance_2325.graph,18,9,True,0.48415947,1.0024688
instance_2326.graph,data/graph_coloring_graphs/instance_2326.graph,16,13,True,1.1210518,-0.6327225
instance_2327.graph,data/graph_coloring_graphs/instance_2327.graph,12,7,True,1.5478363,-0.012627631
instance_2328.graph,data/graph_coloring_graphs/instance_2328.graph,12,7,True,-0.48038292,0.9194677
instance_2329.graph,data/graph_coloring_graphs/instance_2329.graph,18,9,True,0.99186707,0.37778887
instance_233.graph,data/graph_coloring_graphs/instance_233.graph,20,11,True,1.1746712,-0.20754467
instance_2330.graph,data/graph_coloring_graphs/instance_2330.graph,14,5,True,2.8800278,-0.48483482
instance_2331.graph,data/graph_coloring_graphs/instance_2331.graph,14,13,True,1.0777454,-0.7233372
instance_2332.graph,data/graph_coloring_graphs/instance_2332.graph,12,11,True,1.0472107,-0.13864508
instance_2333.graph,data/graph_coloring_graphs/instance_2333.graph,10,11,True,0.9951906,-0.52119446
instance_2334.graph,data/graph_coloring_graphs/instance_2334.graph,18,9,True,0.6430092,0.83229053
instance_2335.graph,data/graph_coloring_graphs/instance_2335.graph,18,3,False,-5.0306263,1.5472339
instance_2336.graph,data/graph_coloring_graphs/instance_2336.graph,16,11,True,1.1036034,0.03215462
instance_2337.graph,data/graph_coloring_graphs/instance_2337.graph,18,13,True,1.1200981,-0.66207933
instance_2338.graph,data/graph_coloring_graphs/instance_2338.graph,18,15,True,1.1200638,-0.99706316
instance_2339.graph,data/graph_coloring_graphs/instance_2339.graph,20,11,True,1.2642528,-0.5529077
instance_234.graph,data/graph_coloring_graphs/instance_234.graph,14,15,True,1.1016006,-1.1088574
instance_2340.graph,data/graph_coloring_graphs/instance_2340.graph,12,5,True,-1.2616601,0.8334117
instance_2341.graph,data/graph_coloring_graphs/instance_2341.graph,18,13,True,1.1148758,-0.5656084
instance_2342.graph,data/graph_coloring_graphs/instance_2342.graph,18,13,True,1.185524,-0.86816585
instance_2343.graph,data/graph_coloring_graphs/instance_2343.graph,18,15,True,1.2555885,-1.3679863
instance_2344.graph,data/graph_coloring_graphs/instance_2344.graph,16,7,True,-0.9185753,1.0392604
instance_2345.graph,data/graph_coloring_graphs/instance_2345.graph,20,11,True,1.1294823,0.14340092
instance_2346.graph,data/graph_coloring_graphs/instance_2346.graph,16,5,True,-2.356758,1.0922201
instance_2347.graph,data/graph_coloring_graphs/instance_2347.graph,12,3,False,-4.1801195,1.2143394
instance_2348.graph,data/graph_coloring_graphs/instance_2348.graph,12,5,True,-1.1401734,0.74500346
instance_2349.graph,data/graph_coloring_graphs/instance_2349.graph,20,11,True,1.1337395,0.04555691
instance_235.graph,data/graph_coloring_graphs/instance_235.graph,14,5,True,1.8827438,-0.12924452
instance_2350.graph,data/graph_coloring_graphs/instance_2350.graph,18,9,True,1.0163622,0.44793668
instance_2351.graph,data/graph_coloring_graphs/instance_2351.graph,16,9,True,1.2160511,0.18920684
instance_2352.graph,data/graph_coloring_graphs/instance_2352.graph,16,9,True,0.7149143,0.72537005
instance_2353.graph,data/graph_coloring_graphs/instance_2353.graph,18,3,False,-4.057482,1.3742787
instance_2354.graph,data/graph_coloring_graphs/instance_2354.graph,16,15,True,1.1607418,-1.1605048
instance_2355.graph,data/graph_coloring_graphs/instance_2355.graph,14,7,True,2.5746078,-0.0971046
instance_2356.graph,data/graph_coloring_graphs/instance_2356.graph,16,5,False,-3.9696655,1.3976747
instance_2357.graph,data/graph_coloring_graphs/instance_2357.graph,14,5,True,-0.2753334,0.5790359
instance_2358.graph,data/graph_coloring_graphs/instance_2358.graph,20,13,True,1.1256027,-0.5552769
instance_2359.graph,data/graph_coloring_graphs/instance_2359.graph,18,3,True,-1.7607574,0.47489318
instance_236.graph,data/graph_coloring_graphs/instance_236.graph,20,9,True,0.65727043,0.8480892
instance_2360.graph,data/graph_coloring_graphs/instance_2360.graph,16,13,True,1.1439466,-1.0173739
instance_2361.graph,data/graph_coloring_graphs/instance_2361.graph,14,9,True,1.5790977,-0.502902
instance_2362.graph,data/graph_coloring_graphs/instance_2362.graph,20,13,True,1.1257439,-0.5575161
instance_2363.graph,data/graph_coloring_graphs/instance_2363.graph,18,5,True,-1.4493251,0.9216324
instance_2364.graph,data/graph_coloring_graphs/instance_2364.graph,14,7,True,-0.55114365,0.86397946
instance_2365.graph,data/graph_coloring_graphs/instance_2365.graph,18,3,True,-1.366312,0.41209096
instance_2366.graph,data/graph_coloring_graphs/instance_2366.graph,14,15,True,1.0775871,-1.0308906
instance_2367.graph,data/graph_coloring_graphs/instance_2367.graph,16,5,True,-2.601097,1.1343683
instance_2368.graph,data/graph_coloring_graphs/instance_2368.graph,14,7,True,-0.16078472,0.8226235
instance_2369.graph,data/graph_coloring_graphs/instance_2369.graph,16,15,True,1.2077789,-1.5078764
instance_237.graph,data/graph_coloring_graphs/instance_237.graph,18,5,False,-4.404686,1.4597282
instance_2370.graph,data/graph_coloring_graphs/instance_2370.graph,16,3,False,-4.253084,1.291836
instance_2371.graph,data/graph_coloring_graphs/instance_2371.graph,18,11,True,1.287241,-0.7371055
instance_2372.graph,data/graph_coloring_graphs/instance_2372.graph,18,11,True,1.1162262,0.09659234
instance_2373.graph,data/graph_coloring_graphs/instance_2373.graph,16,11,True,1.4015999,-1.0407958
instance_2374.graph,data/graph_coloring_graphs/instance_2374.graph,14,5,False,-3.007987,1.2186091
instance_2375.graph,data/graph_coloring_graphs/instance_2375.graph,14,9,True,0.8853636,0.18632776
instance_2376.graph,data/graph_coloring_graphs/instance_2376.graph,20,13,True,1.1535683,-0.6793152
instance_2377.graph,data/graph_coloring_graphs/instance_2377.graph,16,7,True,-0.68201447,1.0216851
instance_2378.graph,data/graph_coloring_graphs/instance_2378.graph,10,9,True,0.7138233,0.43218842
instance_2379.graph,data/graph_coloring_graphs/instance_2379.graph,12,7,True,1.9381905,0.013632901
instance_238.graph,data/graph_coloring_graphs/instance_238.graph,14,9,True,1.5030441,-0.73978686
instance_2380.graph,data/graph_coloring_graphs/instance_2380.graph,16,13,True,1.1353455,-0.87281895
instance_2381.graph,data/graph_coloring_graphs/instance_2381.graph,12,15,True,1.1678658,-1.6263736
instance_2382.graph,data/graph_coloring_graphs/instance_2382.graph,16,13,True,1.1266193,-0.72569895
instance_2383.graph,data/graph_coloring_graphs/instance_2383.graph,16,3,False,-3.7829075,0.8856487
instance_2384.graph,data/graph_coloring_graphs/instance_2384.graph,16,15,True,1.1346092,-1.2086384
instance_2385.graph,data/graph_coloring_graphs/instance_2385.graph,20,15,True,1.1208229,-0.9688524
instance_2386.graph,data/graph_coloring_graphs/instance_2386.graph,18,7,False,-1.7141838,1.2772179
instance_2387.graph,data/graph_coloring_graphs/instance_2387.graph,10,5,True,0.6989937,0.013534721
instance_2388.graph,data/graph_coloring_graphs/instance_2388.graph,12,11,True,1.0480843,-0.10450541
instance_2389.graph,data/graph_coloring_graphs/instance_2389.graph,20,3,False,-4.4499435,1.4639986
instance_239.graph,data/graph_coloring_graphs/instance_239.graph,10,15,True,0.9646511,-1.2965658
instance_2390.graph,data/graph_coloring_graphs/instance_2390.graph,16,3,False,-4.2794094,1.4439131
instance_2391.graph,data/graph_coloring_graphs/instance_2391.graph,12,7,True,1.300415,-0.29499435
instance_2392.graph,data/graph_coloring_graphs/instance_2392.graph,14,9,True,0.6253853,0.80127966
instance_2393.graph,data/graph_coloring_graphs/instance_2393.graph,10,15,True,0.9672928,-1.2816436
instance_2394.graph,data/graph_coloring_graphs/instance_2394.graph,16,9,True,0.9445152,0.5898025
instance_2395.graph,data/graph_coloring_graphs/instance_2395.graph,20,7,True,-1.4841805,1.2101061
instance_2396.graph,data/graph_coloring_graphs/instance_2396.graph,18,5,True,-2.0029025,0.94252884
instance_2397.graph,data/graph_coloring_graphs/instance_2397.graph,10,11,True,1.0034771,-0.38167378
instance_2398.graph,data/graph_coloring_graphs/instance_2398.graph,18,5,False,-3.7130642,1.3157558
instance_2399.graph,data/graph_coloring_graphs/instance_2399.graph,20,7,True,-1.4640808,1.1781716
instance_24.graph,data/graph_coloring_graphs/instance_24.graph,21,146,True,1.1254463,-0.9676405
instance_240.graph,data/graph_coloring_graphs/instance_240.graph,18,3,False,-2.6920967,0.7803236
instance_2400.graph,data/graph_coloring_graphs/instance_2400.graph,10,9,True,0.76745605,-1.0501258
instance_2401.graph,data/graph_coloring_graphs/instance_2401.graph,10,5,True,0.56300354,0.19735971
instance_2402.graph,data/graph_coloring_graphs/instance_2402.graph,20,7,True,2.2131958,-0.21294785
instance_2403.graph,data/graph_coloring_graphs/instance_2403.graph,10,3,False,-4.2007704,1.2519343
instance_2404.graph,data/graph_coloring_graphs/instance_2404.graph,16,11,True,1.2541332,-0.8418262
instance_2405.graph,data/graph_coloring_graphs/instance_2405.graph,12,9,True,0.7657938,0.652156
instance_2406.graph,data/graph_coloring_graphs/instance_2406.graph,16,15,True,1.1243191,-1.0772172
instance_2407.graph,data/graph_coloring_graphs/instance_2407.graph,16,7,False,-1.7590294,1.2425976
instance_2408.graph,data/graph_coloring_graphs/instance_2408.graph,16,7,True,2.1663666,-0.21592563
instance_2409.graph,data/graph_coloring_graphs/instance_2409.graph,16,7,True,-0.73834705,0.95215034
instance_241.graph,data/graph_coloring_graphs/instance_241.graph,20,7,True,1.5341282,0.16005006
instance_2410.graph,data/graph_coloring_graphs/instance_2410.graph,10,15,True,0.9775276,-1.3458717
instance_2411.graph,data/graph_coloring_graphs/instance_2411.graph,10,11,True,1.010993,-0.56573534
instance_2412.graph,data/graph_coloring_graphs/instance_2412.graph,14,3,False,-5.1610374,1.6224878
instance_2413.graph,data/graph_coloring_graphs/instance_2413.graph,16,9,True,1.0950127,0.30882373
instance_2414.graph,data/graph_coloring_graphs/instance_2414.graph,12,3,False,-5.13381,1.6122866
instance_2415.graph,data/graph_coloring_graphs/instance_2415.graph,18,5,True,-0.9460411,0.8340099
instance_2416.graph,data/graph_coloring_graphs/instance_2416.graph,20,9,True,0.64136696,0.88580227
instance_2417.graph,data/graph_coloring_graphs/instance_2417.graph,18,7,True,0.9695473,0.032511234
instance_2418.graph,data/graph_coloring_graphs/instance_2418.graph,18,9,True,1.0697527,0.39736858
instance_2419.graph,data/graph_coloring_graphs/instance_2419.graph,10,13,True,1.0368633,-1.2133633
instance_242.graph,data/graph_coloring_graphs/instance_242.graph,14,9,True,1.6068077,-0.4050553
instance_2420.graph,data/graph_coloring_graphs/instance_2420.graph,14,7,True,0.8260269,0.33963862
instance_2421.graph,data/graph_coloring_graphs/instance_2421.graph,10,5,True,2.5355606,-0.65900815
instance_2422.graph,data/graph_coloring_graphs/instance_2422.graph,16,7,True,0.5022354,-0.13027623
instance_2423.graph,data/graph_coloring_graphs/instance_2423.graph,20,3,False,-4.2738647,1.2052679
instance_2424.graph,data/graph_coloring_graphs/instance_2424.graph,14,9,True,0.87672424,-0.4396498
instance_2425.graph,data/graph_coloring_graphs/instance_2425.graph,14,3,False,-4.155734,1.3525084
instance_2426.graph,data/graph_coloring_graphs/instance_2426.graph,18,3,False,-5.6495323,1.9188759
instance_2427.graph,data/graph_coloring_graphs/instance_2427.graph,20,5,False,-4.6885605,1.536652
instance_2428.graph,data/graph_coloring_graphs/instance_2428.graph,14,5,True,2.0403557,-0.4537873
instance_2429.graph,data/graph_coloring_graphs/instance_2429.graph,14,15,True,1.2074814,-1.5876315
instance_243.graph,data/graph_coloring_graphs/instance_243.graph,18,9,True,0.7352848,0.80561304
instance_2430.graph,data/graph_coloring_graphs/instance_2430.graph,10,5,True,0.051013947,0.2043179
instance_2431.graph,data/graph_coloring_graphs/instance_2431.graph,16,11,True,1.121582,-0.14641817
instance_2432.graph,data/graph_coloring_graphs/instance_2432.graph,20,11,True,1.1562881,-0.045218453
instance_2433.graph,data/graph_coloring_graphs/instance_2433.graph,20,9,True,0.76573086,0.8013656
instance_2434.graph,data/graph_coloring_graphs/instance_2434.graph,16,15,True,1.1051178,-1.0044198
instance_2435.graph,data/graph_coloring_graphs/instance_2435.graph,20,13,True,1.1729774,-0.7556263
instance_2436.graph,data/graph_coloring_graphs/instance_2436.graph,10,9,True,0.8890133,0.43209818
instance_2437.graph,data/graph_coloring_graphs/instance_2437.graph,18,9,True,0.6125946,0.7974634
instance_2438.graph,data/graph_coloring_graphs/instance_2438.graph,16,5,True,-0.18383026,0.6170311
instance_2439.graph,data/graph_coloring_graphs/instance_2439.graph,10,5,True,0.8716049,-0.21978152
instance_244.graph,data/graph_coloring_graphs/instance_244.graph,20,9,False,0.4303627,1.0877478
instance_2440.graph,data/graph_coloring_graphs/instance_2440.graph,16,11,True,1.1019554,0.06480533
instance_2441.graph,data/graph_coloring_graphs/instance_2441.graph,16,15,True,1.1384697,-1.0598663
instance_2442.graph,data/graph_coloring_graphs/instance_2442.graph,14,9,True,1.7224388,-0.44149444
instance_2443.graph,data/graph_coloring_graphs/instance_2443.graph,16,7,True,0.68915176,-0.06516121
instance_2444.graph,data/graph_coloring_graphs/instance_2444.graph,16,11,True,1.1174507,-0.07842154
instance_2445.graph,data/graph_coloring_graphs/instance_2445.graph,16,13,True,1.102005,-0.64839375
instance_2446.graph,data/graph_coloring_graphs/instance_2446.graph,14,11,True,1.1056023,-0.17891814
instance_2447.graph,data/graph_coloring_graphs/instance_2447.graph,20,15,True,1.123455,-0.9597901
instance_2448.graph,data/graph_coloring_graphs/instance_2448.graph,16,3,False,-3.7042036,1.1889837
instance_2449.graph,data/graph_coloring_graphs/instance_2449.graph,10,13,True,0.96602535,-0.8960818
instance_245.graph,data/graph_coloring_graphs/instance_245.graph,12,9,True,0.85267735,0.4319108
instance_2450.graph,data/graph_coloring_graphs/instance_2450.graph,16,3,False,-3.7226467,1.1178241
instance_2451.graph,data/graph_coloring_graphs/instance_2451.graph,12,11,True,1.057087,-0.17408636
instance_2452.graph,data/graph_coloring_graphs/instance_2452.graph,12,13,True,1.0128021,-1.3896482
instance_2453.graph,data/graph_coloring_graphs/instance_2453.graph,16,9,True,1.1654758,0.23919603
instance_2454.graph,data/graph_coloring_graphs/instance_2454.graph,12,11,True,1.0856278,-0.59586704
instance_2455.graph,data/graph_coloring_graphs/instance_2455.graph,16,11,True,1.1446896,-0.33956212
instance_2456.graph,data/graph_coloring_graphs/instance_2456.graph,18,7,True,3.5652466,-0.14462906
instance_2457.graph,data/graph_coloring_graphs/instance_2457.graph,10,13,True,0.5056076,-1.6050928
instance_2458.graph,data/graph_coloring_graphs/instance_2458.graph,20,11,True,1.19343,-0.2151973
instance_2459.graph,data/graph_coloring_graphs/instance_2459.graph,14,13,True,1.1425467,-0.9010898
instance_246.graph,data/graph_coloring_graphs/instance_246.graph,10,13,True,0.9839821,-0.79123545
instance_2460.graph,data/graph_coloring_graphs/instance_2460.graph,10,5,False,-1.4074724,0.79958797
instance_2461.graph,data/graph_coloring_graphs/instance_2461.graph,10,13,True,1.008317,-0.888667
instance_2462.graph,data/graph_coloring_graphs/instance_2462.graph,12,7,True,1.3286171,-0.10709155
instance_2463.graph,data/graph_coloring_graphs/instance_2463.graph,10,5,True,0.36239624,0.46850148
instance_2464.graph,data/graph_coloring_graphs/instance_2464.graph,18,13,True,1.1160965,-0.58754826
instance_2465.graph,data/graph_coloring_graphs/instance_2465.graph,18,3,False,-5.626543,1.8650723
instance_2466.graph,data/graph_coloring_graphs/instance_2466.graph,14,7,True,0.23482418,0.78071237
instance_2467.graph,data/graph_coloring_graphs/instance_2467.graph,12,3,True,0.29917526,-0.09084613
instance_2468.graph,data/graph_coloring_graphs/instance_2468.graph,14,7,False,-1.187376,1.1201138
instance_2469.graph,data/graph_coloring_graphs/instance_2469.graph,14,3,True,-3.3581982,0.88847065
instance_247.graph,data/graph_coloring_graphs/instance_247.graph,16,3,False,-4.906163,1.5479068
instance_2470.graph,data/graph_coloring_graphs/instance_2470.graph,14,11,True,1.1059804,-0.55025077
instance_2471.graph,data/graph_coloring_graphs/instance_2471.graph,16,9,True,1.0844183,0.25930798
instance_2472.graph,data/graph_coloring_graphs/instance_2472.graph,16,3,True,-0.9218979,0.21055028
instance_2473.graph,data/graph_coloring_graphs/instance_2473.graph,14,7,True,0.013711929,0.6489177
instance_2474.graph,data/graph_coloring_graphs/instance_2474.graph,16,9,True,0.49427223,0.9658201
instance_2475.graph,data/graph_coloring_graphs/instance_2475.graph,10,7,True,1.5562096,-0.060862258
instance_2476.graph,data/graph_coloring_graphs/instance_2476.graph,12,11,True,1.0680971,-0.7102606
instance_2477.graph,data/graph_coloring_graphs/instance_2477.graph,12,9,True,0.7156849,0.7009486
instance_2478.graph,data/graph_coloring_graphs/instance_2478.graph,20,13,True,1.2107735,-0.8481481
instance_2479.graph,data/graph_coloring_graphs/instance_2479.graph,16,15,True,1.1441383,-1.1939297
instance_248.graph,data/graph_coloring_graphs/instance_248.graph,16,13,True,1.1099701,-0.60046375
instance_2480.graph,data/graph_coloring_graphs/instance_2480.graph,20,3,True,0.066833496,0.22792837
instance_2481.graph,data/graph_coloring_graphs/instance_2481.graph,10,3,True,0.3607521,-0.37381595
instance_2482.graph,data/graph_coloring_graphs/instance_2482.graph,12,15,True,1.0531273,-1.0839757
instance_2483.graph,data/graph_coloring_graphs/instance_2483.graph,18,11,True,1.1773148,-0.21480569
instance_2484.graph,data/graph_coloring_graphs/instance_2484.graph,20,15,True,1.1760902,-1.1351492
instance_2485.graph,data/graph_coloring_graphs/instance_2485.graph,10,15,True,1.020338,-1.3846636
instance_2486.graph,data/graph_coloring_graphs/instance_2486.graph,18,7,True,-0.6985483,0.83658695
instance_2487.graph,data/graph_coloring_graphs/instance_2487.graph,20,9,True,0.55571747,0.91545427
instance_2488.graph,data/graph_coloring_graphs/instance_2488.graph,14,7,True,1.2823658,0.39134368
instance_2489.graph,data/graph_coloring_graphs/instance_2489.graph,12,5,True,1.994957,-0.36803165
instance_249.graph,data/graph_coloring_graphs/instance_249.graph,14,11,True,1.095499,-0.19182323
instance_2490.graph,data/graph_coloring_graphs/instance_2490.graph,14,3,True,0.028129578,0.10082464
instance_2491.graph,data/graph_coloring_graphs/instance_2491.graph,20,15,True,1.1951714,-1.1406866
instance_2492.graph,data/graph_coloring_graphs/instance_2492.graph,16,11,True,1.2963171,-0.8013084
instance_2493.graph,data/graph_coloring_graphs/instance_2493.graph,12,7,True,1.5485306,-0.54062337
instance_2494.graph,data/graph_coloring_graphs/instance_2494.graph,20,5,True,-1.9568329,1.0590937
instance_2495.graph,data/graph_coloring_graphs/instance_2495.graph,10,9,True,0.7345047,-1.0382838
instance_2496.graph,data/graph_coloring_graphs/instance_2496.graph,10,7,True,1.3458672,0.1669532
instance_2497.graph,data/graph_coloring_graphs/instance_2497.graph,16,7,True,1.0317965,0.5674069
instance_2498.graph,data/graph_coloring_graphs/instance_2498.graph,12,7,True,1.8380432,-0.3660489
instance_2499.graph,data/graph_coloring_graphs/instance_2499.graph,20,15,True,1.1392899,-1.0225936
instance_25.graph,data/graph_coloring_graphs/instance_25.graph,17,28,True,2.976307,0.040406786
instance_250.graph,data/graph_coloring_graphs/instance_250.graph,16,5,False,-3.7993584,1.3410788
instance_2500.graph,data/graph_coloring_graphs/instance_2500.graph,10,15,True,1.001894,-1.3270141
instance_2501.graph,data/graph_coloring_graphs/instance_2501.graph,12,3,False,-4.0630064,1.1560458
instance_2502.graph,data/graph_coloring_graphs/instance_2502.graph,12,15,True,0.86317444,-1.4702196
instance_2503.graph,data/graph_coloring_graphs/instance_2503.graph,14,5,False,-2.8477917,1.1912844
instance_2504.graph,data/graph_coloring_graphs/instance_2504.graph,10,15,True,0.90397644,-1.6464975
instance_2505.graph,data/graph_coloring_graphs/instance_2505.graph,14,15,True,1.0777245,-1.0339818
instance_2506.graph,data/graph_coloring_graphs/instance_2506.graph,16,5,False,-3.0614042,1.1796472
instance_2507.graph,data/graph_coloring_graphs/instance_2507.graph,18,9,True,1.44804,-0.29198983
instance_2508.graph,data/graph_coloring_graphs/instance_2508.graph,12,5,True,0.96653366,-0.09094458
instance_2509.graph,data/graph_coloring_graphs/instance_2509.graph,16,3,True,-0.9590912,0.56345785
instance_251.graph,data/graph_coloring_graphs/instance_251.graph,16,13,True,1.1020126,-0.64839375
instance_2510.graph,data/graph_coloring_graphs/instance_2510.graph,18,11,True,1.1396637,-0.02322542
instance_2511.graph,data/graph_coloring_graphs/instance_2511.graph,20,15,True,1.1195908,-0.96354866
instance_2512.graph,data/graph_coloring_graphs/instance_2512.graph,20,7,True,2.002205,-0.51194805
instance_2513.graph,data/graph_coloring_graphs/instance_2513.graph,14,15,True,1.105175,-1.3165705
instance_2514.graph,data/graph_coloring_graphs/instance_2514.graph,10,7,True,0.15497589,-0.7397194
instance_2515.graph,data/graph_coloring_graphs/instance_2515.graph,18,3,False,-2.8336525,0.8419044
instance_2516.graph,data/graph_coloring_graphs/instance_2516.graph,14,11,True,1.0864372,-0.2542337
instance_2517.graph,data/graph_coloring_graphs/instance_2517.graph,12,15,True,1.0515862,-1.1289873
instance_2518.graph,data/graph_coloring_graphs/instance_2518.graph,16,9,True,1.5011902,-0.1685681
instance_2519.graph,data/graph_coloring_graphs/instance_2519.graph,10,15,True,0.9760246,-1.1515703
instance_252.graph,data/graph_coloring_graphs/instance_252.graph,18,13,True,1.238575,-1.1235251
instance_2520.graph,data/graph_coloring_graphs/instance_2520.graph,18,3,False,-5.6001225,1.8509735
instance_2521.graph,data/graph_coloring_graphs/instance_2521.graph,14,13,True,1.1272926,-0.9746679
instance_2522.graph,data/graph_coloring_graphs/instance_2522.graph,14,9,True,1.0348434,-0.46816447
instance_2523.graph,data/graph_coloring_graphs/instance_2523.graph,10,15,True,0.968359,-1.1878765
instance_2524.graph,data/graph_coloring_graphs/instance_2524.graph,20,3,True,-1.9418602,0.6587341
instance_2525.graph,data/graph_coloring_graphs/instance_2525.graph,14,13,True,1.1556368,-1.096873
instance_2526.graph,data/graph_coloring_graphs/instance_2526.graph,12,9,True,0.67086506,0.690428
instance_2527.graph,data/graph_coloring_graphs/instance_2527.graph,20,7,True,-0.44688988,0.8973988
instance_2528.graph,data/graph_coloring_graphs/instance_2528.graph,14,5,True,-1.653305,0.94300604
instance_2529.graph,data/graph_coloring_graphs/instance_2529.graph,14,11,True,1.1167054,-0.45102248
instance_253.graph,data/graph_coloring_graphs/instance_253.graph,18,9,True,0.55765915,0.9604763
instance_2530.graph,data/graph_coloring_graphs/instance_2530.graph,18,15,True,1.2046051,-1.1613684
instance_2531.graph,data/graph_coloring_graphs/instance_2531.graph,20,3,False,-5.7559395,1.9325764
instance_2532.graph,data/graph_coloring_graphs/instance_2532.graph,12,3,False,-4.822609,1.5341668
instance_2533.graph,data/graph_coloring_graphs/instance_2533.graph,20,13,True,1.2270832,-1.1042329
instance_2534.graph,data/graph_coloring_graphs/instance_2534.graph,18,15,True,1.1370087,-1.0450549
instance_2535.graph,data/graph_coloring_graphs/instance_2535.graph,20,15,True,1.2631798,-1.3075882
instance_2536.graph,data/graph_coloring_graphs/instance_2536.graph,16,9,True,0.58143616,0.91486657
instance_2537.graph,data/graph_coloring_graphs/instance_2537.graph,10,11,True,0.9793358,-0.7886447
instance_2538.graph,data/graph_coloring_graphs/instance_2538.graph,18,7,False,-1.8305054,1.3041259
instance_2539.graph,data/graph_coloring_graphs/instance_2539.graph,16,5,True,3.7188454,-0.130108
instance_254.graph,data/graph_coloring_graphs/instance_254.graph,14,9,True,0.9473772,0.49136564
instance_2540.graph,data/graph_coloring_graphs/instance_2540.graph,10,5,False,-0.8006115,0.7655412
instance_2541.graph,data/graph_coloring_graphs/instance_2541.graph,18,11,True,1.1230087,0.08727205
instance_2542.graph,data/graph_coloring_graphs/instance_2542.graph,10,13,True,0.992218,-1.3404078
instance_2543.graph,data/graph_coloring_graphs/instance_2543.graph,10,7,True,1.5636749,-0.8221804
instance_2544.graph,data/graph_coloring_graphs/instance_2544.graph,18,7,False,-1.9673271,1.3357757
instance_2545.graph,data/graph_coloring_graphs/instance_2545.graph,16,11,True,1.1017036,0.06994822
instance_2546.graph,data/graph_coloring_graphs/instance_2546.graph,14,9,True,1.721096,-0.5293784
instance_2547.graph,data/graph_coloring_graphs/instance_2547.graph,14,15,True,1.099432,-1.0855843
instance_2548.graph,data/graph_coloring_graphs/instance_2548.graph,14,13,True,1.164299,-1.2267029
instance_2549.graph,data/graph_coloring_graphs/instance_2549.graph,18,3,False,-4.0601816,1.2465945
instance_255.graph,data/graph_coloring_graphs/instance_255.graph,10,13,True,0.9576402,-0.94490397
instance_2550.graph,data/graph_coloring_graphs/instance_2550.graph,12,13,True,1.0535202,-0.7849457
instance_2551.graph,data/graph_coloring_graphs/instance_2551.graph,18,15,True,1.1561909,-1.1294248
instance_2552.graph,data/graph_coloring_graphs/instance_2552.graph,10,11,True,0.9951925,-0.52119446
instance_2553.graph,data/graph_coloring_graphs/instance_2553.graph,20,5,True,-1.6472762,0.94459724
instance_2554.graph,data/graph_coloring_graphs/instance_2554.graph,14,13,True,1.1240406,-0.8978814
instance_2555.graph,data/graph_coloring_graphs/instance_2555.graph,14,9,True,1.44804,-0.66438484
instance_2556.graph,data/graph_coloring_graphs/instance_2556.graph,10,3,False,-3.0460968,0.6864606
instance_2557.graph,data/graph_coloring_graphs/instance_2557.graph,10,11,True,1.0019732,-0.40701216
instance_2558.graph,data/graph_coloring_graphs/instance_2558.graph,18,3,False,-5.2790604,1.7292644
instance_2559.graph,data/graph_coloring_graphs/instance_2559.graph,20,9,True,0.6645336,0.8878045
instance_256.graph,data/graph_coloring_graphs/instance_256.graph,16,9,True,0.89885426,0.63068104
instance_2560.graph,data/graph_coloring_graphs/instance_2560.graph,16,13,True,1.1259155,-0.7142397
instance_2561.graph,data/graph_coloring_graphs/instance_2561.graph,12,9,True,1.2781868,-0.27414525
instance_2562.graph,data/graph_coloring_graphs/instance_2562.graph,14,11,True,1.0900421,-0.0056269765
instance_2563.graph,data/graph_coloring_graphs/instance_2563.graph,18,9,True,1.3765144,-0.3292567
instance_2564.graph,data/graph_coloring_graphs/instance_2564.graph,10,11,True,1.0093842,-0.60146487
instance_2565.graph,data/graph_coloring_graphs/instance_2565.graph,10,9,True,1.1753864,0.017702118
instance_2566.graph,data/graph_coloring_graphs/instance_2566.graph,10,5,False,-1.5210814,0.894264
instance_2567.graph,data/graph_coloring_graphs/instance_2567.graph,14,13,True,1.1222019,-0.854218
instance_2568.graph,data/graph_coloring_graphs/instance_2568.graph,18,11,True,1.1277008,0.10369675
instance_2569.graph,data/graph_coloring_graphs/instance_2569.graph,18,15,True,1.1246872,-1.019702
instance_257.graph,data/graph_coloring_graphs/instance_257.graph,14,3,False,-4.8391647,1.5262175
instance_2570.graph,data/graph_coloring_graphs/instance_2570.graph,20,13,True,1.3884277,-1.2445147
instance_2571.graph,data/graph_coloring_graphs/instance_2571.graph,12,3,False,-4.096428,1.0632313
instance_2572.graph,data/graph_coloring_graphs/instance_2572.graph,10,11,True,0.98573685,-0.25069702
instance_2573.graph,data/graph_coloring_graphs/instance_2573.graph,10,9,True,1.2121048,-0.1661149
instance_2574.graph,data/graph_coloring_graphs/instance_2574.graph,10,3,True,-0.78289795,0.22286901
instance_2575.graph,data/graph_coloring_graphs/instance_2575.graph,14,5,True,2.9334412,-0.2284843
instance_2576.graph,data/graph_coloring_graphs/instance_2576.graph,20,7,False,-2.2588043,1.4124174
instance_2577.graph,data/graph_coloring_graphs/instance_2577.graph,18,9,True,0.7762575,0.7698926
instance_2578.graph,data/graph_coloring_graphs/instance_2578.graph,16,15,True,1.1380196,-1.1579752
instance_2579.graph,data/graph_coloring_graphs/instance_2579.graph,20,7,True,-1.661417,1.2516487
instance_258.graph,data/graph_coloring_graphs/instance_258.graph,20,5,True,0.74866104,0.47960576
instance_2580.graph,data/graph_coloring_graphs/instance_2580.graph,10,7,True,1.7846451,0.041431025
instance_2581.graph,data/graph_coloring_graphs/instance_2581.graph,12,5,True,-1.5209737,0.7433797
instance_2582.graph,data/graph_coloring_graphs/instance_2582.graph,20,9,True,0.8310518,0.72016656
instance_2583.graph,data/graph_coloring_graphs/instance_2583.graph,14,7,False,-1.6648445,1.1950736
instance_2584.graph,data/graph_coloring_graphs/instance_2584.graph,14,13,True,1.0904045,-0.6804075
instance_2585.graph,data/graph_coloring_graphs/instance_2585.graph,10,5,True,0.736969,-0.40255034
instance_2586.graph,data/graph_coloring_graphs/instance_2586.graph,14,5,False,-3.5551357,1.2772408
instance_2587.graph,data/graph_coloring_graphs/instance_2587.graph,14,5,False,-2.8477879,1.1912844
instance_2588.graph,data/graph_coloring_graphs/instance_2588.graph,18,5,True,-0.93208265,0.8691151
instance_2589.graph,data/graph_coloring_graphs/instance_2589.graph,10,3,False,-3.783328,0.9066987
instance_259.graph,data/graph_coloring_graphs/instance_259.graph,10,9,True,1.0000076,-0.89915884
instance_2590.graph,data/graph_coloring_graphs/instance_2590.graph,20,13,True,1.3919926,-1.1842183
instance_2591.graph,data/graph_coloring_graphs/instance_2591.graph,14,7,True,-0.3402605,0.744243
instance_2592.graph,data/graph_coloring_graphs/instance_2592.graph,18,5,False,-3.413643,1.2911701
instance_2593.graph,data/graph_coloring_graphs/instance_2593.graph,16,9,True,1.3750687,-0.30060712
instance_2594.graph,data/graph_coloring_graphs/instance_2594.graph,14,9,True,0.6496506,0.77792716
instance_2595.graph,data/graph_coloring_graphs/instance_2595.graph,20,13,True,1.175127,-0.7716981
instance_2596.graph,data/graph_coloring_graphs/instance_2596.graph,12,3,False,-3.937582,1.0935886
instance_2597.graph,data/graph_coloring_graphs/instance_2597.graph,18,9,True,1.0668564,-0.17434447
instance_2598.graph,data/graph_coloring_graphs/instance_2598.graph,20,7,False,-2.1545067,1.3885453
instance_2599.graph,data/graph_coloring_graphs/instance_2599.graph,18,7,True,2.2703857,0.07785559
instance_26.graph,data/graph_coloring_graphs/instance_26.graph,21,80,True,1.1668987,-0.79410076
instance_260.graph,data/graph_coloring_graphs/instance_260.graph,12,9,True,1.1626205,-0.4770155
instance_2600.graph,data/graph_coloring_graphs/instance_2600.graph,18,3,False,-5.5308,1.8139951
instance_2601.graph,data/graph_coloring_graphs/instance_2601.graph,20,13,True,1.2994881,-1.0568364
instance_2602.graph,data/graph_coloring_graphs/instance_2602.graph,10,9,True,1.1753826,0.017702095
instance_2603.graph,data/graph_coloring_graphs/instance_2603.graph,14,11,True,1.0955067,-0.19182321
instance_2604.graph,data/graph_coloring_graphs/instance_2604.graph,10,3,False,-4.028016,1.0356123
instance_2605.graph,data/graph_coloring_graphs/instance_2605.graph,18,7,True,2.2932167,-0.4509667
instance_2606.graph,data/graph_coloring_graphs/instance_2606.graph,16,9,True,1.3335915,-0.16392046
instance_2607.graph,data/graph_coloring_graphs/instance_2607.graph,12,5,True,2.9673958,-0.30434278
instance_2608.graph,data/graph_coloring_graphs/instance_2608.graph,20,5,False,-3.6572113,1.322027
instance_2609.graph,data/graph_coloring_graphs/instance_2609.graph,10,11,True,0.9953041,-0.28955695
instance_261.graph,data/graph_coloring_graphs/instance_261.graph,16,5,True,2.2411575,0.17455207
instance_2610.graph,data/graph_coloring_graphs/instance_2610.graph,16,3,False,-5.401701,1.7474024
instance_2611.graph,data/graph_coloring_graphs/instance_2611.graph,16,13,True,1.1255913,-0.7086811
instance_2612.graph,data/graph_coloring_graphs/instance_2612.graph,12,3,False,-4.7059736,1.385852
instance_2613.graph,data/graph_coloring_graphs/instance_2613.graph,14,5,False,-3.1613846,1.2447767
instance_2614.graph,data/graph_coloring_graphs/instance_2614.graph,12,5,False,-2.876791,1.171963
instance_2615.graph,data/graph_coloring_graphs/instance_2615.graph,18,9,True,0.65232277,0.82373
instance_2616.graph,data/graph_coloring_graphs/instance_2616.graph,16,13,True,1.2421951,-1.5144417
instance_2617.graph,data/graph_coloring_graphs/instance_2617.graph,10,5,True,0.33979034,0.093583465
instance_2618.graph,data/graph_coloring_graphs/instance_2618.graph,20,13,True,1.1245079,-0.5423497
instance_2619.graph,data/graph_coloring_graphs/instance_2619.graph,18,9,True,0.4973545,0.990669
instance_262.graph,data/graph_coloring_graphs/instance_262.graph,14,9,True,0.71137524,0.7603662
instance_2620.graph,data/graph_coloring_graphs/instance_2620.graph,20,3,False,-5.741455,1.9606402
instance_2621.graph,data/graph_coloring_graphs/instance_2621.graph,16,15,True,1.11026,-1.1037862
instance_2622.graph,data/graph_coloring_graphs/instance_2622.graph,14,3,False,-4.51927,1.3650777
instance_2623.graph,data/graph_coloring_graphs/instance_2623.graph,10,9,True,1.2121048,-0.16611488
instance_2624.graph,data/graph_coloring_graphs/instance_2624.graph,10,11,True,1.041439,-1.3103473
instance_2625.graph,data/graph_coloring_graphs/instance_2625.graph,10,3,False,-2.059328,0.39167967
instance_2626.graph,data/graph_coloring_graphs/instance_2626.graph,20,7,True,-1.1889439,1.167551
instance_2627.graph,data/graph_coloring_graphs/instance_2627.graph,20,5,False,-5.0122757,1.5729792
instance_2628.graph,data/graph_coloring_graphs/instance_2628.graph,14,13,True,1.2349968,-1.3493924
instance_2629.graph,data/graph_coloring_graphs/instance_2629.graph,16,3,False,-5.4228954,1.8105421
instance_263.graph,data/graph_coloring_graphs/instance_263.graph,20,7,False,-2.2789993,1.4170375
instance_2630.graph,data/graph_coloring_graphs/instance_2630.graph,12,13,True,1.0541344,-0.7756907
instance_2631.graph,data/graph_coloring_graphs/instance_2631.graph,20,9,True,0.7001476,0.809759
instance_2632.graph,data/graph_coloring_graphs/instance_2632.graph,12,13,True,1.1131744,-1.2984223
instance_2633.graph,data/graph_coloring_graphs/instance_2633.graph,18,11,True,1.1270142,-0.047197863
instance_2634.graph,data/graph_coloring_graphs/instance_2634.graph,18,13,True,1.124012,-0.5886842
instance_2635.graph,data/graph_coloring_graphs/instance_2635.graph,20,9,True,0.90941143,0.6517415
instance_2636.graph,data/graph_coloring_graphs/instance_2636.graph,18,15,True,1.1181602,-0.98790073
instance_2637.graph,data/graph_coloring_graphs/instance_2637.graph,14,9,True,0.6859331,0.7839701
instance_2638.graph,data/graph_coloring_graphs/instance_2638.graph,18,9,True,0.6989918,0.8102608
instance_2639.graph,data/graph_coloring_graphs/instance_2639.graph,18,7,True,-1.4496117,1.1553822
instance_264.graph,data/graph_coloring_graphs/instance_264.graph,18,11,True,1.1300583,0.0031662136
instance_2640.graph,data/graph_coloring_graphs/instance_2640.graph,16,9,True,1.4181557,-0.35094318
instance_2641.graph,data/graph_coloring_graphs/instance_2641.graph,12,15,True,1.1976967,-1.5284507
instance_2642.graph,data/graph_coloring_graphs/instance_2642.graph,18,7,True,0.7233181,0.71332633
instance_2643.graph,data/graph_coloring_graphs/instance_2643.graph,12,7,True,0.6737976,-0.5013952
instance_2644.graph,data/graph_coloring_graphs/instance_2644.graph,20,15,True,1.3829155,-1.4306685
instance_2645.graph,data/graph_coloring_graphs/instance_2645.graph,18,7,True,0.7318516,0.6216968
instance_2646.graph,data/graph_coloring_graphs/instance_2646.graph,10,7,True,3.0013962,-0.13429941
instance_2647.graph,data/graph_coloring_graphs/instance_2647.graph,14,13,True,1.2027249,-1.0786369
instance_2648.graph,data/graph_coloring_graphs/instance_2648.graph,14,13,True,1.0904961,-0.6589873
instance_2649.graph,data/graph_coloring_graphs/instance_2649.graph,12,7,True,1.1410809,0.5231428
instance_265.graph,data/graph_coloring_graphs/instance_265.graph,16,15,True,1.100254,-1.0202562
instance_2650.graph,data/graph_coloring_graphs/instance_2650.graph,20,5,False,-4.0151405,1.3834779
instance_2651.graph,data/graph_coloring_graphs/instance_2651.graph,18,15,True,1.1091003,-0.9696233
instance_2652.graph,data/graph_coloring_graphs/instance_2652.graph,10,9,True,0.91662884,0.4031739
instance_2653.graph,data/graph_coloring_graphs/instance_2653.graph,20,9,True,1.4670563,-0.077891365
instance_2654.graph,data/graph_coloring_graphs/instance_2654.graph,16,11,True,1.3120975,-0.95710087
instance_2655.graph,data/graph_coloring_graphs/instance_2655.graph,12,5,True,-1.7635379,0.8619274
instance_2656.graph,data/graph_coloring_graphs/instance_2656.graph,12,5,True,-1.2616584,0.8334117
instance_2657.graph,data/graph_coloring_graphs/instance_2657.graph,10,7,True,-0.14051628,0.59217715
instance_2658.graph,data/graph_coloring_graphs/instance_2658.graph,10,11,True,0.9967365,-0.26975113
instance_2659.graph,data/graph_coloring_graphs/instance_2659.graph,18,3,True,-1.371727,0.45654956
instance_266.graph,data/graph_coloring_graphs/instance_266.graph,10,9,True,0.6840439,-0.73864675
instance_2660.graph,data/graph_coloring_graphs/instance_2660.graph,10,9,True,1.3201828,-0.7444937
instance_2661.graph,data/graph_coloring_graphs/instance_2661.graph,14,11,True,1.1151543,-0.41292304
instance_2662.graph,data/graph_coloring_graphs/instance_2662.graph,20,3,False,-2.0066433,0.60285556
instance_2663.graph,data/graph_coloring_graphs/instance_2663.graph,18,5,False,-3.6788368,1.3362805
instance_2664.graph,data/graph_coloring_graphs/instance_2664.graph,18,9,False,0.46503067,1.0195823
instance_2665.graph,data/graph_coloring_graphs/instance_2665.graph,20,15,True,1.1181335,-0.9572402
instance_2666.graph,data/graph_coloring_graphs/instance_2666.graph,14,15,True,1.078968,-1.0649447
instance_2667.graph,data/graph_coloring_graphs/instance_2667.graph,10,3,True,-0.041648865,0.14649926
instance_2668.graph,data/graph_coloring_graphs/instance_2668.graph,14,11,True,1.1785007,-0.66965127
instance_2669.graph,data/graph_coloring_graphs/instance_2669.graph,14,9,True,0.94468784,0.5439981
instance_267.graph,data/graph_coloring_graphs/instance_267.graph,12,9,True,1.3894806,-0.5841185
instance_2670.graph,data/graph_coloring_graphs/instance_2670.graph,18,9,True,0.77625656,0.7698926
instance_2671.graph,data/graph_coloring_graphs/instance_2671.graph,10,7,True,-0.13423538,0.78465474
instance_2672.graph,data/graph_coloring_graphs/instance_2672.graph,14,5,False,-3.6249352,1.2895095
instance_2673.graph,data/graph_coloring_graphs/instance_2673.graph,12,3,False,-4.460781,1.530722
instance_2674.graph,data/graph_coloring_graphs/instance_2674.graph,10,11,True,0.9912751,-0.5874202
instance_2675.graph,data/graph_coloring_graphs/instance_2675.graph,18,9,True,1.4359245,-0.2034836
instance_2676.graph,data/graph_coloring_graphs/instance_2676.graph,14,9,True,0.6496563,0.77792716
instance_2677.graph,data/graph_coloring_graphs/instance_2677.graph,12,13,True,1.0835209,-1.072425
instance_2678.graph,data/graph_coloring_graphs/instance_2678.graph,10,3,False,-0.91716766,0.08137636
instance_2679.graph,data/graph_coloring_graphs/instance_2679.graph,18,7,True,-1.1342239,1.0782173
instance_268.graph,data/graph_coloring_graphs/instance_268.graph,18,3,False,-4.7837,1.5331109
instance_2680.graph,data/graph_coloring_graphs/instance_2680.graph,18,7,False,-1.8305054,1.3041259
instance_2681.graph,data/graph_coloring_graphs/instance_2681.graph,10,13,True,1.0698929,-1.3613261
instance_2682.graph,data/graph_coloring_graphs/instance_2682.graph,10,9,True,0.75133324,0.25765204
instance_2683.graph,data/graph_coloring_graphs/instance_2683.graph,20,5,False,-4.8944054,1.5531576
instance_2684.graph,data/graph_coloring_graphs/instance_2684.graph,14,9,True,1.2912312,0.09010713
instance_2685.graph,data/graph_coloring_graphs/instance_2685.graph,12,5,False,-2.6786795,1.1375186
instance_2686.graph,data/graph_coloring_graphs/instance_2686.graph,12,11,True,1.0406027,-0.40181848
instance_2687.graph,data/graph_coloring_graphs/instance_2687.graph,16,7,True,-0.6820183,1.0216851
instance_2688.graph,data/graph_coloring_graphs/instance_2688.graph,20,5,True,-1.2521291,0.94057167
instance_2689.graph,data/graph_coloring_graphs/instance_2689.graph,10,3,True,1.4460373,-0.2780634
instance_269.graph,data/graph_coloring_graphs/instance_269.graph,10,3,True,1.1801338,-0.3008018
instance_2690.graph,data/graph_coloring_graphs/instance_2690.graph,14,3,True,0.5007248,0.0041739196
instance_2691.graph,data/graph_coloring_graphs/instance_2691.graph,14,13,True,1.150928,-1.0264982
instance_2692.graph,data/graph_coloring_graphs/instance_2692.graph,14,9,True,0.7517071,0.72296
instance_2693.graph,data/graph_coloring_graphs/instance_2693.graph,20,7,True,-0.55146456,0.79530907
instance_2694.graph,data/graph_coloring_graphs/instance_2694.graph,14,15,True,1.0805244,-1.1029186
instance_2695.graph,data/graph_coloring_graphs/instance_2695.graph,20,7,False,-2.0442238,1.3633034
instance_2696.graph,data/graph_coloring_graphs/instance_2696.graph,18,15,True,1.1178284,-0.98614275
instance_2697.graph,data/graph_coloring_graphs/instance_2697.graph,20,7,True,-1.7291107,1.2140266
instance_2698.graph,data/graph_coloring_graphs/instance_2698.graph,12,15,True,0.8366127,-1.5833592
instance_2699.graph,data/graph_coloring_graphs/instance_2699.graph,18,5,False,-4.7244263,1.5346673
instance_27.graph,data/graph_coloring_graphs/instance_27.graph,21,159,True,1.1238747,-0.534186
instance_270.graph,data/graph_coloring_graphs/instance_270.graph,12,15,True,1.0384865,-1.1441443
instance_2700.graph,data/graph_coloring_graphs/instance_2700.graph,12,5,False,-2.3357024,1.0270367
instance_2701.graph,data/graph_coloring_graphs/instance_2701.graph,16,9,True,1.1133156,0.39435115
instance_2702.graph,data/graph_coloring_graphs/instance_2702.graph,12,9,True,0.748621,0.668869
instance_2703.graph,data/graph_coloring_graphs/instance_2703.graph,16,9,True,0.6175022,0.8825611
instance_2704.graph,data/graph_coloring_graphs/instance_2704.graph,18,7,True,2.616993,-0.058952123
instance_2705.graph,data/graph_coloring_graphs/instance_2705.graph,12,5,False,-2.575572,1.1195939
instance_2706.graph,data/graph_coloring_graphs/instance_2706.graph,20,7,True,-0.66644764,0.98639905
instance_2707.graph,data/graph_coloring_graphs/instance_2707.graph,14,5,True,0.47800064,0.43745193
instance_2708.graph,data/graph_coloring_graphs/instance_2708.graph,20,3,False,-4.1111336,1.3078473
instance_2709.graph,data/graph_coloring_graphs/instance_2709.graph,20,11,True,1.1822815,-0.19835709
instance_271.graph,data/graph_coloring_graphs/instance_271.graph,16,7,True,-0.22670555,0.9149244
instance_2710.graph,data/graph_coloring_graphs/instance_2710.graph,18,11,True,1.1778507,-0.31331035
instance_2711.graph,data/graph_coloring_graphs/instance_2711.graph,14,7,True,-0.00072574615,0.78298426
instance_2712.graph,data/graph_coloring_graphs/instance_2712.graph,14,7,True,-0.0007209778,0.78298426
instance_2713.graph,data/graph_coloring_graphs/instance_2713.graph,16,11,True,1.1963501,-0.48055086
instance_2714.graph,data/graph_coloring_graphs/instance_2714.graph,16,13,True,1.3025055,-1.2104871
instance_2715.graph,data/graph_coloring_graphs/instance_2715.graph,20,5,False,-4.8706474,1.5666804
instance_2716.graph,data/graph_coloring_graphs/instance_2716.graph,10,3,False,-4.655981,1.3664517
instance_2717.graph,data/graph_coloring_graphs/instance_2717.graph,18,5,True,-0.5000191,0.7563565
instance_2718.graph,data/graph_coloring_graphs/instance_2718.graph,12,7,True,1.7088318,-0.25490627
instance_2719.graph,data/graph_coloring_graphs/instance_2719.graph,20,3,False,-4.6793737,1.4139886
instance_272.graph,data/graph_coloring_graphs/instance_272.graph,16,3,False,-4.792864,1.5538492
instance_2720.graph,data/graph_coloring_graphs/instance_2720.graph,12,11,True,1.1230083,-0.58920443
instance_2721.graph,data/graph_coloring_graphs/instance_2721.graph,18,11,True,1.115612,0.10482924
instance_2722.graph,data/graph_coloring_graphs/instance_2722.graph,14,13,True,1.0756054,-0.8039181
instance_2723.graph,data/graph_coloring_graphs/instance_2723.graph,20,7,True,1.5407066,0.35297695
instance_2724.graph,data/graph_coloring_graphs/instance_2724.graph,20,11,True,1.1291542,0.14664324
instance_2725.graph,data/graph_coloring_graphs/instance_2725.graph,16,13,True,1.109951,-0.60046375
instance_2726.graph,data/graph_coloring_graphs/instance_2726.graph,12,7,True,0.70944595,-0.22839323
instance_2727.graph,data/graph_coloring_graphs/instance_2727.graph,14,9,True,0.58724976,0.79568183
instance_2728.graph,data/graph_coloring_graphs/instance_2728.graph,10,11,True,0.9871254,-0.40178984
instance_2729.graph,data/graph_coloring_graphs/instance_2729.graph,12,3,True,-2.7275505,0.63335717
instance_273.graph,data/graph_coloring_graphs/instance_273.graph,12,7,True,1.1994438,0.22347629
instance_2730.graph,data/graph_coloring_graphs/instance_2730.graph,10,5,True,-1.3514681,0.8639575
instance_2731.graph,data/graph_coloring_graphs/instance_2731.graph,20,15,True,1.2866879,-1.307962
instance_2732.graph,data/graph_coloring_graphs/instance_2732.graph,20,5,False,-3.3401394,1.2917483
instance_2733.graph,data/graph_coloring_graphs/instance_2733.graph,20,7,True,1.2855034,0.06732291
instance_2734.graph,data/graph_coloring_graphs/instance_2734.graph,10,9,True,1.1631012,-0.10727559
instance_2735.graph,data/graph_coloring_graphs/instance_2735.graph,14,5,True,1.4598274,-0.16701263
instance_2736.graph,data/graph_coloring_graphs/instance_2736.graph,10,13,True,1.0064669,-0.904778
instance_2737.graph,data/graph_coloring_graphs/instance_2737.graph,14,3,True,-0.776474,0.17845137
instance_2738.graph,data/graph_coloring_graphs/instance_2738.graph,16,9,True,0.60826683,0.89084184
instance_2739.graph,data/graph_coloring_graphs/instance_2739.graph,16,7,True,-1.4585495,1.1699
instance_274.graph,data/graph_coloring_graphs/instance_274.graph,12,7,True,-0.9642143,0.980911
instance_2740.graph,data/graph_coloring_graphs/instance_2740.graph,20,3,False,-5.8344193,1.9745071
instance_2741.graph,data/graph_coloring_graphs/instance_2741.graph,16,13,True,1.1777878,-1.3414392
instance_2742.graph,data/graph_coloring_graphs/instance_2742.graph,16,7,True,0.9734154,0.45958278
instance_2743.graph,data/graph_coloring_graphs/instance_2743.graph,12,3,False,-3.382454,1.0550606
instance_2744.graph,data/graph_coloring_graphs/instance_2744.graph,14,11,True,1.1557131,-0.60213935
instance_2745.graph,data/graph_coloring_graphs/instance_2745.graph,16,5,False,-2.9763584,1.1991069
instance_2746.graph,data/graph_coloring_graphs/instance_2746.graph,12,9,True,0.9521971,0.3248504
instance_2747.graph,data/graph_coloring_graphs/instance_2747.graph,12,7,True,1.908905,0.14296001
instance_2748.graph,data/graph_coloring_graphs/instance_2748.graph,20,13,True,1.1424255,-0.6579325
instance_2749.graph,data/graph_coloring_graphs/instance_2749.graph,12,9,True,0.7486248,0.668869
instance_275.graph,data/graph_coloring_graphs/instance_275.graph,10,11,True,1.003479,-0.38167378
instance_2750.graph,data/graph_coloring_graphs/instance_2750.graph,12,15,True,1.063757,-1.1936984
instance_2751.graph,data/graph_coloring_graphs/instance_2751.graph,20,3,True,-1.3266525,0.50175226
instance_2752.graph,data/graph_coloring_graphs/instance_2752.graph,18,5,True,2.5437698,0.17043915
instance_2753.graph,data/graph_coloring_graphs/instance_2753.graph,12,13,True,1.0621145,-0.9889978
instance_2754.graph,data/graph_coloring_graphs/instance_2754.graph,18,13,True,1.1385918,-0.659619
instance_2755.graph,data/graph_coloring_graphs/instance_2755.graph,20,11,True,1.1214371,0.17378555
instance_2756.graph,data/graph_coloring_graphs/instance_2756.graph,16,11,True,1.2009964,-0.95481825
instance_2757.graph,data/graph_coloring_graphs/instance_2757.graph,14,7,True,-0.6918516,0.9002502
instance_2758.graph,data/graph_coloring_graphs/instance_2758.graph,14,11,True,1.0905228,-0.02075541
instance_2759.graph,data/graph_coloring_graphs/instance_2759.graph,12,7,True,1.1654835,0.10292062
instance_276.graph,data/graph_coloring_graphs/instance_276.graph,14,5,True,0.7594261,-0.22972801
instance_2760.graph,data/graph_coloring_graphs/instance_2760.graph,20,13,True,1.207241,-0.82737195
instance_2761.graph,data/graph_coloring_graphs/instance_2761.graph,12,7,True,0.16671705,0.61117816
instance_2762.graph,data/graph_coloring_graphs/instance_2762.graph,12,11,True,1.0569267,-0.18743911
instance_2763.graph,data/graph_coloring_graphs/instance_2763.graph,14,7,True,0.31969452,0.76045763
instance_2764.graph,data/graph_coloring_graphs/instance_2764.graph,16,15,True,1.1268883,-1.0924176
instance_2765.graph,data/graph_coloring_graphs/instance_2765.graph,10,9,True,1.020195,-0.29561687
instance_2766.graph,data/graph_coloring_graphs/instance_2766.graph,16,9,True,1.2645454,-0.086672366
instance_2767.graph,data/graph_coloring_graphs/instance_2767.graph,16,5,False,-3.3701649,1.1984363
instance_2768.graph,data/graph_coloring_graphs/instance_2768.graph,10,5,True,-1.0589094,0.6436845
instance_2769.graph,data/graph_coloring_graphs/instance_2769.graph,12,3,True,0.2991867,-0.09084613
instance_277.graph,data/graph_coloring_graphs/instance_277.graph,10,5,True,0.33979034,0.093583465
instance_2770.graph,data/graph_coloring_graphs/instance_2770.graph,10,3,False,-3.98983,1.1486261
instance_2771.graph,data/graph_coloring_graphs/instance_2771.graph,12,11,True,1.0864191,-0.658553
instance_2772.graph,data/graph_coloring_graphs/instance_2772.graph,16,15,True,1.1243267,-1.0772172
instance_2773.graph,data/graph_coloring_graphs/instance_2773.graph,12,7,True,-0.2551732,0.72456396
instance_2774.graph,data/graph_coloring_graphs/instance_2774.graph,18,15,True,1.1111145,-0.9807173
instance_2775.graph,data/graph_coloring_graphs/instance_2775.graph,20,13,True,1.1246796,-0.544446
instance_2776.graph,data/graph_coloring_graphs/instance_2776.graph,14,13,True,1.1772313,-1.0692035
instance_2777.graph,data/graph_coloring_graphs/instance_2777.graph,18,11,True,1.1346893,-0.051088728
instance_2778.graph,data/graph_coloring_graphs/instance_2778.graph,14,9,True,1.050972,0.26182878
instance_2779.graph,data/graph_coloring_graphs/instance_2779.graph,20,9,True,0.83428574,0.62761843
instance_278.graph,data/graph_coloring_graphs/instance_278.graph,14,7,False,-1.1369781,1.1080787
instance_2780.graph,data/graph_coloring_graphs/instance_2780.graph,18,7,True,-0.9139099,1.0243155
instance_2781.graph,data/graph_coloring_graphs/instance_2781.graph,14,9,True,0.73471355,0.6478857
instance_2782.graph,data/graph_coloring_graphs/instance_2782.graph,14,15,True,1.2078075,-1.3966956
instance_2783.graph,data/graph_coloring_graphs/instance_2783.graph,18,11,True,1.135807,-0.06427893
instance_2784.graph,data/graph_coloring_graphs/instance_2784.graph,10,3,True,0.32585907,0.011945292
instance_2785.graph,data/graph_coloring_graphs/instance_2785.graph,14,13,True,1.0764408,-0.77209926
instance_2786.graph,data/graph_coloring_graphs/instance_2786.graph,16,7,False,-1.521101,1.2184284
instance_2787.graph,data/graph_coloring_graphs/instance_2787.graph,20,15,True,1.1419601,-1.0332127
instance_2788.graph,data/graph_coloring_graphs/instance_2788.graph,14,13,True,1.1327953,-1.1057181
instance_2789.graph,data/graph_coloring_graphs/instance_2789.graph,10,5,True,1.4121666,0.15705672
instance_279.graph,data/graph_coloring_graphs/instance_279.graph,16,15,True,1.1204567,-1.1106349
instance_2790.graph,data/graph_coloring_graphs/instance_2790.graph,10,11,True,0.6588516,-1.074856
instance_2791.graph,data/graph_coloring_graphs/instance_2791.graph,20,7,False,-1.5025558,1.2393363
instance_2792.graph,data/graph_coloring_graphs/instance_2792.graph,12,9,True,0.92595387,0.35308895
instance_2793.graph,data/graph_coloring_graphs/instance_2793.graph,10,9,True,1.3890305,-0.57518744
instance_2794.graph,data/graph_coloring_graphs/instance_2794.graph,10,15,True,0.9847717,-1.2952116
instance_2795.graph,data/graph_coloring_graphs/instance_2795.graph,20,13,True,1.1254005,-0.5530628
instance_2796.graph,data/graph_coloring_graphs/instance_2796.graph,12,13,True,1.170744,-1.158311
instance_2797.graph,data/graph_coloring_graphs/instance_2797.graph,18,7,True,1.5369568,0.15388694
instance_2798.graph,data/graph_coloring_graphs/instance_2798.graph,20,11,True,1.208128,-0.25247234
instance_2799.graph,data/graph_coloring_graphs/instance_2799.graph,20,7,True,-0.18229628,0.83206296
instance_28.graph,data/graph_coloring_graphs/instance_28.graph,11,20,True,0.98452663,-0.70115566
instance_280.graph,data/graph_coloring_graphs/instance_280.graph,14,13,True,1.1019707,-0.657352
instance_2800.graph,data/graph_coloring_graphs/instance_2800.graph,20,9,True,0.5519314,0.89347315
instance_2801.graph,data/graph_coloring_graphs/instance_2801.graph,16,7,True,2.293209,-0.4509667
instance_2802.graph,data/graph_coloring_graphs/instance_2802.graph,14,13,True,1.1045513,-0.79691017
instance_2803.graph,data/graph_coloring_graphs/instance_2803.graph,20,3,False,-5.3891525,1.7793002
instance_2804.graph,data/graph_coloring_graphs/instance_2804.graph,14,3,False,-3.5867033,0.8953142
instance_2805.graph,data/graph_coloring_graphs/instance_2805.graph,12,15,True,1.049572,-1.1870928
instance_2806.graph,data/graph_coloring_graphs/instance_2806.graph,18,3,True,-0.8600273,0.25462744
instance_2807.graph,data/graph_coloring_graphs/instance_2807.graph,18,13,True,1.1617203,-1.2542808
instance_2808.graph,data/graph_coloring_graphs/instance_2808.graph,12,3,True,1.0287209,-0.16287509
instance_2809.graph,data/graph_coloring_graphs/instance_2809.graph,20,13,True,1.2611408,-1.1434968
instance_281.graph,data/graph_coloring_graphs/instance_281.graph,10,7,True,0.28329754,0.47092858
instance_2810.graph,data/graph_coloring_graphs/instance_2810.graph,16,3,False,-3.514678,0.93338776
instance_2811.graph,data/graph_coloring_graphs/instance_2811.graph,10,5,True,1.8794136,0.184713
instance_2812.graph,data/graph_coloring_graphs/instance_2812.graph,20,13,True,1.3532677,-1.197001
instance_2813.graph,data/graph_coloring_graphs/instance_2813.graph,18,3,True,0.7820072,0.26621974
instance_2814.graph,data/graph_coloring_graphs/instance_2814.graph,18,11,True,1.1211929,0.10838097
instance_2815.graph,data/graph_coloring_graphs/instance_2815.graph,20,11,True,1.1217041,0.17088509
instance_2816.graph,data/graph_coloring_graphs/instance_2816.graph,16,7,True,-0.09952116,0.6078075
instance_2817.graph,data/graph_coloring_graphs/instance_2817.graph,18,15,True,1.1335449,-1.0298475
instance_2818.graph,data/graph_coloring_graphs/instance_2818.graph,10,13,True,1.0231705,-1.4724057
instance_2819.graph,data/graph_coloring_graphs/instance_2819.graph,12,7,True,0.5933752,0.58263576
instance_282.graph,data/graph_coloring_graphs/instance_282.graph,20,13,True,1.2919807,-1.2552712
instance_2820.graph,data/graph_coloring_graphs/instance_2820.graph,18,9,True,0.98708344,0.43148693
instance_2821.graph,data/graph_coloring_graphs/instance_2821.graph,16,9,True,1.1082668,0.23481119
instance_2822.graph,data/graph_coloring_graphs/instance_2822.graph,16,7,True,1.1991501,-0.09223048
instance_2823.graph,data/graph_coloring_graphs/instance_2823.graph,14,15,True,1.2325516,-1.5314867
instance_2824.graph,data/graph_coloring_graphs/instance_2824.graph,12,5,False,-2.2487173,1.0627666
instance_2825.graph,data/graph_coloring_graphs/instance_2825.graph,12,7,True,2.1939468,0.26579237
instance_2826.graph,data/graph_coloring_graphs/instance_2826.graph,12,9,True,0.72084236,0.63941
instance_2827.graph,data/graph_coloring_graphs/instance_2827.graph,10,5,False,-2.5159903,0.93062866
instance_2828.graph,data/graph_coloring_graphs/instance_2828.graph,16,3,False,-5.405384,1.8016452
instance_2829.graph,data/graph_coloring_graphs/instance_2829.graph,14,3,True,-0.85934067,0.54680073
instance_283.graph,data/graph_coloring_graphs/instance_283.graph,20,5,True,0.26068687,0.29040894
instance_2830.graph,data/graph_coloring_graphs/instance_2830.graph,20,7,False,-2.45084,1.436704
instance_2831.graph,data/graph_coloring_graphs/instance_2831.graph,16,13,True,1.2579842,-1.2800713
instance_2832.graph,data/graph_coloring_graphs/instance_2832.graph,10,15,True,0.98252296,-1.1957567
instance_2833.graph,data/graph_coloring_graphs/instance_2833.graph,18,15,True,1.3267212,-1.4303858
instance_2834.graph,data/graph_coloring_graphs/instance_2834.graph,16,13,True,1.1165562,-0.76970255
instance_2835.graph,data/graph_coloring_graphs/instance_2835.graph,12,3,False,-4.0630093,1.1560457
instance_2836.graph,data/graph_coloring_graphs/instance_2836.graph,18,7,True,0.9556103,0.5137559
instance_2837.graph,data/graph_coloring_graphs/instance_2837.graph,14,7,True,1.6467896,-0.26336682
instance_2838.graph,data/graph_coloring_graphs/instance_2838.graph,20,13,True,1.126339,-0.5643865
instance_2839.graph,data/graph_coloring_graphs/instance_2839.graph,16,15,True,1.1047783,-1.0021849
instance_284.graph,data/graph_coloring_graphs/instance_284.graph,10,7,True,1.3848438,0.4003546
instance_2840.graph,data/graph_coloring_graphs/instance_2840.graph,14,13,True,1.1082578,-0.99766636
instance_2841.graph,data/graph_coloring_graphs/instance_2841.graph,14,11,True,1.1183834,-0.21441446
instance_2842.graph,data/graph_coloring_graphs/instance_2842.graph,10,7,True,0.13538074,0.513247
instance_2843.graph,data/graph_coloring_graphs/instance_2843.graph,18,3,True,-0.8053589,0.2935692
instance_2844.graph,data/graph_coloring_graphs/instance_2844.graph,16,5,True,3.9991608,-0.09970114
instance_2845.graph,data/graph_coloring_graphs/instance_2845.graph,12,5,True,-1.0768049,0.85902226
instance_2846.graph,data/graph_coloring_graphs/instance_2846.graph,14,15,True,1.0781326,-1.0436479
instance_2847.graph,data/graph_coloring_graphs/instance_2847.graph,20,11,True,1.2616701,-0.5360409
instance_2848.graph,data/graph_coloring_graphs/instance_2848.graph,18,11,True,1.1905828,-0.43414962
instance_2849.graph,data/graph_coloring_graphs/instance_2849.graph,16,3,False,-5.2940826,1.745071
instance_285.graph,data/graph_coloring_graphs/instance_285.graph,18,9,True,0.7289324,0.7834755
instance_2850.graph,data/graph_coloring_graphs/instance_2850.graph,10,13,True,0.98082066,-0.9333879
instance_2851.graph,data/graph_coloring_graphs/instance_2851.graph,14,13,True,1.1468906,-0.9659145
instance_2852.graph,data/graph_coloring_graphs/instance_2852.graph,10,11,True,0.81126404,-1.4495279
instance_2853.graph,data/graph_coloring_graphs/instance_2853.graph,12,9,True,0.73939514,-0.86257493
instance_2854.graph,data/graph_coloring_graphs/instance_2854.graph,10,11,True,1.0075989,-0.3120605
instance_2855.graph,data/graph_coloring_graphs/instance_2855.graph,18,7,True,-1.5924892,1.1903336
instance_2856.graph,data/graph_coloring_graphs/instance_2856.graph,18,11,True,1.2958298,-0.88607717
instance_2857.graph,data/graph_coloring_graphs/instance_2857.graph,20,7,True,1.8508453,0.026404627
instance_2858.graph,data/graph_coloring_graphs/instance_2858.graph,18,11,True,1.1496487,-0.22609702
instance_2859.graph,data/graph_coloring_graphs/instance_2859.graph,16,3,False,-5.4901466,1.8447396
instance_286.graph,data/graph_coloring_graphs/instance_286.graph,16,7,True,2.4834404,-0.11916106
instance_2860.graph,data/graph_coloring_graphs/instance_2860.graph,20,3,True,-1.3266506,0.5017524
instance_2861.graph,data/graph_coloring_graphs/instance_2861.graph,14,15,True,1.0946198,-1.3148813
instance_2862.graph,data/graph_coloring_graphs/instance_2862.graph,20,9,True,0.9916916,0.5156435
instance_2863.graph,data/graph_coloring_graphs/instance_2863.graph,18,3,True,-1.6578255,0.43188497
instance_2864.graph,data/graph_coloring_graphs/instance_2864.graph,18,13,True,1.129242,-0.6608639
instance_2865.graph,data/graph_coloring_graphs/instance_2865.graph,18,13,True,1.1551418,-0.84139395
instance_2866.graph,data/graph_coloring_graphs/instance_2866.graph,16,7,True,-0.9037399,0.9935317
instance_2867.graph,data/graph_coloring_graphs/instance_2867.graph,10,5,True,1.0739555,0.2236644
instance_2868.graph,data/graph_coloring_graphs/instance_2868.graph,16,5,True,2.134529,0.04303389
instance_2869.graph,data/graph_coloring_graphs/instance_2869.graph,16,11,True,1.1832356,-0.49402782
instance_287.graph,data/graph_coloring_graphs/instance_287.graph,18,7,True,2.0447693,-0.040607043
instance_2870.graph,data/graph_coloring_graphs/instance_2870.graph,16,9,True,1.195713,0.2667047
instance_2871.graph,data/graph_coloring_graphs/instance_2871.graph,20,11,True,1.318388,-0.7051841
instance_2872.graph,data/graph_coloring_graphs/instance_2872.graph,10,11,True,0.92391586,-0.74224794
instance_2873.graph,data/graph_coloring_graphs/instance_2873.graph,20,9,True,0.7214565,0.8391762
instance_2874.graph,data/graph_coloring_graphs/instance_2874.graph,12,7,True,-0.15519333,0.69769657
instance_2875.graph,data/graph_coloring_graphs/instance_2875.graph,12,13,True,0.96627045,-1.4025112
instance_2876.graph,data/graph_coloring_graphs/instance_2876.graph,18,13,True,1.1153221,-0.5735694
instance_2877.graph,data/graph_coloring_graphs/instance_2877.graph,16,3,False,-2.7335243,1.030323
instance_2878.graph,data/graph_coloring_graphs/instance_2878.graph,12,9,True,0.82392406,0.3789109
instance_2879.graph,data/graph_coloring_graphs/instance_2879.graph,10,3,False,-3.5469513,1.0693898
instance_288.graph,data/graph_coloring_graphs/instance_288.graph,14,15,True,1.0869675,-1.0485647
instance_2880.graph,data/graph_coloring_graphs/instance_2880.graph,16,15,True,1.1674938,-1.1910722
instance_2881.graph,data/graph_coloring_graphs/instance_2881.graph,10,15,True,0.99923325,-1.1935129
instance_2882.graph,data/graph_coloring_graphs/instance_2882.graph,12,9,True,0.9148216,-0.66247165
instance_2883.graph,data/graph_coloring_graphs/instance_2883.graph,12,15,True,0.9669037,-1.5859125
instance_2884.graph,data/graph_coloring_graphs/instance_2884.graph,12,11,True,1.0822582,-0.33258602
instance_2885.graph,data/graph_coloring_graphs/instance_2885.graph,10,15,True,0.96981907,-1.2674862
instance_2886.graph,data/graph_coloring_graphs/instance_2886.graph,14,15,True,1.077488,-1.0278615
instance_2887.graph,data/graph_coloring_graphs/instance_2887.graph,18,15,True,1.3055096,-1.4091275
instance_2888.graph,data/graph_coloring_graphs/instance_2888.graph,14,11,True,1.1037865,-0.13477308
instance_2889.graph,data/graph_coloring_graphs/instance_2889.graph,18,11,True,1.1265411,-0.040930673
instance_289.graph,data/graph_coloring_graphs/instance_289.graph,14,3,False,-3.6128483,1.1061046
instance_2890.graph,data/graph_coloring_graphs/instance_2890.graph,14,3,False,-3.1956515,0.9167621
instance_2891.graph,data/graph_coloring_graphs/instance_2891.graph,14,9,True,1.1094093,-0.6072464
instance_2892.graph,data/graph_coloring_graphs/instance_2892.graph,20,3,False,-5.796055,1.954004
instance_2893.graph,data/graph_coloring_graphs/instance_2893.graph,12,9,True,1.1760025,-0.30435148
instance_2894.graph,data/graph_coloring_graphs/instance_2894.graph,18,13,True,1.1844444,-0.8599285
instance_2895.graph,data/graph_coloring_graphs/instance_2895.graph,18,9,True,1.4359131,-0.20348358
instance_2896.graph,data/graph_coloring_graphs/instance_2896.graph,16,5,False,-2.8969793,1.2172744
instance_2897.graph,data/graph_coloring_graphs/instance_2897.graph,12,5,True,-2.021706,0.66837454
instance_2898.graph,data/graph_coloring_graphs/instance_2898.graph,12,7,True,1.9381943,0.013632894
instance_2899.graph,data/graph_coloring_graphs/instance_2899.graph,18,7,True,-1.4763603,1.0890987
instance_29.graph,data/graph_coloring_graphs/instance_29.graph,19,23,True,1.1841049,-0.30825615
instance_290.graph,data/graph_coloring_graphs/instance_290.graph,18,9,True,0.7497473,0.7648481
instance_2900.graph,data/graph_coloring_graphs/instance_2900.graph,14,11,True,1.2496777,-0.966658
instance_2901.graph,data/graph_coloring_graphs/instance_2901.graph,10,5,True,0.9213104,0.36394778
instance_2902.graph,data/graph_coloring_graphs/instance_2902.graph,18,13,True,1.157238,-0.86464095
instance_2903.graph,data/graph_coloring_graphs/instance_2903.graph,10,7,True,0.8010216,-0.20943514
instance_2904.graph,data/graph_coloring_graphs/instance_2904.graph,20,7,True,-0.8932152,1.0715766
instance_2905.graph,data/graph_coloring_graphs/instance_2905.graph,20,15,True,1.1659832,-1.1286618
instance_2906.graph,data/graph_coloring_graphs/instance_2906.graph,10,13,True,0.98521805,-1.0895054
instance_2907.graph,data/graph_coloring_graphs/instance_2907.graph,18,3,False,-4.340496,1.3153741
instance_2908.graph,data/graph_coloring_graphs/instance_2908.graph,20,15,True,1.1184235,-0.9584745
instance_2909.graph,data/graph_coloring_graphs/instance_2909.graph,20,11,True,1.1844349,-0.21569458
instance_291.graph,data/graph_coloring_graphs/instance_291.graph,20,13,True,1.1266975,-0.5690985
instance_2910.graph,data/graph_coloring_graphs/instance_2910.graph,10,13,True,0.98520374,-1.0895054
instance_2911.graph,data/graph_coloring_graphs/instance_2911.graph,16,7,False,-1.5579872,1.2270786
instance_2912.graph,data/graph_coloring_graphs/instance_2912.graph,10,9,True,1.2022858,-0.33128452
instance_2913.graph,data/graph_coloring_graphs/instance_2913.graph,14,5,True,1.9314194,-0.23283605
instance_2914.graph,data/graph_coloring_graphs/instance_2914.graph,20,11,True,1.3683662,-0.93650866
instance_2915.graph,data/graph_coloring_graphs/instance_2915.graph,16,3,False,-5.4721165,1.7848909
instance_2916.graph,data/graph_coloring_graphs/instance_2916.graph,16,3,False,-3.6864347,1.2573334
instance_2917.graph,data/graph_coloring_graphs/instance_2917.graph,10,3,False,-4.028023,1.0356123
instance_2918.graph,data/graph_coloring_graphs/instance_2918.graph,10,7,True,0.06311035,-0.28124842
instance_2919.graph,data/graph_coloring_graphs/instance_2919.graph,10,9,True,1.0786705,-0.7060574
instance_292.graph,data/graph_coloring_graphs/instance_292.graph,12,5,True,-0.43817806,0.7479962
instance_2920.graph,data/graph_coloring_graphs/instance_2920.graph,20,3,False,-5.5986404,1.8871386
instance_2921.graph,data/graph_coloring_graphs/instance_2921.graph,10,11,True,0.97523975,-0.37337923
instance_2922.graph,data/graph_coloring_graphs/instance_2922.graph,10,15,True,1.0069122,-1.5798157
instance_2923.graph,data/graph_coloring_graphs/instance_2923.graph,20,9,True,1.2751198,-0.33328325
instance_2924.graph,data/graph_coloring_graphs/instance_2924.graph,16,3,False,-5.4549465,1.7757486
instance_2925.graph,data/graph_coloring_graphs/instance_2925.graph,20,15,True,1.1317291,-1.0159092
instance_2926.graph,data/graph_coloring_graphs/instance_2926.graph,20,11,True,1.1208572,0.17949574
instance_2927.graph,data/graph_coloring_graphs/instance_2927.graph,18,15,True,1.2831192,-1.3563027
instance_2928.graph,data/graph_coloring_graphs/instance_2928.graph,14,11,True,1.1151514,-0.412923
instance_2929.graph,data/graph_coloring_graphs/instance_2929.graph,14,15,True,1.1221619,-1.4386861
instance_293.graph,data/graph_coloring_graphs/instance_293.graph,16,3,False,-5.313389,1.7548993
instance_2930.graph,data/graph_coloring_graphs/instance_2930.graph,16,11,True,1.1051064,0.0023545027
instance_2931.graph,data/graph_coloring_graphs/instance_2931.graph,14,5,False,-3.3084278,1.2698594
instance_2932.graph,data/graph_coloring_graphs/instance_2932.graph,14,7,True,1.7547264,-0.0751503
instance_2933.graph,data/graph_coloring_graphs/instance_2933.graph,14,13,True,1.2368698,-1.4659119
instance_2934.graph,data/graph_coloring_graphs/instance_2934.graph,16,15,True,1.1138306,-1.0649
instance_2935.graph,data/graph_coloring_graphs/instance_2935.graph,12,9,True,0.70371246,0.6569023
instance_2936.graph,data/graph_coloring_graphs/instance_2936.graph,18,9,True,1.1471767,0.3240447
instance_2937.graph,data/graph_coloring_graphs/instance_2937.graph,20,11,True,1.1301765,0.13680498
instance_2938.graph,data/graph_coloring_graphs/instance_2938.graph,10,15,True,0.9766331,-1.2290592
instance_2939.graph,data/graph_coloring_graphs/instance_2939.graph,18,15,True,1.110527,-0.9774445
instance_294.graph,data/graph_coloring_graphs/instance_294.graph,12,9,True,1.3353539,-0.7234216
instance_2940.graph,data/graph_coloring_graphs/instance_2940.graph,20,3,False,-5.7312164,1.9553654
instance_2941.graph,data/graph_coloring_graphs/instance_2941.graph,16,13,True,1.1018677,-0.64007664
instance_2942.graph,data/graph_coloring_graphs/instance_2942.graph,20,7,False,-2.3731918,1.4185014
instance_2943.graph,data/graph_coloring_graphs/instance_2943.graph,18,5,True,2.1559982,-0.18625718
instance_2944.graph,data/graph_coloring_graphs/instance_2944.graph,10,5,True,-1.2622643,-0.6638491
instance_2945.graph,data/graph_coloring_graphs/instance_2945.graph,20,5,False,-4.1410217,1.3820994
instance_2946.graph,data/graph_coloring_graphs/instance_2946.graph,14,11,True,1.0981331,-0.28177434
instance_2947.graph,data/graph_coloring_graphs/instance_2947.graph,12,7,True,-0.8694849,0.88966596
instance_2948.graph,data/graph_coloring_graphs/instance_2948.graph,14,11,True,1.097723,-0.2678532
instance_2949.graph,data/graph_coloring_graphs/instance_2949.graph,16,9,True,0.802268,0.59812975
instance_295.graph,data/graph_coloring_graphs/instance_295.graph,14,7,False,-1.3417511,1.1150676
instance_2950.graph,data/graph_coloring_graphs/instance_2950.graph,14,7,False,-1.0854855,1.0957892
instance_2951.graph,data/graph_coloring_graphs/instance_2951.graph,20,9,True,1.0018148,0.5399934
instance_2952.graph,data/graph_coloring_graphs/instance_2952.graph,10,3,True,2.99551,-0.6378857
instance_2953.graph,data/graph_coloring_graphs/instance_2953.graph,16,7,True,2.2514343,-0.005210258
instance_2954.graph,data/graph_coloring_graphs/instance_2954.graph,18,11,True,1.2587557,-0.65412855
instance_2955.graph,data/graph_coloring_graphs/instance_2955.graph,20,13,True,1.2745132,-1.2219005
instance_2956.graph,data/graph_coloring_graphs/instance_2956.graph,18,5,True,2.6815414,-0.057789616
instance_2957.graph,data/graph_coloring_graphs/instance_2957.graph,10,5,True,-0.6046772,0.5542357
instance_2958.graph,data/graph_coloring_graphs/instance_2958.graph,14,9,True,1.4666824,-0.8994385
instance_2959.graph,data/graph_coloring_graphs/instance_2959.graph,20,3,False,-5.0488586,1.6513873
instance_296.graph,data/graph_coloring_graphs/instance_296.graph,10,7,True,0.8406315,0.43522182
instance_2960.graph,data/graph_coloring_graphs/instance_2960.graph,10,9,True,0.8890171,0.43209818
instance_2961.graph,data/graph_coloring_graphs/instance_2961.graph,14,7,True,1.5384178,-0.1136904
instance_2962.graph,data/graph_coloring_graphs/instance_2962.graph,12,9,True,1.1129494,0.23911491
instance_2963.graph,data/graph_coloring_graphs/instance_2963.graph,20,15,True,1.3414192,-1.372908
instance_2964.graph,data/graph_coloring_graphs/instance_2964.graph,20,15,True,1.3222275,-1.3627934
instance_2965.graph,data/graph_coloring_graphs/instance_2965.graph,12,15,True,1.0994854,-1.2850997
instance_2966.graph,data/graph_coloring_graphs/instance_2966.graph,18,3,False,-5.559044,1.8290937
instance_2967.graph,data/graph_coloring_graphs/instance_2967.graph,10,11,True,1.0223446,-0.8433871
instance_2968.graph,data/graph_coloring_graphs/instance_2968.graph,10,3,False,-4.1026974,1.0749649
instance_2969.graph,data/graph_coloring_graphs/instance_2969.graph,18,3,False,-4.365266,1.2615563
instance_297.graph,data/graph_coloring_graphs/instance_297.graph,18,13,True,1.1349182,-0.7396655
instance_2970.graph,data/graph_coloring_graphs/instance_2970.graph,20,5,False,-4.894394,1.5531577
instance_2971.graph,data/graph_coloring_graphs/instance_2971.graph,18,3,True,-1.5511761,0.3873268
instance_2972.graph,data/graph_coloring_graphs/instance_2972.graph,10,9,True,1.2344131,-0.96304786
instance_2973.graph,data/graph_coloring_graphs/instance_2973.graph,16,15,True,1.0996628,-1.0153493
instance_2974.graph,data/graph_coloring_graphs/instance_2974.graph,10,15,True,0.99344635,-1.4066818
instance_2975.graph,data/graph_coloring_graphs/instance_2975.graph,20,11,True,1.1234398,0.1528143
instance_2976.graph,data/graph_coloring_graphs/instance_2976.graph,14,9,True,0.8887253,0.43173924
instance_2977.graph,data/graph_coloring_graphs/instance_2977.graph,16,7,True,0.42501402,0.535342
instance_2978.graph,data/graph_coloring_graphs/instance_2978.graph,18,7,True,0.3232174,0.6198914
instance_2979.graph,data/graph_coloring_graphs/instance_2979.graph,12,9,True,0.7319412,0.68512714
instance_298.graph,data/graph_coloring_graphs/instance_298.graph,12,11,True,1.0682387,-0.4790205
instance_2980.graph,data/graph_coloring_graphs/instance_2980.graph,18,11,True,1.2019024,-0.32822186
instance_2981.graph,data/graph_coloring_graphs/instance_2981.graph,20,3,False,-4.6010904,1.3736949
instance_2982.graph,data/graph_coloring_graphs/instance_2982.graph,20,5,False,-3.877037,1.3357862
instance_2983.graph,data/graph_coloring_graphs/instance_2983.graph,14,11,True,1.085743,-0.21650058
instance_2984.graph,data/graph_coloring_graphs/instance_2984.graph,10,13,True,0.97548676,-1.5378749
instance_2985.graph,data/graph_coloring_graphs/instance_2985.graph,18,9,True,0.72892857,0.7834755
instance_2986.graph,data/graph_coloring_graphs/instance_2986.graph,10,13,True,0.9839878,-0.79123545
instance_2987.graph,data/graph_coloring_graphs/instance_2987.graph,10,11,True,0.98414993,-0.26919666
instance_2988.graph,data/graph_coloring_graphs/instance_2988.graph,20,3,True,-0.5986767,0.3193567
instance_2989.graph,data/graph_coloring_graphs/instance_2989.graph,18,13,True,1.1307449,-0.6817424
instance_299.graph,data/graph_coloring_graphs/instance_299.graph,14,3,False,-2.5889244,0.7553307
instance_2990.graph,data/graph_coloring_graphs/instance_2990.graph,10,5,False,-1.5210767,0.894264
instance_2991.graph,data/graph_coloring_graphs/instance_2991.graph,18,3,False,-5.713749,1.9115801
instance_2992.graph,data/graph_coloring_graphs/instance_2992.graph,20,11,True,1.3408432,-0.7391839
instance_2993.graph,data/graph_coloring_graphs/instance_2993.graph,16,11,True,1.1047935,0.008519173
instance_2994.graph,data/graph_coloring_graphs/instance_2994.graph,18,7,False,-2.1030731,1.3423878
instance_2995.graph,data/graph_coloring_graphs/instance_2995.graph,14,7,True,0.1671648,0.3196077
instance_2996.graph,data/graph_coloring_graphs/instance_2996.graph,12,13,True,1.0488014,-1.3513422
instance_2997.graph,data/graph_coloring_graphs/instance_2997.graph,10,3,False,-2.6638947,0.6670964
instance_2998.graph,data/graph_coloring_graphs/instance_2998.graph,16,15,True,1.1936035,-1.4061129
instance_2999.graph,data/graph_coloring_graphs/instance_2999.graph,20,7,True,-1.3510246,1.2046515
instance_3.graph,data/graph_coloring_graphs/instance_3.graph,13,23,True,1.7396469,0.07002833
instance_30.graph,data/graph_coloring_graphs/instance_30.graph,19,86,True,1.1453362,-0.082726605
instance_300.graph,data/graph_coloring_graphs/instance_300.graph,18,7,True,-0.9376011,1.0975543
instance_3000.graph,data/graph_coloring_graphs/instance_3000.graph,20,7,True,0.40631485,0.72849953
instance_3001.graph,data/graph_coloring_graphs/instance_3001.graph,14,5,False,-3.3797112,1.2820146
instance_3002.graph,data/graph_coloring_graphs/instance_3002.graph,12,3,False,-4.8592834,1.5524426
instance_3003.graph,data/graph_coloring_graphs/instance_3003.graph,18,13,True,1.1160927,-0.58754826
instance_3004.graph,data/graph_coloring_graphs/instance_3004.graph,16,5,False,-3.8131447,1.3713508
instance_3005.graph,data/graph_coloring_graphs/instance_3005.graph,20,15,True,1.3351936,-1.3947239
instance_3006.graph,data/graph_coloring_graphs/instance_3006.graph,20,11,True,1.2874947,-0.7745762
instance_3007.graph,data/graph_coloring_graphs/instance_3007.graph,20,9,True,0.5968857,0.92466474
instance_3008.graph,data/graph_coloring_graphs/instance_3008.graph,14,3,False,-5.009596,1.6779546
instance_3009.graph,data/graph_coloring_graphs/instance_3009.graph,16,13,True,1.1028671,-0.69466496
instance_301.graph,data/graph_coloring_graphs/instance_301.graph,16,11,True,1.1033249,0.037820376
instance_3010.graph,data/graph_coloring_graphs/instance_3010.graph,20,13,True,1.1549644,-0.6913545
instance_3011.graph,data/graph_coloring_graphs/instance_3011.graph,12,15,True,1.1020145,-1.3262551
instance_3012.graph,data/graph_coloring_graphs/instance_3012.graph,14,15,True,1.1659012,-1.2789452
instance_3013.graph,data/graph_coloring_graphs/instance_3013.graph,20,13,True,1.1379738,-0.54510593
instance_3014.graph,data/graph_coloring_graphs/instance_3014.graph,10,13,True,1.074173,-1.1352539
instance_3015.graph,data/graph_coloring_graphs/instance_3015.graph,20,3,False,-4.980545,1.708573
instance_3016.graph,data/graph_coloring_graphs/instance_3016.graph,20,15,True,1.1370621,-1.0389893
instance_3017.graph,data/graph_coloring_graphs/instance_3017.graph,20,3,False,-5.8530273,1.9844317
instance_3018.graph,data/graph_coloring_graphs/instance_3018.graph,16,7,True,1.423542,0.34281704
instance_3019.graph,data/graph_coloring_graphs/instance_3019.graph,14,15,True,1.0781059,-1.0436478
instance_302.graph,data/graph_coloring_graphs/instance_302.graph,18,9,True,0.5160599,0.9967313
instance_3020.graph,data/graph_coloring_graphs/instance_3020.graph,16,7,True,-1.6877174,1.2253397
instance_3021.graph,data/graph_coloring_graphs/instance_3021.graph,18,3,True,-1.2513103,0.3659288
instance_3022.graph,data/graph_coloring_graphs/instance_3022.graph,16,15,True,1.1509151,-1.1678175
instance_3023.graph,data/graph_coloring_graphs/instance_3023.graph,18,15,True,1.110508,-0.9774445
instance_3024.graph,data/graph_coloring_graphs/instance_3024.graph,12,7,True,0.09875107,-0.71359074
instance_3025.graph,data/graph_coloring_graphs/instance_3025.graph,10,15,True,0.9704151,-1.1782265
instance_3026.graph,data/graph_coloring_graphs/instance_3026.graph,18,13,True,1.1924992,-0.9219438
instance_3027.graph,data/graph_coloring_graphs/instance_3027.graph,12,3,False,-4.747263,1.4077079
instance_3028.graph,data/graph_coloring_graphs/instance_3028.graph,20,5,True,-2.028387,1.0711279
instance_3029.graph,data/graph_coloring_graphs/instance_3029.graph,18,15,True,1.2008953,-1.1844237
instance_303.graph,data/graph_coloring_graphs/instance_303.graph,10,13,True,0.963604,-1.0530467
instance_3030.graph,data/graph_coloring_graphs/instance_3030.graph,12,15,True,1.0785656,-1.1917951
instance_3031.graph,data/graph_coloring_graphs/instance_3031.graph,20,15,True,1.1244202,-0.9636495
instance_3032.graph,data/graph_coloring_graphs/instance_3032.graph,12,7,True,2.8458023,-0.24417472
instance_3033.graph,data/graph_coloring_graphs/instance_3033.graph,20,13,True,1.1310272,-0.54264474
instance_3034.graph,data/graph_coloring_graphs/instance_3034.graph,18,7,True,-0.49925423,0.96116614
instance_3035.graph,data/graph_coloring_graphs/instance_3035.graph,18,7,True,-1.3292503,1.158447
instance_3036.graph,data/graph_coloring_graphs/instance_3036.graph,20,15,True,1.1392975,-1.0225936
instance_3037.graph,data/graph_coloring_graphs/instance_3037.graph,20,3,False,-5.6449127,1.9109447
instance_3038.graph,data/graph_coloring_graphs/instance_3038.graph,12,11,True,1.010479,-1.2426875
instance_3039.graph,data/graph_coloring_graphs/instance_3039.graph,10,11,True,1.001976,-0.7667153
instance_304.graph,data/graph_coloring_graphs/instance_304.graph,12,9,True,1.1046906,-0.06298594
instance_3040.graph,data/graph_coloring_graphs/instance_3040.graph,18,15,True,1.1729393,-1.1223022
instance_3041.graph,data/graph_coloring_graphs/instance_3041.graph,10,9,True,1.0374985,-1.0760511
instance_3042.graph,data/graph_coloring_graphs/instance_3042.graph,16,9,True,1.0387878,0.3061555
instance_3043.graph,data/graph_coloring_graphs/instance_3043.graph,18,7,False,-2.1287231,1.3484867
instance_3044.graph,data/graph_coloring_graphs/instance_3044.graph,16,9,True,1.2272243,0.33668223
instance_3045.graph,data/graph_coloring_graphs/instance_3045.graph,14,13,True,1.1695385,-0.9861492
instance_3046.graph,data/graph_coloring_graphs/instance_3046.graph,10,3,False,-3.522766,1.1862159
instance_3047.graph,data/graph_coloring_graphs/instance_3047.graph,14,7,True,-0.86808014,1.043915
instance_3048.graph,data/graph_coloring_graphs/instance_3048.graph,12,9,True,1.4460373,-0.10094443
instance_3049.graph,data/graph_coloring_graphs/instance_3049.graph,16,11,True,1.1344566,-0.07321182
instance_305.graph,data/graph_coloring_graphs/instance_305.graph,12,13,True,1.0425777,-0.7338426
instance_3050.graph,data/graph_coloring_graphs/instance_3050.graph,18,11,True,1.1381836,-0.09206011
instance_3051.graph,data/graph_coloring_graphs/instance_3051.graph,18,13,True,1.2648392,-1.2232091
instance_3052.graph,data/graph_coloring_graphs/instance_3052.graph,10,5,True,2.2363853,0.117939174
instance_3053.graph,data/graph_coloring_graphs/instance_3053.graph,16,9,True,0.97079754,0.4315885
instance_3054.graph,data/graph_coloring_graphs/instance_3054.graph,10,7,True,-0.005739689,0.55361915
instance_3055.graph,data/graph_coloring_graphs/instance_3055.graph,18,15,True,1.178442,-1.1814497
instance_3056.graph,data/graph_coloring_graphs/instance_3056.graph,14,3,False,-1.8370781,0.5552963
instance_3057.graph,data/graph_coloring_graphs/instance_3057.graph,18,15,True,1.1178207,-0.98614264
instance_3058.graph,data/graph_coloring_graphs/instance_3058.graph,18,13,True,1.1157799,-0.5818461
instance_3059.graph,data/graph_coloring_graphs/instance_3059.graph,10,7,True,0.13537788,0.5132469
instance_306.graph,data/graph_coloring_graphs/instance_306.graph,16,7,True,0.6213026,0.4823921
instance_3060.graph,data/graph_coloring_graphs/instance_3060.graph,12,11,True,1.0856133,-0.59586704
instance_3061.graph,data/graph_coloring_graphs/instance_3061.graph,12,11,True,1.0981865,-1.0283859
instance_3062.graph,data/graph_coloring_graphs/instance_3062.graph,20,13,True,1.1257591,-0.5575161
instance_3063.graph,data/graph_coloring_graphs/instance_3063.graph,14,15,True,1.1300402,-1.2510939
instance_3064.graph,data/graph_coloring_graphs/instance_3064.graph,18,5,True,-1.452848,0.79574263
instance_3065.graph,data/graph_coloring_graphs/instance_3065.graph,18,5,True,1.8861351,-0.12883809
instance_3066.graph,data/graph_coloring_graphs/instance_3066.graph,12,3,False,-4.665264,1.455842
instance_3067.graph,data/graph_coloring_graphs/instance_3067.graph,12,3,False,-3.7316322,0.99106383
instance_3068.graph,data/graph_coloring_graphs/instance_3068.graph,14,3,False,-5.1242466,1.6698256
instance_3069.graph,data/graph_coloring_graphs/instance_3069.graph,12,9,True,1.1300201,-0.24412382
instance_307.graph,data/graph_coloring_graphs/instance_307.graph,20,15,True,1.1492138,-1.0621367
instance_3070.graph,data/graph_coloring_graphs/instance_3070.graph,18,15,True,1.1284866,-1.038731
instance_3071.graph,data/graph_coloring_graphs/instance_3071.graph,10,11,True,0.9937782,-0.31017113
instance_3072.graph,data/graph_coloring_graphs/instance_3072.graph,12,13,True,1.1589279,-1.464016
instance_3073.graph,data/graph_coloring_graphs/instance_3073.graph,12,11,True,1.0882778,-0.80372036
instance_3074.graph,data/graph_coloring_graphs/instance_3074.graph,14,3,False,-3.2711706,0.9510397
instance_3075.graph,data/graph_coloring_graphs/instance_3075.graph,18,13,True,1.1393471,-0.6678479
instance_3076.graph,data/graph_coloring_graphs/instance_3076.graph,18,15,True,1.1192741,-1.0256809
instance_3077.graph,data/graph_coloring_graphs/instance_3077.graph,14,7,False,-1.4388943,1.1391169
instance_3078.graph,data/graph_coloring_graphs/instance_3078.graph,10,13,True,0.97781944,-0.8268782
instance_3079.graph,data/graph_coloring_graphs/instance_3079.graph,18,7,True,-1.0827141,0.9864595
instance_308.graph,data/graph_coloring_graphs/instance_308.graph,12,9,True,1.1571026,-0.00095546246
instance_3080.graph,data/graph_coloring_graphs/instance_3080.graph,16,7,True,2.6640015,-0.16998254
instance_3081.graph,data/graph_coloring_graphs/instance_3081.graph,10,11,True,0.9922161,-0.33164427
instance_3082.graph,data/graph_coloring_graphs/instance_3082.graph,20,13,True,1.2353859,-1.0947703
instance_3083.graph,data/graph_coloring_graphs/instance_3083.graph,16,7,False,-1.5760975,1.1983366
instance_3084.graph,data/graph_coloring_graphs/instance_3084.graph,18,5,True,-1.8163605,0.9083488
instance_3085.graph,data/graph_coloring_graphs/instance_3085.graph,10,5,True,1.8645325,-0.6956346
instance_3086.graph,data/graph_coloring_graphs/instance_3086.graph,12,7,True,2.3661766,-0.3105385
instance_3087.graph,data/graph_coloring_graphs/instance_3087.graph,18,5,True,0.49996376,0.297628
instance_3088.graph,data/graph_coloring_graphs/instance_3088.graph,16,15,True,1.1169262,-1.0863076
instance_3089.graph,data/graph_coloring_graphs/instance_3089.graph,12,5,False,-2.7790499,1.1549692
instance_309.graph,data/graph_coloring_graphs/instance_309.graph,10,3,False,-2.6638832,0.6670964
instance_3090.graph,data/graph_coloring_graphs/instance_3090.graph,16,15,True,1.1452503,-1.2005177
instance_3091.graph,data/graph_coloring_graphs/instance_3091.graph,12,9,True,1.1869316,-0.16308087
instance_3092.graph,data/graph_coloring_graphs/instance_3092.graph,10,5,True,-0.10326958,0.45549378
instance_3093.graph,data/graph_coloring_graphs/instance_3093.graph,18,15,True,1.1132698,-0.9638268
instance_3094.graph,data/graph_coloring_graphs/instance_3094.graph,18,9,True,0.47771645,1.00825
instance_3095.graph,data/graph_coloring_graphs/instance_3095.graph,14,11,True,1.3342857,-1.1992563
instance_3096.graph,data/graph_coloring_graphs/instance_3096.graph,10,5,True,-1.2191854,0.76436615
instance_3097.graph,data/graph_coloring_graphs/instance_3097.graph,20,15,True,1.121479,-0.9715955
instance_3098.graph,data/graph_coloring_graphs/instance_3098.graph,18,3,False,-5.5719566,1.8791716
instance_3099.graph,data/graph_coloring_graphs/instance_3099.graph,10,9,True,0.7072773,0.54019475
instance_31.graph,data/graph_coloring_graphs/instance_31.graph,11,31,True,-4.0280285,1.0356123
instance_310.graph,data/graph_coloring_graphs/instance_310.graph,18,5,True,1.4745522,0.052318133
instance_3100.graph,data/graph_coloring_graphs/instance_3100.graph,16,5,True,-1.2281787,0.8547114
instance_3101.graph,data/graph_coloring_graphs/instance_3101.graph,16,15,True,1.28265,-1.4396387
instance_3102.graph,data/graph_coloring_graphs/instance_3102.graph,16,5,False,-2.005632,1.031651
instance_3103.graph,data/graph_coloring_graphs/instance_3103.graph,16,3,False,-4.3317413,1.3300143
instance_3104.graph,data/graph_coloring_graphs/instance_3104.graph,10,13,True,0.99399376,-0.84188414
instance_3105.graph,data/graph_coloring_graphs/instance_3105.graph,16,5,False,-2.33783,1.0513971
instance_3106.graph,data/graph_coloring_graphs/instance_3106.graph,10,11,True,0.82598495,-1.3255239
instance_3107.graph,data/graph_coloring_graphs/instance_3107.graph,12,9,True,1.2811146,-0.02894086
instance_3108.graph,data/graph_coloring_graphs/instance_3108.graph,16,9,True,0.81171227,0.672781
instance_3109.graph,data/graph_coloring_graphs/instance_3109.graph,12,9,True,1.3248634,-0.19221687
instance_311.graph,data/graph_coloring_graphs/instance_311.graph,14,13,True,1.1209602,-0.8246989
instance_3110.graph,data/graph_coloring_graphs/instance_3110.graph,16,9,True,1.29916,-0.6375706
instance_3111.graph,data/graph_coloring_graphs/instance_3111.graph,18,3,False,-5.664879,1.8855268
instance_3112.graph,data/graph_coloring_graphs/instance_3112.graph,10,9,True,0.70728207,0.54019487
instance_3113.graph,data/graph_coloring_graphs/instance_3113.graph,10,7,True,-0.1370964,0.69725394
instance_3114.graph,data/graph_coloring_graphs/instance_3114.graph,12,11,True,1.0415707,-0.36277983
instance_3115.graph,data/graph_coloring_graphs/instance_3115.graph,20,3,False,-5.620201,1.9347801
instance_3116.graph,data/graph_coloring_graphs/instance_3116.graph,16,7,True,-0.40631008,0.95703423
instance_3117.graph,data/graph_coloring_graphs/instance_3117.graph,16,9,True,1.44804,-0.2919898
instance_3118.graph,data/graph_coloring_graphs/instance_3118.graph,18,13,True,1.1652756,-0.8134434
instance_3119.graph,data/graph_coloring_graphs/instance_3119.graph,20,3,True,-0.99809074,0.41943213
instance_312.graph,data/graph_coloring_graphs/instance_312.graph,20,13,True,1.1898994,-0.8819462
instance_3120.graph,data/graph_coloring_graphs/instance_3120.graph,18,9,True,0.68120575,0.7971742
instance_3121.graph,data/graph_coloring_graphs/instance_3121.graph,20,11,True,1.1403885,0.03951609
instance_3122.graph,data/graph_coloring_graphs/instance_3122.graph,18,5,False,-4.3935947,1.4796295
instance_3123.graph,data/graph_coloring_graphs/instance_3123.graph,20,9,True,0.45039368,1.0706437
instance_3124.graph,data/graph_coloring_graphs/instance_3124.graph,12,7,True,0.6594486,0.255852
instance_3125.graph,data/graph_coloring_graphs/instance_3125.graph,10,11,True,0.9872532,-0.23287605
instance_3126.graph,data/graph_coloring_graphs/instance_3126.graph,10,3,True,2.0944786,-0.40654063
instance_3127.graph,data/graph_coloring_graphs/instance_3127.graph,20,7,True,1.7481918,0.2398985
instance_3128.graph,data/graph_coloring_graphs/instance_3128.graph,10,11,True,0.91651154,-1.0848777
instance_3129.graph,data/graph_coloring_graphs/instance_3129.graph,10,15,True,0.8013611,-1.5784142
instance_313.graph,data/graph_coloring_graphs/instance_313.graph,18,13,True,1.1702385,-0.85829616
instance_3130.graph,data/graph_coloring_graphs/instance_3130.graph,16,15,True,1.1720505,-1.2115853
instance_3131.graph,data/graph_coloring_graphs/instance_3131.graph,18,11,True,1.373066,-0.90248704
instance_3132.graph,data/graph_coloring_graphs/instance_3132.graph,16,5,True,-0.34427166,0.69803786
instance_3133.graph,data/graph_coloring_graphs/instance_3133.graph,10,7,True,0.1125536,0.63035214
instance_3134.graph,data/graph_coloring_graphs/instance_3134.graph,10,11,True,0.6774559,-1.2247679
instance_3135.graph,data/graph_coloring_graphs/instance_3135.graph,16,11,True,1.1027527,0.04887656
instance_3136.graph,data/graph_coloring_graphs/instance_3136.graph,10,9,True,0.83690834,0.48664078
instance_3137.graph,data/graph_coloring_graphs/instance_3137.graph,20,5,True,-1.9356003,0.96141434
instance_3138.graph,data/graph_coloring_graphs/instance_3138.graph,12,7,False,-0.7769203,0.99195015
instance_3139.graph,data/graph_coloring_graphs/instance_3139.graph,16,3,True,-1.337883,0.42605308
instance_314.graph,data/graph_coloring_graphs/instance_314.graph,12,3,False,-4.787386,1.4289441
instance_3140.graph,data/graph_coloring_graphs/instance_3140.graph,10,13,True,0.99892044,-1.2614211
instance_3141.graph,data/graph_coloring_graphs/instance_3141.graph,14,5,False,-2.0554152,0.96644735
instance_3142.graph,data/graph_coloring_graphs/instance_3142.graph,20,15,True,1.1552467,-1.0350289
instance_3143.graph,data/graph_coloring_graphs/instance_3143.graph,12,13,True,1.0845957,-0.9624065
instance_3144.graph,data/graph_coloring_graphs/instance_3144.graph,16,13,True,1.1492863,-0.8565185
instance_3145.graph,data/graph_coloring_graphs/instance_3145.graph,12,9,True,1.0539865,0.29929
instance_3146.graph,data/graph_coloring_graphs/instance_3146.graph,10,11,True,0.9841385,-0.26919666
instance_3147.graph,data/graph_coloring_graphs/instance_3147.graph,18,13,True,1.1595354,-0.8895197
instance_3148.graph,data/graph_coloring_graphs/instance_3148.graph,12,3,True,1.3729172,-0.2855843
instance_3149.graph,data/graph_coloring_graphs/instance_3149.graph,14,13,True,1.0746479,-0.83920085
instance_315.graph,data/graph_coloring_graphs/instance_315.graph,16,7,False,-1.5579777,1.2270784
instance_3150.graph,data/graph_coloring_graphs/instance_3150.graph,20,15,True,1.1750259,-1.1312299
instance_3151.graph,data/graph_coloring_graphs/instance_3151.graph,10,9,True,1.5384445,-0.77031004
instance_3152.graph,data/graph_coloring_graphs/instance_3152.graph,18,11,True,1.2157516,-0.3428831
instance_3153.graph,data/graph_coloring_graphs/instance_3153.graph,10,15,True,0.9957619,-1.3848367
instance_3154.graph,data/graph_coloring_graphs/instance_3154.graph,12,5,True,3.1671753,-0.59015334
instance_3155.graph,data/graph_coloring_graphs/instance_3155.graph,20,3,True,-0.36172676,0.37803638
instance_3156.graph,data/graph_coloring_graphs/instance_3156.graph,20,7,True,0.10875034,0.7601938
instance_3157.graph,data/graph_coloring_graphs/instance_3157.graph,18,11,True,1.1453285,-0.08272663
instance_3158.graph,data/graph_coloring_graphs/instance_3158.graph,16,9,True,0.7149124,0.72537005
instance_3159.graph,data/graph_coloring_graphs/instance_3159.graph,18,13,True,1.1157761,-0.5818461
instance_316.graph,data/graph_coloring_graphs/instance_316.graph,10,15,True,0.7824249,-1.5325408
instance_3160.graph,data/graph_coloring_graphs/instance_3160.graph,12,3,True,-0.14046669,0.17093645
instance_3161.graph,data/graph_coloring_graphs/instance_3161.graph,20,7,True,-1.4640808,1.1781716
instance_3162.graph,data/graph_coloring_graphs/instance_3162.graph,12,9,True,1.1626167,-0.47701553
instance_3163.graph,data/graph_coloring_graphs/instance_3163.graph,14,11,True,1.0821533,-0.016725808
instance_3164.graph,data/graph_coloring_graphs/instance_3164.graph,16,3,True,1.190052,0.02869691
instance_3165.graph,data/graph_coloring_graphs/instance_3165.graph,16,11,True,1.2239685,-0.9383738
instance_3166.graph,data/graph_coloring_graphs/instance_3166.graph,20,3,True,-1.0750961,0.31317696
instance_3167.graph,data/graph_coloring_graphs/instance_3167.graph,10,9,True,0.8877554,0.33877006
instance_3168.graph,data/graph_coloring_graphs/instance_3168.graph,16,11,True,1.1159515,0.06179268
instance_3169.graph,data/graph_coloring_graphs/instance_3169.graph,18,3,False,-5.544712,1.8652177
instance_317.graph,data/graph_coloring_graphs/instance_317.graph,16,13,True,1.4012032,-1.3779128
instance_3170.graph,data/graph_coloring_graphs/instance_3170.graph,16,11,True,1.1275749,-0.10035997
instance_3171.graph,data/graph_coloring_graphs/instance_3171.graph,16,15,True,1.2189236,-1.3488786
instance_3172.graph,data/graph_coloring_graphs/instance_3172.graph,20,3,False,-5.217325,1.6908641
instance_3173.graph,data/graph_coloring_graphs/instance_3173.graph,12,15,True,1.0476751,-1.2431233
instance_3174.graph,data/graph_coloring_graphs/instance_3174.graph,10,7,True,0.7605953,0.24611539
instance_3175.graph,data/graph_coloring_graphs/instance_3175.graph,10,15,True,0.99996376,-1.3451209
instance_3176.graph,data/graph_coloring_graphs/instance_3176.graph,10,5,True,2.495102,-0.20579413
instance_3177.graph,data/graph_coloring_graphs/instance_3177.graph,10,7,True,2.4510002,0.0036384538
instance_3178.graph,data/graph_coloring_graphs/instance_3178.graph,16,5,True,-1.4524946,0.89447033
instance_3179.graph,data/graph_coloring_graphs/instance_3179.graph,12,3,True,-0.35491562,-0.026268438
instance_318.graph,data/graph_coloring_graphs/instance_318.graph,20,9,True,1.2357635,-0.27745432
instance_3180.graph,data/graph_coloring_graphs/instance_3180.graph,20,9,True,0.40398788,1.0931044
instance_3181.graph,data/graph_coloring_graphs/instance_3181.graph,18,5,True,1.9206696,0.012689345
instance_3182.graph,data/graph_coloring_graphs/instance_3182.graph,14,13,True,1.073062,-0.89996433
instance_3183.graph,data/graph_coloring_graphs/instance_3183.graph,20,5,True,-0.11985493,0.7831174
instance_3184.graph,data/graph_coloring_graphs/instance_3184.graph,16,13,True,1.1565857,-0.77708936
instance_3185.graph,data/graph_coloring_graphs/instance_3185.graph,10,11,True,0.9790268,-0.32918057
instance_3186.graph,data/graph_coloring_graphs/instance_3186.graph,16,11,True,1.1663494,-0.31469586
instance_3187.graph,data/graph_coloring_graphs/instance_3187.graph,18,3,False,-5.21612,1.6461706
instance_3188.graph,data/graph_coloring_graphs/instance_3188.graph,12,11,True,1.0420408,-0.34426177
instance_3189.graph,data/graph_coloring_graphs/instance_3189.graph,18,11,True,1.2335739,-0.68526137
instance_319.graph,data/graph_coloring_graphs/instance_319.graph,12,15,True,1.15979,-1.5560308
instance_3190.graph,data/graph_coloring_graphs/instance_3190.graph,12,9,True,1.1736679,-0.812431
instance_3191.graph,data/graph_coloring_graphs/instance_3191.graph,14,5,False,-3.1613903,1.2447767
instance_3192.graph,data/graph_coloring_graphs/instance_3192.graph,12,11,True,1.0550499,-0.32833198
instance_3193.graph,data/graph_coloring_graphs/instance_3193.graph,12,11,True,1.0534754,-0.44935545
instance_3194.graph,data/graph_coloring_graphs/instance_3194.graph,10,3,False,-3.9500418,0.9945301
instance_3195.graph,data/graph_coloring_graphs/instance_3195.graph,16,15,True,1.1407661,-1.0702441
instance_3196.graph,data/graph_coloring_graphs/instance_3196.graph,20,7,True,-0.22672462,0.9153321
instance_3197.graph,data/graph_coloring_graphs/instance_3197.graph,12,11,True,1.0559597,-0.2606629
instance_3198.graph,data/graph_coloring_graphs/instance_3198.graph,18,11,True,1.2684975,-0.7246243
instance_3199.graph,data/graph_coloring_graphs/instance_3199.graph,12,3,False,-4.705968,1.385852
instance_32.graph,data/graph_coloring_graphs/instance_32.graph,11,15,True,2.055378,-0.11404186
instance_320.graph,data/graph_coloring_graphs/instance_320.graph,16,9,True,1.5158348,-0.2698675
instance_3200.graph,data/graph_coloring_graphs/instance_3200.graph,18,9,True,1.1977005,0.3640385
instance_3201.graph,data/graph_coloring_graphs/instance_3201.graph,18,7,True,-1.2575016,1.1083748
instance_3202.graph,data/graph_coloring_graphs/instance_3202.graph,14,9,True,1.3573132,0.048949666
instance_3203.graph,data/graph_coloring_graphs/instance_3203.graph,18,11,True,1.1534777,-0.3965867
instance_3204.graph,data/graph_coloring_graphs/instance_3204.graph,10,15,True,1.0744362,-1.6279409
instance_3205.graph,data/graph_coloring_graphs/instance_3205.graph,16,7,True,-0.37312412,0.86077714
instance_3206.graph,data/graph_coloring_graphs/instance_3206.graph,18,3,False,-3.261465,1.1019802
instance_3207.graph,data/graph_coloring_graphs/instance_3207.graph,20,11,True,1.1674194,-0.1438137
instance_3208.graph,data/graph_coloring_graphs/instance_3208.graph,20,9,True,1.3095016,-0.042435866
instance_3209.graph,data/graph_coloring_graphs/instance_3209.graph,12,5,False,-1.3659267,0.90928984
instance_321.graph,data/graph_coloring_graphs/instance_321.graph,14,5,False,-3.5179558,1.3055933
instance_3210.graph,data/graph_coloring_graphs/instance_3210.graph,20,11,True,1.1926041,-0.2818929
instance_3211.graph,data/graph_coloring_graphs/instance_3211.graph,10,3,True,0.6657944,-0.593912
instance_3212.graph,data/graph_coloring_graphs/instance_3212.graph,14,13,True,1.1088219,-1.0280105
instance_3213.graph,data/graph_coloring_graphs/instance_3213.graph,18,15,True,1.1133118,-0.9928864
instance_3214.graph,data/graph_coloring_graphs/instance_3214.graph,14,5,False,-3.0855074,1.2318327
instance_3215.graph,data/graph_coloring_graphs/instance_3215.graph,20,3,False,-1.4662075,0.68218434
instance_3216.graph,data/graph_coloring_graphs/instance_3216.graph,18,5,True,-1.7672691,0.85500276
instance_3217.graph,data/graph_coloring_graphs/instance_3217.graph,18,3,False,-4.350116,1.383358
instance_3218.graph,data/graph_coloring_graphs/instance_3218.graph,12,3,True,0.17999268,-0.24338871
instance_3219.graph,data/graph_coloring_graphs/instance_3219.graph,16,11,True,1.1245632,-0.19512366
instance_322.graph,data/graph_coloring_graphs/instance_322.graph,20,5,False,-5.386883,1.6359819
instance_3220.graph,data/graph_coloring_graphs/instance_3220.graph,12,5,True,-2.5401435,0.94307137
instance_3221.graph,data/graph_coloring_graphs/instance_3221.graph,16,7,True,2.1072464,0.08155678
instance_3222.graph,data/graph_coloring_graphs/instance_3222.graph,16,7,True,0.36287403,0.67663693
instance_3223.graph,data/graph_coloring_graphs/instance_3223.graph,18,15,True,1.1130104,-0.9910767
instance_3224.graph,data/graph_coloring_graphs/instance_3224.graph,20,3,False,-4.325741,1.3509202
instance_3225.graph,data/graph_coloring_graphs/instance_3225.graph,20,13,True,1.1424408,-0.6579325
instance_3226.graph,data/graph_coloring_graphs/instance_3226.graph,14,13,True,1.0897598,-0.83137774
instance_3227.graph,data/graph_coloring_graphs/instance_3227.graph,20,7,True,-1.4961491,1.1858845
instance_3228.graph,data/graph_coloring_graphs/instance_3228.graph,12,11,True,1.1272063,-0.68995404
instance_3229.graph,data/graph_coloring_graphs/instance_3229.graph,16,3,False,-5.224594,1.65313
instance_323.graph,data/graph_coloring_graphs/instance_323.graph,20,5,True,1.6206169,0.24558508
instance_3230.graph,data/graph_coloring_graphs/instance_3230.graph,20,11,True,1.124363,0.14332584
instance_3231.graph,data/graph_coloring_graphs/instance_3231.graph,16,3,False,-3.9924726,1.165325
instance_3232.graph,data/graph_coloring_graphs/instance_3232.graph,10,3,True,1.9087029,-0.44129017
instance_3233.graph,data/graph_coloring_graphs/instance_3233.graph,10,9,True,1.1168766,-0.051751103
instance_3234.graph,data/graph_coloring_graphs/instance_3234.graph,18,9,True,0.92186165,0.44855335
instance_3235.graph,data/graph_coloring_graphs/instance_3235.graph,20,5,False,-3.967537,1.3516622
instance_3236.graph,data/graph_coloring_graphs/instance_3236.graph,20,3,False,-2.7268524,0.74978006
instance_3237.graph,data/graph_coloring_graphs/instance_3237.graph,12,5,True,-0.60747623,0.7154764
instance_3238.graph,data/graph_coloring_graphs/instance_3238.graph,16,5,False,-3.7592087,1.3622819
instance_3239.graph,data/graph_coloring_graphs/instance_3239.graph,18,3,False,-5.613407,1.8580699
instance_324.graph,data/graph_coloring_graphs/instance_324.graph,18,13,True,1.1813169,-0.95868015
instance_3240.graph,data/graph_coloring_graphs/instance_3240.graph,16,7,True,-0.3455367,0.6770427
instance_3241.graph,data/graph_coloring_graphs/instance_3241.graph,14,15,True,1.1026058,-1.119041
instance_3242.graph,data/graph_coloring_graphs/instance_3242.graph,10,13,True,0.9778385,-0.8268782
instance_3243.graph,data/graph_coloring_graphs/instance_3243.graph,14,5,True,0.04749489,0.5847621
instance_3244.graph,data/graph_coloring_graphs/instance_3244.graph,12,5,True,-0.8452759,0.41313916
instance_3245.graph,data/graph_coloring_graphs/instance_3245.graph,16,3,True,-0.11544037,0.1436958
instance_3246.graph,data/graph_coloring_graphs/instance_3246.graph,18,13,True,1.1219368,-0.6959857
instance_3247.graph,data/graph_coloring_graphs/instance_3247.graph,10,15,True,0.9794121,-1.1354917
instance_3248.graph,data/graph_coloring_graphs/instance_3248.graph,16,7,True,1.0704651,-0.15952237
instance_3249.graph,data/graph_coloring_graphs/instance_3249.graph,12,7,True,0.56172943,-0.25897074
instance_325.graph,data/graph_coloring_graphs/instance_325.graph,18,11,True,1.2176323,-0.35643
instance_3250.graph,data/graph_coloring_graphs/instance_3250.graph,18,5,True,-0.7282443,0.79609156
instance_3251.graph,data/graph_coloring_graphs/instance_3251.graph,16,9,True,0.5315323,0.95952415
instance_3252.graph,data/graph_coloring_graphs/instance_3252.graph,18,15,True,1.1903381,-1.1857346
instance_3253.graph,data/graph_coloring_graphs/instance_3253.graph,18,9,True,0.9408312,0.3767784
instance_3254.graph,data/graph_coloring_graphs/instance_3254.graph,16,7,False,-1.5579967,1.2270786
instance_3255.graph,data/graph_coloring_graphs/instance_3255.graph,12,3,True,1.0264206,-0.13002071
instance_3256.graph,data/graph_coloring_graphs/instance_3256.graph,16,9,True,1.2982788,-0.037099164
instance_3257.graph,data/graph_coloring_graphs/instance_3257.graph,12,15,True,1.1678429,-1.6263736
instance_3258.graph,data/graph_coloring_graphs/instance_3258.graph,12,15,True,1.1140289,-1.5219083
instance_3259.graph,data/graph_coloring_graphs/instance_3259.graph,18,3,False,-5.626541,1.8650723
instance_326.graph,data/graph_coloring_graphs/instance_326.graph,10,7,True,0.8977041,0.52359164
instance_3260.graph,data/graph_coloring_graphs/instance_3260.graph,16,5,True,-2.2483468,1.0355374
instance_3261.graph,data/graph_coloring_graphs/instance_3261.graph,16,13,True,1.1038246,-0.7444242
instance_3262.graph,data/graph_coloring_graphs/instance_3262.graph,16,15,True,1.1419792,-1.1812928
instance_3263.graph,data/graph_coloring_graphs/instance_3263.graph,14,5,True,-0.7544327,0.78503406
instance_3264.graph,data/graph_coloring_graphs/instance_3264.graph,20,5,True,-0.7988808,0.89511096
instance_3265.graph,data/graph_coloring_graphs/instance_3265.graph,20,3,False,-5.805786,1.9592144
instance_3266.graph,data/graph_coloring_graphs/instance_3266.graph,16,15,True,1.1625757,-1.2275867
instance_3267.graph,data/graph_coloring_graphs/instance_3267.graph,20,3,False,-4.5270767,1.447181
instance_3268.graph,data/graph_coloring_graphs/instance_3268.graph,14,9,True,1.2814178,-0.6362692
instance_3269.graph,data/graph_coloring_graphs/instance_3269.graph,14,15,True,1.0436516,-1.358686
instance_327.graph,data/graph_coloring_graphs/instance_327.graph,10,7,True,-0.014872551,0.6645001
instance_3270.graph,data/graph_coloring_graphs/instance_3270.graph,14,11,True,1.0941963,-0.14731774
instance_3271.graph,data/graph_coloring_graphs/instance_3271.graph,16,13,True,1.1038246,-0.7444241
instance_3272.graph,data/graph_coloring_graphs/instance_3272.graph,16,13,True,1.13891,-0.9330045
instance_3273.graph,data/graph_coloring_graphs/instance_3273.graph,16,5,False,-2.673771,1.0713661
instance_3274.graph,data/graph_coloring_graphs/instance_3274.graph,14,15,True,1.1513557,-1.2909782
instance_3275.graph,data/graph_coloring_graphs/instance_3275.graph,10,7,True,2.2791176,-0.10003047
instance_3276.graph,data/graph_coloring_graphs/instance_3276.graph,16,15,True,1.1041718,-0.9978224
instance_3277.graph,data/graph_coloring_graphs/instance_3277.graph,20,5,True,-1.771658,0.9983152
instance_3278.graph,data/graph_coloring_graphs/instance_3278.graph,12,5,True,0.26589394,0.39327124
instance_3279.graph,data/graph_coloring_graphs/instance_3279.graph,20,13,True,1.2734823,-1.1090405
instance_328.graph,data/graph_coloring_graphs/instance_328.graph,20,9,True,0.6813774,0.8508724
instance_3280.graph,data/graph_coloring_graphs/instance_3280.graph,10,3,False,-4.372486,1.2170925
instance_3281.graph,data/graph_coloring_graphs/instance_3281.graph,16,5,False,-1.9129248,1.015658
instance_3282.graph,data/graph_coloring_graphs/instance_3282.graph,20,11,True,1.1234436,0.1528143
instance_3283.graph,data/graph_coloring_graphs/instance_3283.graph,18,7,True,-1.0043545,1.046451
instance_3284.graph,data/graph_coloring_graphs/instance_3284.graph,10,7,True,0.809618,-0.020409798
instance_3285.graph,data/graph_coloring_graphs/instance_3285.graph,18,13,True,1.2510986,-1.2955701
instance_3286.graph,data/graph_coloring_graphs/instance_3286.graph,20,7,True,-1.5604649,1.2525849
instance_3287.graph,data/graph_coloring_graphs/instance_3287.graph,20,3,False,-5.6782227,1.9280814
instance_3288.graph,data/graph_coloring_graphs/instance_3288.graph,20,7,False,-2.2989616,1.4216083
instance_3289.graph,data/graph_coloring_graphs/instance_3289.graph,14,11,True,1.0919495,-0.07017493
instance_329.graph,data/graph_coloring_graphs/instance_329.graph,16,11,True,1.1275864,-0.10035996
instance_3290.graph,data/graph_coloring_graphs/instance_3290.graph,16,5,False,-3.74271,1.3313076
instance_3291.graph,data/graph_coloring_graphs/instance_3291.graph,10,5,True,0.56300735,0.19735974
instance_3292.graph,data/graph_coloring_graphs/instance_3292.graph,20,9,True,1.2572899,0.013221897
instance_3293.graph,data/graph_coloring_graphs/instance_3293.graph,20,3,False,-5.217325,1.6908641
instance_3294.graph,data/graph_coloring_graphs/instance_3294.graph,10,13,True,0.951452,-0.9811932
instance_3295.graph,data/graph_coloring_graphs/instance_3295.graph,16,11,True,1.323101,-1.1690277
instance_3296.graph,data/graph_coloring_graphs/instance_3296.graph,14,11,True,1.197691,-0.9129344
instance_3297.graph,data/graph_coloring_graphs/instance_3297.graph,16,11,True,1.1512403,-0.43108168
instance_3298.graph,data/graph_coloring_graphs/instance_3298.graph,16,9,True,0.5814514,0.91486657
instance_3299.graph,data/graph_coloring_graphs/instance_3299.graph,18,15,True,1.316719,-1.4036859
instance_33.graph,data/graph_coloring_graphs/instance_33.graph,19,56,True,1.218852,-0.8897444
instance_330.graph,data/graph_coloring_graphs/instance_330.graph,18,3,True,-1.2513142,0.3659288
instance_3300.graph,data/graph_coloring_graphs/instance_3300.graph,16,15,True,1.1411171,-1.2535572
instance_3301.graph,data/graph_coloring_graphs/instance_3301.graph,12,5,True,0.96652603,-0.09094457
instance_3302.graph,data/graph_coloring_graphs/instance_3302.graph,10,3,True,1.4460297,-0.27806342
instance_3303.graph,data/graph_coloring_graphs/instance_3303.graph,12,5,False,-2.4522,1.0480368
instance_3304.graph,data/graph_coloring_graphs/instance_3304.graph,10,11,True,1.0019684,-0.7667154
instance_3305.graph,data/graph_coloring_graphs/instance_3305.graph,18,13,True,1.1531715,-0.81962323
instance_3306.graph,data/graph_coloring_graphs/instance_3306.graph,20,7,False,-2.2789993,1.4170375
instance_3307.graph,data/graph_coloring_graphs/instance_3307.graph,16,9,True,0.82543945,0.66011024
instance_3308.graph,data/graph_coloring_graphs/instance_3308.graph,18,15,True,1.2995262,-1.4036078
instance_3309.graph,data/graph_coloring_graphs/instance_3309.graph,16,13,True,1.2133408,-1.1164324
instance_331.graph,data/graph_coloring_graphs/instance_331.graph,20,15,True,1.1418228,-1.0094967
instance_3310.graph,data/graph_coloring_graphs/instance_3310.graph,14,9,True,1.1009226,0.34356037
instance_3311.graph,data/graph_coloring_graphs/instance_3311.graph,12,11,True,1.2098179,-0.83762264
instance_3312.graph,data/graph_coloring_graphs/instance_3312.graph,18,7,True,-1.6408043,1.2325138
instance_3313.graph,data/graph_coloring_graphs/instance_3313.graph,18,15,True,1.2793407,-1.3454967
instance_3314.graph,data/graph_coloring_graphs/instance_3314.graph,20,15,True,1.181179,-1.0964346
instance_3315.graph,data/graph_coloring_graphs/instance_3315.graph,12,7,False,-0.5576477,0.93834865
instance_3316.graph,data/graph_coloring_graphs/instance_3316.graph,10,9,True,1.2641411,-0.22857517
instance_3317.graph,data/graph_coloring_graphs/instance_3317.graph,20,9,True,0.9634352,0.5415704
instance_3318.graph,data/graph_coloring_graphs/instance_3318.graph,14,7,True,-0.23765373,0.84166086
instance_3319.graph,data/graph_coloring_graphs/instance_3319.graph,18,11,True,1.1860943,-0.29049826
instance_332.graph,data/graph_coloring_graphs/instance_332.graph,12,13,True,1.0418949,-0.7417098
instance_3320.graph,data/graph_coloring_graphs/instance_3320.graph,12,7,True,3.3705597,-0.620137
instance_3321.graph,data/graph_coloring_graphs/instance_3321.graph,10,9,True,0.28798676,-1.0440304
instance_3322.graph,data/graph_coloring_graphs/instance_3322.graph,12,9,True,1.2060585,-0.7875377
instance_3323.graph,data/graph_coloring_graphs/instance_3323.graph,20,11,True,1.3487568,-0.8787503
instance_3324.graph,data/graph_coloring_graphs/instance_3324.graph,20,9,True,0.46014023,1.0440979
instance_3325.graph,data/graph_coloring_graphs/instance_3325.graph,20,5,True,0.63233757,0.3440391
instance_3326.graph,data/graph_coloring_graphs/instance_3326.graph,14,3,False,-5.0818653,1.5804431
instance_3327.graph,data/graph_coloring_graphs/instance_3327.graph,12,7,True,1.553299,0.23853257
instance_3328.graph,data/graph_coloring_graphs/instance_3328.graph,20,15,True,1.1781712,-1.0868204
instance_3329.graph,data/graph_coloring_graphs/instance_3329.graph,14,5,True,-0.92985725,0.70205116
instance_333.graph,data/graph_coloring_graphs/instance_333.graph,18,7,True,-1.4235764,1.1139929
instance_3330.graph,data/graph_coloring_graphs/instance_3330.graph,10,3,True,1.7088852,-0.88828886
instance_3331.graph,data/graph_coloring_graphs/instance_3331.graph,20,5,True,-2.1212025,1.0277398
instance_3332.graph,data/graph_coloring_graphs/instance_3332.graph,10,5,False,-1.9280238,0.89696646
instance_3333.graph,data/graph_coloring_graphs/instance_3333.graph,12,5,True,0.9085102,0.3607296
instance_3334.graph,data/graph_coloring_graphs/instance_3334.graph,12,11,True,1.0578995,-0.11281073
instance_3335.graph,data/graph_coloring_graphs/instance_3335.graph,18,3,False,-5.7017593,1.9051924
instance_3336.graph,data/graph_coloring_graphs/instance_3336.graph,12,7,True,-0.23490143,0.8594686
instance_3337.graph,data/graph_coloring_graphs/instance_3337.graph,12,5,True,2.595459,-0.677186
instance_3338.graph,data/graph_coloring_graphs/instance_3338.graph,14,3,False,-5.054302,1.565809
instance_3339.graph,data/graph_coloring_graphs/instance_3339.graph,16,7,True,-0.26584816,0.6546142
instance_334.graph,data/graph_coloring_graphs/instance_334.graph,12,9,True,0.73848724,0.6214038
instance_3340.graph,data/graph_coloring_graphs/instance_3340.graph,16,5,False,-2.4531727,1.1426365
instance_3341.graph,data/graph_coloring_graphs/instance_3341.graph,20,5,False,-2.552721,1.132405
instance_3342.graph,data/graph_coloring_graphs/instance_3342.graph,20,9,True,1.2431316,-0.09154893
instance_3343.graph,data/graph_coloring_graphs/instance_3343.graph,10,13,True,1.0329285,-1.2875919
instance_3344.graph,data/graph_coloring_graphs/instance_3344.graph,20,11,True,1.1438751,0.0061794743
instance_3345.graph,data/graph_coloring_graphs/instance_3345.graph,18,15,True,1.1189232,-0.9914892
instance_3346.graph,data/graph_coloring_graphs/instance_3346.graph,14,3,True,-0.8808136,0.06778464
instance_3347.graph,data/graph_coloring_graphs/instance_3347.graph,14,13,True,1.0764427,-0.77209926
instance_3348.graph,data/graph_coloring_graphs/instance_3348.graph,12,5,True,0.032066345,0.43908787
instance_3349.graph,data/graph_coloring_graphs/instance_3349.graph,18,15,True,1.2577972,-1.3704
instance_335.graph,data/graph_coloring_graphs/instance_335.graph,12,15,True,1.1436157,-1.5514135
instance_3350.graph,data/graph_coloring_graphs/instance_3350.graph,16,11,True,1.1616411,-0.40205127
instance_3351.graph,data/graph_coloring_graphs/instance_3351.graph,16,15,True,1.1002502,-1.0202563
instance_3352.graph,data/graph_coloring_graphs/instance_3352.graph,18,9,True,1.1534157,0.36284152
instance_3353.graph,data/graph_coloring_graphs/instance_3353.graph,12,5,True,-0.15935516,0.37883255
instance_3354.graph,data/graph_coloring_graphs/instance_3354.graph,10,15,True,0.81455994,-1.535969
instance_3355.graph,data/graph_coloring_graphs/instance_3355.graph,18,5,False,-3.0931692,1.1764938
instance_3356.graph,data/graph_coloring_graphs/instance_3356.graph,18,7,False,-1.8305054,1.304126
instance_3357.graph,data/graph_coloring_graphs/instance_3357.graph,18,9,False,0.41194916,1.0670717
instance_3358.graph,data/graph_coloring_graphs/instance_3358.graph,18,9,True,0.45269394,1.0306184
instance_3359.graph,data/graph_coloring_graphs/instance_3359.graph,20,15,True,1.1418228,-1.0094967
instance_336.graph,data/graph_coloring_graphs/instance_336.graph,10,5,True,3.4453888,-0.10822998
instance_3360.graph,data/graph_coloring_graphs/instance_3360.graph,18,7,False,-2.070488,1.3596404
instance_3361.graph,data/graph_coloring_graphs/instance_3361.graph,14,3,False,-4.937722,1.5038874
instance_3362.graph,data/graph_coloring_graphs/instance_3362.graph,12,11,True,1.0575905,-0.1362854
instance_3363.graph,data/graph_coloring_graphs/instance_3363.graph,10,5,True,2.682804,-0.3703296
instance_3364.graph,data/graph_coloring_graphs/instance_3364.graph,14,5,True,-1.3544617,0.559893
instance_3365.graph,data/graph_coloring_graphs/instance_3365.graph,14,11,True,1.0919418,-0.07017495
instance_3366.graph,data/graph_coloring_graphs/instance_3366.graph,20,13,True,1.2611408,-1.1434968
instance_3367.graph,data/graph_coloring_graphs/instance_3367.graph,20,7,True,-1.3250504,1.1728053
instance_3368.graph,data/graph_coloring_graphs/instance_3368.graph,20,11,True,1.1423378,0.02085805
instance_3369.graph,data/graph_coloring_graphs/instance_3369.graph,20,3,False,-1.6419315,0.70377874
instance_337.graph,data/graph_coloring_graphs/instance_337.graph,12,15,True,1.0531349,-1.0839757
instance_3370.graph,data/graph_coloring_graphs/instance_3370.graph,14,3,True,-0.20581818,0.1871025
instance_3371.graph,data/graph_coloring_graphs/instance_3371.graph,18,11,True,1.1168709,0.08813192
instance_3372.graph,data/graph_coloring_graphs/instance_3372.graph,18,11,True,1.2581234,-0.87542534
instance_3373.graph,data/graph_coloring_graphs/instance_3373.graph,18,7,True,-1.297205,1.1180909
instance_3374.graph,data/graph_coloring_graphs/instance_3374.graph,12,15,True,1.0635338,-1.2753139
instance_3375.graph,data/graph_coloring_graphs/instance_3375.graph,14,15,True,1.1064644,-1.1594372
instance_3376.graph,data/graph_coloring_graphs/instance_3376.graph,20,11,True,1.1590347,-0.0091727
instance_3377.graph,data/graph_coloring_graphs/instance_3377.graph,20,15,True,1.1420822,-1.0608344
instance_3378.graph,data/graph_coloring_graphs/instance_3378.graph,20,5,False,-3.4389439,1.3083665
instance_3379.graph,data/graph_coloring_graphs/instance_3379.graph,10,7,True,2.8390503,-0.7024956
instance_338.graph,data/graph_coloring_graphs/instance_338.graph,10,7,True,0.11255169,0.63035226
instance_3380.graph,data/graph_coloring_graphs/instance_3380.graph,12,15,True,1.082447,-1.3270984
instance_3381.graph,data/graph_coloring_graphs/instance_3381.graph,12,7,True,0.25215435,0.6698848
instance_3382.graph,data/graph_coloring_graphs/instance_3382.graph,18,7,False,-1.7731476,1.290857
instance_3383.graph,data/graph_coloring_graphs/instance_3383.graph,20,9,True,0.60225487,0.89729524
instance_3384.graph,data/graph_coloring_graphs/instance_3384.graph,10,5,True,0.5629978,0.19735974
instance_3385.graph,data/graph_coloring_graphs/instance_3385.graph,16,13,True,1.135891,-0.8821944
instance_3386.graph,data/graph_coloring_graphs/instance_3386.graph,10,9,True,1.2504311,-0.3893917
instance_3387.graph,data/graph_coloring_graphs/instance_3387.graph,20,11,True,1.1866798,-0.16438815
instance_3388.graph,data/graph_coloring_graphs/instance_3388.graph,12,11,True,1.0420446,-0.34426174
instance_3389.graph,data/graph_coloring_graphs/instance_3389.graph,20,13,True,1.1898327,-0.7949438
instance_339.graph,data/graph_coloring_graphs/instance_339.graph,12,9,True,1.0865746,-0.18715177
instance_3390.graph,data/graph_coloring_graphs/instance_3390.graph,14,3,False,-5.149519,1.6825576
instance_3391.graph,data/graph_coloring_graphs/instance_3391.graph,16,9,True,0.526165,0.9363767
instance_3392.graph,data/graph_coloring_graphs/instance_3392.graph,10,11,True,0.97716236,-0.35082424
instance_3393.graph,data/graph_coloring_graphs/instance_3393.graph,16,7,True,1.9842186,0.021345481
instance_3394.graph,data/graph_coloring_graphs/instance_3394.graph,14,7,True,-0.30097866,0.9085796
instance_3395.graph,data/graph_coloring_graphs/instance_3395.graph,12,9,True,1.2738876,-0.63571787
instance_3396.graph,data/graph_coloring_graphs/instance_3396.graph,18,9,True,0.48414993,1.0024688
instance_3397.graph,data/graph_coloring_graphs/instance_3397.graph,20,9,True,0.46556854,1.0393322
instance_3398.graph,data/graph_coloring_graphs/instance_3398.graph,14,11,True,1.1699083,-0.56061685
instance_3399.graph,data/graph_coloring_graphs/instance_3399.graph,12,13,True,1.0412083,-0.7497939
instance_34.graph,data/graph_coloring_graphs/instance_34.graph,19,88,True,1.1369743,-0.07792792
instance_340.graph,data/graph_coloring_graphs/instance_340.graph,16,11,True,1.2148819,-0.6552551
instance_3400.graph,data/graph_coloring_graphs/instance_3400.graph,20,13,True,1.1318703,-0.5512936
instance_3401.graph,data/graph_coloring_graphs/instance_3401.graph,16,11,True,1.1258507,-0.21617325
instance_3402.graph,data/graph_coloring_graphs/instance_3402.graph,14,7,True,-0.3125286,0.8602035
instance_3403.graph,data/graph_coloring_graphs/instance_3403.graph,10,15,True,0.9825077,-1.3111467
instance_3404.graph,data/graph_coloring_graphs/instance_3404.graph,16,9,True,1.2535858,-0.276066
instance_3405.graph,data/graph_coloring_graphs/instance_3405.graph,12,5,True,0.42827606,0.45080668
instance_3406.graph,data/graph_coloring_graphs/instance_3406.graph,14,3,False,-2.490162,0.7127658
instance_3407.graph,data/graph_coloring_graphs/instance_3407.graph,10,5,True,-1.2191854,0.76436627
instance_3408.graph,data/graph_coloring_graphs/instance_3408.graph,12,9,True,0.70371914,0.6569023
instance_3409.graph,data/graph_coloring_graphs/instance_3409.graph,10,3,False,-4.5488176,1.3099965
instance_341.graph,data/graph_coloring_graphs/instance_341.graph,18,11,True,1.1474228,-0.10473373
instance_3410.graph,data/graph_coloring_graphs/instance_3410.graph,14,9,True,1.2441406,-0.11761801
instance_3411.graph,data/graph_coloring_graphs/instance_3411.graph,10,3,False,-3.0460968,0.6864605
instance_3412.graph,data/graph_coloring_graphs/instance_3412.graph,16,3,False,-4.134592,1.0728602
instance_3413.graph,data/graph_coloring_graphs/instance_3413.graph,14,9,True,0.8404045,0.33470204
instance_3414.graph,data/graph_coloring_graphs/instance_3414.graph,16,3,False,-5.5533905,1.8768643
instance_3415.graph,data/graph_coloring_graphs/instance_3415.graph,14,13,True,1.1345272,-0.78101194
instance_3416.graph,data/graph_coloring_graphs/instance_3416.graph,18,13,True,1.268702,-1.064751
instance_3417.graph,data/graph_coloring_graphs/instance_3417.graph,14,11,True,1.0834923,-0.090864055
instance_3418.graph,data/graph_coloring_graphs/instance_3418.graph,12,15,True,1.0460472,-1.2887778
instance_3419.graph,data/graph_coloring_graphs/instance_3419.graph,12,9,True,0.7753601,0.5837543
instance_342.graph,data/graph_coloring_graphs/instance_342.graph,10,11,True,0.97649765,-0.8365551
instance_3420.graph,data/graph_coloring_graphs/instance_3420.graph,16,11,True,1.1091423,0.05798632
instance_3421.graph,data/graph_coloring_graphs/instance_3421.graph,16,15,True,1.1198273,-1.1063527
instance_3422.graph,data/graph_coloring_graphs/instance_3422.graph,14,3,False,-3.3441582,0.9841552
instance_3423.graph,data/graph_coloring_graphs/instance_3423.graph,20,13,True,1.1830559,-0.7502738
instance_3424.graph,data/graph_coloring_graphs/instance_3424.graph,14,9,True,1.0008326,0.3143538
instance_3425.graph,data/graph_coloring_graphs/instance_3425.graph,12,7,True,-0.6327381,0.95670867
instance_3426.graph,data/graph_coloring_graphs/instance_3426.graph,14,3,False,-3.3441553,0.9841552
instance_3427.graph,data/graph_coloring_graphs/instance_3427.graph,14,11,True,1.0914383,-0.052985497
instance_3428.graph,data/graph_coloring_graphs/instance_3428.graph,14,15,True,1.0890541,-1.0789509
instance_3429.graph,data/graph_coloring_graphs/instance_3429.graph,20,3,False,-5.796047,1.954004
instance_343.graph,data/graph_coloring_graphs/instance_343.graph,12,15,True,1.0521908,-1.1108288
instance_3430.graph,data/graph_coloring_graphs/instance_3430.graph,10,11,True,0.995039,-0.9205694
instance_3431.graph,data/graph_coloring_graphs/instance_3431.graph,12,11,True,1.0472221,-0.13864505
instance_3432.graph,data/graph_coloring_graphs/instance_3432.graph,10,13,True,0.94099236,-1.0423478
instance_3433.graph,data/graph_coloring_graphs/instance_3433.graph,14,7,True,0.69004726,0.54403496
instance_3434.graph,data/graph_coloring_graphs/instance_3434.graph,14,7,False,-1.3325901,1.1547668
instance_3435.graph,data/graph_coloring_graphs/instance_3435.graph,10,13,True,0.92170715,-1.4148259
instance_3436.graph,data/graph_coloring_graphs/instance_3436.graph,18,15,True,1.1301308,-1.0465271
instance_3437.graph,data/graph_coloring_graphs/instance_3437.graph,16,5,False,-4.375065,1.4124954
instance_3438.graph,data/graph_coloring_graphs/instance_3438.graph,12,15,True,1.083786,-1.374277
instance_3439.graph,data/graph_coloring_graphs/instance_3439.graph,20,11,True,1.1444092,0.0011487082
instance_344.graph,data/graph_coloring_graphs/instance_344.graph,16,3,False,-5.262577,1.7818685
instance_3440.graph,data/graph_coloring_graphs/instance_3440.graph,12,3,True,1.4780846,-0.12025023
instance_3441.graph,data/graph_coloring_graphs/instance_3441.graph,16,3,False,-5.401705,1.7474025
instance_3442.graph,data/graph_coloring_graphs/instance_3442.graph,18,11,True,1.182167,-0.25660866
instance_3443.graph,data/graph_coloring_graphs/instance_3443.graph,18,7,False,-1.8220062,1.2464948
instance_3444.graph,data/graph_coloring_graphs/instance_3444.graph,10,7,True,-0.36714792,0.758909
instance_3445.graph,data/graph_coloring_graphs/instance_3445.graph,10,11,True,0.96944714,-0.6444553
instance_3446.graph,data/graph_coloring_graphs/instance_3446.graph,16,15,True,1.1526699,-1.2443321
instance_3447.graph,data/graph_coloring_graphs/instance_3447.graph,18,5,True,0.4402504,0.37750027
instance_3448.graph,data/graph_coloring_graphs/instance_3448.graph,14,15,True,1.09379,-1.148839
instance_3449.graph,data/graph_coloring_graphs/instance_3449.graph,12,3,False,-3.9375744,1.0935886
instance_345.graph,data/graph_coloring_graphs/instance_345.graph,14,5,True,1.3862305,0.016940027
instance_3450.graph,data/graph_coloring_graphs/instance_3450.graph,10,15,True,0.9689026,-1.4064974
instance_3451.graph,data/graph_coloring_graphs/instance_3451.graph,10,9,True,1.0000076,-0.89915884
instance_3452.graph,data/graph_coloring_graphs/instance_3452.graph,16,5,False,-2.9876118,1.1665663
instance_3453.graph,data/graph_coloring_graphs/instance_3453.graph,12,7,True,0.40177965,0.5480057
instance_3454.graph,data/graph_coloring_graphs/instance_3454.graph,18,9,True,1.1516342,-0.2844391
instance_3455.graph,data/graph_coloring_graphs/instance_3455.graph,18,15,True,1.313591,-1.4440546
instance_3456.graph,data/graph_coloring_graphs/instance_3456.graph,16,7,False,-1.4835892,1.209633
instance_3457.graph,data/graph_coloring_graphs/instance_3457.graph,14,11,True,1.109808,-0.2824527
instance_3458.graph,data/graph_coloring_graphs/instance_3458.graph,18,9,True,0.4901371,1.0193276
instance_3459.graph,data/graph_coloring_graphs/instance_3459.graph,12,13,True,1.0404816,-0.75810444
instance_346.graph,data/graph_coloring_graphs/instance_346.graph,18,11,True,1.1671944,-0.3122309
instance_3460.graph,data/graph_coloring_graphs/instance_3460.graph,10,3,False,-4.548812,1.3099964
instance_3461.graph,data/graph_coloring_graphs/instance_3461.graph,20,9,True,0.9879179,0.55242395
instance_3462.graph,data/graph_coloring_graphs/instance_3462.graph,20,9,True,0.939394,0.4904736
instance_3463.graph,data/graph_coloring_graphs/instance_3463.graph,12,3,False,-3.937584,1.0935886
instance_3464.graph,data/graph_coloring_graphs/instance_3464.graph,20,7,True,-1.6328487,1.2449529
instance_3465.graph,data/graph_coloring_graphs/instance_3465.graph,12,9,True,0.6708641,0.690428
instance_3466.graph,data/graph_coloring_graphs/instance_3466.graph,16,11,True,1.1221428,-0.15574023
instance_3467.graph,data/graph_coloring_graphs/instance_3467.graph,14,13,True,1.10882,-1.0280105
instance_3468.graph,data/graph_coloring_graphs/instance_3468.graph,20,15,True,1.1798172,-1.1186138
instance_3469.graph,data/graph_coloring_graphs/instance_3469.graph,12,5,True,-1.1065645,0.80545306
instance_347.graph,data/graph_coloring_graphs/instance_347.graph,14,13,True,1.0904617,-0.6694746
instance_3470.graph,data/graph_coloring_graphs/instance_3470.graph,18,5,False,-3.3580418,1.2817082
instance_3471.graph,data/graph_coloring_graphs/instance_3471.graph,14,15,True,1.1874542,-1.3966811
instance_3472.graph,data/graph_coloring_graphs/instance_3472.graph,12,13,True,1.0412025,-0.749794
instance_3473.graph,data/graph_coloring_graphs/instance_3473.graph,18,5,False,-3.3467503,1.2217512
instance_3474.graph,data/graph_coloring_graphs/instance_3474.graph,18,15,True,1.1413841,-1.033273
instance_3475.graph,data/graph_coloring_graphs/instance_3475.graph,12,3,False,-1.6176605,0.57286143
instance_3476.graph,data/graph_coloring_graphs/instance_3476.graph,16,15,True,1.1133423,-1.0615795
instance_3477.graph,data/graph_coloring_graphs/instance_3477.graph,18,13,True,1.149086,-0.66665363
instance_3478.graph,data/graph_coloring_graphs/instance_3478.graph,14,5,False,-3.0855007,1.2318327
instance_3479.graph,data/graph_coloring_graphs/instance_3479.graph,12,9,True,0.9886894,-0.44542405
instance_348.graph,data/graph_coloring_graphs/instance_348.graph,14,5,True,-0.27532864,0.5790359
instance_3480.graph,data/graph_coloring_graphs/instance_3480.graph,18,5,False,-4.3543606,1.4731045
instance_3481.graph,data/graph_coloring_graphs/instance_3481.graph,18,9,True,0.7352886,0.80561304
instance_3482.graph,data/graph_coloring_graphs/instance_3482.graph,14,11,True,1.0824242,-0.0320058
instance_3483.graph,data/graph_coloring_graphs/instance_3483.graph,16,5,False,-2.6815758,1.1810474
instance_3484.graph,data/graph_coloring_graphs/instance_3484.graph,20,15,True,1.1202087,-0.96617055
instance_3485.graph,data/graph_coloring_graphs/instance_3485.graph,10,7,True,0.92731094,-0.50962985
instance_3486.graph,data/graph_coloring_graphs/instance_3486.graph,12,3,False,-4.2358246,1.2420528
instance_3487.graph,data/graph_coloring_graphs/instance_3487.graph,14,15,True,1.0782433,-1.0470071
instance_3488.graph,data/graph_coloring_graphs/instance_3488.graph,12,13,True,1.0412197,-0.7497939
instance_3489.graph,data/graph_coloring_graphs/instance_3489.graph,10,13,True,0.9699354,-1.0092695
instance_349.graph,data/graph_coloring_graphs/instance_349.graph,16,7,False,-1.6996727,1.2603016
instance_3490.graph,data/graph_coloring_graphs/instance_3490.graph,18,15,True,1.1807232,-1.1166706
instance_3491.graph,data/graph_coloring_graphs/instance_3491.graph,10,9,True,0.7070656,-0.54452574
instance_3492.graph,data/graph_coloring_graphs/instance_3492.graph,12,11,True,1.0521874,-0.54684675
instance_3493.graph,data/graph_coloring_graphs/instance_3493.graph,10,9,True,0.80409336,0.43214175
instance_3494.graph,data/graph_coloring_graphs/instance_3494.graph,18,7,True,-1.6226158,1.2560315
instance_3495.graph,data/graph_coloring_graphs/instance_3495.graph,16,5,True,1.9264069,-0.21366414
instance_3496.graph,data/graph_coloring_graphs/instance_3496.graph,18,9,True,1.0697536,0.39736858
instance_3497.graph,data/graph_coloring_graphs/instance_3497.graph,20,13,True,1.1312256,-0.5447713
instance_3498.graph,data/graph_coloring_graphs/instance_3498.graph,16,5,True,0.5637703,0.5370928
instance_3499.graph,data/graph_coloring_graphs/instance_3499.graph,10,5,True,-1.0227151,0.72761273
instance_35.graph,data/graph_coloring_graphs/instance_35.graph,18,15,True,1.123291,-1.0479864
instance_350.graph,data/graph_coloring_graphs/instance_350.graph,14,9,True,1.2568645,0.046172976
instance_3500.graph,data/graph_coloring_graphs/instance_3500.graph,16,15,True,1.128294,-1.1650815
instance_3501.graph,data/graph_coloring_graphs/instance_3501.graph,12,15,True,1.0634441,-1.3004086
instance_3502.graph,data/graph_coloring_graphs/instance_3502.graph,14,7,True,-0.38549995,0.8782711
instance_3503.graph,data/graph_coloring_graphs/instance_3503.graph,16,3,False,-5.332426,1.7645621
instance_3504.graph,data/graph_coloring_graphs/instance_3504.graph,18,5,True,4.1484146,-0.25658226
instance_3505.graph,data/graph_coloring_graphs/instance_3505.graph,18,15,True,1.1105461,-0.9774445
instance_3506.graph,data/graph_coloring_graphs/instance_3506.graph,16,3,False,-2.8082113,0.79192185
instance_3507.graph,data/graph_coloring_graphs/instance_3507.graph,12,15,True,1.0486889,-1.2134919
instance_3508.graph,data/graph_coloring_graphs/instance_3508.graph,14,13,True,1.090332,-0.6977087
instance_3509.graph,data/graph_coloring_graphs/instance_3509.graph,20,15,True,1.1820316,-1.1260972
instance_351.graph,data/graph_coloring_graphs/instance_351.graph,18,7,True,-1.048418,1.0572264
instance_3510.graph,data/graph_coloring_graphs/instance_3510.graph,20,7,False,-2.175846,1.3934246
instance_3511.graph,data/graph_coloring_graphs/instance_3511.graph,10,9,True,0.9498482,0.26944852
instance_3512.graph,data/graph_coloring_graphs/instance_3512.graph,16,13,True,1.2981834,-1.1887369
instance_3513.graph,data/graph_coloring_graphs/instance_3513.graph,18,13,True,1.4268608,-1.3159003
instance_3514.graph,data/graph_coloring_graphs/instance_3514.graph,10,5,True,1.8693848,-0.13083571
instance_3515.graph,data/graph_coloring_graphs/instance_3515.graph,16,13,True,1.1106796,-0.6186956
instance_3516.graph,data/graph_coloring_graphs/instance_3516.graph,16,13,True,1.1276665,-0.74379694
instance_3517.graph,data/graph_coloring_graphs/instance_3517.graph,16,9,False,0.5159397,0.9734906
instance_3518.graph,data/graph_coloring_graphs/instance_3518.graph,10,7,True,1.1828365,0.3435101
instance_3519.graph,data/graph_coloring_graphs/instance_3519.graph,14,15,True,1.0872269,-1.0520709
instance_352.graph,data/graph_coloring_graphs/instance_352.graph,14,13,True,1.0714824,-0.95951295
instance_3520.graph,data/graph_coloring_graphs/instance_3520.graph,12,7,True,0.87197876,-0.62134135
instance_3521.graph,data/graph_coloring_graphs/instance_3521.graph,16,7,True,2.12146,-0.077467255
instance_3522.graph,data/graph_coloring_graphs/instance_3522.graph,16,3,False,-5.11314,1.593806
instance_3523.graph,data/graph_coloring_graphs/instance_3523.graph,18,13,True,1.1912775,-0.9124243
instance_3524.graph,data/graph_coloring_graphs/instance_3524.graph,20,15,True,1.182024,-1.1260972
instance_3525.graph,data/graph_coloring_graphs/instance_3525.graph,14,11,True,1.0909615,-0.036527604
instance_3526.graph,data/graph_coloring_graphs/instance_3526.graph,14,7,True,0.3810978,0.36721638
instance_3527.graph,data/graph_coloring_graphs/instance_3527.graph,10,9,True,0.83692074,0.48664084
instance_3528.graph,data/graph_coloring_graphs/instance_3528.graph,18,7,True,-0.11503506,0.7838628
instance_3529.graph,data/graph_coloring_graphs/instance_3529.graph,14,9,True,0.60214615,0.82365
instance_353.graph,data/graph_coloring_graphs/instance_353.graph,10,9,True,1.2487717,-0.9340794
instance_3530.graph,data/graph_coloring_graphs/instance_3530.graph,18,15,True,1.1133194,-0.99288654
instance_3531.graph,data/graph_coloring_graphs/instance_3531.graph,10,13,True,0.9819908,-0.8026881
instance_3532.graph,data/graph_coloring_graphs/instance_3532.graph,18,11,True,1.1426964,-0.055146664
instance_3533.graph,data/graph_coloring_graphs/instance_3533.graph,12,15,True,1.0966187,-1.2383137
instance_3534.graph,data/graph_coloring_graphs/instance_3534.graph,16,9,True,0.6158695,0.8535675
instance_3535.graph,data/graph_coloring_graphs/instance_3535.graph,10,7,True,-0.13422775,0.78465474
instance_3536.graph,data/graph_coloring_graphs/instance_3536.graph,14,3,False,-5.0720787,1.6435483
instance_3537.graph,data/graph_coloring_graphs/instance_3537.graph,20,9,True,1.241703,-0.29143324
instance_3538.graph,data/graph_coloring_graphs/instance_3538.graph,20,5,True,2.1199532,-0.17775635
instance_3539.graph,data/graph_coloring_graphs/instance_3539.graph,18,5,True,-2.002902,0.94252884
instance_354.graph,data/graph_coloring_graphs/instance_354.graph,12,3,False,-2.8375664,0.54599595
instance_3540.graph,data/graph_coloring_graphs/instance_3540.graph,20,15,True,1.126751,-0.99436235
instance_3541.graph,data/graph_coloring_graphs/instance_3541.graph,20,13,True,1.1736679,-0.76088953
instance_3542.graph,data/graph_coloring_graphs/instance_3542.graph,10,13,True,0.9050331,-1.6670537
instance_3543.graph,data/graph_coloring_graphs/instance_3543.graph,18,9,True,1.069746,0.39736855
instance_3544.graph,data/graph_coloring_graphs/instance_3544.graph,20,3,False,-5.880123,1.9989259
instance_3545.graph,data/graph_coloring_graphs/instance_3545.graph,10,15,True,1.0007076,-1.1833146
instance_3546.graph,data/graph_coloring_graphs/instance_3546.graph,16,7,True,2.7357101,-0.5960555
instance_3547.graph,data/graph_coloring_graphs/instance_3547.graph,12,15,True,1.0636368,-1.2415526
instance_3548.graph,data/graph_coloring_graphs/instance_3548.graph,20,3,False,-3.987605,1.3100998
instance_3549.graph,data/graph_coloring_graphs/instance_3549.graph,18,13,True,1.1194725,-0.6504364
instance_355.graph,data/graph_coloring_graphs/instance_355.graph,12,11,True,1.1997643,-1.1742692
instance_3550.graph,data/graph_coloring_graphs/instance_3550.graph,20,3,False,-5.3041573,1.7780004
instance_3551.graph,data/graph_coloring_graphs/instance_3551.graph,14,3,False,-4.3953505,1.3026545
instance_3552.graph,data/graph_coloring_graphs/instance_3552.graph,20,7,False,-2.2712364,1.3945982
instance_3553.graph,data/graph_coloring_graphs/instance_3553.graph,14,7,False,-1.0854759,1.0957892
instance_3554.graph,data/graph_coloring_graphs/instance_3554.graph,14,7,True,1.2801819,-0.6118506
instance_3555.graph,data/graph_coloring_graphs/instance_3555.graph,12,3,False,-3.1162024,1.0520126
instance_3556.graph,data/graph_coloring_graphs/instance_3556.graph,16,13,True,1.1102409,-0.6075815
instance_3557.graph,data/graph_coloring_graphs/instance_3557.graph,12,3,False,-4.623062,1.4348418
instance_3558.graph,data/graph_coloring_graphs/instance_3558.graph,16,13,True,1.1059971,-0.86002004
instance_3559.graph,data/graph_coloring_graphs/instance_3559.graph,12,9,True,0.76578426,0.6521559
instance_356.graph,data/graph_coloring_graphs/instance_356.graph,20,9,True,1.1733932,0.21520069
instance_3560.graph,data/graph_coloring_graphs/instance_3560.graph,16,9,True,1.141304,0.2630878
instance_3561.graph,data/graph_coloring_graphs/instance_3561.graph,12,9,True,1.0261297,0.32773638
instance_3562.graph,data/graph_coloring_graphs/instance_3562.graph,18,3,True,-1.6286087,0.26913422
instance_3563.graph,data/graph_coloring_graphs/instance_3563.graph,16,11,True,1.1081657,0.07376126
instance_3564.graph,data/graph_coloring_graphs/instance_3564.graph,18,15,True,1.1533184,-1.1169921
instance_3565.graph,data/graph_coloring_graphs/instance_3565.graph,18,13,True,1.1242485,-0.5916505
instance_3566.graph,data/graph_coloring_graphs/instance_3566.graph,12,15,True,1.1213608,-1.4677603
instance_3567.graph,data/graph_coloring_graphs/instance_3567.graph,20,15,True,1.2020683,-1.162442
instance_3568.graph,data/graph_coloring_graphs/instance_3568.graph,10,5,True,-0.6046791,0.5542357
instance_3569.graph,data/graph_coloring_graphs/instance_3569.graph,16,9,True,1.3338699,-0.25250822
instance_357.graph,data/graph_coloring_graphs/instance_357.graph,12,13,True,1.0432,-0.9511862
instance_3570.graph,data/graph_coloring_graphs/instance_3570.graph,10,13,True,0.9907751,-1.040991
instance_3571.graph,data/graph_coloring_graphs/instance_3571.graph,12,5,False,-2.014892,1.0221169
instance_3572.graph,data/graph_coloring_graphs/instance_3572.graph,20,13,True,1.1253929,-0.5530627
instance_3573.graph,data/graph_coloring_graphs/instance_3573.graph,16,13,True,1.1719666,-1.4170471
instance_3574.graph,data/graph_coloring_graphs/instance_3574.graph,18,13,True,1.114872,-0.5656084
instance_3575.graph,data/graph_coloring_graphs/instance_3575.graph,14,7,True,0.78056335,-0.34325132
instance_3576.graph,data/graph_coloring_graphs/instance_3576.graph,10,9,True,0.73010063,0.5147401
instance_3577.graph,data/graph_coloring_graphs/instance_3577.graph,12,5,True,-1.304435,0.7758144
instance_3578.graph,data/graph_coloring_graphs/instance_3578.graph,10,9,True,0.88430023,0.0840098
instance_3579.graph,data/graph_coloring_graphs/instance_3579.graph,18,7,True,-1.3362694,1.1276457
instance_358.graph,data/graph_coloring_graphs/instance_358.graph,12,9,True,1.3225327,-0.07347694
instance_3580.graph,data/graph_coloring_graphs/instance_3580.graph,16,15,True,1.1787682,-1.2419527
instance_3581.graph,data/graph_coloring_graphs/instance_3581.graph,12,9,True,0.628006,-1.2850144
instance_3582.graph,data/graph_coloring_graphs/instance_3582.graph,10,3,True,-0.6532631,0.35948268
instance_3583.graph,data/graph_coloring_graphs/instance_3583.graph,14,11,True,1.0965672,-0.22831762
instance_3584.graph,data/graph_coloring_graphs/instance_3584.graph,20,5,False,-5.156254,1.5793831
instance_3585.graph,data/graph_coloring_graphs/instance_3585.graph,10,13,True,0.96859074,-0.88112223
instance_3586.graph,data/graph_coloring_graphs/instance_3586.graph,20,13,True,1.1316605,-0.5490955
instance_3587.graph,data/graph_coloring_graphs/instance_3587.graph,10,3,True,0.57305527,-0.3543792
instance_3588.graph,data/graph_coloring_graphs/instance_3588.graph,12,5,True,0.14933205,0.5790415
instance_3589.graph,data/graph_coloring_graphs/instance_3589.graph,14,5,True,-0.75443363,0.78503394
instance_359.graph,data/graph_coloring_graphs/instance_359.graph,10,11,True,0.99946404,-0.23238178
instance_3590.graph,data/graph_coloring_graphs/instance_3590.graph,10,7,True,1.7289047,-0.54746497
instance_3591.graph,data/graph_coloring_graphs/instance_3591.graph,20,15,True,1.1491394,-1.036359
instance_3592.graph,data/graph_coloring_graphs/instance_3592.graph,20,13,True,1.1526718,-0.6715851
instance_3593.graph,data/graph_coloring_graphs/instance_3593.graph,12,11,True,1.0478058,-0.11557974
instance_3594.graph,data/graph_coloring_graphs/instance_3594.graph,12,5,True,0.7669754,0.29509255
instance_3595.graph,data/graph_coloring_graphs/instance_3595.graph,14,9,True,0.8723202,0.56360114
instance_3596.graph,data/graph_coloring_graphs/instance_3596.graph,16,13,True,1.1015587,-0.62425745
instance_3597.graph,data/graph_coloring_graphs/instance_3597.graph,14,3,True,-0.2701912,0.02045492
instance_3598.graph,data/graph_coloring_graphs/instance_3598.graph,16,13,True,1.116785,-0.7764511
instance_3599.graph,data/graph_coloring_graphs/instance_3599.graph,20,9,True,0.60404205,0.9184036
instance_36.graph,data/graph_coloring_graphs/instance_36.graph,14,3,True,-1.0423622,0.36367646
instance_360.graph,data/graph_coloring_graphs/instance_360.graph,12,5,True,-1.3044395,0.7758144
instance_3600.graph,data/graph_coloring_graphs/instance_3600.graph,12,15,True,1.1003227,-1.298173
instance_3601.graph,data/graph_coloring_graphs/instance_3601.graph,10,3,False,-1.0131493,0.31378382
instance_3602.graph,data/graph_coloring_graphs/instance_3602.graph,12,5,False,-2.7819672,1.1074864
instance_3603.graph,data/graph_coloring_graphs/instance_3603.graph,12,7,True,1.3872013,0.28316808
instance_3604.graph,data/graph_coloring_graphs/instance_3604.graph,18,3,False,-5.5866127,1.8437792
instance_3605.graph,data/graph_coloring_graphs/instance_3605.graph,12,15,True,1.0638657,-1.1769711
instance_3606.graph,data/graph_coloring_graphs/instance_3606.graph,18,13,True,1.2663488,-1.1559926
instance_3607.graph,data/graph_coloring_graphs/instance_3607.graph,12,15,True,1.0472775,-1.2538233
instance_3608.graph,data/graph_coloring_graphs/instance_3608.graph,16,7,True,1.5452785,0.3112329
instance_3609.graph,data/graph_coloring_graphs/instance_3609.graph,10,11,True,1.0473061,-0.8751575
instance_361.graph,data/graph_coloring_graphs/instance_361.graph,18,13,True,1.2043772,-0.89648247
instance_3610.graph,data/graph_coloring_graphs/instance_3610.graph,12,15,True,1.0820351,-1.3128698
instance_3611.graph,data/graph_coloring_graphs/instance_3611.graph,10,9,True,0.8369179,0.4866409
instance_3612.graph,data/graph_coloring_graphs/instance_3612.graph,12,3,True,-1.5186768,0.23292854
instance_3613.graph,data/graph_coloring_graphs/instance_3613.graph,12,13,True,1.0288463,-0.8919927
instance_3614.graph,data/graph_coloring_graphs/instance_3614.graph,14,9,True,1.3898163,-0.5910078
instance_3615.graph,data/graph_coloring_graphs/instance_3615.graph,12,7,True,0.71556044,0.5513985
instance_3616.graph,data/graph_coloring_graphs/instance_3616.graph,20,9,True,0.9348202,0.5998963
instance_3617.graph,data/graph_coloring_graphs/instance_3617.graph,12,3,False,-4.8593025,1.5524426
instance_3618.graph,data/graph_coloring_graphs/instance_3618.graph,10,5,True,1.4121704,0.15705672
instance_3619.graph,data/graph_coloring_graphs/instance_3619.graph,12,13,True,1.0412083,-0.7497939
instance_362.graph,data/graph_coloring_graphs/instance_362.graph,18,5,False,-2.342846,1.1384611
instance_3620.graph,data/graph_coloring_graphs/instance_3620.graph,18,9,True,0.52272415,0.9908924
instance_3621.graph,data/graph_coloring_graphs/instance_3621.graph,14,13,True,1.1124802,-1.2401195
instance_3622.graph,data/graph_coloring_graphs/instance_3622.graph,12,5,True,3.1671906,-0.59015334
instance_3623.graph,data/graph_coloring_graphs/instance_3623.graph,12,3,True,1.1801376,-0.3008018
instance_3624.graph,data/graph_coloring_graphs/instance_3624.graph,14,15,True,1.1753159,-1.4473362
instance_3625.graph,data/graph_coloring_graphs/instance_3625.graph,12,3,False,-4.5796547,1.413224
instance_3626.graph,data/graph_coloring_graphs/instance_3626.graph,18,7,True,-0.17903996,0.80001044
instance_3627.graph,data/graph_coloring_graphs/instance_3627.graph,18,11,True,1.1434822,-0.15397228
instance_3628.graph,data/graph_coloring_graphs/instance_3628.graph,20,5,True,0.83016205,-0.08331908
instance_3629.graph,data/graph_coloring_graphs/instance_3629.graph,14,15,True,1.07798,-1.0403578
instance_363.graph,data/graph_coloring_graphs/instance_363.graph,12,11,True,1.0466042,-0.9542867
instance_3630.graph,data/graph_coloring_graphs/instance_3630.graph,20,13,True,1.130413,-0.536402
instance_3631.graph,data/graph_coloring_graphs/instance_3631.graph,12,7,True,2.0692291,-0.5649358
instance_3632.graph,data/graph_coloring_graphs/instance_3632.graph,14,7,False,-1.0854816,1.0957893
instance_3633.graph,data/graph_coloring_graphs/instance_3633.graph,14,15,True,1.21801,-1.4617493
instance_3634.graph,data/graph_coloring_graphs/instance_3634.graph,14,11,True,1.1092281,-0.26822567
instance_3635.graph,data/graph_coloring_graphs/instance_3635.graph,14,15,True,1.1104755,-1.2013808
instance_3636.graph,data/graph_coloring_graphs/instance_3636.graph,12,9,True,0.99927235,0.35516682
instance_3637.graph,data/graph_coloring_graphs/instance_3637.graph,20,5,True,0.5945759,0.22169098
instance_3638.graph,data/graph_coloring_graphs/instance_3638.graph,20,3,False,-4.2947626,1.3361204
instance_3639.graph,data/graph_coloring_graphs/instance_3639.graph,10,13,True,0.9728558,-0.98894393
instance_364.graph,data/graph_coloring_graphs/instance_364.graph,10,9,True,1.4413338,-0.4413636
instance_3640.graph,data/graph_coloring_graphs/instance_3640.graph,16,13,True,1.1710844,-0.9181353
instance_3641.graph,data/graph_coloring_graphs/instance_3641.graph,20,13,True,1.3255157,-1.1703773
instance_3642.graph,data/graph_coloring_graphs/instance_3642.graph,20,9,True,0.6337147,0.8925015
instance_3643.graph,data/graph_coloring_graphs/instance_3643.graph,20,13,True,1.1257477,-0.5575161
instance_3644.graph,data/graph_coloring_graphs/instance_3644.graph,20,5,False,-3.977192,1.3988917
instance_3645.graph,data/graph_coloring_graphs/instance_3645.graph,16,15,True,1.1067924,-1.0161684
instance_3646.graph,data/graph_coloring_graphs/instance_3646.graph,20,13,True,1.1916809,-0.8071792
instance_3647.graph,data/graph_coloring_graphs/instance_3647.graph,16,13,True,1.1112976,-0.63439345
instance_3648.graph,data/graph_coloring_graphs/instance_3648.graph,14,15,True,1.0778618,-1.0371366
instance_3649.graph,data/graph_coloring_graphs/instance_3649.graph,14,11,True,1.0821533,-0.016725764
instance_365.graph,data/graph_coloring_graphs/instance_365.graph,20,13,True,1.1431503,-0.6651603
instance_3650.graph,data/graph_coloring_graphs/instance_3650.graph,14,7,True,0.013710022,0.6489177
instance_3651.graph,data/graph_coloring_graphs/instance_3651.graph,18,11,True,1.1741638,-0.27846152
instance_3652.graph,data/graph_coloring_graphs/instance_3652.graph,16,3,True,-0.68893814,0.23885363
instance_3653.graph,data/graph_coloring_graphs/instance_3653.graph,10,9,True,1.1241379,-1.2440457
instance_3654.graph,data/graph_coloring_graphs/instance_3654.graph,20,15,True,1.1344528,-1.0034376
instance_3655.graph,data/graph_coloring_graphs/instance_3655.graph,18,7,False,-2.1287231,1.3484867
instance_3656.graph,data/graph_coloring_graphs/instance_3656.graph,10,11,True,0.80469894,-1.2406409
instance_3657.graph,data/graph_coloring_graphs/instance_3657.graph,18,7,False,-1.6226234,1.2560315
instance_3658.graph,data/graph_coloring_graphs/instance_3658.graph,10,9,True,1.1048279,-0.7009195
instance_3659.graph,data/graph_coloring_graphs/instance_3659.graph,20,15,True,1.1151886,-0.94449186
instance_366.graph,data/graph_coloring_graphs/instance_366.graph,10,13,True,1.0101051,-0.87323415
instance_3660.graph,data/graph_coloring_graphs/instance_3660.graph,18,13,True,1.1317215,-0.69511867
instance_3661.graph,data/graph_coloring_graphs/instance_3661.graph,18,3,False,-3.7300243,1.0154716
instance_3662.graph,data/graph_coloring_graphs/instance_3662.graph,20,9,True,0.46012878,1.0440979
instance_3663.graph,data/graph_coloring_graphs/instance_3663.graph,20,15,True,1.1904621,-1.1547163
instance_3664.graph,data/graph_coloring_graphs/instance_3664.graph,20,7,True,-0.2317667,0.8818972
instance_3665.graph,data/graph_coloring_graphs/instance_3665.graph,20,3,False,-5.1575565,1.7053001
instance_3666.graph,data/graph_coloring_graphs/instance_3666.graph,18,5,False,-3.4958649,1.277938
instance_3667.graph,data/graph_coloring_graphs/instance_3667.graph,12,13,True,1.0418777,-0.7417097
instance_3668.graph,data/graph_coloring_graphs/instance_3668.graph,20,9,True,0.6570301,0.87212336
instance_3669.graph,data/graph_coloring_graphs/instance_3669.graph,12,15,True,1.0428658,-1.0764493
instance_367.graph,data/graph_coloring_graphs/instance_367.graph,10,3,False,-4.0630093,1.1844678
instance_3670.graph,data/graph_coloring_graphs/instance_3670.graph,20,5,False,-3.9725246,1.3761632
instance_3671.graph,data/graph_coloring_graphs/instance_3671.graph,12,13,True,1.2082825,-1.5068631
instance_3672.graph,data/graph_coloring_graphs/instance_3672.graph,12,7,True,1.5442581,-0.17698981
instance_3673.graph,data/graph_coloring_graphs/instance_3673.graph,14,9,True,1.0254698,0.28852904
instance_3674.graph,data/graph_coloring_graphs/instance_3674.graph,18,3,True,-1.9649563,0.4944472
instance_3675.graph,data/graph_coloring_graphs/instance_3675.graph,16,5,True,0.29943466,0.3582537
instance_3676.graph,data/graph_coloring_graphs/instance_3676.graph,12,7,True,2.0995712,0.09171927
instance_3677.graph,data/graph_coloring_graphs/instance_3677.graph,16,9,True,1.3336029,-0.16392045
instance_3678.graph,data/graph_coloring_graphs/instance_3678.graph,18,3,False,-5.074321,1.5705407
instance_3679.graph,data/graph_coloring_graphs/instance_3679.graph,14,9,True,0.6783962,0.65206313
instance_368.graph,data/graph_coloring_graphs/instance_368.graph,16,3,True,-2.3668575,0.48905393
instance_3680.graph,data/graph_coloring_graphs/instance_3680.graph,12,5,False,-2.7790575,1.1549692
instance_3681.graph,data/graph_coloring_graphs/instance_3681.graph,14,5,False,-3.085513,1.2318327
instance_3682.graph,data/graph_coloring_graphs/instance_3682.graph,12,3,False,-4.34186,1.2948405
instance_3683.graph,data/graph_coloring_graphs/instance_3683.graph,16,13,True,1.2309418,-1.256552
instance_3684.graph,data/graph_coloring_graphs/instance_3684.graph,20,5,True,1.6721897,0.3138365
instance_3685.graph,data/graph_coloring_graphs/instance_3685.graph,18,3,False,-3.197363,1.1471372
instance_3686.graph,data/graph_coloring_graphs/instance_3686.graph,16,9,True,0.7027855,0.73692834
instance_3687.graph,data/graph_coloring_graphs/instance_3687.graph,12,13,True,1.0284119,-1.3730247
instance_3688.graph,data/graph_coloring_graphs/instance_3688.graph,10,15,True,0.9961319,-1.215348
instance_3689.graph,data/graph_coloring_graphs/instance_3689.graph,18,13,True,1.1749306,-0.90062666
instance_369.graph,data/graph_coloring_graphs/instance_369.graph,14,13,True,1.0758362,-0.7956593
instance_3690.graph,data/graph_coloring_graphs/instance_3690.graph,16,11,True,1.1136398,-0.16662987
instance_3691.graph,data/graph_coloring_graphs/instance_3691.graph,20,3,False,-5.241255,1.7468071
instance_3692.graph,data/graph_coloring_graphs/instance_3692.graph,18,7,True,0.79249,-0.029496329
instance_3693.graph,data/graph_coloring_graphs/instance_3693.graph,20,7,True,-0.44688702,0.89739895
instance_3694.graph,data/graph_coloring_graphs/instance_3694.graph,20,3,False,-5.8344307,1.9745071
instance_3695.graph,data/graph_coloring_graphs/instance_3695.graph,16,9,True,0.7115011,0.7652906
instance_3696.graph,data/graph_coloring_graphs/instance_3696.graph,14,7,True,-0.5795469,0.8086884
instance_3697.graph,data/graph_coloring_graphs/instance_3697.graph,18,9,True,0.55047417,0.966728
instance_3698.graph,data/graph_coloring_graphs/instance_3698.graph,20,5,False,-3.7961483,1.3458798
instance_3699.graph,data/graph_coloring_graphs/instance_3699.graph,10,13,True,0.9410057,-1.0423478
instance_37.graph,data/graph_coloring_graphs/instance_37.graph,20,11,True,1.2910404,-0.6914705
instance_370.graph,data/graph_coloring_graphs/instance_370.graph,10,11,True,1.0003948,-0.43354267
instance_3700.graph,data/graph_coloring_graphs/instance_3700.graph,10,11,True,0.9871235,-0.40178987
instance_3701.graph,data/graph_coloring_graphs/instance_3701.graph,10,9,True,0.7662344,0.36925855
instance_3702.graph,data/graph_coloring_graphs/instance_3702.graph,20,5,True,-1.8909407,0.9873446
instance_3703.graph,data/graph_coloring_graphs/instance_3703.graph,10,7,True,-0.1342287,0.78465474
instance_3704.graph,data/graph_coloring_graphs/instance_3704.graph,16,11,True,1.1814756,-0.47519737
instance_3705.graph,data/graph_coloring_graphs/instance_3705.graph,10,11,True,0.9738426,-1.1173513
instance_3706.graph,data/graph_coloring_graphs/instance_3706.graph,16,9,True,1.2941322,-0.46785638
instance_3707.graph,data/graph_coloring_graphs/instance_3707.graph,14,15,True,1.0869675,-1.0485647
instance_3708.graph,data/graph_coloring_graphs/instance_3708.graph,16,3,False,-3.7554798,1.2117103
instance_3709.graph,data/graph_coloring_graphs/instance_3709.graph,18,15,True,1.1420288,-1.0357833
instance_371.graph,data/graph_coloring_graphs/instance_371.graph,14,9,True,0.64964485,0.77792716
instance_3710.graph,data/graph_coloring_graphs/instance_3710.graph,10,3,False,-3.6005688,0.8104023
instance_3711.graph,data/graph_coloring_graphs/instance_3711.graph,10,15,True,0.98477745,-1.2952116
instance_3712.graph,data/graph_coloring_graphs/instance_3712.graph,16,15,True,1.0972481,-0.9951724
instance_3713.graph,data/graph_coloring_graphs/instance_3713.graph,16,3,False,-4.546832,1.4344232
instance_3714.graph,data/graph_coloring_graphs/instance_3714.graph,18,13,True,1.1477737,-0.6542895
instance_3715.graph,data/graph_coloring_graphs/instance_3715.graph,20,11,True,1.1922569,-0.20632783
instance_3716.graph,data/graph_coloring_graphs/instance_3716.graph,16,9,True,1.3813133,-0.4236777
instance_3717.graph,data/graph_coloring_graphs/instance_3717.graph,16,9,True,1.4447784,-0.66320956
instance_3718.graph,data/graph_coloring_graphs/instance_3718.graph,10,13,True,0.8315582,-1.4560506
instance_3719.graph,data/graph_coloring_graphs/instance_3719.graph,10,9,True,1.0414963,-0.59832907
instance_372.graph,data/graph_coloring_graphs/instance_372.graph,10,5,False,-1.2191873,0.76436615
instance_3720.graph,data/graph_coloring_graphs/instance_3720.graph,18,9,True,0.5504799,0.966728
instance_3721.graph,data/graph_coloring_graphs/instance_3721.graph,14,9,True,0.9317703,-0.57727194
instance_3722.graph,data/graph_coloring_graphs/instance_3722.graph,18,7,True,0.42395782,0.69702256
instance_3723.graph,data/graph_coloring_graphs/instance_3723.graph,12,3,True,1.446022,-0.27806342
instance_3724.graph,data/graph_coloring_graphs/instance_3724.graph,20,11,True,1.127842,0.15925628
instance_3725.graph,data/graph_coloring_graphs/instance_3725.graph,10,3,True,2.9989014,-0.41361907
instance_3726.graph,data/graph_coloring_graphs/instance_3726.graph,20,5,False,-5.097313,1.5872817
instance_3727.graph,data/graph_coloring_graphs/instance_3727.graph,14,3,True,-1.2332001,0.21710423
instance_3728.graph,data/graph_coloring_graphs/instance_3728.graph,18,5,False,-4.695711,1.4868402
instance_3729.graph,data/graph_coloring_graphs/instance_3729.graph,12,5,True,-2.2156749,1.0054005
instance_373.graph,data/graph_coloring_graphs/instance_373.graph,10,13,True,1.115696,-1.5083115
instance_3730.graph,data/graph_coloring_graphs/instance_3730.graph,14,5,False,-3.0220509,1.1835537
instance_3731.graph,data/graph_coloring_graphs/instance_3731.graph,18,13,True,1.1386032,-0.65961885
instance_3732.graph,data/graph_coloring_graphs/instance_3732.graph,20,9,True,1.5198364,-0.266704
instance_3733.graph,data/graph_coloring_graphs/instance_3733.graph,12,15,True,1.0938263,-1.4665339
instance_3734.graph,data/graph_coloring_graphs/instance_3734.graph,10,9,True,1.0926838,0.110009104
instance_3735.graph,data/graph_coloring_graphs/instance_3735.graph,20,11,True,1.1231537,0.15590811
instance_3736.graph,data/graph_coloring_graphs/instance_3736.graph,18,7,False,-1.8586159,1.3106263
instance_3737.graph,data/graph_coloring_graphs/instance_3737.graph,16,3,False,-3.774702,1.1419736
instance_3738.graph,data/graph_coloring_graphs/instance_3738.graph,14,5,False,-2.9287548,1.2050965
instance_3739.graph,data/graph_coloring_graphs/instance_3739.graph,18,13,True,1.1937718,-0.9317063
instance_374.graph,data/graph_coloring_graphs/instance_374.graph,14,13,True,1.1285007,-1.0039201
instance_3740.graph,data/graph_coloring_graphs/instance_3740.graph,16,5,True,1.755249,-0.14059207
instance_3741.graph,data/graph_coloring_graphs/instance_3741.graph,18,9,True,0.5227375,0.9908924
instance_3742.graph,data/graph_coloring_graphs/instance_3742.graph,18,3,False,-5.1002502,1.6886123
instance_3743.graph,data/graph_coloring_graphs/instance_3743.graph,18,11,True,1.1414528,-0.042054944
instance_3744.graph,data/graph_coloring_graphs/instance_3744.graph,14,15,True,1.0856323,-1.228434
instance_3745.graph,data/graph_coloring_graphs/instance_3745.graph,12,11,True,1.0559635,-0.2606629
instance_3746.graph,data/graph_coloring_graphs/instance_3746.graph,18,15,True,1.331377,-1.3552456
instance_3747.graph,data/graph_coloring_graphs/instance_3747.graph,20,11,True,1.1308899,0.13005665
instance_3748.graph,data/graph_coloring_graphs/instance_3748.graph,16,3,False,-5.4053783,1.801645
instance_3749.graph,data/graph_coloring_graphs/instance_3749.graph,14,15,True,1.078682,-1.0575321
instance_375.graph,data/graph_coloring_graphs/instance_375.graph,12,5,False,-1.0767953,0.8590224
instance_3750.graph,data/graph_coloring_graphs/instance_3750.graph,18,3,False,-4.833803,1.5577159
instance_3751.graph,data/graph_coloring_graphs/instance_3751.graph,20,3,False,-5.7414474,1.9606402
instance_3752.graph,data/graph_coloring_graphs/instance_3752.graph,16,9,True,0.5690956,0.8967414
instance_3753.graph,data/graph_coloring_graphs/instance_3753.graph,16,13,True,1.1119385,-0.65119326
instance_3754.graph,data/graph_coloring_graphs/instance_3754.graph,16,5,False,-3.507927,1.2235677
instance_3755.graph,data/graph_coloring_graphs/instance_3755.graph,16,5,False,-4.1187553,1.4227502
instance_3756.graph,data/graph_coloring_graphs/instance_3756.graph,10,7,True,-0.5108056,0.6981102
instance_3757.graph,data/graph_coloring_graphs/instance_3757.graph,16,11,True,1.2695923,-0.94837856
instance_3758.graph,data/graph_coloring_graphs/instance_3758.graph,20,9,True,0.5523243,0.9419544
instance_3759.graph,data/graph_coloring_graphs/instance_3759.graph,12,3,False,-3.8431234,1.1560032
instance_376.graph,data/graph_coloring_graphs/instance_376.graph,20,9,True,0.39151764,1.0857593
instance_3760.graph,data/graph_coloring_graphs/instance_3760.graph,10,11,True,0.86151123,-1.0261003
instance_3761.graph,data/graph_coloring_graphs/instance_3761.graph,16,5,False,-4.0201683,1.4061673
instance_3762.graph,data/graph_coloring_graphs/instance_3762.graph,12,13,True,0.8439903,-1.3941243
instance_3763.graph,data/graph_coloring_graphs/instance_3763.graph,10,11,True,0.87542725,-1.1877819
instance_3764.graph,data/graph_coloring_graphs/instance_3764.graph,14,7,True,2.1104507,-0.41687092
instance_3765.graph,data/graph_coloring_graphs/instance_3765.graph,20,15,True,1.1397781,-1.0246574
instance_3766.graph,data/graph_coloring_graphs/instance_3766.graph,20,3,False,-4.385956,1.3796961
instance_3767.graph,data/graph_coloring_graphs/instance_3767.graph,14,13,True,1.2704954,-1.165989
instance_3768.graph,data/graph_coloring_graphs/instance_3768.graph,20,9,True,1.3842716,0.0047356263
instance_3769.graph,data/graph_coloring_graphs/instance_3769.graph,14,13,True,1.102375,-0.67904913
instance_377.graph,data/graph_coloring_graphs/instance_377.graph,12,13,True,1.2082863,-1.506863
instance_3770.graph,data/graph_coloring_graphs/instance_3770.graph,12,13,True,1.0654154,-0.89890134
instance_3771.graph,data/graph_coloring_graphs/instance_3771.graph,20,3,False,-5.3403034,1.7105327
instance_3772.graph,data/graph_coloring_graphs/instance_3772.graph,14,13,True,1.2312927,-1.3183854
instance_3773.graph,data/graph_coloring_graphs/instance_3773.graph,18,5,False,-3.1415882,1.2162571
instance_3774.graph,data/graph_coloring_graphs/instance_3774.graph,16,5,False,-3.4346123,1.1270732
instance_3775.graph,data/graph_coloring_graphs/instance_3775.graph,10,13,True,0.9371414,-1.0647974
instance_3776.graph,data/graph_coloring_graphs/instance_3776.graph,18,9,True,0.45882988,1.0251362
instance_3777.graph,data/graph_coloring_graphs/instance_3777.graph,12,13,True,1.0466499,-0.89535606
instance_3778.graph,data/graph_coloring_graphs/instance_3778.graph,16,15,True,1.2875328,-1.4630271
instance_3779.graph,data/graph_coloring_graphs/instance_3779.graph,12,7,True,-0.55764675,0.93834853
instance_378.graph,data/graph_coloring_graphs/instance_378.graph,10,13,True,0.980813,-0.933388
instance_3780.graph,data/graph_coloring_graphs/instance_3780.graph,10,11,True,0.9887352,-0.21569744
instance_3781.graph,data/graph_coloring_graphs/instance_3781.graph,14,7,True,1.2998791,0.4609172
instance_3782.graph,data/graph_coloring_graphs/instance_3782.graph,20,13,True,1.152214,-0.6678051
instance_3783.graph,data/graph_coloring_graphs/instance_3783.graph,18,9,True,1.1223822,0.43144563
instance_3784.graph,data/graph_coloring_graphs/instance_3784.graph,14,3,True,0.33247948,0.26711157
instance_3785.graph,data/graph_coloring_graphs/instance_3785.graph,12,9,True,0.76579666,0.6521559
instance_3786.graph,data/graph_coloring_graphs/instance_3786.graph,18,5,True,2.097702,-0.10992043
instance_3787.graph,data/graph_coloring_graphs/instance_3787.graph,20,9,True,1.0062551,0.5022948
instance_3788.graph,data/graph_coloring_graphs/instance_3788.graph,20,15,True,1.2239494,-1.30954
instance_3789.graph,data/graph_coloring_graphs/instance_3789.graph,18,15,True,1.3449669,-1.4307353
instance_379.graph,data/graph_coloring_graphs/instance_379.graph,10,11,True,0.96068,-0.76489604
instance_3790.graph,data/graph_coloring_graphs/instance_3790.graph,10,7,True,0.21442413,0.69644916
instance_3791.graph,data/graph_coloring_graphs/instance_3791.graph,18,7,True,1.5310097,-0.03323502
instance_3792.graph,data/graph_coloring_graphs/instance_3792.graph,16,15,True,1.0999603,-1.017782
instance_3793.graph,data/graph_coloring_graphs/instance_3793.graph,18,5,False,-2.612214,1.1548636
instance_3794.graph,data/graph_coloring_graphs/instance_3794.graph,10,11,True,0.9841442,-0.2691967
instance_3795.graph,data/graph_coloring_graphs/instance_3795.graph,14,5,True,1.2993736,-0.42595163
instance_3796.graph,data/graph_coloring_graphs/instance_3796.graph,14,3,False,-5.211094,1.6490657
instance_3797.graph,data/graph_coloring_graphs/instance_3797.graph,10,13,True,0.9755821,-1.1731378
instance_3798.graph,data/graph_coloring_graphs/instance_3798.graph,18,7,True,-0.45465565,0.7707082
instance_3799.graph,data/graph_coloring_graphs/instance_3799.graph,14,5,False,-2.847786,1.1912844
instance_38.graph,data/graph_coloring_graphs/instance_38.graph,21,158,True,0.41588974,1.1000996
instance_380.graph,data/graph_coloring_graphs/instance_380.graph,12,15,True,1.077034,-1.1378622
instance_3800.graph,data/graph_coloring_graphs/instance_3800.graph,14,15,True,1.0981789,-1.0729425
instance_3801.graph,data/graph_coloring_graphs/instance_3801.graph,12,9,True,0.65512943,0.70650244
instance_3802.graph,data/graph_coloring_graphs/instance_3802.graph,18,13,True,1.3117447,-1.2083439
instance_3803.graph,data/graph_coloring_graphs/instance_3803.graph,20,5,False,-4.9855423,1.585631
instance_3804.graph,data/graph_coloring_graphs/instance_3804.graph,18,15,True,1.1352577,-1.0372635
instance_3805.graph,data/graph_coloring_graphs/instance_3805.graph,16,3,False,-3.097107,1.007709
instance_3806.graph,data/graph_coloring_graphs/instance_3806.graph,14,15,True,1.0783958,-1.0504395
instance_3807.graph,data/graph_coloring_graphs/instance_3807.graph,14,5,True,0.27920723,0.47481427
instance_3808.graph,data/graph_coloring_graphs/instance_3808.graph,10,5,True,1.0739441,0.22366443
instance_3809.graph,data/graph_coloring_graphs/instance_3809.graph,10,11,True,0.7341671,-1.0818872
instance_381.graph,data/graph_coloring_graphs/instance_381.graph,16,11,True,1.1033249,0.03782037
instance_3810.graph,data/graph_coloring_graphs/instance_3810.graph,10,7,True,1.5485382,-0.5406234
instance_3811.graph,data/graph_coloring_graphs/instance_3811.graph,20,3,False,-5.7559166,1.9325767
instance_3812.graph,data/graph_coloring_graphs/instance_3812.graph,18,3,True,-0.23518372,0.07367141
instance_3813.graph,data/graph_coloring_graphs/instance_3813.graph,10,7,True,0.19950485,0.18465216
instance_3814.graph,data/graph_coloring_graphs/instance_3814.graph,10,13,True,0.9566555,-1.1015565
instance_3815.graph,data/graph_coloring_graphs/instance_3815.graph,10,15,True,1.10989,-1.5923872
instance_3816.graph,data/graph_coloring_graphs/instance_3816.graph,12,13,True,1.027092,-1.2097496
instance_3817.graph,data/graph_coloring_graphs/instance_3817.graph,16,7,True,-0.9037323,0.9935316
instance_3818.graph,data/graph_coloring_graphs/instance_3818.graph,10,13,True,0.97284555,-0.98894393
instance_3819.graph,data/graph_coloring_graphs/instance_3819.graph,16,11,True,1.2204065,-0.7071713
instance_382.graph,data/graph_coloring_graphs/instance_382.graph,10,5,True,-0.37847137,0.60709596
instance_3820.graph,data/graph_coloring_graphs/instance_3820.graph,10,3,False,-4.2007685,1.2519343
instance_3821.graph,data/graph_coloring_graphs/instance_3821.graph,20,15,True,1.3711433,-1.483419
instance_3822.graph,data/graph_coloring_graphs/instance_3822.graph,10,13,True,0.97896767,-1.1436441
instance_3823.graph,data/graph_coloring_graphs/instance_3823.graph,10,9,True,1.0721359,-1.0339396
instance_3824.graph,data/graph_coloring_graphs/instance_3824.graph,18,5,False,-2.6071072,1.1232042
instance_3825.graph,data/graph_coloring_graphs/instance_3825.graph,10,9,True,0.88959503,-0.7892325
instance_3826.graph,data/graph_coloring_graphs/instance_3826.graph,10,11,True,1.0207176,-0.89826167
instance_3827.graph,data/graph_coloring_graphs/instance_3827.graph,10,15,True,0.98008156,-1.3280061
instance_3828.graph,data/graph_coloring_graphs/instance_3828.graph,12,15,True,1.0527611,-1.09425
instance_3829.graph,data/graph_coloring_graphs/instance_3829.graph,20,3,False,-4.518468,1.3311629
instance_383.graph,data/graph_coloring_graphs/instance_383.graph,18,5,False,-4.817341,1.5299089
instance_3830.graph,data/graph_coloring_graphs/instance_3830.graph,18,7,False,-2.2911873,1.3612823
instance_3831.graph,data/graph_coloring_graphs/instance_3831.graph,12,5,True,2.4248352,-0.4670861
instance_3832.graph,data/graph_coloring_graphs/instance_3832.graph,18,11,True,1.3248768,-0.94173384
instance_3833.graph,data/graph_coloring_graphs/instance_3833.graph,10,13,True,0.97103214,-0.8667556
instance_3834.graph,data/graph_coloring_graphs/instance_3834.graph,10,3,False,-4.548813,1.3099965
instance_3835.graph,data/graph_coloring_graphs/instance_3835.graph,20,5,True,-0.9898648,0.8964616
instance_3836.graph,data/graph_coloring_graphs/instance_3836.graph,12,3,False,-4.235798,1.2420526
instance_3837.graph,data/graph_coloring_graphs/instance_3837.graph,12,11,True,1.099266,-1.0919831
instance_3838.graph,data/graph_coloring_graphs/instance_3838.graph,12,11,True,1.0706744,-0.6659658
instance_3839.graph,data/graph_coloring_graphs/instance_3839.graph,12,7,True,2.632656,-0.27366975
instance_384.graph,data/graph_coloring_graphs/instance_384.graph,20,3,False,-5.9064636,2.0129714
instance_3840.graph,data/graph_coloring_graphs/instance_3840.graph,20,13,True,1.2330618,-0.89598286
instance_3841.graph,data/graph_coloring_graphs/instance_3841.graph,10,15,True,1.0187988,-1.4068724
instance_3842.graph,data/graph_coloring_graphs/instance_3842.graph,12,11,True,1.0681796,-0.55641127
instance_3843.graph,data/graph_coloring_graphs/instance_3843.graph,16,5,False,-3.7591972,1.362282
instance_3844.graph,data/graph_coloring_graphs/instance_3844.graph,20,5,False,-4.92437,1.5581961
instance_3845.graph,data/graph_coloring_graphs/instance_3845.graph,18,5,False,-3.6788425,1.3362806
instance_3846.graph,data/graph_coloring_graphs/instance_3846.graph,20,13,True,1.1407242,-0.6407299
instance_3847.graph,data/graph_coloring_graphs/instance_3847.graph,16,15,True,1.1050911,-1.0044198
instance_3848.graph,data/graph_coloring_graphs/instance_3848.graph,12,7,True,3.2971306,-0.512635
instance_3849.graph,data/graph_coloring_graphs/instance_3849.graph,10,9,True,0.7784481,0.46077582
instance_385.graph,data/graph_coloring_graphs/instance_385.graph,10,9,True,0.7886419,0.5371804
instance_3850.graph,data/graph_coloring_graphs/instance_3850.graph,20,11,True,1.2143335,-0.3720246
instance_3851.graph,data/graph_coloring_graphs/instance_3851.graph,14,13,True,1.0900192,-0.7722477
instance_3852.graph,data/graph_coloring_graphs/instance_3852.graph,16,15,True,1.2824783,-1.4463564
instance_3853.graph,data/graph_coloring_graphs/instance_3853.graph,14,13,True,1.2142067,-1.3669066
instance_3854.graph,data/graph_coloring_graphs/instance_3854.graph,12,9,True,0.6708689,0.69042814
instance_3855.graph,data/graph_coloring_graphs/instance_3855.graph,14,3,False,-3.5673647,0.9884566
instance_3856.graph,data/graph_coloring_graphs/instance_3856.graph,20,15,True,1.1958828,-1.1159776
instance_3857.graph,data/graph_coloring_graphs/instance_3857.graph,18,7,True,-1.3746662,1.1370435
instance_3858.graph,data/graph_coloring_graphs/instance_3858.graph,20,7,True,1.3941956,-0.063296534
instance_3859.graph,data/graph_coloring_graphs/instance_3859.graph,14,3,True,-1.2344131,0.17150909
instance_386.graph,data/graph_coloring_graphs/instance_386.graph,18,13,True,1.1214523,-0.68709064
instance_3860.graph,data/graph_coloring_graphs/instance_3860.graph,20,3,True,-1.137455,0.28020653
instance_3861.graph,data/graph_coloring_graphs/instance_3861.graph,12,5,True,2.2566833,0.0032104552
instance_3862.graph,data/graph_coloring_graphs/instance_3862.graph,12,15,True,1.0638885,-1.1690514
instance_3863.graph,data/graph_coloring_graphs/instance_3863.graph,18,11,True,1.2798347,-0.68769383
instance_3864.graph,data/graph_coloring_graphs/instance_3864.graph,12,13,True,1.0644608,-1.6484027
instance_3865.graph,data/graph_coloring_graphs/instance_3865.graph,10,11,True,0.9951925,-0.52119446
instance_3866.graph,data/graph_coloring_graphs/instance_3866.graph,12,3,False,-4.3793116,1.2129571
instance_3867.graph,data/graph_coloring_graphs/instance_3867.graph,16,15,True,1.1082687,-1.0263155
instance_3868.graph,data/graph_coloring_graphs/instance_3868.graph,12,11,True,1.039545,-0.44377562
instance_3869.graph,data/graph_coloring_graphs/instance_3869.graph,16,5,False,-4.4551773,1.454214
instance_387.graph,data/graph_coloring_graphs/instance_387.graph,16,3,False,-3.1039004,0.9229567
instance_3870.graph,data/graph_coloring_graphs/instance_3870.graph,12,3,False,-4.5413504,1.4831269
instance_3871.graph,data/graph_coloring_graphs/instance_3871.graph,10,7,True,1.8082008,-0.13853937
instance_3872.graph,data/graph_coloring_graphs/instance_3872.graph,16,13,True,1.2312851,-1.3183854
instance_3873.graph,data/graph_coloring_graphs/instance_3873.graph,16,5,True,0.3874817,0.123432875
instance_3874.graph,data/graph_coloring_graphs/instance_3874.graph,16,13,True,1.230938,-1.2565521
instance_3875.graph,data/graph_coloring_graphs/instance_3875.graph,20,13,True,1.1977205,-0.84686935
instance_3876.graph,data/graph_coloring_graphs/instance_3876.graph,10,15,True,1.1098671,-1.5923871
instance_3877.graph,data/graph_coloring_graphs/instance_3877.graph,12,13,True,1.0412102,-0.749794
instance_3878.graph,data/graph_coloring_graphs/instance_3878.graph,12,3,False,-3.2147121,0.9810684
instance_3879.graph,data/graph_coloring_graphs/instance_3879.graph,10,5,True,1.4773331,-0.95230687
instance_388.graph,data/graph_coloring_graphs/instance_388.graph,14,7,True,-0.5020647,0.7878206
instance_3880.graph,data/graph_coloring_graphs/instance_3880.graph,12,7,True,0.05554104,0.6410568
instance_3881.graph,data/graph_coloring_graphs/instance_3881.graph,16,11,True,1.1030388,0.0433935
instance_3882.graph,data/graph_coloring_graphs/instance_3882.graph,10,13,True,0.9756546,-0.8396641
instance_3883.graph,data/graph_coloring_graphs/instance_3883.graph,16,13,True,1.2669334,-1.3408525
instance_3884.graph,data/graph_coloring_graphs/instance_3884.graph,20,7,False,-2.488453,1.4455156
instance_3885.graph,data/graph_coloring_graphs/instance_3885.graph,12,7,True,-0.23490143,0.8594686
instance_3886.graph,data/graph_coloring_graphs/instance_3886.graph,14,7,True,0.55093,-0.11286878
instance_3887.graph,data/graph_coloring_graphs/instance_3887.graph,14,11,True,1.0900421,-0.005626932
instance_3888.graph,data/graph_coloring_graphs/instance_3888.graph,12,11,True,1.1199303,-1.1935468
instance_3889.graph,data/graph_coloring_graphs/instance_3889.graph,12,7,True,0.7683134,0.61425436
instance_389.graph,data/graph_coloring_graphs/instance_389.graph,20,11,True,1.1530914,-0.017168619
instance_3890.graph,data/graph_coloring_graphs/instance_3890.graph,16,3,False,-4.5762005,1.3801944
instance_3891.graph,data/graph_coloring_graphs/instance_3891.graph,20,15,True,1.1631832,-1.1175746
instance_3892.graph,data/graph_coloring_graphs/instance_3892.graph,12,15,True,1.0816631,-1.2993033
instance_3893.graph,data/graph_coloring_graphs/instance_3893.graph,12,7,True,0.2639885,-0.79651356
instance_3894.graph,data/graph_coloring_graphs/instance_3894.graph,14,13,True,1.2288275,-1.2016151
instance_3895.graph,data/graph_coloring_graphs/instance_3895.graph,20,5,True,-1.7716541,0.9983151
instance_3896.graph,data/graph_coloring_graphs/instance_3896.graph,20,5,False,-3.9725285,1.3761631
instance_3897.graph,data/graph_coloring_graphs/instance_3897.graph,20,7,False,-1.9983215,1.352798
instance_3898.graph,data/graph_coloring_graphs/instance_3898.graph,18,11,True,1.1549683,-0.28851238
instance_3899.graph,data/graph_coloring_graphs/instance_3899.graph,20,3,False,-2.1680508,0.6695802
instance_39.graph,data/graph_coloring_graphs/instance_39.graph,13,45,True,0.74617386,0.5464653
instance_390.graph,data/graph_coloring_graphs/instance_390.graph,18,11,True,1.2831364,-0.83069134
instance_3900.graph,data/graph_coloring_graphs/instance_3900.graph,10,5,True,0.04938221,0.6136782
instance_3901.graph,data/graph_coloring_graphs/instance_3901.graph,12,7,False,-0.77692413,0.99195015
instance_3902.graph,data/graph_coloring_graphs/instance_3902.graph,16,15,True,1.1060829,-1.0113505
instance_3903.graph,data/graph_coloring_graphs/instance_3903.graph,20,11,True,1.1359138,0.022830285
instance_3904.graph,data/graph_coloring_graphs/instance_3904.graph,18,5,False,-4.5453815,1.5048822
instance_3905.graph,data/graph_coloring_graphs/instance_3905.graph,14,13,True,1.0893908,-0.9145496
instance_3906.graph,data/graph_coloring_graphs/instance_3906.graph,16,9,True,1.577919,-0.4373269
instance_3907.graph,data/graph_coloring_graphs/instance_3907.graph,20,11,True,1.1262474,0.17426379
instance_3908.graph,data/graph_coloring_graphs/instance_3908.graph,20,7,True,1.1094646,0.2788895
instance_3909.graph,data/graph_coloring_graphs/instance_3909.graph,10,15,True,0.80134964,-1.5784142
instance_391.graph,data/graph_coloring_graphs/instance_391.graph,16,13,True,1.1710663,-0.9181353
instance_3910.graph,data/graph_coloring_graphs/instance_3910.graph,10,9,True,0.766243,0.36925855
instance_3911.graph,data/graph_coloring_graphs/instance_3911.graph,12,13,True,1.0482197,-0.8702799
instance_3912.graph,data/graph_coloring_graphs/instance_3912.graph,16,3,False,-5.472105,1.7848908
instance_3913.graph,data/graph_coloring_graphs/instance_3913.graph,14,11,True,1.2089653,-1.1143906
instance_3914.graph,data/graph_coloring_graphs/instance_3914.graph,18,7,True,1.5273895,-0.14644386
instance_3915.graph,data/graph_coloring_graphs/instance_3915.graph,14,5,True,-0.45515633,0.67599416
instance_3916.graph,data/graph_coloring_graphs/instance_3916.graph,12,11,True,1.0574265,-0.14852571
instance_3917.graph,data/graph_coloring_graphs/instance_3917.graph,16,13,True,1.1783619,-0.9890679
instance_3918.graph,data/graph_coloring_graphs/instance_3918.graph,16,13,True,1.3166275,-1.2816021
instance_3919.graph,data/graph_coloring_graphs/instance_3919.graph,18,13,True,1.1162109,-0.59045684
instance_392.graph,data/graph_coloring_graphs/instance_392.graph,18,9,True,0.45882988,1.0251362
instance_3920.graph,data/graph_coloring_graphs/instance_3920.graph,18,5,True,-1.0914335,0.7755053
instance_3921.graph,data/graph_coloring_graphs/instance_3921.graph,10,13,True,0.94888115,-1.1556113
instance_3922.graph,data/graph_coloring_graphs/instance_3922.graph,12,5,False,-2.177843,0.9396392
instance_3923.graph,data/graph_coloring_graphs/instance_3923.graph,12,11,True,1.1619453,-1.1199205
instance_3924.graph,data/graph_coloring_graphs/instance_3924.graph,12,5,True,-1.3044391,0.7758144
instance_3925.graph,data/graph_coloring_graphs/instance_3925.graph,16,5,True,0.8915863,0.35647598
instance_3926.graph,data/graph_coloring_graphs/instance_3926.graph,14,11,True,1.1358256,-0.5433793
instance_3927.graph,data/graph_coloring_graphs/instance_3927.graph,18,7,True,0.27223587,0.25620508
instance_3928.graph,data/graph_coloring_graphs/instance_3928.graph,16,15,True,1.1671925,-1.2513046
instance_3929.graph,data/graph_coloring_graphs/instance_3929.graph,20,7,True,-1.531702,1.2460033
instance_393.graph,data/graph_coloring_graphs/instance_393.graph,14,5,False,-2.8537865,1.153985
instance_3930.graph,data/graph_coloring_graphs/instance_3930.graph,10,11,True,1.0341167,-0.4474568
instance_3931.graph,data/graph_coloring_graphs/instance_3931.graph,20,13,True,1.2830772,-1.0986298
instance_3932.graph,data/graph_coloring_graphs/instance_3932.graph,12,15,True,1.0776539,-1.1593544
instance_3933.graph,data/graph_coloring_graphs/instance_3933.graph,20,15,True,1.1419487,-1.0332127
instance_3934.graph,data/graph_coloring_graphs/instance_3934.graph,10,9,True,1.6164207,-0.47460213
instance_3935.graph,data/graph_coloring_graphs/instance_3935.graph,16,7,False,-1.4454517,1.2006893
instance_3936.graph,data/graph_coloring_graphs/instance_3936.graph,18,13,True,1.121952,-0.6959857
instance_3937.graph,data/graph_coloring_graphs/instance_3937.graph,18,9,True,1.1160393,-0.36918896
instance_3938.graph,data/graph_coloring_graphs/instance_3938.graph,18,11,True,1.2137527,-0.82899535
instance_3939.graph,data/graph_coloring_graphs/instance_3939.graph,14,9,True,0.70151806,0.7279997
instance_394.graph,data/graph_coloring_graphs/instance_394.graph,12,7,True,0.9300575,0.40603086
instance_3940.graph,data/graph_coloring_graphs/instance_3940.graph,18,9,True,1.099186,-0.10032886
instance_3941.graph,data/graph_coloring_graphs/instance_3941.graph,14,3,False,-1.3482246,0.541613
instance_3942.graph,data/graph_coloring_graphs/instance_3942.graph,20,3,False,-5.805031,2.0264404
instance_3943.graph,data/graph_coloring_graphs/instance_3943.graph,20,3,False,-4.4376574,1.348223
instance_3944.graph,data/graph_coloring_graphs/instance_3944.graph,10,3,True,-1.2283401,0.39873698
instance_3945.graph,data/graph_coloring_graphs/instance_3945.graph,20,15,True,1.3958511,-1.4809654
instance_3946.graph,data/graph_coloring_graphs/instance_3946.graph,20,13,True,1.3038559,-1.2692814
instance_3947.graph,data/graph_coloring_graphs/instance_3947.graph,14,15,True,1.0811005,-1.1175624
instance_3948.graph,data/graph_coloring_graphs/instance_3948.graph,12,9,True,0.8593483,0.56105185
instance_3949.graph,data/graph_coloring_graphs/instance_3949.graph,18,7,True,0.28032207,0.73216057
instance_395.graph,data/graph_coloring_graphs/instance_395.graph,14,3,False,-4.6702013,1.4411159
instance_3950.graph,data/graph_coloring_graphs/instance_3950.graph,14,9,True,0.7517061,0.72296
instance_3951.graph,data/graph_coloring_graphs/instance_3951.graph,20,3,False,-5.8530426,1.9844317
instance_3952.graph,data/graph_coloring_graphs/instance_3952.graph,12,9,True,1.1006012,-0.99931395
instance_3953.graph,data/graph_coloring_graphs/instance_3953.graph,16,11,True,1.3121147,-0.957101
instance_3954.graph,data/graph_coloring_graphs/instance_3954.graph,12,3,True,-1.3544083,0.6106483
instance_3955.graph,data/graph_coloring_graphs/instance_3955.graph,12,7,True,1.5554218,0.33664206
instance_3956.graph,data/graph_coloring_graphs/instance_3956.graph,20,9,True,0.62517357,0.8768029
instance_3957.graph,data/graph_coloring_graphs/instance_3957.graph,20,7,True,-1.4128494,1.218802
instance_3958.graph,data/graph_coloring_graphs/instance_3958.graph,18,7,True,-0.049599648,0.76735604
instance_3959.graph,data/graph_coloring_graphs/instance_3959.graph,20,13,True,1.1649094,-0.77707446
instance_396.graph,data/graph_coloring_graphs/instance_396.graph,10,13,True,0.983273,-0.9164797
instance_3960.graph,data/graph_coloring_graphs/instance_3960.graph,14,15,True,1.2465973,-1.6250513
instance_3961.graph,data/graph_coloring_graphs/instance_3961.graph,14,5,False,-1.5833945,0.88077414
instance_3962.graph,data/graph_coloring_graphs/instance_3962.graph,12,13,True,1.0425873,-0.7338426
instance_3963.graph,data/graph_coloring_graphs/instance_3963.graph,16,11,True,1.154952,-0.48303434
instance_3964.graph,data/graph_coloring_graphs/instance_3964.graph,20,7,True,-1.0861263,1.1440226
instance_3965.graph,data/graph_coloring_graphs/instance_3965.graph,12,3,True,2.4317722,-0.029781014
instance_3966.graph,data/graph_coloring_graphs/instance_3966.graph,18,11,True,1.2448387,-0.66653156
instance_3967.graph,data/graph_coloring_graphs/instance_3967.graph,20,11,True,1.154335,-0.028138332
instance_3968.graph,data/graph_coloring_graphs/instance_3968.graph,16,5,False,-3.866169,1.3802705
instance_3969.graph,data/graph_coloring_graphs/instance_3969.graph,16,5,False,-2.826562,1.2054302
instance_397.graph,data/graph_coloring_graphs/instance_397.graph,10,9,True,1.405014,-0.88852036
instance_3970.graph,data/graph_coloring_graphs/instance_3970.graph,10,15,True,0.99370384,-1.1329921
instance_3971.graph,data/graph_coloring_graphs/instance_3971.graph,14,13,True,1.0739164,-0.8682896
instance_3972.graph,data/graph_coloring_graphs/instance_3972.graph,14,7,True,-0.69184494,0.9002502
instance_3973.graph,data/graph_coloring_graphs/instance_3973.graph,14,15,True,1.0918732,-1.1208841
instance_3974.graph,data/graph_coloring_graphs/instance_3974.graph,16,9,True,1.0303564,0.37272885
instance_3975.graph,data/graph_coloring_graphs/instance_3975.graph,10,9,True,0.887743,0.33877006
instance_3976.graph,data/graph_coloring_graphs/instance_3976.graph,20,13,True,1.1509476,-0.65679026
instance_3977.graph,data/graph_coloring_graphs/instance_3977.graph,12,5,False,-2.876793,1.171963
instance_3978.graph,data/graph_coloring_graphs/instance_3978.graph,12,13,True,1.0578918,-1.1039481
instance_3979.graph,data/graph_coloring_graphs/instance_3979.graph,16,13,True,1.2066154,-1.2640243
instance_398.graph,data/graph_coloring_graphs/instance_398.graph,16,5,False,-3.6486206,1.3436828
instance_3980.graph,data/graph_coloring_graphs/instance_3980.graph,12,5,False,-2.7819672,1.1074864
instance_3981.graph,data/graph_coloring_graphs/instance_3981.graph,12,13,True,1.0425816,-0.7338426
instance_3982.graph,data/graph_coloring_graphs/instance_3982.graph,10,11,True,0.97901344,-0.3291805
instance_3983.graph,data/graph_coloring_graphs/instance_3983.graph,12,11,True,1.0972061,-0.96910024
instance_3984.graph,data/graph_coloring_graphs/instance_3984.graph,12,15,True,1.1278496,-1.5529432
instance_3985.graph,data/graph_coloring_graphs/instance_3985.graph,10,7,True,1.0980759,0.08036882
instance_3986.graph,data/graph_coloring_graphs/instance_3986.graph,12,5,False,-2.2487097,1.0627666
instance_3987.graph,data/graph_coloring_graphs/instance_3987.graph,12,5,True,2.4248352,-0.46708608
instance_3988.graph,data/graph_coloring_graphs/instance_3988.graph,14,11,True,1.214292,-0.6365545
instance_3989.graph,data/graph_coloring_graphs/instance_3989.graph,14,3,False,-3.414671,1.0161667
instance_399.graph,data/graph_coloring_graphs/instance_399.graph,10,13,True,1.0047989,-1.1923077
instance_3990.graph,data/graph_coloring_graphs/instance_3990.graph,12,3,False,-3.4807014,0.98621154
instance_3991.graph,data/graph_coloring_graphs/instance_3991.graph,16,11,True,1.2911768,-0.8127879
instance_3992.graph,data/graph_coloring_graphs/instance_3992.graph,12,11,True,1.1133232,-1.2683592
instance_3993.graph,data/graph_coloring_graphs/instance_3993.graph,10,5,True,-0.103279114,0.45549378
instance_3994.graph,data/graph_coloring_graphs/instance_3994.graph,14,7,True,0.82603073,0.33963868
instance_3995.graph,data/graph_coloring_graphs/instance_3995.graph,10,5,True,-0.37846565,0.60709596
instance_3996.graph,data/graph_coloring_graphs/instance_3996.graph,16,5,True,-2.1934996,0.9372053
instance_3997.graph,data/graph_coloring_graphs/instance_3997.graph,20,13,True,1.1330185,-0.64530516
instance_3998.graph,data/graph_coloring_graphs/instance_3998.graph,20,11,True,1.1354828,0.027497165
instance_3999.graph,data/graph_coloring_graphs/instance_3999.graph,16,15,True,1.1509132,-1.1678175
instance_4.graph,data/graph_coloring_graphs/instance_4.graph,13,39,True,-4.001417,1.1253653
instance_40.graph,data/graph_coloring_graphs/instance_40.graph,17,22,True,1.4657936,-0.07804713
instance_400.graph,data/graph_coloring_graphs/instance_400.graph,14,15,True,1.1015892,-1.1088574
instance_4000.graph,data/graph_coloring_graphs/instance_4000.graph,16,9,True,0.5902405,0.906991
instance_4001.graph,data/graph_coloring_graphs/instance_4001.graph,16,9,True,1.1557589,0.3551648
instance_4002.graph,data/graph_coloring_graphs/instance_4002.graph,20,9,False,0.41117096,1.1041294
instance_4003.graph,data/graph_coloring_graphs/instance_4003.graph,20,15,True,1.1690712,-1.0820317
instance_4004.graph,data/graph_coloring_graphs/instance_4004.graph,16,9,True,0.7350569,0.7435372
instance_4005.graph,data/graph_coloring_graphs/instance_4005.graph,20,13,True,1.2202396,-0.8283341
instance_4006.graph,data/graph_coloring_graphs/instance_4006.graph,18,15,True,1.171812,-1.1181456
instance_4007.graph,data/graph_coloring_graphs/instance_4007.graph,12,5,True,-1.1401777,0.74500346
instance_4008.graph,data/graph_coloring_graphs/instance_4008.graph,18,13,True,1.2825012,-1.2602439
instance_4009.graph,data/graph_coloring_graphs/instance_4009.graph,16,3,True,-0.74378204,0.1899767
instance_401.graph,data/graph_coloring_graphs/instance_401.graph,16,9,True,1.1675034,-0.45228043
instance_4010.graph,data/graph_coloring_graphs/instance_4010.graph,20,15,True,1.1750145,-1.1312299
instance_4011.graph,data/graph_coloring_graphs/instance_4011.graph,10,13,True,0.98996925,-0.8698956
instance_4012.graph,data/graph_coloring_graphs/instance_4012.graph,12,5,True,-1.3044417,0.7758144
instance_4013.graph,data/graph_coloring_graphs/instance_4013.graph,20,7,True,2.204193,0.12051308
instance_4014.graph,data/graph_coloring_graphs/instance_4014.graph,18,11,True,1.1178627,0.07500241
instance_4015.graph,data/graph_coloring_graphs/instance_4015.graph,18,7,False,-1.9695053,1.3106391
instance_4016.graph,data/graph_coloring_graphs/instance_4016.graph,12,5,True,-1.0767949,0.85902226
instance_4017.graph,data/graph_coloring_graphs/instance_4017.graph,14,15,True,1.0905514,-1.1010673
instance_4018.graph,data/graph_coloring_graphs/instance_4018.graph,16,11,True,1.3065071,-0.9185344
instance_4019.graph,data/graph_coloring_graphs/instance_4019.graph,14,13,True,1.0904579,-0.67488337
instance_402.graph,data/graph_coloring_graphs/instance_402.graph,16,13,True,1.259798,-1.1182421
instance_4020.graph,data/graph_coloring_graphs/instance_4020.graph,12,13,True,1.0837178,-1.0520511
instance_4021.graph,data/graph_coloring_graphs/instance_4021.graph,10,15,True,0.9961281,-1.215348
instance_4022.graph,data/graph_coloring_graphs/instance_4022.graph,14,7,True,1.5291901,-0.4684387
instance_4023.graph,data/graph_coloring_graphs/instance_4023.graph,16,3,False,-5.554001,1.8284694
instance_4024.graph,data/graph_coloring_graphs/instance_4024.graph,14,9,True,1.145916,-0.69284546
instance_4025.graph,data/graph_coloring_graphs/instance_4025.graph,12,11,True,1.0557365,-0.2767482
instance_4026.graph,data/graph_coloring_graphs/instance_4026.graph,10,7,True,-0.68027115,0.84282804
instance_4027.graph,data/graph_coloring_graphs/instance_4027.graph,10,11,True,0.8893051,-0.8703356
instance_4028.graph,data/graph_coloring_graphs/instance_4028.graph,20,9,True,0.68021965,0.8743882
instance_4029.graph,data/graph_coloring_graphs/instance_4029.graph,16,5,True,-1.621872,0.965448
instance_403.graph,data/graph_coloring_graphs/instance_403.graph,12,3,False,-3.8431234,1.1560032
instance_4030.graph,data/graph_coloring_graphs/instance_4030.graph,16,13,True,1.2816086,-1.3268881
instance_4031.graph,data/graph_coloring_graphs/instance_4031.graph,18,11,True,1.113266,0.13571113
instance_4032.graph,data/graph_coloring_graphs/instance_4032.graph,18,15,True,1.1581383,-1.1001003
instance_4033.graph,data/graph_coloring_graphs/instance_4033.graph,18,13,True,1.1338158,-0.7240211
instance_4034.graph,data/graph_coloring_graphs/instance_4034.graph,14,3,True,0.032527924,0.17232943
instance_4035.graph,data/graph_coloring_graphs/instance_4035.graph,14,3,False,-2.3874207,0.66848135
instance_4036.graph,data/graph_coloring_graphs/instance_4036.graph,10,3,True,1.4460373,-0.27806345
instance_4037.graph,data/graph_coloring_graphs/instance_4037.graph,18,9,False,0.49012756,1.0193278
instance_4038.graph,data/graph_coloring_graphs/instance_4038.graph,14,5,False,-2.5937634,1.1479568
instance_4039.graph,data/graph_coloring_graphs/instance_4039.graph,12,9,True,0.9006386,0.38030958
instance_404.graph,data/graph_coloring_graphs/instance_404.graph,10,3,False,-4.200781,1.2519344
instance_4040.graph,data/graph_coloring_graphs/instance_4040.graph,10,13,True,0.9933686,-1.0185759
instance_4041.graph,data/graph_coloring_graphs/instance_4041.graph,20,5,False,-3.7329865,1.3790435
instance_4042.graph,data/graph_coloring_graphs/instance_4042.graph,18,11,True,1.275568,-0.7757807
instance_4043.graph,data/graph_coloring_graphs/instance_4043.graph,16,7,False,-1.8617325,1.2674403
instance_4044.graph,data/graph_coloring_graphs/instance_4044.graph,20,13,True,1.126339,-0.5643865
instance_4045.graph,data/graph_coloring_graphs/instance_4045.graph,18,7,True,1.9899101,0.15214694
instance_4046.graph,data/graph_coloring_graphs/instance_4046.graph,18,11,True,1.17416,-0.27846155
instance_4047.graph,data/graph_coloring_graphs/instance_4047.graph,16,11,True,1.170435,-0.3581322
instance_4048.graph,data/graph_coloring_graphs/instance_4048.graph,18,11,True,1.123764,0.07841505
instance_4049.graph,data/graph_coloring_graphs/instance_4049.graph,20,9,False,0.3972931,1.1159694
instance_405.graph,data/graph_coloring_graphs/instance_405.graph,10,13,True,1.0307617,-1.3287549
instance_4050.graph,data/graph_coloring_graphs/instance_4050.graph,16,7,False,-1.5760956,1.1983366
instance_4051.graph,data/graph_coloring_graphs/instance_4051.graph,18,7,True,1.5341682,0.066070944
instance_4052.graph,data/graph_coloring_graphs/instance_4052.graph,18,11,True,1.1741676,-0.27846155
instance_4053.graph,data/graph_coloring_graphs/instance_4053.graph,10,5,False,-1.8416662,0.95153916
instance_4054.graph,data/graph_coloring_graphs/instance_4054.graph,10,5,True,-0.27959824,0.056922138
instance_4055.graph,data/graph_coloring_graphs/instance_4055.graph,10,15,True,0.786705,-1.625576
instance_4056.graph,data/graph_coloring_graphs/instance_4056.graph,18,9,True,1.0107336,0.49407664
instance_4057.graph,data/graph_coloring_graphs/instance_4057.graph,10,5,True,-1.5880694,0.83337235
instance_4058.graph,data/graph_coloring_graphs/instance_4058.graph,18,7,False,-1.9137039,1.3233682
instance_4059.graph,data/graph_coloring_graphs/instance_4059.graph,20,3,True,-1.2899723,0.3988523
instance_406.graph,data/graph_coloring_graphs/instance_406.graph,16,15,True,1.0996552,-1.0153493
instance_4060.graph,data/graph_coloring_graphs/instance_4060.graph,20,5,False,-5.2396507,1.5936986
instance_4061.graph,data/graph_coloring_graphs/instance_4061.graph,12,13,True,1.0601387,-1.0427653
instance_4062.graph,data/graph_coloring_graphs/instance_4062.graph,18,3,True,-1.8601608,0.51643074
instance_4063.graph,data/graph_coloring_graphs/instance_4063.graph,14,11,True,1.0828476,-0.05615165
instance_4064.graph,data/graph_coloring_graphs/instance_4064.graph,18,7,True,4.1114426,-0.15472883
instance_4065.graph,data/graph_coloring_graphs/instance_4065.graph,18,9,True,0.44068146,1.0413692
instance_4066.graph,data/graph_coloring_graphs/instance_4066.graph,20,11,True,1.3755035,-0.82809544
instance_4067.graph,data/graph_coloring_graphs/instance_4067.graph,10,9,True,1.202282,-0.33128455
instance_4068.graph,data/graph_coloring_graphs/instance_4068.graph,12,9,True,0.8202839,0.5990894
instance_4069.graph,data/graph_coloring_graphs/instance_4069.graph,10,5,True,-1.5880733,0.83337235
instance_407.graph,data/graph_coloring_graphs/instance_407.graph,20,15,True,1.2835064,-1.2996982
instance_4070.graph,data/graph_coloring_graphs/instance_4070.graph,10,5,False,-2.1395497,1.0047598
instance_4071.graph,data/graph_coloring_graphs/instance_4071.graph,20,5,True,0.37273216,0.33385414
instance_4072.graph,data/graph_coloring_graphs/instance_4072.graph,16,15,True,1.1071281,-1.0186393
instance_4073.graph,data/graph_coloring_graphs/instance_4073.graph,16,7,True,-0.7088785,0.9885309
instance_4074.graph,data/graph_coloring_graphs/instance_4074.graph,10,15,True,0.9877186,-1.1666155
instance_4075.graph,data/graph_coloring_graphs/instance_4075.graph,10,15,True,1.0020733,-1.1735549
instance_4076.graph,data/graph_coloring_graphs/instance_4076.graph,12,13,True,1.1101284,-1.1291159
instance_4077.graph,data/graph_coloring_graphs/instance_4077.graph,14,5,True,-1.4143205,0.9010054
instance_4078.graph,data/graph_coloring_graphs/instance_4078.graph,10,15,True,0.98008347,-1.3280061
instance_4079.graph,data/graph_coloring_graphs/instance_4079.graph,12,13,True,1.0830841,-1.1160828
instance_408.graph,data/graph_coloring_graphs/instance_408.graph,20,7,False,-2.3767624,1.4394107
instance_4080.graph,data/graph_coloring_graphs/instance_4080.graph,16,9,True,0.6269283,0.87413776
instance_4081.graph,data/graph_coloring_graphs/instance_4081.graph,14,3,False,-4.875285,1.4707289
instance_4082.graph,data/graph_coloring_graphs/instance_4082.graph,12,15,True,1.0385666,-1.6226571
instance_4083.graph,data/graph_coloring_graphs/instance_4083.graph,18,13,True,1.1165733,-0.59639335
instance_4084.graph,data/graph_coloring_graphs/instance_4084.graph,20,13,True,1.1668777,-0.79410064
instance_4085.graph,data/graph_coloring_graphs/instance_4085.graph,16,9,True,0.915761,0.48597774
instance_4086.graph,data/graph_coloring_graphs/instance_4086.graph,10,13,True,0.99204636,-0.85561
instance_4087.graph,data/graph_coloring_graphs/instance_4087.graph,14,9,True,1.3310547,-0.72938514
instance_4088.graph,data/graph_coloring_graphs/instance_4088.graph,10,7,True,0.39035606,0.12050465
instance_4089.graph,data/graph_coloring_graphs/instance_4089.graph,12,7,True,-0.6678066,0.905115
instance_409.graph,data/graph_coloring_graphs/instance_409.graph,18,5,False,-4.470497,1.4924216
instance_4090.graph,data/graph_coloring_graphs/instance_4090.graph,18,3,False,-5.5985107,1.8927572
instance_4091.graph,data/graph_coloring_graphs/instance_4091.graph,16,15,True,1.1718197,-1.1589389
instance_4092.graph,data/graph_coloring_graphs/instance_4092.graph,18,3,False,-3.805994,1.1267198
instance_4093.graph,data/graph_coloring_graphs/instance_4093.graph,20,3,False,-5.841408,2.0445063
instance_4094.graph,data/graph_coloring_graphs/instance_4094.graph,14,7,True,-0.97912407,1.070413
instance_4095.graph,data/graph_coloring_graphs/instance_4095.graph,16,15,True,1.1275921,-1.0964276
instance_4096.graph,data/graph_coloring_graphs/instance_4096.graph,20,15,True,1.2997379,-1.3073235
instance_4097.graph,data/graph_coloring_graphs/instance_4097.graph,12,5,False,-2.781968,1.1074864
instance_4098.graph,data/graph_coloring_graphs/instance_4098.graph,16,3,False,-2.5716825,0.8785602
instance_4099.graph,data/graph_coloring_graphs/instance_4099.graph,16,3,False,-5.364666,1.727701
instance_41.graph,data/graph_coloring_graphs/instance_41.graph,16,5,False,-2.0056353,1.031651
instance_410.graph,data/graph_coloring_graphs/instance_410.graph,12,3,False,-3.4615984,1.089962
instance_4100.graph,data/graph_coloring_graphs/instance_4100.graph,18,15,True,1.128006,-1.0362173
instance_4101.graph,data/graph_coloring_graphs/instance_4101.graph,18,5,True,-0.616869,0.7345333
instance_4102.graph,data/graph_coloring_graphs/instance_4102.graph,20,15,True,1.1548862,-1.0846874
instance_4103.graph,data/graph_coloring_graphs/instance_4103.graph,16,13,True,1.1926575,-0.82570386
instance_4104.graph,data/graph_coloring_graphs/instance_4104.graph,20,9,True,1.3353882,-0.11175701
instance_4105.graph,data/graph_coloring_graphs/instance_4105.graph,18,5,True,-0.4720173,0.4235874
instance_4106.graph,data/graph_coloring_graphs/instance_4106.graph,14,3,False,-4.9607983,1.5874901
instance_4107.graph,data/graph_coloring_graphs/instance_4107.graph,14,5,True,2.4943085,-0.31139943
instance_4108.graph,data/graph_coloring_graphs/instance_4108.graph,20,3,False,-5.678215,1.9280813
instance_4109.graph,data/graph_coloring_graphs/instance_4109.graph,14,7,True,-0.27937412,0.5639993
instance_411.graph,data/graph_coloring_graphs/instance_411.graph,12,7,True,1.5271606,-0.96383023
instance_4110.graph,data/graph_coloring_graphs/instance_4110.graph,16,5,False,-3.7043705,1.3530612
instance_4111.graph,data/graph_coloring_graphs/instance_4111.graph,20,11,True,1.1294861,0.14340094
instance_4112.graph,data/graph_coloring_graphs/instance_4112.graph,18,3,False,-5.206148,1.6919446
instance_4113.graph,data/graph_coloring_graphs/instance_4113.graph,10,13,True,0.9778404,-0.8268782
instance_4114.graph,data/graph_coloring_graphs/instance_4114.graph,10,5,True,-0.24852371,0.08773354
instance_4115.graph,data/graph_coloring_graphs/instance_4115.graph,12,7,True,2.0692215,-0.5649358
instance_4116.graph,data/graph_coloring_graphs/instance_4116.graph,12,3,False,-3.3996153,0.94821846
instance_4117.graph,data/graph_coloring_graphs/instance_4117.graph,20,11,True,1.1709328,-0.1745463
instance_4118.graph,data/graph_coloring_graphs/instance_4118.graph,20,7,True,-1.6499977,1.2228656
instance_4119.graph,data/graph_coloring_graphs/instance_4119.graph,10,7,True,-0.26936913,0.62904024
instance_412.graph,data/graph_coloring_graphs/instance_412.graph,14,3,True,-0.5343437,0.14886238
instance_4120.graph,data/graph_coloring_graphs/instance_4120.graph,12,11,True,1.0683002,-0.34933832
instance_4121.graph,data/graph_coloring_graphs/instance_4121.graph,20,3,False,-3.931631,1.2251005
instance_4122.graph,data/graph_coloring_graphs/instance_4122.graph,10,11,True,0.97321606,-0.39690426
instance_4123.graph,data/graph_coloring_graphs/instance_4123.graph,10,7,True,0.34003353,0.66467106
instance_4124.graph,data/graph_coloring_graphs/instance_4124.graph,18,13,True,1.147892,-0.76188254
instance_4125.graph,data/graph_coloring_graphs/instance_4125.graph,12,13,True,0.96221924,-1.7604545
instance_4126.graph,data/graph_coloring_graphs/instance_4126.graph,20,7,False,-2.1633644,1.3693136
instance_4127.graph,data/graph_coloring_graphs/instance_4127.graph,18,7,False,-2.154049,1.3545065
instance_4128.graph,data/graph_coloring_graphs/instance_4128.graph,18,7,True,1.804142,-0.49372888
instance_4129.graph,data/graph_coloring_graphs/instance_4129.graph,14,9,True,0.7088442,0.62017393
instance_413.graph,data/graph_coloring_graphs/instance_413.graph,20,5,False,-5.0685577,1.5993224
instance_4130.graph,data/graph_coloring_graphs/instance_4130.graph,20,5,True,2.5950851,0.20033035
instance_4131.graph,data/graph_coloring_graphs/instance_4131.graph,10,7,True,2.5021362,-0.8291564
instance_4132.graph,data/graph_coloring_graphs/instance_4132.graph,14,11,True,1.1540084,-0.5764563
instance_4133.graph,data/graph_coloring_graphs/instance_4133.graph,14,3,False,-5.1352177,1.6087732
instance_4134.graph,data/graph_coloring_graphs/instance_4134.graph,14,7,False,-1.2368011,1.1319013
instance_4135.graph,data/graph_coloring_graphs/instance_4135.graph,14,9,True,1.1623383,-0.68961596
instance_4136.graph,data/graph_coloring_graphs/instance_4136.graph,20,11,True,1.2875481,-0.66923416
instance_4137.graph,data/graph_coloring_graphs/instance_4137.graph,10,7,True,-0.1447177,0.46345803
instance_4138.graph,data/graph_coloring_graphs/instance_4138.graph,18,3,False,-4.2209606,1.1877003
instance_4139.graph,data/graph_coloring_graphs/instance_4139.graph,10,3,False,-4.1027107,1.0749649
instance_414.graph,data/graph_coloring_graphs/instance_414.graph,16,15,True,1.1153622,-1.0752732
instance_4140.graph,data/graph_coloring_graphs/instance_4140.graph,10,9,True,0.8369093,0.48664084
instance_4141.graph,data/graph_coloring_graphs/instance_4141.graph,12,15,True,1.1096802,-1.450948
instance_4142.graph,data/graph_coloring_graphs/instance_4142.graph,10,11,True,0.9793339,-0.7886447
instance_4143.graph,data/graph_coloring_graphs/instance_4143.graph,18,15,True,1.142189,-1.0678995
instance_4144.graph,data/graph_coloring_graphs/instance_4144.graph,20,15,True,1.1312943,-1.0139807
instance_4145.graph,data/graph_coloring_graphs/instance_4145.graph,10,5,True,0.5629921,0.19735974
instance_4146.graph,data/graph_coloring_graphs/instance_4146.graph,20,7,True,-1.3577652,1.1804743
instance_4147.graph,data/graph_coloring_graphs/instance_4147.graph,10,13,True,-0.39419556,-1.8343546
instance_4148.graph,data/graph_coloring_graphs/instance_4148.graph,12,11,True,1.1101227,-0.8264619
instance_4149.graph,data/graph_coloring_graphs/instance_4149.graph,14,11,True,1.2843819,-1.0048195
instance_415.graph,data/graph_coloring_graphs/instance_415.graph,14,15,True,1.1480894,-1.2695887
instance_4150.graph,data/graph_coloring_graphs/instance_4150.graph,10,9,True,1.0374832,-1.0760511
instance_4151.graph,data/graph_coloring_graphs/instance_4151.graph,20,7,True,-1.6200657,1.2156732
instance_4152.graph,data/graph_coloring_graphs/instance_4152.graph,18,15,True,1.2377529,-1.2257209
instance_4153.graph,data/graph_coloring_graphs/instance_4153.graph,16,7,True,1.4320221,0.40914145
instance_4154.graph,data/graph_coloring_graphs/instance_4154.graph,12,13,True,1.0474606,-0.882602
instance_4155.graph,data/graph_coloring_graphs/instance_4155.graph,16,11,True,1.1030273,0.04339353
instance_4156.graph,data/graph_coloring_graphs/instance_4156.graph,20,9,True,0.41368484,1.0846345
instance_4157.graph,data/graph_coloring_graphs/instance_4157.graph,20,3,False,-2.024126,0.6915244
instance_4158.graph,data/graph_coloring_graphs/instance_4158.graph,10,3,True,-1.4983177,0.13610244
instance_4159.graph,data/graph_coloring_graphs/instance_4159.graph,16,13,True,1.1269608,-0.7316065
instance_416.graph,data/graph_coloring_graphs/instance_416.graph,14,11,True,1.1915512,-0.8351501
instance_4160.graph,data/graph_coloring_graphs/instance_4160.graph,16,9,True,0.56425476,0.9302343
instance_4161.graph,data/graph_coloring_graphs/instance_4161.graph,12,9,True,0.90082073,0.52065504
instance_4162.graph,data/graph_coloring_graphs/instance_4162.graph,10,11,True,1.0238743,-0.7921109
instance_4163.graph,data/graph_coloring_graphs/instance_4163.graph,18,9,True,1.164484,0.4314327
instance_4164.graph,data/graph_coloring_graphs/instance_4164.graph,16,13,True,1.1102448,-0.6075815
instance_4165.graph,data/graph_coloring_graphs/instance_4165.graph,18,9,True,0.62363434,0.8199121
instance_4166.graph,data/graph_coloring_graphs/instance_4166.graph,14,9,True,0.89032936,0.54626465
instance_4167.graph,data/graph_coloring_graphs/instance_4167.graph,14,11,True,1.1399612,-0.99849916
instance_4168.graph,data/graph_coloring_graphs/instance_4168.graph,10,3,False,-4.1743355,1.1126945
instance_4169.graph,data/graph_coloring_graphs/instance_4169.graph,14,11,True,1.1322832,-0.4768575
instance_417.graph,data/graph_coloring_graphs/instance_417.graph,18,3,False,-1.7873001,0.58109224
instance_4170.graph,data/graph_coloring_graphs/instance_4170.graph,14,15,True,1.0779839,-1.040358
instance_4171.graph,data/graph_coloring_graphs/instance_4171.graph,12,3,False,-2.3840065,0.6146325
instance_4172.graph,data/graph_coloring_graphs/instance_4172.graph,14,5,False,-3.9608765,1.381142
instance_4173.graph,data/graph_coloring_graphs/instance_4173.graph,16,3,False,-4.8834925,1.4715326
instance_4174.graph,data/graph_coloring_graphs/instance_4174.graph,20,11,True,1.1495361,0.013892643
instance_4175.graph,data/graph_coloring_graphs/instance_4175.graph,10,7,True,1.0405655,-0.098032124
instance_4176.graph,data/graph_coloring_graphs/instance_4176.graph,16,5,True,-0.6155195,0.695802
instance_4177.graph,data/graph_coloring_graphs/instance_4177.graph,14,7,True,2.1373825,-0.8657917
instance_4178.graph,data/graph_coloring_graphs/instance_4178.graph,10,9,True,0.82345676,0.30054203
instance_4179.graph,data/graph_coloring_graphs/instance_4179.graph,14,3,False,-2.775343,0.8356869
instance_418.graph,data/graph_coloring_graphs/instance_418.graph,14,3,False,-4.4790716,1.3448169
instance_4180.graph,data/graph_coloring_graphs/instance_4180.graph,16,15,True,1.1174984,-1.0901443
instance_4181.graph,data/graph_coloring_graphs/instance_4181.graph,14,13,True,1.2010422,-1.3268849
instance_4182.graph,data/graph_coloring_graphs/instance_4182.graph,16,11,True,1.1210213,-0.1372922
instance_4183.graph,data/graph_coloring_graphs/instance_4183.graph,20,11,True,1.1316986,0.06684982
instance_4184.graph,data/graph_coloring_graphs/instance_4184.graph,20,5,True,-0.15970802,0.22974506
instance_4185.graph,data/graph_coloring_graphs/instance_4185.graph,18,15,True,1.121872,-1.0401866
instance_4186.graph,data/graph_coloring_graphs/instance_4186.graph,20,9,True,1.7150078,-0.45522472
instance_4187.graph,data/graph_coloring_graphs/instance_4187.graph,10,11,True,0.98574066,-0.25069702
instance_4188.graph,data/graph_coloring_graphs/instance_4188.graph,20,15,True,1.1181335,-0.9572402
instance_4189.graph,data/graph_coloring_graphs/instance_4189.graph,20,15,True,1.1225128,-0.95605576
instance_419.graph,data/graph_coloring_graphs/instance_419.graph,18,5,True,-0.9775667,0.7546418
instance_4190.graph,data/graph_coloring_graphs/instance_4190.graph,18,11,True,1.1226349,0.09160957
instance_4191.graph,data/graph_coloring_graphs/instance_4191.graph,10,3,True,-1.2881546,0.09284639
instance_4192.graph,data/graph_coloring_graphs/instance_4192.graph,20,5,False,-3.8074856,1.370348
instance_4193.graph,data/graph_coloring_graphs/instance_4193.graph,12,15,True,1.063818,-1.1851815
instance_4194.graph,data/graph_coloring_graphs/instance_4194.graph,12,11,True,1.0683231,-0.29447296
instance_4195.graph,data/graph_coloring_graphs/instance_4195.graph,12,5,True,-0.7797828,0.7465397
instance_4196.graph,data/graph_coloring_graphs/instance_4196.graph,10,13,True,0.738224,-1.5898225
instance_4197.graph,data/graph_coloring_graphs/instance_4197.graph,14,13,True,1.1077433,-0.9693618
instance_4198.graph,data/graph_coloring_graphs/instance_4198.graph,16,9,True,0.7659664,0.6766653
instance_4199.graph,data/graph_coloring_graphs/instance_4199.graph,18,13,True,1.207181,-0.9152392
instance_42.graph,data/graph_coloring_graphs/instance_42.graph,20,3,True,-1.557497,0.4172103
instance_420.graph,data/graph_coloring_graphs/instance_420.graph,10,7,True,0.68146324,0.47787794
instance_4200.graph,data/graph_coloring_graphs/instance_4200.graph,18,9,True,1.0598965,0.3603138
instance_4201.graph,data/graph_coloring_graphs/instance_4201.graph,16,7,True,0.21179008,0.34216192
instance_4202.graph,data/graph_coloring_graphs/instance_4202.graph,20,9,True,0.93622684,0.566519
instance_4203.graph,data/graph_coloring_graphs/instance_4203.graph,16,15,True,1.1720619,-1.2115853
instance_4204.graph,data/graph_coloring_graphs/instance_4204.graph,18,5,False,-4.7334213,1.4934042
instance_4205.graph,data/graph_coloring_graphs/instance_4205.graph,10,3,True,-1.9260483,0.50917625
instance_4206.graph,data/graph_coloring_graphs/instance_4206.graph,12,9,True,0.71355057,0.50475264
instance_4207.graph,data/graph_coloring_graphs/instance_4207.graph,12,5,True,0.60754585,0.22114736
instance_4208.graph,data/graph_coloring_graphs/instance_4208.graph,16,7,True,-1.0253353,1.1021861
instance_4209.graph,data/graph_coloring_graphs/instance_4209.graph,14,3,True,-0.7115402,0.23500913
instance_421.graph,data/graph_coloring_graphs/instance_421.graph,20,15,True,1.1450729,-1.0212857
instance_4210.graph,data/graph_coloring_graphs/instance_4210.graph,12,9,True,1.0423021,0.38289228
instance_4211.graph,data/graph_coloring_graphs/instance_4211.graph,16,9,True,1.1278267,-0.3964704
instance_4212.graph,data/graph_coloring_graphs/instance_4212.graph,16,11,True,1.1017036,0.069948204
instance_4213.graph,data/graph_coloring_graphs/instance_4213.graph,18,15,True,1.1130066,-0.9910768
instance_4214.graph,data/graph_coloring_graphs/instance_4214.graph,20,3,True,-2.7912178,0.6994622
instance_4215.graph,data/graph_coloring_graphs/instance_4215.graph,18,7,True,0.16983986,0.65988064
instance_4216.graph,data/graph_coloring_graphs/instance_4216.graph,18,15,True,1.1448097,-1.1184273
instance_4217.graph,data/graph_coloring_graphs/instance_4217.graph,14,13,True,1.1261187,-0.94736624
instance_4218.graph,data/graph_coloring_graphs/instance_4218.graph,18,7,True,0.35132027,0.7147901
instance_4219.graph,data/graph_coloring_graphs/instance_4219.graph,10,3,True,2.0293884,-0.22659637
instance_422.graph,data/graph_coloring_graphs/instance_422.graph,16,3,False,-4.764305,1.5399938
instance_4220.graph,data/graph_coloring_graphs/instance_4220.graph,20,5,True,-2.672863,1.0604309
instance_4221.graph,data/graph_coloring_graphs/instance_4221.graph,20,5,True,1.2060947,0.2924411
instance_4222.graph,data/graph_coloring_graphs/instance_4222.graph,12,11,True,1.1305809,-1.1405399
instance_4223.graph,data/graph_coloring_graphs/instance_4223.graph,18,9,True,0.5248451,0.9660727
instance_4224.graph,data/graph_coloring_graphs/instance_4224.graph,14,13,True,1.0896549,-0.8504133
instance_4225.graph,data/graph_coloring_graphs/instance_4225.graph,20,11,True,1.1727829,-0.19074689
instance_4226.graph,data/graph_coloring_graphs/instance_4226.graph,12,15,True,1.0872536,-1.4951708
instance_4227.graph,data/graph_coloring_graphs/instance_4227.graph,14,15,True,1.097065,-1.0611675
instance_4228.graph,data/graph_coloring_graphs/instance_4228.graph,14,5,False,-3.1613922,1.2447767
instance_4229.graph,data/graph_coloring_graphs/instance_4229.graph,20,9,True,1.2532234,0.033000052
instance_423.graph,data/graph_coloring_graphs/instance_423.graph,14,11,True,1.1023808,-0.42727113
instance_4230.graph,data/graph_coloring_graphs/instance_4230.graph,16,15,True,1.1720581,-1.2115854
instance_4231.graph,data/graph_coloring_graphs/instance_4231.graph,12,5,False,-2.360713,1.0822387
instance_4232.graph,data/graph_coloring_graphs/instance_4232.graph,16,9,True,0.851305,0.59525883
instance_4233.graph,data/graph_coloring_graphs/instance_4233.graph,10,7,True,1.3458652,0.1669532
instance_4234.graph,data/graph_coloring_graphs/instance_4234.graph,12,13,True,1.0404758,-0.75810444
instance_4235.graph,data/graph_coloring_graphs/instance_4235.graph,12,3,False,-3.0403538,0.7799058
instance_4236.graph,data/graph_coloring_graphs/instance_4236.graph,20,9,False,0.45037842,1.0706437
instance_4237.graph,data/graph_coloring_graphs/instance_4237.graph,10,11,True,1.0437164,-1.1411071
instance_4238.graph,data/graph_coloring_graphs/instance_4238.graph,14,13,True,1.1050587,-0.8234471
instance_4239.graph,data/graph_coloring_graphs/instance_4239.graph,12,7,True,1.7070122,0.38482162
instance_424.graph,data/graph_coloring_graphs/instance_424.graph,18,15,True,1.1144829,-0.9697962
instance_4240.graph,data/graph_coloring_graphs/instance_4240.graph,20,11,True,1.2630596,-0.63619494
instance_4241.graph,data/graph_coloring_graphs/instance_4241.graph,12,13,True,1.0489731,-0.85836864
instance_4242.graph,data/graph_coloring_graphs/instance_4242.graph,16,3,False,-2.9571505,0.948423
instance_4243.graph,data/graph_coloring_graphs/instance_4243.graph,18,3,False,-5.586626,1.8437792
instance_4244.graph,data/graph_coloring_graphs/instance_4244.graph,12,15,True,1.0419006,-1.0912122
instance_4245.graph,data/graph_coloring_graphs/instance_4245.graph,16,15,True,1.0990982,-1.0106055
instance_4246.graph,data/graph_coloring_graphs/instance_4246.graph,14,9,True,1.1925926,0.1134941
instance_4247.graph,data/graph_coloring_graphs/instance_4247.graph,14,3,False,-4.184083,1.2832873
instance_4248.graph,data/graph_coloring_graphs/instance_4248.graph,16,9,True,0.7851076,0.6973392
instance_4249.graph,data/graph_coloring_graphs/instance_4249.graph,12,15,True,1.0522099,-1.1108288
instance_425.graph,data/graph_coloring_graphs/instance_425.graph,16,5,True,1.4706001,-0.0064879283
instance_4250.graph,data/graph_coloring_graphs/instance_4250.graph,20,9,False,0.39728928,1.1159695
instance_4251.graph,data/graph_coloring_graphs/instance_4251.graph,18,5,True,0.72974396,-0.009759679
instance_4252.graph,data/graph_coloring_graphs/instance_4252.graph,18,13,True,1.1844435,-0.8599286
instance_4253.graph,data/graph_coloring_graphs/instance_4253.graph,20,13,True,1.190918,-0.8896731
instance_4254.graph,data/graph_coloring_graphs/instance_4254.graph,20,13,True,1.1554718,-0.69549155
instance_4255.graph,data/graph_coloring_graphs/instance_4255.graph,12,9,True,1.2738876,-0.63571787
instance_4256.graph,data/graph_coloring_graphs/instance_4256.graph,18,15,True,1.1101875,-0.97584
instance_4257.graph,data/graph_coloring_graphs/instance_4257.graph,14,15,True,1.149703,-1.2800758
instance_4258.graph,data/graph_coloring_graphs/instance_4258.graph,18,11,True,1.1363983,-0.0710446
instance_4259.graph,data/graph_coloring_graphs/instance_4259.graph,20,7,False,-2.175846,1.3934245
instance_426.graph,data/graph_coloring_graphs/instance_426.graph,12,13,True,1.0654097,-0.89890146
instance_4260.graph,data/graph_coloring_graphs/instance_4260.graph,18,5,False,-3.3817654,1.2580719
instance_4261.graph,data/graph_coloring_graphs/instance_4261.graph,20,9,True,0.7833023,0.6416702
instance_4262.graph,data/graph_coloring_graphs/instance_4262.graph,10,3,True,0.45438004,-0.04777714
instance_4263.graph,data/graph_coloring_graphs/instance_4263.graph,10,5,True,2.3231506,-0.56866884
instance_4264.graph,data/graph_coloring_graphs/instance_4264.graph,14,5,True,0.41225243,0.5185584
instance_4265.graph,data/graph_coloring_graphs/instance_4265.graph,18,5,False,-4.322832,1.4458083
instance_4266.graph,data/graph_coloring_graphs/instance_4266.graph,16,13,True,1.1580944,-0.79179895
instance_4267.graph,data/graph_coloring_graphs/instance_4267.graph,14,9,True,1.6487732,-0.4746146
instance_4268.graph,data/graph_coloring_graphs/instance_4268.graph,20,7,True,1.4310741,0.2592576
instance_4269.graph,data/graph_coloring_graphs/instance_4269.graph,14,11,True,1.0985451,-0.29609305
instance_427.graph,data/graph_coloring_graphs/instance_427.graph,12,15,True,1.0640564,-1.1145344
instance_4270.graph,data/graph_coloring_graphs/instance_4270.graph,16,15,True,1.1068039,-1.0161685
instance_4271.graph,data/graph_coloring_graphs/instance_4271.graph,12,15,True,1.2466087,-1.6250514
instance_4272.graph,data/graph_coloring_graphs/instance_4272.graph,10,5,True,-1.4722996,0.72509265
instance_4273.graph,data/graph_coloring_graphs/instance_4273.graph,16,5,False,-2.510933,1.082078
instance_4274.graph,data/graph_coloring_graphs/instance_4274.graph,12,9,True,0.9920244,0.43184933
instance_4275.graph,data/graph_coloring_graphs/instance_4275.graph,12,7,True,1.8816757,-0.05252893
instance_4276.graph,data/graph_coloring_graphs/instance_4276.graph,20,13,True,1.145443,-0.68814754
instance_4277.graph,data/graph_coloring_graphs/instance_4277.graph,14,9,True,0.8047943,0.62861323
instance_4278.graph,data/graph_coloring_graphs/instance_4278.graph,10,3,False,-4.3882866,1.343763
instance_4279.graph,data/graph_coloring_graphs/instance_4279.graph,10,3,False,-2.663889,0.66709626
instance_428.graph,data/graph_coloring_graphs/instance_428.graph,14,11,True,1.2983971,-1.1554601
instance_4280.graph,data/graph_coloring_graphs/instance_4280.graph,20,13,True,1.1327171,-0.6419853
instance_4281.graph,data/graph_coloring_graphs/instance_4281.graph,20,3,True,-1.432415,0.30329725
instance_4282.graph,data/graph_coloring_graphs/instance_4282.graph,10,13,True,0.99336505,-1.0185759
instance_4283.graph,data/graph_coloring_graphs/instance_4283.graph,14,13,True,1.1091156,-1.044018
instance_4284.graph,data/graph_coloring_graphs/instance_4284.graph,16,5,False,-2.8404436,1.1017754
instance_4285.graph,data/graph_coloring_graphs/instance_4285.graph,12,5,False,-2.7790518,1.1549692
instance_4286.graph,data/graph_coloring_graphs/instance_4286.graph,20,3,False,-4.2632723,1.3210367
instance_4287.graph,data/graph_coloring_graphs/instance_4287.graph,16,7,True,-0.8347893,1.0575062
instance_4288.graph,data/graph_coloring_graphs/instance_4288.graph,12,11,True,1.0680962,-0.74558914
instance_4289.graph,data/graph_coloring_graphs/instance_4289.graph,20,11,True,1.132206,0.16573393
instance_429.graph,data/graph_coloring_graphs/instance_429.graph,18,3,False,-1.3378735,0.42605308
instance_4290.graph,data/graph_coloring_graphs/instance_4290.graph,18,15,True,1.2569466,-1.4290544
instance_4291.graph,data/graph_coloring_graphs/instance_4291.graph,16,3,False,-5.4890327,1.7938864
instance_4292.graph,data/graph_coloring_graphs/instance_4292.graph,12,13,True,1.0347996,-0.82349193
instance_4293.graph,data/graph_coloring_graphs/instance_4293.graph,18,11,True,1.124527,0.06930707
instance_4294.graph,data/graph_coloring_graphs/instance_4294.graph,10,13,True,0.99222183,-1.3404078
instance_4295.graph,data/graph_coloring_graphs/instance_4295.graph,16,5,False,-2.7557478,1.161049
instance_4296.graph,data/graph_coloring_graphs/instance_4296.graph,20,11,True,1.1225815,0.16199578
instance_4297.graph,data/graph_coloring_graphs/instance_4297.graph,16,11,True,1.1210251,-0.13729222
instance_4298.graph,data/graph_coloring_graphs/instance_4298.graph,16,15,True,1.1128883,-1.0583236
instance_4299.graph,data/graph_coloring_graphs/instance_4299.graph,12,13,True,1.0449743,-0.922256
instance_43.graph,data/graph_coloring_graphs/instance_43.graph,10,13,True,0.9808216,-0.933388
instance_430.graph,data/graph_coloring_graphs/instance_430.graph,14,3,False,-3.3730297,0.7876606
instance_4300.graph,data/graph_coloring_graphs/instance_4300.graph,18,3,False,-5.624363,1.9059879
instance_4301.graph,data/graph_coloring_graphs/instance_4301.graph,20,3,False,-5.32473,1.7022107
instance_4302.graph,data/graph_coloring_graphs/instance_4302.graph,20,3,False,-5.819519,2.0008202
instance_4303.graph,data/graph_coloring_graphs/instance_4303.graph,14,13,True,1.1827545,-1.3125727
instance_4304.graph,data/graph_coloring_graphs/instance_4304.graph,14,15,True,1.0783806,-1.0504395
instance_4305.graph,data/graph_coloring_graphs/instance_4305.graph,16,15,True,1.1597214,-1.2129376
instance_4306.graph,data/graph_coloring_graphs/instance_4306.graph,16,13,True,1.1099586,-0.60046375
instance_4307.graph,data/graph_coloring_graphs/instance_4307.graph,20,9,True,0.48765564,1.0388248
instance_4308.graph,data/graph_coloring_graphs/instance_4308.graph,18,7,False,-1.9137001,1.3233682
instance_4309.graph,data/graph_coloring_graphs/instance_4309.graph,16,15,True,1.336647,-1.482566
instance_431.graph,data/graph_coloring_graphs/instance_431.graph,14,13,True,1.2402496,-1.6264708
instance_4310.graph,data/graph_coloring_graphs/instance_4310.graph,14,7,False,-1.2368011,1.1319013
instance_4311.graph,data/graph_coloring_graphs/instance_4311.graph,14,13,True,1.1709645,-1.0015291
instance_4312.graph,data/graph_coloring_graphs/instance_4312.graph,18,3,True,-1.1320114,0.3180245
instance_4313.graph,data/graph_coloring_graphs/instance_4313.graph,12,13,True,1.0823364,-1.1899658
instance_4314.graph,data/graph_coloring_graphs/instance_4314.graph,10,9,True,1.3152313,-0.01416003
instance_4315.graph,data/graph_coloring_graphs/instance_4315.graph,12,9,True,1.1675949,0.09317428
instance_4316.graph,data/graph_coloring_graphs/instance_4316.graph,18,5,True,-1.3109584,0.8157332
instance_4317.graph,data/graph_coloring_graphs/instance_4317.graph,12,11,True,1.0478134,-0.11557974
instance_4318.graph,data/graph_coloring_graphs/instance_4318.graph,14,7,True,-0.16078472,0.8226236
instance_4319.graph,data/graph_coloring_graphs/instance_4319.graph,12,5,True,-1.8327842,0.9363711
instance_432.graph,data/graph_coloring_graphs/instance_432.graph,18,3,False,-5.7487526,1.9302621
instance_4320.graph,data/graph_coloring_graphs/instance_4320.graph,18,15,True,1.1181908,-0.98790073
instance_4321.graph,data/graph_coloring_graphs/instance_4321.graph,14,9,True,1.380024,-0.3980867
instance_4322.graph,data/graph_coloring_graphs/instance_4322.graph,18,5,False,-2.9501524,1.1829269
instance_4323.graph,data/graph_coloring_graphs/instance_4323.graph,18,15,True,1.2661781,-1.4034569
instance_4324.graph,data/graph_coloring_graphs/instance_4324.graph,12,9,True,0.84354496,0.25484148
instance_4325.graph,data/graph_coloring_graphs/instance_4325.graph,10,3,False,-3.3573427,0.9830153
instance_4326.graph,data/graph_coloring_graphs/instance_4326.graph,10,3,True,-1.2283459,0.398737
instance_4327.graph,data/graph_coloring_graphs/instance_4327.graph,10,11,True,0.19894028,-1.2538998
instance_4328.graph,data/graph_coloring_graphs/instance_4328.graph,16,11,True,1.3065128,-0.9185344
instance_4329.graph,data/graph_coloring_graphs/instance_4329.graph,12,9,True,0.7679825,-0.5534035
instance_433.graph,data/graph_coloring_graphs/instance_433.graph,12,3,False,-4.623061,1.4348419
instance_4330.graph,data/graph_coloring_graphs/instance_4330.graph,16,13,True,1.1173534,-0.79040265
instance_4331.graph,data/graph_coloring_graphs/instance_4331.graph,14,13,True,1.1957626,-1.2697493
instance_4332.graph,data/graph_coloring_graphs/instance_4332.graph,18,15,True,1.1119843,-0.985793
instance_4333.graph,data/graph_coloring_graphs/instance_4333.graph,20,15,True,1.2668705,-1.3262615
instance_4334.graph,data/graph_coloring_graphs/instance_4334.graph,10,9,True,1.1480827,-0.26047406
instance_4335.graph,data/graph_coloring_graphs/instance_4335.graph,20,13,True,1.1248741,-0.54656494
instance_4336.graph,data/graph_coloring_graphs/instance_4336.graph,18,5,False,-2.9941883,1.2468197
instance_4337.graph,data/graph_coloring_graphs/instance_4337.graph,10,13,True,1.009098,-1.4470457
instance_4338.graph,data/graph_coloring_graphs/instance_4338.graph,16,11,True,1.1704311,-0.35813218
instance_4339.graph,data/graph_coloring_graphs/instance_4339.graph,16,5,False,-4.0164356,1.3785222
instance_434.graph,data/graph_coloring_graphs/instance_434.graph,14,11,True,1.2267799,-0.9829972
instance_4340.graph,data/graph_coloring_graphs/instance_4340.graph,16,11,True,1.1269836,-0.092026025
instance_4341.graph,data/graph_coloring_graphs/instance_4341.graph,16,11,True,1.1616297,-0.4020513
instance_4342.graph,data/graph_coloring_graphs/instance_4342.graph,12,13,True,1.0709076,-0.74917305
instance_4343.graph,data/graph_coloring_graphs/instance_4343.graph,14,13,True,1.1827469,-1.312573
instance_4344.graph,data/graph_coloring_graphs/instance_4344.graph,20,5,False,-3.581976,1.3324223
instance_4345.graph,data/graph_coloring_graphs/instance_4345.graph,14,15,True,1.2150002,-1.4304774
instance_4346.graph,data/graph_coloring_graphs/instance_4346.graph,10,15,True,0.8366165,-1.5833592
instance_4347.graph,data/graph_coloring_graphs/instance_4347.graph,18,11,True,1.1396523,-0.023225427
instance_4348.graph,data/graph_coloring_graphs/instance_4348.graph,16,3,True,-0.11546326,0.14369586
instance_4349.graph,data/graph_coloring_graphs/instance_4349.graph,18,9,True,0.7289152,0.7834755
instance_435.graph,data/graph_coloring_graphs/instance_435.graph,12,15,True,1.0412579,-1.1017729
instance_4350.graph,data/graph_coloring_graphs/instance_4350.graph,20,15,True,1.1362953,-1.0107917
instance_4351.graph,data/graph_coloring_graphs/instance_4351.graph,14,15,True,1.1833115,-1.4030687
instance_4352.graph,data/graph_coloring_graphs/instance_4352.graph,20,3,False,-5.771515,1.9761188
instance_4353.graph,data/graph_coloring_graphs/instance_4353.graph,12,7,True,2.1471825,-0.045730725
instance_4354.graph,data/graph_coloring_graphs/instance_4354.graph,16,9,True,1.6746941,-0.54561734
instance_4355.graph,data/graph_coloring_graphs/instance_4355.graph,10,3,False,-3.290804,0.64719796
instance_4356.graph,data/graph_coloring_graphs/instance_4356.graph,10,7,True,1.5528603,-0.27021265
instance_4357.graph,data/graph_coloring_graphs/instance_4357.graph,16,3,False,-5.387581,1.7926027
instance_4358.graph,data/graph_coloring_graphs/instance_4358.graph,14,11,True,1.0948334,-0.16901408
instance_4359.graph,data/graph_coloring_graphs/instance_4359.graph,16,11,True,1.1350536,-0.2047517
instance_436.graph,data/graph_coloring_graphs/instance_436.graph,16,15,True,1.1064644,-1.0137388
instance_4360.graph,data/graph_coloring_graphs/instance_4360.graph,10,3,True,0.26986122,0.21825114
instance_4361.graph,data/graph_coloring_graphs/instance_4361.graph,14,11,True,1.0894833,-0.42309174
instance_4362.graph,data/graph_coloring_graphs/instance_4362.graph,10,13,True,0.992033,-0.85561
instance_4363.graph,data/graph_coloring_graphs/instance_4363.graph,10,11,True,1.003994,-0.72164726
instance_4364.graph,data/graph_coloring_graphs/instance_4364.graph,12,3,False,-4.6262245,1.522895
instance_4365.graph,data/graph_coloring_graphs/instance_4365.graph,14,9,True,1.2795563,-0.87200606
instance_4366.graph,data/graph_coloring_graphs/instance_4366.graph,14,9,True,1.0898027,0.29199573
instance_4367.graph,data/graph_coloring_graphs/instance_4367.graph,20,5,True,-1.5433285,0.8527261
instance_4368.graph,data/graph_coloring_graphs/instance_4368.graph,14,3,False,-5.1495323,1.6825576
instance_4369.graph,data/graph_coloring_graphs/instance_4369.graph,16,9,True,1.1488829,0.31137994
instance_437.graph,data/graph_coloring_graphs/instance_437.graph,18,3,False,-5.080023,1.6786833
instance_4370.graph,data/graph_coloring_graphs/instance_4370.graph,18,5,False,-4.1920795,1.4461113
instance_4371.graph,data/graph_coloring_graphs/instance_4371.graph,20,7,False,-2.4317474,1.4322265
instance_4372.graph,data/graph_coloring_graphs/instance_4372.graph,16,11,True,1.2911854,-0.8127879
instance_4373.graph,data/graph_coloring_graphs/instance_4373.graph,14,11,True,1.1053221,-0.52795625
instance_4374.graph,data/graph_coloring_graphs/instance_4374.graph,12,7,True,-0.846138,1.0088706
instance_4375.graph,data/graph_coloring_graphs/instance_4375.graph,14,11,True,1.0828629,-0.056151673
instance_4376.graph,data/graph_coloring_graphs/instance_4376.graph,20,13,True,1.1414108,-0.6474675
instance_4377.graph,data/graph_coloring_graphs/instance_4377.graph,18,3,False,-3.824421,1.0618371
instance_4378.graph,data/graph_coloring_graphs/instance_4378.graph,14,15,True,1.0779877,-1.0403578
instance_4379.graph,data/graph_coloring_graphs/instance_4379.graph,18,7,False,-1.9969406,1.317162
instance_438.graph,data/graph_coloring_graphs/instance_438.graph,12,13,True,1.0814819,-1.2761621
instance_4380.graph,data/graph_coloring_graphs/instance_4380.graph,18,7,False,-1.9416885,1.304027
instance_4381.graph,data/graph_coloring_graphs/instance_4381.graph,16,11,True,1.1748753,-0.40537325
instance_4382.graph,data/graph_coloring_graphs/instance_4382.graph,18,11,True,1.1162415,0.09659235
instance_4383.graph,data/graph_coloring_graphs/instance_4383.graph,14,7,True,1.2823696,0.39134362
instance_4384.graph,data/graph_coloring_graphs/instance_4384.graph,10,7,True,-0.01488018,0.6645
instance_4385.graph,data/graph_coloring_graphs/instance_4385.graph,18,13,True,1.1157722,-0.5818461
instance_4386.graph,data/graph_coloring_graphs/instance_4386.graph,16,9,True,0.5429115,0.92091894
instance_4387.graph,data/graph_coloring_graphs/instance_4387.graph,18,13,True,1.2365475,-1.1909859
instance_4388.graph,data/graph_coloring_graphs/instance_4388.graph,10,13,True,0.9710331,-0.8667557
instance_4389.graph,data/graph_coloring_graphs/instance_4389.graph,16,5,True,2.0403595,-0.45378736
instance_439.graph,data/graph_coloring_graphs/instance_439.graph,16,7,True,-0.7708206,0.9120493
instance_4390.graph,data/graph_coloring_graphs/instance_4390.graph,12,15,True,1.0637856,-1.2025404
instance_4391.graph,data/graph_coloring_graphs/instance_4391.graph,20,15,True,1.2726154,-1.3351157
instance_4392.graph,data/graph_coloring_graphs/instance_4392.graph,12,5,True,0.33927917,0.27630463
instance_4393.graph,data/graph_coloring_graphs/instance_4393.graph,20,5,True,-2.6702428,1.0237482
instance_4394.graph,data/graph_coloring_graphs/instance_4394.graph,10,7,True,-1.1137924,-0.69137466
instance_4395.graph,data/graph_coloring_graphs/instance_4395.graph,10,15,True,0.99575996,-1.3848368
instance_4396.graph,data/graph_coloring_graphs/instance_4396.graph,14,7,True,2.440258,-0.18966854
instance_4397.graph,data/graph_coloring_graphs/instance_4397.graph,18,9,True,1.3019104,-0.14398032
instance_4398.graph,data/graph_coloring_graphs/instance_4398.graph,20,9,False,0.4254837,1.0919089
instance_4399.graph,data/graph_coloring_graphs/instance_4399.graph,18,7,True,0.6946311,0.5795945
instance_44.graph,data/graph_coloring_graphs/instance_44.graph,16,5,True,2.8800125,-0.48483482
instance_440.graph,data/graph_coloring_graphs/instance_440.graph,10,15,True,1.1119957,-1.6334767
instance_4400.graph,data/graph_coloring_graphs/instance_4400.graph,10,5,True,1.8794174,0.184713
instance_4401.graph,data/graph_coloring_graphs/instance_4401.graph,16,3,False,-4.279888,1.2296102
instance_4402.graph,data/graph_coloring_graphs/instance_4402.graph,12,13,True,1.1359425,-1.0726131
instance_4403.graph,data/graph_coloring_graphs/instance_4403.graph,20,11,True,1.1484184,0.023673266
instance_4404.graph,data/graph_coloring_graphs/instance_4404.graph,16,15,True,1.1060944,-1.0113503
instance_4405.graph,data/graph_coloring_graphs/instance_4405.graph,10,15,True,0.9672928,-1.2816436
instance_4406.graph,data/graph_coloring_graphs/instance_4406.graph,20,15,True,1.2934875,-1.3633072
instance_4407.graph,data/graph_coloring_graphs/instance_4407.graph,18,13,True,1.1408882,-0.6851388
instance_4408.graph,data/graph_coloring_graphs/instance_4408.graph,20,3,False,-5.843788,1.9794958
instance_4409.graph,data/graph_coloring_graphs/instance_4409.graph,12,11,True,1.0537634,-0.42728212
instance_441.graph,data/graph_coloring_graphs/instance_441.graph,12,13,True,1.0562572,-0.7412417
instance_4410.graph,data/graph_coloring_graphs/instance_4410.graph,12,15,True,1.0503998,-1.1634251
instance_4411.graph,data/graph_coloring_graphs/instance_4411.graph,12,9,True,0.94831467,0.4071901
instance_4412.graph,data/graph_coloring_graphs/instance_4412.graph,14,11,True,1.1053169,-0.52795625
instance_4413.graph,data/graph_coloring_graphs/instance_4413.graph,14,11,True,1.1023798,-0.42727107
instance_4414.graph,data/graph_coloring_graphs/instance_4414.graph,12,11,True,1.0574226,-0.14852571
instance_4415.graph,data/graph_coloring_graphs/instance_4415.graph,16,13,True,1.3272018,-1.3345904
instance_4416.graph,data/graph_coloring_graphs/instance_4416.graph,16,15,True,1.198453,-1.2662963
instance_4417.graph,data/graph_coloring_graphs/instance_4417.graph,12,5,True,0.10338974,0.51695323
instance_4418.graph,data/graph_coloring_graphs/instance_4418.graph,20,13,True,1.3651114,-1.1733556
instance_4419.graph,data/graph_coloring_graphs/instance_4419.graph,18,13,True,1.1385841,-0.659619
instance_442.graph,data/graph_coloring_graphs/instance_442.graph,14,11,True,1.0821419,-0.016725771
instance_4420.graph,data/graph_coloring_graphs/instance_4420.graph,14,15,True,1.0918522,-1.1208841
instance_4421.graph,data/graph_coloring_graphs/instance_4421.graph,16,15,True,1.1399574,-1.169325
instance_4422.graph,data/graph_coloring_graphs/instance_4422.graph,18,7,True,0.14295006,0.7657627
instance_4423.graph,data/graph_coloring_graphs/instance_4423.graph,10,7,True,-0.2419467,0.8118987
instance_4424.graph,data/graph_coloring_graphs/instance_4424.graph,12,5,True,1.7989769,-0.44268176
instance_4425.graph,data/graph_coloring_graphs/instance_4425.graph,12,3,False,-4.9012156,1.4891855
instance_4426.graph,data/graph_coloring_graphs/instance_4426.graph,10,9,True,0.75381184,0.48828712
instance_4427.graph,data/graph_coloring_graphs/instance_4427.graph,14,9,True,1.0632782,0.16899756
instance_4428.graph,data/graph_coloring_graphs/instance_4428.graph,20,13,True,1.1489182,-0.6394483
instance_4429.graph,data/graph_coloring_graphs/instance_4429.graph,12,11,True,1.1112785,-0.87003946
instance_443.graph,data/graph_coloring_graphs/instance_443.graph,12,13,True,1.0817814,-1.2458771
instance_4430.graph,data/graph_coloring_graphs/instance_4430.graph,12,13,True,1.0381737,-0.7844913
instance_4431.graph,data/graph_coloring_graphs/instance_4431.graph,12,15,True,1.0638161,-1.1851815
instance_4432.graph,data/graph_coloring_graphs/instance_4432.graph,18,11,True,1.3858528,-1.0306966
instance_4433.graph,data/graph_coloring_graphs/instance_4433.graph,18,15,True,1.1301155,-1.0465271
instance_4434.graph,data/graph_coloring_graphs/instance_4434.graph,20,3,False,-5.8154716,1.9643676
instance_4435.graph,data/graph_coloring_graphs/instance_4435.graph,18,11,True,1.1162338,0.09659234
instance_4436.graph,data/graph_coloring_graphs/instance_4436.graph,14,9,True,0.71138287,0.7603662
instance_4437.graph,data/graph_coloring_graphs/instance_4437.graph,18,13,True,1.2903233,-1.1764
instance_4438.graph,data/graph_coloring_graphs/instance_4438.graph,16,3,False,-4.8791857,1.5342004
instance_4439.graph,data/graph_coloring_graphs/instance_4439.graph,10,9,True,1.1329727,0.06503906
instance_444.graph,data/graph_coloring_graphs/instance_444.graph,14,3,False,-4.9068403,1.487502
instance_4440.graph,data/graph_coloring_graphs/instance_4440.graph,20,11,True,1.3418407,-0.78986704
instance_4441.graph,data/graph_coloring_graphs/instance_4441.graph,16,15,True,1.1046371,-1.0567753
instance_4442.graph,data/graph_coloring_graphs/instance_4442.graph,10,11,True,0.95640564,-0.91829956
instance_4443.graph,data/graph_coloring_graphs/instance_4443.graph,10,15,True,0.9704075,-1.1782266
instance_4444.graph,data/graph_coloring_graphs/instance_4444.graph,18,15,True,1.1111183,-0.9807172
instance_4445.graph,data/graph_coloring_graphs/instance_4445.graph,10,11,True,1.0007362,-0.21473522
instance_4446.graph,data/graph_coloring_graphs/instance_4446.graph,20,3,False,-5.0298233,1.6419275
instance_4447.graph,data/graph_coloring_graphs/instance_4447.graph,16,5,True,2.4834785,-0.07556025
instance_4448.graph,data/graph_coloring_graphs/instance_4448.graph,10,11,True,0.99127364,-0.5874202
instance_4449.graph,data/graph_coloring_graphs/instance_4449.graph,18,11,True,1.1948109,-0.3658549
instance_445.graph,data/graph_coloring_graphs/instance_445.graph,18,5,False,-4.674202,1.505564
instance_4450.graph,data/graph_coloring_graphs/instance_4450.graph,18,15,True,1.1101952,-0.97584
instance_4451.graph,data/graph_coloring_graphs/instance_4451.graph,14,15,True,1.0778618,-1.0371367
instance_4452.graph,data/graph_coloring_graphs/instance_4452.graph,10,7,True,0.6136551,-0.9620861
instance_4453.graph,data/graph_coloring_graphs/instance_4453.graph,18,13,True,1.226057,-1.1795363
instance_4454.graph,data/graph_coloring_graphs/instance_4454.graph,20,5,True,0.35530853,0.4256061
instance_4455.graph,data/graph_coloring_graphs/instance_4455.graph,12,11,True,1.0579033,-0.11281069
instance_4456.graph,data/graph_coloring_graphs/instance_4456.graph,18,13,True,1.12146,-0.68709064
instance_4457.graph,data/graph_coloring_graphs/instance_4457.graph,12,9,True,1.3604851,-0.013620563
instance_4458.graph,data/graph_coloring_graphs/instance_4458.graph,10,7,True,0.4708233,0.631583
instance_4459.graph,data/graph_coloring_graphs/instance_4459.graph,18,9,True,1.2704124,-0.3207128
instance_446.graph,data/graph_coloring_graphs/instance_446.graph,16,5,True,-0.33195496,0.6440605
instance_4460.graph,data/graph_coloring_graphs/instance_4460.graph,14,3,True,-1.7095509,0.5030838
instance_4461.graph,data/graph_coloring_graphs/instance_4461.graph,10,5,True,0.6990051,0.013534732
instance_4462.graph,data/graph_coloring_graphs/instance_4462.graph,12,7,True,-0.40091133,0.90004385
instance_4463.graph,data/graph_coloring_graphs/instance_4463.graph,16,7,True,-0.22670555,0.9149244
instance_4464.graph,data/graph_coloring_graphs/instance_4464.graph,12,5,True,-1.6373947,0.95648754
instance_4465.graph,data/graph_coloring_graphs/instance_4465.graph,16,11,True,1.1022339,0.059580326
instance_4466.graph,data/graph_coloring_graphs/instance_4466.graph,16,15,True,1.1153641,-1.0752733
instance_4467.graph,data/graph_coloring_graphs/instance_4467.graph,14,3,False,-3.1174326,0.88126063
instance_4468.graph,data/graph_coloring_graphs/instance_4468.graph,10,13,True,0.96602345,-0.8960817
instance_4469.graph,data/graph_coloring_graphs/instance_4469.graph,20,15,True,1.1175766,-0.95481086
instance_447.graph,data/graph_coloring_graphs/instance_447.graph,16,11,True,1.2361755,-0.848722
instance_4470.graph,data/graph_coloring_graphs/instance_4470.graph,14,5,True,4.064041,-0.45849904
instance_4471.graph,data/graph_coloring_graphs/instance_4471.graph,16,3,False,-2.378704,0.6015676
instance_4472.graph,data/graph_coloring_graphs/instance_4472.graph,18,3,False,-5.1284294,1.6521776
instance_4473.graph,data/graph_coloring_graphs/instance_4473.graph,14,3,False,-4.633892,1.4228187
instance_4474.graph,data/graph_coloring_graphs/instance_4474.graph,10,13,True,0.7382126,-1.5898225
instance_4475.graph,data/graph_coloring_graphs/instance_4475.graph,14,5,True,-0.37029648,-0.033013783
instance_4476.graph,data/graph_coloring_graphs/instance_4476.graph,12,9,True,0.9008274,0.52065504
instance_4477.graph,data/graph_coloring_graphs/instance_4477.graph,10,7,True,0.8977146,0.52359164
instance_4478.graph,data/graph_coloring_graphs/instance_4478.graph,12,13,True,1.0402174,-0.9989209
instance_4479.graph,data/graph_coloring_graphs/instance_4479.graph,20,7,False,-2.2588005,1.4124175
instance_448.graph,data/graph_coloring_graphs/instance_448.graph,14,3,False,-3.4146748,1.0161668
instance_4480.graph,data/graph_coloring_graphs/instance_4480.graph,16,15,True,1.1030006,-0.98950243
instance_4481.graph,data/graph_coloring_graphs/instance_4481.graph,16,9,True,0.59022903,0.906991
instance_4482.graph,data/graph_coloring_graphs/instance_4482.graph,14,15,True,1.1289234,-1.2417797
instance_4483.graph,data/graph_coloring_graphs/instance_4483.graph,20,9,True,1.5704079,-0.4019349
instance_4484.graph,data/graph_coloring_graphs/instance_4484.graph,20,3,False,-5.2092476,1.6405358
instance_4485.graph,data/graph_coloring_graphs/instance_4485.graph,20,15,True,1.1377678,-1.0165718
instance_4486.graph,data/graph_coloring_graphs/instance_4486.graph,14,9,True,0.5798702,0.8450967
instance_4487.graph,data/graph_coloring_graphs/instance_4487.graph,18,15,True,1.1295662,-1.043885
instance_4488.graph,data/graph_coloring_graphs/instance_4488.graph,12,15,True,1.0635147,-1.2753139
instance_4489.graph,data/graph_coloring_graphs/instance_4489.graph,18,7,True,-1.3581161,1.194844
instance_449.graph,data/graph_coloring_graphs/instance_449.graph,12,5,True,0.7669792,0.29509255
instance_4490.graph,data/graph_coloring_graphs/instance_4490.graph,12,7,True,0.36190987,0.6418221
instance_4491.graph,data/graph_coloring_graphs/instance_4491.graph,14,11,True,1.11516,-0.41292304
instance_4492.graph,data/graph_coloring_graphs/instance_4492.graph,14,5,False,-2.6743984,1.0787928
instance_4493.graph,data/graph_coloring_graphs/instance_4493.graph,18,7,False,-2.0506973,1.3299439
instance_4494.graph,data/graph_coloring_graphs/instance_4494.graph,18,3,False,-4.9287624,1.6043704
instance_4495.graph,data/graph_coloring_graphs/instance_4495.graph,20,3,False,-4.178088,1.3387067
instance_4496.graph,data/graph_coloring_graphs/instance_4496.graph,18,9,True,1.059906,0.3603138
instance_4497.graph,data/graph_coloring_graphs/instance_4497.graph,10,3,False,-1.926054,0.50917625
instance_4498.graph,data/graph_coloring_graphs/instance_4498.graph,10,11,True,0.98654556,-1.1099281
instance_4499.graph,data/graph_coloring_graphs/instance_4499.graph,20,13,True,1.1859684,-0.85259914
instance_45.graph,data/graph_coloring_graphs/instance_45.graph,14,9,True,0.61364365,0.8125839
instance_450.graph,data/graph_coloring_graphs/instance_450.graph,10,15,True,0.990818,-1.1491313
instance_4500.graph,data/graph_coloring_graphs/instance_4500.graph,18,7,False,-1.7731514,1.290857
instance_4501.graph,data/graph_coloring_graphs/instance_4501.graph,20,13,True,1.2129345,-0.789709
instance_4502.graph,data/graph_coloring_graphs/instance_4502.graph,18,9,True,0.49649048,1.0137898
instance_4503.graph,data/graph_coloring_graphs/instance_4503.graph,10,3,False,-2.663885,0.66709626
instance_4504.graph,data/graph_coloring_graphs/instance_4504.graph,20,13,True,1.2966328,-1.0444056
instance_4505.graph,data/graph_coloring_graphs/instance_4505.graph,12,13,True,1.0440855,-0.9364532
instance_4506.graph,data/graph_coloring_graphs/instance_4506.graph,14,13,True,1.1097317,-1.0778623
instance_4507.graph,data/graph_coloring_graphs/instance_4507.graph,18,9,True,1.3771477,-0.3418624
instance_4508.graph,data/graph_coloring_graphs/instance_4508.graph,14,13,True,1.1047153,-0.80551827
instance_4509.graph,data/graph_coloring_graphs/instance_4509.graph,18,7,True,-0.5400529,0.73661673
instance_451.graph,data/graph_coloring_graphs/instance_451.graph,10,9,True,1.0494843,-0.13172753
instance_4510.graph,data/graph_coloring_graphs/instance_4510.graph,14,13,True,1.1245413,-0.9096631
instance_4511.graph,data/graph_coloring_graphs/instance_4511.graph,12,11,True,1.0682154,-0.50375366
instance_4512.graph,data/graph_coloring_graphs/instance_4512.graph,14,15,True,1.0918674,-1.1208841
instance_4513.graph,data/graph_coloring_graphs/instance_4513.graph,12,11,True,1.0682793,-0.36896917
instance_4514.graph,data/graph_coloring_graphs/instance_4514.graph,18,15,True,1.1581535,-1.138166
instance_4515.graph,data/graph_coloring_graphs/instance_4515.graph,12,3,True,-0.67051315,-0.023196932
instance_4516.graph,data/graph_coloring_graphs/instance_4516.graph,12,9,True,0.8994446,-0.572561
instance_4517.graph,data/graph_coloring_graphs/instance_4517.graph,14,13,True,1.0899296,-0.7880589
instance_4518.graph,data/graph_coloring_graphs/instance_4518.graph,16,3,False,-4.2123127,1.2720444
instance_4519.graph,data/graph_coloring_graphs/instance_4519.graph,16,9,True,1.2006912,-0.6820804
instance_452.graph,data/graph_coloring_graphs/instance_452.graph,14,13,True,1.090004,-0.7800534
instance_4520.graph,data/graph_coloring_graphs/instance_4520.graph,10,5,True,0.7547684,0.28651962
instance_4521.graph,data/graph_coloring_graphs/instance_4521.graph,14,13,True,1.0903358,-0.6977087
instance_4522.graph,data/graph_coloring_graphs/instance_4522.graph,18,9,True,0.6618004,0.81502604
instance_4523.graph,data/graph_coloring_graphs/instance_4523.graph,10,15,True,0.9766464,-1.2290593
instance_4524.graph,data/graph_coloring_graphs/instance_4524.graph,14,11,True,1.1021729,-0.09475846
instance_4525.graph,data/graph_coloring_graphs/instance_4525.graph,10,5,True,0.24835205,-0.27554715
instance_4526.graph,data/graph_coloring_graphs/instance_4526.graph,12,9,True,0.85267925,0.43191078
instance_4527.graph,data/graph_coloring_graphs/instance_4527.graph,14,13,True,1.1072598,-0.9428979
instance_4528.graph,data/graph_coloring_graphs/instance_4528.graph,18,7,True,1.2594681,0.04974459
instance_4529.graph,data/graph_coloring_graphs/instance_4529.graph,14,11,True,1.1345963,-0.520399
instance_453.graph,data/graph_coloring_graphs/instance_453.graph,12,11,True,1.0456257,-0.20228827
instance_4530.graph,data/graph_coloring_graphs/instance_4530.graph,20,5,True,1.1273079,0.24808547
instance_4531.graph,data/graph_coloring_graphs/instance_4531.graph,18,13,True,1.123394,-0.5800227
instance_4532.graph,data/graph_coloring_graphs/instance_4532.graph,20,15,True,1.1286736,-0.9804739
instance_4533.graph,data/graph_coloring_graphs/instance_4533.graph,20,5,True,0.95739365,0.2810248
instance_4534.graph,data/graph_coloring_graphs/instance_4534.graph,20,5,False,-3.1336536,1.2570233
instance_4535.graph,data/graph_coloring_graphs/instance_4535.graph,20,15,True,1.1771641,-1.1391455
instance_4536.graph,data/graph_coloring_graphs/instance_4536.graph,10,3,False,-4.0280237,1.0356123
instance_4537.graph,data/graph_coloring_graphs/instance_4537.graph,10,11,True,1.0003996,-0.4335427
instance_4538.graph,data/graph_coloring_graphs/instance_4538.graph,10,9,True,0.94540215,0.37305695
instance_4539.graph,data/graph_coloring_graphs/instance_4539.graph,20,5,False,-4.8024864,1.5376978
instance_454.graph,data/graph_coloring_graphs/instance_454.graph,14,13,True,1.1047077,-0.80551827
instance_4540.graph,data/graph_coloring_graphs/instance_4540.graph,14,7,True,1.6467934,-0.26336682
instance_4541.graph,data/graph_coloring_graphs/instance_4541.graph,14,3,False,-3.1956525,0.9167621
instance_4542.graph,data/graph_coloring_graphs/instance_4542.graph,14,13,True,1.0785217,-0.6929773
instance_4543.graph,data/graph_coloring_graphs/instance_4543.graph,12,15,True,1.044033,-1.058542
instance_4544.graph,data/graph_coloring_graphs/instance_4544.graph,14,11,True,1.2569904,-1.0233711
instance_4545.graph,data/graph_coloring_graphs/instance_4545.graph,10,5,False,-1.6843524,0.9234365
instance_4546.graph,data/graph_coloring_graphs/instance_4546.graph,20,3,False,-5.2085,1.7305541
instance_4547.graph,data/graph_coloring_graphs/instance_4547.graph,10,3,False,-2.919096,0.7833437
instance_4548.graph,data/graph_coloring_graphs/instance_4548.graph,16,13,True,1.2629089,-1.2969809
instance_4549.graph,data/graph_coloring_graphs/instance_4549.graph,10,15,True,0.9979267,-1.3643583
instance_455.graph,data/graph_coloring_graphs/instance_455.graph,20,9,True,1.5743103,-0.12446795
instance_4550.graph,data/graph_coloring_graphs/instance_4550.graph,10,15,True,0.9616604,-1.2194879
instance_4551.graph,data/graph_coloring_graphs/instance_4551.graph,20,13,True,1.1977177,-0.84686935
instance_4552.graph,data/graph_coloring_graphs/instance_4552.graph,20,7,True,1.3285255,0.2869844
instance_4553.graph,data/graph_coloring_graphs/instance_4553.graph,12,3,False,-2.8354626,0.81378233
instance_4554.graph,data/graph_coloring_graphs/instance_4554.graph,14,5,True,0.06498718,0.14513421
instance_4555.graph,data/graph_coloring_graphs/instance_4555.graph,20,13,True,1.1572952,-0.6381397
instance_4556.graph,data/graph_coloring_graphs/instance_4556.graph,12,5,True,-0.61572266,0.36333725
instance_4557.graph,data/graph_coloring_graphs/instance_4557.graph,14,7,True,0.9880676,-0.23053941
instance_4558.graph,data/graph_coloring_graphs/instance_4558.graph,14,13,True,1.0746508,-0.83920085
instance_4559.graph,data/graph_coloring_graphs/instance_4559.graph,14,5,True,-2.3770514,1.0248234
instance_456.graph,data/graph_coloring_graphs/instance_456.graph,20,9,True,0.4352646,1.0835412
instance_4560.graph,data/graph_coloring_graphs/instance_4560.graph,10,13,True,1.0699005,-1.3613262
instance_4561.graph,data/graph_coloring_graphs/instance_4561.graph,20,9,False,0.42066574,1.0960262
instance_4562.graph,data/graph_coloring_graphs/instance_4562.graph,20,11,True,1.1540298,0.031366915
instance_4563.graph,data/graph_coloring_graphs/instance_4563.graph,12,13,True,1.0850563,-0.91673887
instance_4564.graph,data/graph_coloring_graphs/instance_4564.graph,20,7,False,-1.9983253,1.352798
instance_4565.graph,data/graph_coloring_graphs/instance_4565.graph,20,5,True,-2.3478346,0.9217814
instance_4566.graph,data/graph_coloring_graphs/instance_4566.graph,16,15,True,1.0988235,-1.0082916
instance_4567.graph,data/graph_coloring_graphs/instance_4567.graph,16,3,False,-4.9326,1.5613421
instance_4568.graph,data/graph_coloring_graphs/instance_4568.graph,10,15,True,0.9777813,-1.1433748
instance_4569.graph,data/graph_coloring_graphs/instance_4569.graph,10,7,True,-0.13423061,0.78465474
instance_457.graph,data/graph_coloring_graphs/instance_457.graph,12,11,True,1.068253,-0.4552668
instance_4570.graph,data/graph_coloring_graphs/instance_4570.graph,14,15,True,1.23703,-1.4309269
instance_4571.graph,data/graph_coloring_graphs/instance_4571.graph,20,11,True,1.1471634,-0.0251064
instance_4572.graph,data/graph_coloring_graphs/instance_4572.graph,18,15,True,1.397171,-1.5099219
instance_4573.graph,data/graph_coloring_graphs/instance_4573.graph,16,7,True,0.8771076,0.6560981
instance_4574.graph,data/graph_coloring_graphs/instance_4574.graph,12,7,True,0.7135124,0.29146782
instance_4575.graph,data/graph_coloring_graphs/instance_4575.graph,14,7,False,-0.8107052,1.030222
instance_4576.graph,data/graph_coloring_graphs/instance_4576.graph,20,15,True,1.131588,-0.97194743
instance_4577.graph,data/graph_coloring_graphs/instance_4577.graph,14,7,True,-0.47795773,0.84511435
instance_4578.graph,data/graph_coloring_graphs/instance_4578.graph,12,11,True,1.0710983,-0.98948395
instance_4579.graph,data/graph_coloring_graphs/instance_4579.graph,14,5,True,0.85897446,-0.032549366
instance_458.graph,data/graph_coloring_graphs/instance_458.graph,10,3,False,-4.388294,1.3437629
instance_4580.graph,data/graph_coloring_graphs/instance_4580.graph,18,11,True,1.295166,-0.7901107
instance_4581.graph,data/graph_coloring_graphs/instance_4581.graph,20,5,False,-4.2536373,1.4453881
instance_4582.graph,data/graph_coloring_graphs/instance_4582.graph,20,9,True,1.1070204,0.44591263
instance_4583.graph,data/graph_coloring_graphs/instance_4583.graph,20,7,False,-2.3899498,1.4007556
instance_4584.graph,data/graph_coloring_graphs/instance_4584.graph,20,15,True,1.3385792,-1.3328327
instance_4585.graph,data/graph_coloring_graphs/instance_4585.graph,18,7,True,-0.05216217,0.81349874
instance_4586.graph,data/graph_coloring_graphs/instance_4586.graph,14,7,False,-1.379055,1.1658585
instance_4587.graph,data/graph_coloring_graphs/instance_4587.graph,20,11,True,1.1708965,-0.2523505
instance_4588.graph,data/graph_coloring_graphs/instance_4588.graph,18,13,True,1.141346,-0.6896453
instance_4589.graph,data/graph_coloring_graphs/instance_4589.graph,10,7,True,1.1445065,0.22455582
instance_459.graph,data/graph_coloring_graphs/instance_459.graph,20,9,True,0.88478756,0.6136941
instance_4590.graph,data/graph_coloring_graphs/instance_4590.graph,20,3,False,-2.2330284,0.6150044
instance_4591.graph,data/graph_coloring_graphs/instance_4591.graph,14,13,True,1.0788345,-0.68172336
instance_4592.graph,data/graph_coloring_graphs/instance_4592.graph,16,13,True,1.113205,-0.6836146
instance_4593.graph,data/graph_coloring_graphs/instance_4593.graph,20,15,True,1.1756744,-1.104465
instance_4594.graph,data/graph_coloring_graphs/instance_4594.graph,10,3,True,-0.16783142,0.07691227
instance_4595.graph,data/graph_coloring_graphs/instance_4595.graph,10,7,True,1.5485382,-0.5406234
instance_4596.graph,data/graph_coloring_graphs/instance_4596.graph,20,7,True,0.81762123,0.62961507
instance_4597.graph,data/graph_coloring_graphs/instance_4597.graph,12,5,False,-2.675191,1.0882361
instance_4598.graph,data/graph_coloring_graphs/instance_4598.graph,20,15,True,1.1212807,-0.9512614
instance_4599.graph,data/graph_coloring_graphs/instance_4599.graph,20,5,True,0.6323433,0.3440391
instance_46.graph,data/graph_coloring_graphs/instance_46.graph,10,3,False,-4.3090467,1.1836712
instance_460.graph,data/graph_coloring_graphs/instance_460.graph,14,13,True,1.090271,-0.7161896
instance_4600.graph,data/graph_coloring_graphs/instance_4600.graph,20,13,True,1.1332893,-0.6486707
instance_4601.graph,data/graph_coloring_graphs/instance_4601.graph,12,11,True,1.1034839,-0.5775194
instance_4602.graph,data/graph_coloring_graphs/instance_4602.graph,18,5,True,1.1740265,0.08185087
instance_4603.graph,data/graph_coloring_graphs/instance_4603.graph,18,9,True,1.2692451,-0.1071395
instance_4604.graph,data/graph_coloring_graphs/instance_4604.graph,10,11,True,1.010993,-0.5657352
instance_4605.graph,data/graph_coloring_graphs/instance_4605.graph,18,5,True,-0.9775777,0.7546419
instance_4606.graph,data/graph_coloring_graphs/instance_4606.graph,18,3,False,-3.446144,1.0343462
instance_4607.graph,data/graph_coloring_graphs/instance_4607.graph,14,9,True,1.132906,0.17600657
instance_4608.graph,data/graph_coloring_graphs/instance_4608.graph,21,155,True,0.43035507,1.0877479
instance_4609.graph,data/graph_coloring_graphs/instance_4609.graph,10,7,True,1.367115,0.29412708
instance_461.graph,data/graph_coloring_graphs/instance_461.graph,20,15,True,1.136303,-1.0107917
instance_4610.graph,data/graph_coloring_graphs/instance_4610.graph,16,5,False,-3.5918903,1.3341429
instance_4611.graph,data/graph_coloring_graphs/instance_4611.graph,12,3,True,0.93042755,-0.050529752
instance_4612.graph,data/graph_coloring_graphs/instance_4612.graph,14,5,True,3.5357056,-0.4331672
instance_4613.graph,data/graph_coloring_graphs/instance_4613.graph,10,13,True,0.96685934,-1.0306108
instance_4614.graph,data/graph_coloring_graphs/instance_4614.graph,18,7,False,-1.71418,1.2772179
instance_4615.graph,data/graph_coloring_graphs/instance_4615.graph,20,7,True,-1.6795158,1.2299612
instance_4616.graph,data/graph_coloring_graphs/instance_4616.graph,16,9,True,1.5873222,-0.23275685
instance_4617.graph,data/graph_coloring_graphs/instance_4617.graph,16,13,True,1.1016083,-0.6281146
instance_4618.graph,data/graph_coloring_graphs/instance_4618.graph,10,7,True,-0.24194574,0.8118987
instance_4619.graph,data/graph_coloring_graphs/instance_4619.graph,14,5,False,-3.0079908,1.2186093
instance_462.graph,data/graph_coloring_graphs/instance_462.graph,18,15,True,1.2373238,-1.3573064
instance_4620.graph,data/graph_coloring_graphs/instance_4620.graph,18,9,True,0.93684196,0.48059633
instance_4621.graph,data/graph_coloring_graphs/instance_4621.graph,12,13,True,1.0842896,-0.99602354
instance_4622.graph,data/graph_coloring_graphs/instance_4622.graph,10,9,True,0.7784414,0.46077582
instance_4623.graph,data/graph_coloring_graphs/instance_4623.graph,12,9,True,1.2708435,-0.88951397
instance_4624.graph,data/graph_coloring_graphs/instance_4624.graph,20,3,False,-4.6793747,1.4139886
instance_4625.graph,data/graph_coloring_graphs/instance_4625.graph,18,11,True,1.1195183,0.12812804
instance_4626.graph,data/graph_coloring_graphs/instance_4626.graph,12,5,True,-2.2156744,1.0054005
instance_4627.graph,data/graph_coloring_graphs/instance_4627.graph,18,9,True,0.7115946,0.7692262
instance_4628.graph,data/graph_coloring_graphs/instance_4628.graph,10,13,True,0.97285986,-0.98894393
instance_4629.graph,data/graph_coloring_graphs/instance_4629.graph,20,11,True,1.136383,0.018099904
instance_463.graph,data/graph_coloring_graphs/instance_463.graph,12,11,True,1.0584717,-0.0695199
instance_4630.graph,data/graph_coloring_graphs/instance_4630.graph,10,11,True,1.0019789,-0.7667153
instance_4631.graph,data/graph_coloring_graphs/instance_4631.graph,14,11,True,1.082428,-0.032005817
instance_4632.graph,data/graph_coloring_graphs/instance_4632.graph,18,3,False,-5.6773396,1.8921678
instance_4633.graph,data/graph_coloring_graphs/instance_4633.graph,10,11,True,1.0078812,-1.329942
instance_4634.graph,data/graph_coloring_graphs/instance_4634.graph,12,5,True,0.9085083,0.36072958
instance_4635.graph,data/graph_coloring_graphs/instance_4635.graph,20,11,True,1.127491,0.16232339
instance_4636.graph,data/graph_coloring_graphs/instance_4636.graph,20,13,True,1.1252174,-0.5508728
instance_4637.graph,data/graph_coloring_graphs/instance_4637.graph,16,7,False,-1.5375824,1.1890224
instance_4638.graph,data/graph_coloring_graphs/instance_4638.graph,10,3,False,-4.309066,1.1836712
instance_4639.graph,data/graph_coloring_graphs/instance_4639.graph,18,11,True,1.1368523,0.006172292
instance_464.graph,data/graph_coloring_graphs/instance_464.graph,14,11,True,1.1762104,-0.640689
instance_4640.graph,data/graph_coloring_graphs/instance_4640.graph,18,3,True,-0.6059532,0.10685462
instance_4641.graph,data/graph_coloring_graphs/instance_4641.graph,18,15,True,1.2623701,-1.2966082
instance_4642.graph,data/graph_coloring_graphs/instance_4642.graph,10,5,True,1.0739517,0.2236644
instance_4643.graph,data/graph_coloring_graphs/instance_4643.graph,12,3,False,-3.1466084,0.69983435
instance_4644.graph,data/graph_coloring_graphs/instance_4644.graph,14,7,True,-0.92420197,1.0573087
instance_4645.graph,data/graph_coloring_graphs/instance_4645.graph,20,15,True,1.3157082,-1.3838242
instance_4646.graph,data/graph_coloring_graphs/instance_4646.graph,14,9,True,1.3742332,-0.2842359
instance_4647.graph,data/graph_coloring_graphs/instance_4647.graph,10,11,True,0.9732275,-0.39690432
instance_4648.graph,data/graph_coloring_graphs/instance_4648.graph,18,3,False,-5.0594654,1.6685922
instance_4649.graph,data/graph_coloring_graphs/instance_4649.graph,12,11,True,1.0550537,-0.32833198
instance_465.graph,data/graph_coloring_graphs/instance_465.graph,12,3,False,-2.7301626,0.76731384
instance_4650.graph,data/graph_coloring_graphs/instance_4650.graph,14,13,True,1.1205597,-0.8154063
instance_4651.graph,data/graph_coloring_graphs/instance_4651.graph,20,11,True,1.1889763,-0.25240958
instance_4652.graph,data/graph_coloring_graphs/instance_4652.graph,12,3,False,-2.2573872,0.5587733
instance_4653.graph,data/graph_coloring_graphs/instance_4653.graph,12,3,False,-4.534912,1.3909607
instance_4654.graph,data/graph_coloring_graphs/instance_4654.graph,16,13,True,1.1300602,-0.7836745
instance_4655.graph,data/graph_coloring_graphs/instance_4655.graph,14,13,True,1.1120491,-1.2358024
instance_4656.graph,data/graph_coloring_graphs/instance_4656.graph,14,9,True,0.7734871,0.658741
instance_4657.graph,data/graph_coloring_graphs/instance_4657.graph,20,11,True,1.1913586,-0.2718687
instance_4658.graph,data/graph_coloring_graphs/instance_4658.graph,18,9,True,1.2431412,-0.09154893
instance_4659.graph,data/graph_coloring_graphs/instance_4659.graph,12,5,True,-1.1065726,0.80545306
instance_466.graph,data/graph_coloring_graphs/instance_466.graph,10,7,True,2.4781456,-0.58119154
instance_4660.graph,data/graph_coloring_graphs/instance_4660.graph,12,11,True,1.0472336,-0.13864508
instance_4661.graph,data/graph_coloring_graphs/instance_4661.graph,14,5,False,-3.760271,1.3132956
instance_4662.graph,data/graph_coloring_graphs/instance_4662.graph,18,5,True,2.2540817,0.097099274
instance_4663.graph,data/graph_coloring_graphs/instance_4663.graph,12,7,True,2.0995636,0.09171927
instance_4664.graph,data/graph_coloring_graphs/instance_4664.graph,16,11,True,1.1022415,0.059580326
instance_4665.graph,data/graph_coloring_graphs/instance_4665.graph,14,3,False,-4.7410717,1.3994677
instance_4666.graph,data/graph_coloring_graphs/instance_4666.graph,10,11,True,1.0050354,-1.4253129
instance_4667.graph,data/graph_coloring_graphs/instance_4667.graph,10,7,True,2.2098389,-0.5657085
instance_4668.graph,data/graph_coloring_graphs/instance_4668.graph,10,13,True,0.96994066,-1.0092695
instance_4669.graph,data/graph_coloring_graphs/instance_4669.graph,10,5,True,0.10339165,0.51695335
instance_467.graph,data/graph_coloring_graphs/instance_467.graph,14,9,True,0.5872364,0.7956817
instance_4670.graph,data/graph_coloring_graphs/instance_4670.graph,16,3,False,-5.2543774,1.7249005
instance_4671.graph,data/graph_coloring_graphs/instance_4671.graph,10,3,False,-4.063014,1.1844678
instance_4672.graph,data/graph_coloring_graphs/instance_4672.graph,16,7,True,2.6700401,-0.52470934
instance_4673.graph,data/graph_coloring_graphs/instance_4673.graph,14,9,True,0.5209675,0.8620957
instance_4674.graph,data/graph_coloring_graphs/instance_4674.graph,18,13,True,1.1222038,-0.5636989
instance_4675.graph,data/graph_coloring_graphs/instance_4675.graph,20,11,True,1.132904,0.054238334
instance_4676.graph,data/graph_coloring_graphs/instance_4676.graph,16,3,True,-0.11545563,0.14369586
instance_4677.graph,data/graph_coloring_graphs/instance_4677.graph,18,3,False,-3.7710857,1.2496977
instance_4678.graph,data/graph_coloring_graphs/instance_4678.graph,14,7,True,-1.0238914,1.0363597
instance_4679.graph,data/graph_coloring_graphs/instance_4679.graph,14,9,True,1.1329117,0.17600657
instance_468.graph,data/graph_coloring_graphs/instance_468.graph,12,3,False,-4.626232,1.5228951
instance_4680.graph,data/graph_coloring_graphs/instance_4680.graph,20,3,False,-5.081337,1.5721947
instance_4681.graph,data/graph_coloring_graphs/instance_4681.graph,10,11,True,0.99059296,-0.3540311
instance_4682.graph,data/graph_coloring_graphs/instance_4682.graph,10,13,True,0.9933629,-1.0185759
instance_4683.graph,data/graph_coloring_graphs/instance_4683.graph,14,9,True,1.2915497,0.16007808
instance_4684.graph,data/graph_coloring_graphs/instance_4684.graph,20,3,False,-2.8526058,0.95252657
instance_4685.graph,data/graph_coloring_graphs/instance_4685.graph,16,5,True,-2.6631818,0.92245936
instance_4686.graph,data/graph_coloring_graphs/instance_4686.graph,16,15,True,1.1389904,-1.1635756
instance_4687.graph,data/graph_coloring_graphs/instance_4687.graph,18,15,True,1.1301079,-1.0465271
instance_4688.graph,data/graph_coloring_graphs/instance_4688.graph,10,13,True,1.0019512,-1.22575
instance_4689.graph,data/graph_coloring_graphs/instance_4689.graph,14,13,True,1.198349,-1.2976022
instance_469.graph,data/graph_coloring_graphs/instance_469.graph,14,13,True,1.0751419,-0.8210918
instance_4690.graph,data/graph_coloring_graphs/instance_4690.graph,10,13,True,0.9920387,-0.85561
instance_4691.graph,data/graph_coloring_graphs/instance_4691.graph,16,7,True,2.0211525,0.328057
instance_4692.graph,data/graph_coloring_graphs/instance_4692.graph,14,5,True,1.0105171,0.40997165
instance_4693.graph,data/graph_coloring_graphs/instance_4693.graph,18,7,True,1.4765091,0.210258
instance_4694.graph,data/graph_coloring_graphs/instance_4694.graph,10,3,False,-3.3775482,0.84878194
instance_4695.graph,data/graph_coloring_graphs/instance_4695.graph,16,13,True,1.1046677,-0.7899679
instance_4696.graph,data/graph_coloring_graphs/instance_4696.graph,14,7,True,2.4494934,-0.2851145
instance_4697.graph,data/graph_coloring_graphs/instance_4697.graph,12,13,True,1.060801,-1.0240879
instance_4698.graph,data/graph_coloring_graphs/instance_4698.graph,14,5,False,-3.4495277,1.2939241
instance_4699.graph,data/graph_coloring_graphs/instance_4699.graph,16,9,True,0.55587196,0.9377333
instance_47.graph,data/graph_coloring_graphs/instance_47.graph,14,9,True,1.3813019,-0.4236777
instance_470.graph,data/graph_coloring_graphs/instance_470.graph,10,5,True,0.04938698,0.6136782
instance_4700.graph,data/graph_coloring_graphs/instance_4700.graph,10,15,True,0.9825268,-1.1957567
instance_4701.graph,data/graph_coloring_graphs/instance_4701.graph,16,7,True,-0.6537218,0.97518754
instance_4702.graph,data/graph_coloring_graphs/instance_4702.graph,16,15,True,1.2739906,-1.5891411
instance_4703.graph,data/graph_coloring_graphs/instance_4703.graph,20,11,True,1.1220093,0.16795349
instance_4704.graph,data/graph_coloring_graphs/instance_4704.graph,20,3,False,-5.6997757,1.9391805
instance_4705.graph,data/graph_coloring_graphs/instance_4705.graph,18,13,True,1.1200943,-0.66207933
instance_4706.graph,data/graph_coloring_graphs/instance_4706.graph,20,15,True,1.1289864,-0.96244025
instance_4707.graph,data/graph_coloring_graphs/instance_4707.graph,18,5,True,2.2690086,-0.021288447
instance_4708.graph,data/graph_coloring_graphs/instance_4708.graph,18,9,True,0.89190674,0.6690676
instance_4709.graph,data/graph_coloring_graphs/instance_4709.graph,10,13,True,1.0019474,-1.2257501
instance_471.graph,data/graph_coloring_graphs/instance_471.graph,20,13,True,1.2563171,-1.1152711
instance_4710.graph,data/graph_coloring_graphs/instance_4710.graph,10,15,True,0.99505234,-1.1253793
instance_4711.graph,data/graph_coloring_graphs/instance_4711.graph,12,13,True,1.0397358,-0.7666503
instance_4712.graph,data/graph_coloring_graphs/instance_4712.graph,16,7,True,2.6362457,-0.17187767
instance_4713.graph,data/graph_coloring_graphs/instance_4713.graph,12,13,True,1.0601387,-1.0427653
instance_4714.graph,data/graph_coloring_graphs/instance_4714.graph,20,9,True,1.4239426,-0.16443764
instance_4715.graph,data/graph_coloring_graphs/instance_4715.graph,10,13,True,0.98807526,-1.0646015
instance_4716.graph,data/graph_coloring_graphs/instance_4716.graph,14,13,True,1.1272774,-0.9746679
instance_4717.graph,data/graph_coloring_graphs/instance_4717.graph,16,11,True,1.1307678,-0.1447329
instance_4718.graph,data/graph_coloring_graphs/instance_4718.graph,10,5,True,1.0739498,0.22366443
instance_4719.graph,data/graph_coloring_graphs/instance_4719.graph,14,13,True,1.3635406,-1.4689941
instance_472.graph,data/graph_coloring_graphs/instance_472.graph,12,13,True,1.1349554,-1.0512874
instance_4720.graph,data/graph_coloring_graphs/instance_4720.graph,10,13,True,0.7837753,-1.468862
instance_4721.graph,data/graph_coloring_graphs/instance_4721.graph,14,11,True,1.1023779,-0.4272711
instance_4722.graph,data/graph_coloring_graphs/instance_4722.graph,10,3,True,0.15424347,-0.046041794
instance_4723.graph,data/graph_coloring_graphs/instance_4723.graph,18,9,True,0.70128155,0.77870345
instance_4724.graph,data/graph_coloring_graphs/instance_4724.graph,12,7,True,0.6525583,0.64254844
instance_4725.graph,data/graph_coloring_graphs/instance_4725.graph,14,5,True,0.4779911,0.43745193
instance_4726.graph,data/graph_coloring_graphs/instance_4726.graph,14,5,True,2.1051102,-0.015366081
instance_4727.graph,data/graph_coloring_graphs/instance_4727.graph,16,9,True,0.54291534,0.92091894
instance_4728.graph,data/graph_coloring_graphs/instance_4728.graph,18,5,True,-1.449326,0.9216324
instance_4729.graph,data/graph_coloring_graphs/instance_4729.graph,10,11,True,1.0426254,-1.2220478
instance_473.graph,data/graph_coloring_graphs/instance_473.graph,14,3,False,-4.486512,1.4278858
instance_4730.graph,data/graph_coloring_graphs/instance_4730.graph,20,7,True,-1.2875118,1.1901157
instance_4731.graph,data/graph_coloring_graphs/instance_4731.graph,16,13,True,1.1846237,-1.22317
instance_4732.graph,data/graph_coloring_graphs/instance_4732.graph,10,13,True,0.9819908,-0.8026881
instance_4733.graph,data/graph_coloring_graphs/instance_4733.graph,10,7,True,1.0845337,-0.31272197
instance_4734.graph,data/graph_coloring_graphs/instance_4734.graph,16,11,True,1.1038895,0.026394188
instance_4735.graph,data/graph_coloring_graphs/instance_4735.graph,18,3,False,-4.93353,1.5524061
instance_4736.graph,data/graph_coloring_graphs/instance_4736.graph,18,13,True,1.2662926,-1.1658304
instance_4737.graph,data/graph_coloring_graphs/instance_4737.graph,14,9,True,1.0404053,0.34150285
instance_4738.graph,data/graph_coloring_graphs/instance_4738.graph,18,15,True,1.1280136,-1.0362173
instance_4739.graph,data/graph_coloring_graphs/instance_4739.graph,12,13,True,1.0277457,-0.9047997
instance_474.graph,data/graph_coloring_graphs/instance_474.graph,10,9,True,0.82595825,-0.6658336
instance_4740.graph,data/graph_coloring_graphs/instance_4740.graph,12,3,False,-4.937134,1.5081878
instance_4741.graph,data/graph_coloring_graphs/instance_4741.graph,10,7,True,2.024269,-0.02712342
instance_4742.graph,data/graph_coloring_graphs/instance_4742.graph,20,11,True,1.2551904,-0.5811919
instance_4743.graph,data/graph_coloring_graphs/instance_4743.graph,16,5,True,-0.4758005,0.6703062
instance_4744.graph,data/graph_coloring_graphs/instance_4744.graph,12,3,False,-3.8313217,0.9229171
instance_4745.graph,data/graph_coloring_graphs/instance_4745.graph,16,3,False,-4.609503,1.3971348
instance_4746.graph,data/graph_coloring_graphs/instance_4746.graph,18,11,True,1.1168785,0.088131905
instance_4747.graph,data/graph_coloring_graphs/instance_4747.graph,12,13,True,1.0546856,-0.7667041
instance_4748.graph,data/graph_coloring_graphs/instance_4748.graph,20,3,False,-4.076664,1.2919561
instance_4749.graph,data/graph_coloring_graphs/instance_4749.graph,16,5,True,3.2359657,-0.17136492
instance_475.graph,data/graph_coloring_graphs/instance_475.graph,10,15,True,1.0408249,-1.5482283
instance_4750.graph,data/graph_coloring_graphs/instance_4750.graph,18,5,True,-1.9222836,0.8363391
instance_4751.graph,data/graph_coloring_graphs/instance_4751.graph,16,15,True,1.2324085,-1.3366375
instance_4752.graph,data/graph_coloring_graphs/instance_4752.graph,20,15,True,1.1448479,-1.0446302
instance_4753.graph,data/graph_coloring_graphs/instance_4753.graph,14,5,True,-0.02763176,0.37393525
instance_4754.graph,data/graph_coloring_graphs/instance_4754.graph,14,11,True,1.1090298,-0.7852088
instance_4755.graph,data/graph_coloring_graphs/instance_4755.graph,12,5,True,-0.19161987,0.48291263
instance_4756.graph,data/graph_coloring_graphs/instance_4756.graph,16,5,False,-4.068432,1.3874934
instance_4757.graph,data/graph_coloring_graphs/instance_4757.graph,18,3,False,-3.630784,0.9667132
instance_4758.graph,data/graph_coloring_graphs/instance_4758.graph,18,9,True,0.70627594,0.83090985
instance_4759.graph,data/graph_coloring_graphs/instance_4759.graph,20,9,True,1.715004,-0.45522466
instance_476.graph,data/graph_coloring_graphs/instance_476.graph,16,7,True,-0.22670364,0.9149245
instance_4760.graph,data/graph_coloring_graphs/instance_4760.graph,20,7,True,2.2131996,-0.21294783
instance_4761.graph,data/graph_coloring_graphs/instance_4761.graph,12,13,True,1.0578899,-1.1039481
instance_4762.graph,data/graph_coloring_graphs/instance_4762.graph,16,15,True,1.1237335,-1.0736136
instance_4763.graph,data/graph_coloring_graphs/instance_4763.graph,10,15,True,0.89040375,-1.618396
instance_4764.graph,data/graph_coloring_graphs/instance_4764.graph,18,9,True,1.2225246,0.08163594
instance_4765.graph,data/graph_coloring_graphs/instance_4765.graph,16,9,True,1.4170151,-0.36398575
instance_4766.graph,data/graph_coloring_graphs/instance_4766.graph,12,3,False,-2.3225918,0.6289233
instance_4767.graph,data/graph_coloring_graphs/instance_4767.graph,12,3,True,0.89046097,-0.32707968
instance_4768.graph,data/graph_coloring_graphs/instance_4768.graph,14,15,True,1.1154594,-1.1335537
instance_4769.graph,data/graph_coloring_graphs/instance_4769.graph,10,15,True,1.021759,-1.363865
instance_477.graph,data/graph_coloring_graphs/instance_477.graph,18,3,False,-5.597,1.9326482
instance_4770.graph,data/graph_coloring_graphs/instance_4770.graph,20,13,True,1.1898212,-0.7949438
instance_4771.graph,data/graph_coloring_graphs/instance_4771.graph,14,15,True,1.1338043,-1.2811849
instance_4772.graph,data/graph_coloring_graphs/instance_4772.graph,10,3,False,-3.5227728,1.1862159
instance_4773.graph,data/graph_coloring_graphs/instance_4773.graph,10,3,True,0.50564194,-0.18017347
instance_4774.graph,data/graph_coloring_graphs/instance_4774.graph,20,13,True,1.2734613,-1.1090405
instance_4775.graph,data/graph_coloring_graphs/instance_4775.graph,12,9,True,0.6708689,0.690428
instance_4776.graph,data/graph_coloring_graphs/instance_4776.graph,14,13,True,1.180728,-1.10727
instance_4777.graph,data/graph_coloring_graphs/instance_4777.graph,20,11,True,1.3595982,-0.83985436
instance_4778.graph,data/graph_coloring_graphs/instance_4778.graph,14,13,True,1.1261244,-0.94736624
instance_4779.graph,data/graph_coloring_graphs/instance_4779.graph,14,5,True,1.5932503,-0.2754726
instance_478.graph,data/graph_coloring_graphs/instance_478.graph,14,3,False,-2.2067552,0.8165597
instance_4780.graph,data/graph_coloring_graphs/instance_4780.graph,16,15,True,1.1452484,-1.2005177
instance_4781.graph,data/graph_coloring_graphs/instance_4781.graph,12,7,True,-0.40091705,0.90004385
instance_4782.graph,data/graph_coloring_graphs/instance_4782.graph,14,7,False,-1.2851887,1.1434509
instance_4783.graph,data/graph_coloring_graphs/instance_4783.graph,12,13,True,1.1131706,-1.2984223
instance_4784.graph,data/graph_coloring_graphs/instance_4784.graph,16,9,True,0.63650894,0.8655691
instance_4785.graph,data/graph_coloring_graphs/instance_4785.graph,20,5,True,-1.8491507,1.0116177
instance_4786.graph,data/graph_coloring_graphs/instance_4786.graph,14,11,True,1.0830307,-0.06454831
instance_4787.graph,data/graph_coloring_graphs/instance_4787.graph,10,11,True,0.9812741,-0.48195592
instance_4788.graph,data/graph_coloring_graphs/instance_4788.graph,12,11,True,1.0581818,-0.09058802
instance_4789.graph,data/graph_coloring_graphs/instance_4789.graph,20,3,True,-2.0241222,0.6915244
instance_479.graph,data/graph_coloring_graphs/instance_479.graph,16,15,True,1.1399689,-1.169325
instance_4790.graph,data/graph_coloring_graphs/instance_4790.graph,12,13,True,1.153244,-1.4394162
instance_4791.graph,data/graph_coloring_graphs/instance_4791.graph,18,11,True,1.1270142,-0.047197863
instance_4792.graph,data/graph_coloring_graphs/instance_4792.graph,16,3,False,-4.9646425,1.514748
instance_4793.graph,data/graph_coloring_graphs/instance_4793.graph,10,13,True,0.9939995,-0.84188414
instance_4794.graph,data/graph_coloring_graphs/instance_4794.graph,10,7,True,1.7565994,-0.9507216
instance_4795.graph,data/graph_coloring_graphs/instance_4795.graph,12,9,True,0.6551275,0.70650244
instance_4796.graph,data/graph_coloring_graphs/instance_4796.graph,18,15,True,1.282856,-1.3955345
instance_4797.graph,data/graph_coloring_graphs/instance_4797.graph,10,3,False,-2.9236717,0.6265038
instance_4798.graph,data/graph_coloring_graphs/instance_4798.graph,20,5,False,-3.7961483,1.3458798
instance_4799.graph,data/graph_coloring_graphs/instance_4799.graph,16,7,True,0.90467644,0.54107845
instance_48.graph,data/graph_coloring_graphs/instance_48.graph,18,5,False,-3.1118069,1.2663864
instance_480.graph,data/graph_coloring_graphs/instance_480.graph,16,11,True,1.1189384,-0.10263251
instance_4800.graph,data/graph_coloring_graphs/instance_4800.graph,20,5,False,-5.0409317,1.5777986
instance_4801.graph,data/graph_coloring_graphs/instance_4801.graph,14,11,True,1.0869179,-0.28112388
instance_4802.graph,data/graph_coloring_graphs/instance_4802.graph,10,9,True,0.8842926,0.08400981
instance_4803.graph,data/graph_coloring_graphs/instance_4803.graph,16,9,True,0.85130405,0.59525883
instance_4804.graph,data/graph_coloring_graphs/instance_4804.graph,10,15,True,0.9683647,-1.1878765
instance_4805.graph,data/graph_coloring_graphs/instance_4805.graph,10,3,False,-3.5728188,0.94441366
instance_4806.graph,data/graph_coloring_graphs/instance_4806.graph,16,11,True,1.1199379,-0.11960505
instance_4807.graph,data/graph_coloring_graphs/instance_4807.graph,12,11,True,1.0469093,-0.15066169
instance_4808.graph,data/graph_coloring_graphs/instance_4808.graph,16,7,True,1.6980476,-0.11871125
instance_4809.graph,data/graph_coloring_graphs/instance_4809.graph,14,15,True,1.2503242,-1.6788299
instance_481.graph,data/graph_coloring_graphs/instance_481.graph,20,9,False,0.37254333,1.1027197
instance_4810.graph,data/graph_coloring_graphs/instance_4810.graph,14,11,True,1.1086769,-0.25439698
instance_4811.graph,data/graph_coloring_graphs/instance_4811.graph,18,9,True,0.4713421,1.013954
instance_4812.graph,data/graph_coloring_graphs/instance_4812.graph,10,9,True,0.8895912,-0.7892325
instance_4813.graph,data/graph_coloring_graphs/instance_4813.graph,18,15,True,1.1228027,-1.0453438
instance_4814.graph,data/graph_coloring_graphs/instance_4814.graph,12,13,True,1.0546799,-0.76670396
instance_4815.graph,data/graph_coloring_graphs/instance_4815.graph,16,9,True,0.5344715,0.928712
instance_4816.graph,data/graph_coloring_graphs/instance_4816.graph,14,9,True,0.63814926,0.82827246
instance_4817.graph,data/graph_coloring_graphs/instance_4817.graph,10,15,True,1.0443153,-1.4312686
instance_4818.graph,data/graph_coloring_graphs/instance_4818.graph,14,11,True,1.2256222,-0.9887576
instance_4819.graph,data/graph_coloring_graphs/instance_4819.graph,14,5,True,1.1026726,-0.19895393
instance_482.graph,data/graph_coloring_graphs/instance_482.graph,18,9,True,0.57372665,0.89601576
instance_4820.graph,data/graph_coloring_graphs/instance_4820.graph,10,13,True,0.83771896,-1.4041142
instance_4821.graph,data/graph_coloring_graphs/instance_4821.graph,16,7,False,-1.5579853,1.2270784
instance_4822.graph,data/graph_coloring_graphs/instance_4822.graph,16,3,True,-0.92619324,-0.0040837415
instance_4823.graph,data/graph_coloring_graphs/instance_4823.graph,20,11,True,1.3263931,-0.75080717
instance_4824.graph,data/graph_coloring_graphs/instance_4824.graph,16,9,True,0.77219963,0.70924246
instance_4825.graph,data/graph_coloring_graphs/instance_4825.graph,18,15,True,1.1088219,-0.9681181
instance_4826.graph,data/graph_coloring_graphs/instance_4826.graph,18,5,False,-3.4684067,1.3004813
instance_4827.graph,data/graph_coloring_graphs/instance_4827.graph,10,13,True,1.0019474,-1.22575
instance_4828.graph,data/graph_coloring_graphs/instance_4828.graph,16,13,True,1.1382027,-0.7192266
instance_4829.graph,data/graph_coloring_graphs/instance_4829.graph,10,3,False,-0.8840046,0.44432822
instance_483.graph,data/graph_coloring_graphs/instance_483.graph,18,7,True,-1.1760006,1.122021
instance_4830.graph,data/graph_coloring_graphs/instance_4830.graph,10,15,True,0.9319,-1.5813768
instance_4831.graph,data/graph_coloring_graphs/instance_4831.graph,20,5,True,-2.3047028,0.9927325
instance_4832.graph,data/graph_coloring_graphs/instance_4832.graph,18,11,True,1.3158951,-0.8052443
instance_4833.graph,data/graph_coloring_graphs/instance_4833.graph,16,3,False,-4.342725,1.4053931
instance_4834.graph,data/graph_coloring_graphs/instance_4834.graph,20,7,False,-2.2790108,1.4170375
instance_4835.graph,data/graph_coloring_graphs/instance_4835.graph,20,15,True,1.1202049,-0.96617043
instance_4836.graph,data/graph_coloring_graphs/instance_4836.graph,14,15,True,1.1182003,-1.282273
instance_4837.graph,data/graph_coloring_graphs/instance_4837.graph,12,3,True,-0.097042084,-0.13095145
instance_4838.graph,data/graph_coloring_graphs/instance_4838.graph,18,11,True,1.1162186,0.09659232
instance_4839.graph,data/graph_coloring_graphs/instance_4839.graph,12,15,True,1.0529518,-1.089039
instance_484.graph,data/graph_coloring_graphs/instance_484.graph,18,9,True,0.9737072,0.39613533
instance_4840.graph,data/graph_coloring_graphs/instance_4840.graph,16,3,False,-4.5184383,1.4868854
instance_4841.graph,data/graph_coloring_graphs/instance_4841.graph,10,9,True,0.71382713,0.43218842
instance_4842.graph,data/graph_coloring_graphs/instance_4842.graph,10,11,True,0.99674034,-0.26975113
instance_4843.graph,data/graph_coloring_graphs/instance_4843.graph,20,7,True,1.648344,0.12808947
instance_4844.graph,data/graph_coloring_graphs/instance_4844.graph,12,5,True,-1.2616565,0.8334117
instance_4845.graph,data/graph_coloring_graphs/instance_4845.graph,14,5,True,1.3542938,0.27275237
instance_4846.graph,data/graph_coloring_graphs/instance_4846.graph,16,15,True,1.1054192,-1.0066918
instance_4847.graph,data/graph_coloring_graphs/instance_4847.graph,14,9,True,1.3243103,0.056953207
instance_4848.graph,data/graph_coloring_graphs/instance_4848.graph,18,7,False,-1.6728783,1.2401385
instance_4849.graph,data/graph_coloring_graphs/instance_4849.graph,18,9,True,0.8284893,0.5429059
instance_485.graph,data/graph_coloring_graphs/instance_485.graph,12,15,True,1.0633698,-1.3279217
instance_4850.graph,data/graph_coloring_graphs/instance_4850.graph,20,5,True,2.1532898,0.1729649
instance_4851.graph,data/graph_coloring_graphs/instance_4851.graph,20,11,True,1.1438904,0.006179489
instance_4852.graph,data/graph_coloring_graphs/instance_4852.graph,10,15,True,0.99772453,-1.2041795
instance_4853.graph,data/graph_coloring_graphs/instance_4853.graph,14,5,True,0.6844368,0.39865264
instance_4854.graph,data/graph_coloring_graphs/instance_4854.graph,20,15,True,1.1397743,-1.0246574
instance_4855.graph,data/graph_coloring_graphs/instance_4855.graph,20,11,True,1.1763229,-0.14999399
instance_4856.graph,data/graph_coloring_graphs/instance_4856.graph,14,15,True,1.0782661,-1.0470072
instance_4857.graph,data/graph_coloring_graphs/instance_4857.graph,20,3,False,-4.2521544,1.2562054
instance_4858.graph,data/graph_coloring_graphs/instance_4858.graph,12,3,False,-3.9080153,1.186418
instance_4859.graph,data/graph_coloring_graphs/instance_4859.graph,10,7,True,1.1828251,0.34351012
instance_486.graph,data/graph_coloring_graphs/instance_486.graph,12,9,True,1.1329384,0.13045153
instance_4860.graph,data/graph_coloring_graphs/instance_4860.graph,16,9,True,0.5099659,0.9513359
instance_4861.graph,data/graph_coloring_graphs/instance_4861.graph,16,11,True,1.1643543,-0.43506843
instance_4862.graph,data/graph_coloring_graphs/instance_4862.graph,10,3,True,0.36828613,-0.14425768
instance_4863.graph,data/graph_coloring_graphs/instance_4863.graph,18,13,True,1.1240044,-0.5886842
instance_4864.graph,data/graph_coloring_graphs/instance_4864.graph,10,15,True,0.9893131,-1.1576952
instance_4865.graph,data/graph_coloring_graphs/instance_4865.graph,10,13,True,0.8315697,-1.4560508
instance_4866.graph,data/graph_coloring_graphs/instance_4866.graph,12,13,True,1.0425911,-0.7338426
instance_4867.graph,data/graph_coloring_graphs/instance_4867.graph,18,13,True,1.140892,-0.6851388
instance_4868.graph,data/graph_coloring_graphs/instance_4868.graph,12,13,True,1.084281,-0.99602354
instance_4869.graph,data/graph_coloring_graphs/instance_4869.graph,10,11,True,0.9912791,-0.5874202
instance_487.graph,data/graph_coloring_graphs/instance_487.graph,18,7,True,-1.626749,1.1987307
instance_4870.graph,data/graph_coloring_graphs/instance_4870.graph,14,3,False,-2.8634434,0.8736532
instance_4871.graph,data/graph_coloring_graphs/instance_4871.graph,16,7,False,-1.7671776,1.2761314
instance_4872.graph,data/graph_coloring_graphs/instance_4872.graph,14,3,True,1.7222519,-0.2555359
instance_4873.graph,data/graph_coloring_graphs/instance_4873.graph,20,11,True,1.1629639,0.014513925
instance_4874.graph,data/graph_coloring_graphs/instance_4874.graph,20,5,True,-0.20331573,0.38590637
instance_4875.graph,data/graph_coloring_graphs/instance_4875.graph,16,3,False,-5.2428665,1.7723105
instance_4876.graph,data/graph_coloring_graphs/instance_4876.graph,16,11,True,1.2233448,-0.7346275
instance_4877.graph,data/graph_coloring_graphs/instance_4877.graph,12,15,True,1.1250687,-1.3567522
instance_4878.graph,data/graph_coloring_graphs/instance_4878.graph,16,15,True,1.1328773,-1.0755424
instance_4879.graph,data/graph_coloring_graphs/instance_4879.graph,16,13,True,1.2281151,-1.2340846
instance_488.graph,data/graph_coloring_graphs/instance_488.graph,10,11,True,0.9642315,-0.50207543
instance_4880.graph,data/graph_coloring_graphs/instance_4880.graph,18,13,True,1.1611104,-0.9070984
instance_4881.graph,data/graph_coloring_graphs/instance_4881.graph,10,15,True,0.7866974,-1.6255761
instance_4882.graph,data/graph_coloring_graphs/instance_4882.graph,16,5,True,-0.3554268,0.7469772
instance_4883.graph,data/graph_coloring_graphs/instance_4883.graph,20,11,True,1.1319771,0.11963646
instance_4884.graph,data/graph_coloring_graphs/instance_4884.graph,10,5,True,-0.36032486,0.5061146
instance_4885.graph,data/graph_coloring_graphs/instance_4885.graph,12,13,True,1.0277534,-0.9047997
instance_4886.graph,data/graph_coloring_graphs/instance_4886.graph,18,9,True,0.59632874,0.84579456
instance_4887.graph,data/graph_coloring_graphs/instance_4887.graph,16,5,False,-2.8353853,1.1395832
instance_4888.graph,data/graph_coloring_graphs/instance_4888.graph,14,3,False,-4.705392,1.3805318
instance_4889.graph,data/graph_coloring_graphs/instance_4889.graph,12,3,False,-3.1257162,0.9418074
instance_489.graph,data/graph_coloring_graphs/instance_489.graph,12,11,True,1.0683975,-0.12170509
instance_4890.graph,data/graph_coloring_graphs/instance_4890.graph,14,5,True,0.40074158,-0.06594609
instance_4891.graph,data/graph_coloring_graphs/instance_4891.graph,18,15,True,1.1209564,-1.0351961
instance_4892.graph,data/graph_coloring_graphs/instance_4892.graph,20,3,False,-5.029831,1.6419275
instance_4893.graph,data/graph_coloring_graphs/instance_4893.graph,20,13,True,1.1966572,-0.83992195
instance_4894.graph,data/graph_coloring_graphs/instance_4894.graph,12,15,True,1.0948524,-1.4923946
instance_4895.graph,data/graph_coloring_graphs/instance_4895.graph,20,13,True,1.1431618,-0.6651603
instance_4896.graph,data/graph_coloring_graphs/instance_4896.graph,20,7,True,-1.2551136,1.1826978
instance_4897.graph,data/graph_coloring_graphs/instance_4897.graph,16,9,True,1.2160549,0.18920682
instance_4898.graph,data/graph_coloring_graphs/instance_4898.graph,18,3,False,-5.502384,1.8435584
instance_4899.graph,data/graph_coloring_graphs/instance_4899.graph,16,5,True,2.003662,-0.118374735
instance_49.graph,data/graph_coloring_graphs/instance_49.graph,10,9,True,1.073164,0.00073093176
instance_490.graph,data/graph_coloring_graphs/instance_490.graph,20,11,True,1.1225777,0.16199584
instance_4900.graph,data/graph_coloring_graphs/instance_4900.graph,14,11,True,1.0847301,-0.15971033
instance_4901.graph,data/graph_coloring_graphs/instance_4901.graph,20,11,True,1.1219978,0.16795349
instance_4902.graph,data/graph_coloring_graphs/instance_4902.graph,10,15,True,0.9963398,-1.1180487
instance_4903.graph,data/graph_coloring_graphs/instance_4903.graph,20,11,True,1.1984024,-0.25244045
instance_4904.graph,data/graph_coloring_graphs/instance_4904.graph,20,3,False,-5.2943726,1.8140132
instance_4905.graph,data/graph_coloring_graphs/instance_4905.graph,10,9,True,1.163105,-0.107275575
instance_4906.graph,data/graph_coloring_graphs/instance_4906.graph,12,3,False,-3.633809,1.0579362
instance_4907.graph,data/graph_coloring_graphs/instance_4907.graph,20,15,True,1.2974949,-1.3245457
instance_4908.graph,data/graph_coloring_graphs/instance_4908.graph,12,3,True,-0.08003616,-0.028943636
instance_4909.graph,data/graph_coloring_graphs/instance_4909.graph,14,11,True,1.0824203,-0.0320058
instance_491.graph,data/graph_coloring_graphs/instance_491.graph,16,9,True,0.61750984,0.8825611
instance_4910.graph,data/graph_coloring_graphs/instance_4910.graph,10,15,True,0.98257446,-1.1205933
instance_4911.graph,data/graph_coloring_graphs/instance_4911.graph,18,15,True,1.1129913,-0.9910768
instance_4912.graph,data/graph_coloring_graphs/instance_4912.graph,10,5,False,-1.219183,0.76436615
instance_4913.graph,data/graph_coloring_graphs/instance_4913.graph,16,13,True,1.1020088,-0.64839375
instance_4914.graph,data/graph_coloring_graphs/instance_4914.graph,20,3,False,-4.1781034,1.3387067
instance_4915.graph,data/graph_coloring_graphs/instance_4915.graph,14,15,True,1.0779724,-1.040358
instance_4916.graph,data/graph_coloring_graphs/instance_4916.graph,16,13,True,1.3086777,-1.3999887
instance_4917.graph,data/graph_coloring_graphs/instance_4917.graph,16,15,True,1.1129112,-1.0583237
instance_4918.graph,data/graph_coloring_graphs/instance_4918.graph,20,5,False,-4.953991,1.5631788
instance_4919.graph,data/graph_coloring_graphs/instance_4919.graph,20,3,True,-1.3922005,0.43960026
instance_492.graph,data/graph_coloring_graphs/instance_492.graph,18,15,True,1.3167076,-1.4036858
instance_4920.graph,data/graph_coloring_graphs/instance_4920.graph,12,5,True,-1.1401668,0.74500346
instance_4921.graph,data/graph_coloring_graphs/instance_4921.graph,14,9,True,0.5941448,0.8690835
instance_4922.graph,data/graph_coloring_graphs/instance_4922.graph,20,3,False,-5.48501,1.787836
instance_4923.graph,data/graph_coloring_graphs/instance_4923.graph,12,11,True,1.139965,-0.99849916
instance_4924.graph,data/graph_coloring_graphs/instance_4924.graph,20,15,True,1.341423,-1.3729079
instance_4925.graph,data/graph_coloring_graphs/instance_4925.graph,10,11,True,1.0128746,-1.1625557
instance_4926.graph,data/graph_coloring_graphs/instance_4926.graph,16,15,True,1.1057663,-1.0090016
instance_4927.graph,data/graph_coloring_graphs/instance_4927.graph,10,5,True,2.4175491,-0.36944345
instance_4928.graph,data/graph_coloring_graphs/instance_4928.graph,18,5,False,-4.44475,1.466545
instance_4929.graph,data/graph_coloring_graphs/instance_4929.graph,12,15,True,1.0332689,-1.2246561
instance_493.graph,data/graph_coloring_graphs/instance_493.graph,14,11,True,1.0965786,-0.2283176
instance_4930.graph,data/graph_coloring_graphs/instance_4930.graph,18,7,True,0.6119337,0.60045695
instance_4931.graph,data/graph_coloring_graphs/instance_4931.graph,16,7,True,-0.46371078,0.97049487
instance_4932.graph,data/graph_coloring_graphs/instance_4932.graph,16,3,True,-0.7572155,0.38121483
instance_4933.graph,data/graph_coloring_graphs/instance_4933.graph,16,13,True,1.1007729,-0.58244455
instance_4934.graph,data/graph_coloring_graphs/instance_4934.graph,16,5,True,-0.08415508,0.7001817
instance_4935.graph,data/graph_coloring_graphs/instance_4935.graph,12,15,True,1.0812778,-1.2863538
instance_4936.graph,data/graph_coloring_graphs/instance_4936.graph,16,11,True,1.1167412,0.050767638
instance_4937.graph,data/graph_coloring_graphs/instance_4937.graph,10,3,False,-3.2557087,0.9367056
instance_4938.graph,data/graph_coloring_graphs/instance_4938.graph,14,13,True,1.1088305,-1.0280105
instance_4939.graph,data/graph_coloring_graphs/instance_4939.graph,10,13,True,0.8704109,-1.5121484
instance_494.graph,data/graph_coloring_graphs/instance_494.graph,20,3,False,-4.150941,1.2059923
instance_4940.graph,data/graph_coloring_graphs/instance_4940.graph,14,7,True,1.9649658,-0.41964206
instance_4941.graph,data/graph_coloring_graphs/instance_4941.graph,10,9,True,1.3699722,-0.1994909
instance_4942.graph,data/graph_coloring_graphs/instance_4942.graph,10,11,True,1.0019722,-0.40701216
instance_4943.graph,data/graph_coloring_graphs/instance_4943.graph,12,7,True,1.3516922,0.0466471
instance_4944.graph,data/graph_coloring_graphs/instance_4944.graph,20,7,False,-2.0890884,1.3735719
instance_4945.graph,data/graph_coloring_graphs/instance_4945.graph,16,5,False,-3.626402,1.3112416
instance_4946.graph,data/graph_coloring_graphs/instance_4946.graph,14,3,False,-2.7753448,0.8356869
instance_4947.graph,data/graph_coloring_graphs/instance_4947.graph,16,7,True,1.9842224,0.021345489
instance_4948.graph,data/graph_coloring_graphs/instance_4948.graph,12,13,True,1.0425873,-0.7338426
instance_4949.graph,data/graph_coloring_graphs/instance_4949.graph,18,9,True,0.6714153,0.8061756
instance_495.graph,data/graph_coloring_graphs/instance_495.graph,20,5,True,-1.9999638,1.0375086
instance_4950.graph,data/graph_coloring_graphs/instance_4950.graph,12,15,True,1.0534554,-1.0742638
instance_4951.graph,data/graph_coloring_graphs/instance_4951.graph,16,11,True,1.2187805,-0.89674234
instance_4952.graph,data/graph_coloring_graphs/instance_4952.graph,16,11,True,1.1997194,-0.66910017
instance_4953.graph,data/graph_coloring_graphs/instance_4953.graph,16,11,True,1.1097145,-0.08873209
instance_4954.graph,data/graph_coloring_graphs/instance_4954.graph,16,7,True,-1.0172939,1.0631478
instance_4955.graph,data/graph_coloring_graphs/instance_4955.graph,10,11,True,1.0238819,-0.7921109
instance_4956.graph,data/graph_coloring_graphs/instance_4956.graph,16,3,False,-3.3906765,0.87319005
instance_4957.graph,data/graph_coloring_graphs/instance_4957.graph,14,9,True,1.4194336,-0.33662814
instance_4958.graph,data/graph_coloring_graphs/instance_4958.graph,10,3,False,-4.492261,1.2801867
instance_4959.graph,data/graph_coloring_graphs/instance_4959.graph,14,5,True,0.7759094,0.30136776
instance_496.graph,data/graph_coloring_graphs/instance_496.graph,20,9,True,0.4821396,1.0435259
instance_4960.graph,data/graph_coloring_graphs/instance_4960.graph,18,5,False,-4.674204,1.5055639
instance_4961.graph,data/graph_coloring_graphs/instance_4961.graph,20,3,False,-5.810154,1.995985
instance_4962.graph,data/graph_coloring_graphs/instance_4962.graph,16,15,True,1.1526833,-1.2443321
instance_4963.graph,data/graph_coloring_graphs/instance_4963.graph,12,3,False,-2.945282,0.5996063
instance_4964.graph,data/graph_coloring_graphs/instance_4964.graph,10,9,True,1.0731583,0.0007309243
instance_4965.graph,data/graph_coloring_graphs/instance_4965.graph,14,13,True,1.266922,-1.3408525
instance_4966.graph,data/graph_coloring_graphs/instance_4966.graph,20,3,False,-5.755924,1.9325764
instance_4967.graph,data/graph_coloring_graphs/instance_4967.graph,14,5,False,-3.5179558,1.3055933
instance_4968.graph,data/graph_coloring_graphs/instance_4968.graph,20,5,False,-5.0409203,1.5777988
instance_4969.graph,data/graph_coloring_graphs/instance_4969.graph,18,7,True,-0.116337776,0.6793214
instance_497.graph,data/graph_coloring_graphs/instance_497.graph,14,7,True,0.28127956,0.6494039
instance_4970.graph,data/graph_coloring_graphs/instance_4970.graph,14,13,True,1.0704298,-1.0000461
instance_4971.graph,data/graph_coloring_graphs/instance_4971.graph,16,7,True,1.9467392,-0.026995966
instance_4972.graph,data/graph_coloring_graphs/instance_4972.graph,12,15,True,1.0524082,-1.1051376
instance_4973.graph,data/graph_coloring_graphs/instance_4973.graph,18,9,True,1.4076614,-0.26325688
instance_4974.graph,data/graph_coloring_graphs/instance_4974.graph,20,13,True,1.1462708,-0.6962781
instance_4975.graph,data/graph_coloring_graphs/instance_4975.graph,10,13,True,1.0565224,-1.5689268
instance_4976.graph,data/graph_coloring_graphs/instance_4976.graph,14,7,True,-0.2376585,0.84166086
instance_4977.graph,data/graph_coloring_graphs/instance_4977.graph,14,13,True,1.1094294,-1.0606241
instance_4978.graph,data/graph_coloring_graphs/instance_4978.graph,12,5,True,0.5117111,-0.39572367
instance_4979.graph,data/graph_coloring_graphs/instance_4979.graph,18,7,False,-1.8586159,1.3106263
instance_498.graph,data/graph_coloring_graphs/instance_498.graph,16,11,True,1.1098022,0.047034994
instance_4980.graph,data/graph_coloring_graphs/instance_4980.graph,16,11,True,1.1041603,0.020536296
instance_4981.graph,data/graph_coloring_graphs/instance_4981.graph,14,3,False,-4.1359386,1.2602866
instance_4982.graph,data/graph_coloring_graphs/instance_4982.graph,18,15,True,1.1111069,-0.9807172
instance_4983.graph,data/graph_coloring_graphs/instance_4983.graph,16,3,False,-4.958498,1.5745139
instance_4984.graph,data/graph_coloring_graphs/instance_4984.graph,12,9,True,0.859355,0.56105185
instance_4985.graph,data/graph_coloring_graphs/instance_4985.graph,16,5,True,-0.8694229,0.79112256
instance_4986.graph,data/graph_coloring_graphs/instance_4986.graph,20,7,False,-2.3382645,1.430604
instance_4987.graph,data/graph_coloring_graphs/instance_4987.graph,14,11,True,1.0965614,-0.2283176
instance_4988.graph,data/graph_coloring_graphs/instance_4988.graph,16,13,True,1.1101074,-0.60399437
instance_4989.graph,data/graph_coloring_graphs/instance_4989.graph,20,13,True,1.1540146,-0.6832676
instance_499.graph,data/graph_coloring_graphs/instance_499.graph,10,15,True,1.045721,-1.3844845
instance_4990.graph,data/graph_coloring_graphs/instance_4990.graph,18,13,True,1.2807331,-1.1762135
instance_4991.graph,data/graph_coloring_graphs/instance_4991.graph,12,15,True,1.0415859,-1.0964168
instance_4992.graph,data/graph_coloring_graphs/instance_4992.graph,12,7,True,1.1994457,0.22347626
instance_4993.graph,data/graph_coloring_graphs/instance_4993.graph,18,15,True,1.113018,-0.9910767
instance_4994.graph,data/graph_coloring_graphs/instance_4994.graph,10,11,True,0.46136093,-1.3512075
instance_4995.graph,data/graph_coloring_graphs/instance_4995.graph,20,15,True,1.1901684,-1.1247959
instance_4996.graph,data/graph_coloring_graphs/instance_4996.graph,14,13,True,1.1681786,-0.97131824
instance_4997.graph,data/graph_coloring_graphs/instance_4997.graph,12,15,True,1.1266823,-1.3737048
instance_4998.graph,data/graph_coloring_graphs/instance_4998.graph,20,3,True,-1.0354424,0.57621324
instance_4999.graph,data/graph_coloring_graphs/instance_4999.graph,18,5,True,-1.3836758,0.87139034
instance_5.graph,data/graph_coloring_graphs/instance_5.graph,19,86,True,1.1435089,-0.71338034
instance_50.graph,data/graph_coloring_graphs/instance_50.graph,16,7,True,-1.112278,1.0861247
instance_500.graph,data/graph_coloring_graphs/instance_500.graph,16,7,False,-1.8585796,1.2324269
instance_5000.graph,data/graph_coloring_graphs/instance_5000.graph,12,15,True,1.0638828,-1.1690514
instance_5001.graph,data/graph_coloring_graphs/instance_5001.graph,18,13,True,1.1323891,-0.7044207
instance_5002.graph,data/graph_coloring_graphs/instance_5002.graph,20,15,True,1.136303,-1.0107918
instance_5003.graph,data/graph_coloring_graphs/instance_5003.graph,12,7,True,-0.7451267,0.9248878
instance_5004.graph,data/graph_coloring_graphs/instance_5004.graph,14,7,True,-1.2491646,0.98902917
instance_5005.graph,data/graph_coloring_graphs/instance_5005.graph,12,3,True,-2.368412,0.46509823
instance_5006.graph,data/graph_coloring_graphs/instance_5006.graph,12,3,False,-2.1490211,0.65019095
instance_5007.graph,data/graph_coloring_graphs/instance_5007.graph,12,11,True,1.0817947,-0.2956342
instance_5008.graph,data/graph_coloring_graphs/instance_5008.graph,10,13,True,1.0679932,-1.461803
instance_5009.graph,data/graph_coloring_graphs/instance_5009.graph,18,13,True,1.1301117,-0.6731874
instance_501.graph,data/graph_coloring_graphs/instance_501.graph,20,13,True,1.1404037,-0.63742936
instance_5010.graph,data/graph_coloring_graphs/instance_5010.graph,14,9,True,1.7246475,-0.84598935
instance_5011.graph,data/graph_coloring_graphs/instance_5011.graph,20,13,True,1.1595402,-0.7310395
instance_5012.graph,data/graph_coloring_graphs/instance_5012.graph,10,7,True,0.22442627,-0.7719959
instance_5013.graph,data/graph_coloring_graphs/instance_5013.graph,14,11,True,1.0830231,-0.06454831
instance_5014.graph,data/graph_coloring_graphs/instance_5014.graph,12,9,True,1.144783,-0.111766376
instance_5015.graph,data/graph_coloring_graphs/instance_5015.graph,14,15,True,1.0947037,-1.0366005
instance_5016.graph,data/graph_coloring_graphs/instance_5016.graph,18,11,True,1.1694946,-0.3363892
instance_5017.graph,data/graph_coloring_graphs/instance_5017.graph,20,5,False,-3.4639645,1.3346732
instance_5018.graph,data/graph_coloring_graphs/instance_5018.graph,10,7,True,0.19948578,0.18465216
instance_5019.graph,data/graph_coloring_graphs/instance_5019.graph,12,9,True,0.9887047,-0.4454241
instance_502.graph,data/graph_coloring_graphs/instance_502.graph,18,5,False,-3.335949,1.3036759
instance_5020.graph,data/graph_coloring_graphs/instance_5020.graph,16,11,True,1.1210098,-0.13729224
instance_5021.graph,data/graph_coloring_graphs/instance_5021.graph,18,15,True,1.1408157,-1.0618837
instance_5022.graph,data/graph_coloring_graphs/instance_5022.graph,18,13,True,1.1406593,-0.8187568
instance_5023.graph,data/graph_coloring_graphs/instance_5023.graph,20,7,False,-2.357624,1.4350302
instance_5024.graph,data/graph_coloring_graphs/instance_5024.graph,16,9,False,0.53154373,0.95952415
instance_5025.graph,data/graph_coloring_graphs/instance_5025.graph,14,9,True,0.89032745,-0.08068874
instance_5026.graph,data/graph_coloring_graphs/instance_5026.graph,20,15,True,1.1914062,-1.1286523
instance_5027.graph,data/graph_coloring_graphs/instance_5027.graph,12,7,True,0.71555996,0.5513985
instance_5028.graph,data/graph_coloring_graphs/instance_5028.graph,10,5,True,-1.0227141,0.72761273
instance_5029.graph,data/graph_coloring_graphs/instance_5029.graph,12,9,True,0.7834463,0.6349691
instance_503.graph,data/graph_coloring_graphs/instance_503.graph,12,7,True,1.5532932,0.23853254
instance_5030.graph,data/graph_coloring_graphs/instance_5030.graph,14,15,True,1.1324921,-1.2707763
instance_5031.graph,data/graph_coloring_graphs/instance_5031.graph,20,3,False,-5.8344383,1.9745071
instance_5032.graph,data/graph_coloring_graphs/instance_5032.graph,12,13,True,1.0535202,-0.7849457
instance_5033.graph,data/graph_coloring_graphs/instance_5033.graph,18,13,True,1.1331005,-0.71404874
instance_5034.graph,data/graph_coloring_graphs/instance_5034.graph,16,15,True,1.27668,-1.4975629
instance_5035.graph,data/graph_coloring_graphs/instance_5035.graph,10,3,False,-3.2725887,0.7973801
instance_5036.graph,data/graph_coloring_graphs/instance_5036.graph,20,5,True,1.20047,0.12619889
instance_5037.graph,data/graph_coloring_graphs/instance_5037.graph,20,15,True,1.1820183,-1.1260972
instance_5038.graph,data/graph_coloring_graphs/instance_5038.graph,20,9,True,1.5743027,-0.124467954
instance_5039.graph,data/graph_coloring_graphs/instance_5039.graph,10,3,True,2.0293808,-0.22659639
instance_504.graph,data/graph_coloring_graphs/instance_504.graph,16,15,True,1.1225395,-1.0666273
instance_5040.graph,data/graph_coloring_graphs/instance_5040.graph,20,9,True,1.3582172,0.03073714
instance_5041.graph,data/graph_coloring_graphs/instance_5041.graph,20,15,True,1.1353645,-1.0070662
instance_5042.graph,data/graph_coloring_graphs/instance_5042.graph,12,5,True,2.8949738,-0.70610917
instance_5043.graph,data/graph_coloring_graphs/instance_5043.graph,14,11,True,1.0825615,-0.039885864
instance_5044.graph,data/graph_coloring_graphs/instance_5044.graph,12,7,False,-0.7769127,0.9919503
instance_5045.graph,data/graph_coloring_graphs/instance_5045.graph,12,15,True,1.1140289,-1.521908
instance_5046.graph,data/graph_coloring_graphs/instance_5046.graph,10,9,True,1.2672653,-0.084861286
instance_5047.graph,data/graph_coloring_graphs/instance_5047.graph,18,11,True,1.1621313,-0.37260005
instance_5048.graph,data/graph_coloring_graphs/instance_5048.graph,14,15,True,1.2150192,-1.4304774
instance_5049.graph,data/graph_coloring_graphs/instance_5049.graph,10,9,True,1.0734024,0.23905388
instance_505.graph,data/graph_coloring_graphs/instance_505.graph,12,15,True,1.0508995,-1.1489611
instance_5050.graph,data/graph_coloring_graphs/instance_5050.graph,20,3,True,-0.93024635,0.4872131
instance_5051.graph,data/graph_coloring_graphs/instance_5051.graph,12,13,True,1.0201902,-0.99208415
instance_5052.graph,data/graph_coloring_graphs/instance_5052.graph,16,5,False,-3.566677,1.3009372
instance_5053.graph,data/graph_coloring_graphs/instance_5053.graph,12,3,False,-5.006115,1.5447019
instance_5054.graph,data/graph_coloring_graphs/instance_5054.graph,12,7,False,-0.77692604,0.99195015
instance_5055.graph,data/graph_coloring_graphs/instance_5055.graph,14,15,True,1.0670776,-1.4193592
instance_5056.graph,data/graph_coloring_graphs/instance_5056.graph,16,15,True,1.3199081,-1.5613753
instance_5057.graph,data/graph_coloring_graphs/instance_5057.graph,16,13,True,1.1391907,-0.731092
instance_5058.graph,data/graph_coloring_graphs/instance_5058.graph,18,15,True,1.135849,-1.0398173
instance_5059.graph,data/graph_coloring_graphs/instance_5059.graph,14,11,True,1.1301365,-0.4362676
instance_506.graph,data/graph_coloring_graphs/instance_506.graph,16,9,True,0.828928,0.6932781
instance_5060.graph,data/graph_coloring_graphs/instance_5060.graph,12,9,True,0.94830704,0.4071901
instance_5061.graph,data/graph_coloring_graphs/instance_5061.graph,16,11,True,1.1566181,-0.3413706
instance_5062.graph,data/graph_coloring_graphs/instance_5062.graph,16,3,False,-5.419731,1.7570081
instance_5063.graph,data/graph_coloring_graphs/instance_5063.graph,20,13,True,1.3667641,-1.2508668
instance_5064.graph,data/graph_coloring_graphs/instance_5064.graph,16,13,True,1.33284,-1.3629997
instance_5065.graph,data/graph_coloring_graphs/instance_5065.graph,14,7,True,1.1967659,-0.30516598
instance_5066.graph,data/graph_coloring_graphs/instance_5066.graph,10,11,True,0.9868946,-0.661108
instance_5067.graph,data/graph_coloring_graphs/instance_5067.graph,18,13,True,1.1676941,-0.8351306
instance_5068.graph,data/graph_coloring_graphs/instance_5068.graph,16,7,True,-0.7629051,1.0016012
instance_5069.graph,data/graph_coloring_graphs/instance_5069.graph,18,13,True,1.2692966,-1.1833996
instance_507.graph,data/graph_coloring_graphs/instance_507.graph,16,9,True,0.9957466,0.35034552
instance_5070.graph,data/graph_coloring_graphs/instance_5070.graph,14,3,False,-4.395359,1.3026545
instance_5071.graph,data/graph_coloring_graphs/instance_5071.graph,14,11,True,1.0825615,-0.03988587
instance_5072.graph,data/graph_coloring_graphs/instance_5072.graph,20,11,True,1.1958656,-0.23345557
instance_5073.graph,data/graph_coloring_graphs/instance_5073.graph,10,11,True,0.9922199,-0.33164424
instance_5074.graph,data/graph_coloring_graphs/instance_5074.graph,16,15,True,1.116787,-1.0327611
instance_5075.graph,data/graph_coloring_graphs/instance_5075.graph,20,13,True,1.1722889,-0.7504537
instance_5076.graph,data/graph_coloring_graphs/instance_5076.graph,14,15,True,1.0779991,-1.040358
instance_5077.graph,data/graph_coloring_graphs/instance_5077.graph,18,11,True,1.156908,-0.3111877
instance_5078.graph,data/graph_coloring_graphs/instance_5078.graph,16,5,False,-3.3421936,1.229418
instance_5079.graph,data/graph_coloring_graphs/instance_5079.graph,10,9,True,0.9710617,-0.22481486
instance_508.graph,data/graph_coloring_graphs/instance_508.graph,18,9,True,0.5295391,0.9849739
instance_5080.graph,data/graph_coloring_graphs/instance_5080.graph,10,15,True,0.9893074,-1.157695
instance_5081.graph,data/graph_coloring_graphs/instance_5081.graph,18,13,True,1.2016888,-0.8786304
instance_5082.graph,data/graph_coloring_graphs/instance_5082.graph,16,9,True,0.6869354,0.82039833
instance_5083.graph,data/graph_coloring_graphs/instance_5083.graph,16,3,False,-4.127692,1.230967
instance_5084.graph,data/graph_coloring_graphs/instance_5084.graph,18,7,True,1.8411598,-0.24710602
instance_5085.graph,data/graph_coloring_graphs/instance_5085.graph,20,9,True,0.46074677,1.0618061
instance_5086.graph,data/graph_coloring_graphs/instance_5086.graph,14,15,True,1.1721535,-1.3132844
instance_5087.graph,data/graph_coloring_graphs/instance_5087.graph,16,7,True,-1.0443554,0.9317092
instance_5088.graph,data/graph_coloring_graphs/instance_5088.graph,20,3,False,-5.781349,1.9811664
instance_5089.graph,data/graph_coloring_graphs/instance_5089.graph,20,7,True,-0.06769943,0.7615651
instance_509.graph,data/graph_coloring_graphs/instance_509.graph,20,5,False,-4.7394276,1.5270928
instance_5090.graph,data/graph_coloring_graphs/instance_5090.graph,18,9,True,0.68120575,0.7971742
instance_5091.graph,data/graph_coloring_graphs/instance_5091.graph,14,11,True,1.2547226,-1.013525
instance_5092.graph,data/graph_coloring_graphs/instance_5092.graph,12,7,True,0.78056717,-0.34325132
instance_5093.graph,data/graph_coloring_graphs/instance_5093.graph,20,15,True,1.1224251,-0.9758303
instance_5094.graph,data/graph_coloring_graphs/instance_5094.graph,12,3,True,-0.6705284,-0.023196938
instance_5095.graph,data/graph_coloring_graphs/instance_5095.graph,10,9,True,0.8624563,0.45989892
instance_5096.graph,data/graph_coloring_graphs/instance_5096.graph,18,9,False,0.45370483,1.051096
instance_5097.graph,data/graph_coloring_graphs/instance_5097.graph,16,5,False,-2.356761,1.0922201
instance_5098.graph,data/graph_coloring_graphs/instance_5098.graph,20,5,True,2.2657204,0.02739191
instance_5099.graph,data/graph_coloring_graphs/instance_5099.graph,16,9,True,1.1342535,0.37501565
instance_51.graph,data/graph_coloring_graphs/instance_51.graph,12,5,True,0.9085064,0.3607296
instance_510.graph,data/graph_coloring_graphs/instance_510.graph,20,15,True,1.1502571,-1.0179368
instance_5100.graph,data/graph_coloring_graphs/instance_5100.graph,18,9,True,1.0440044,0.4634674
instance_5101.graph,data/graph_coloring_graphs/instance_5101.graph,18,7,True,-1.4124527,1.1462874
instance_5102.graph,data/graph_coloring_graphs/instance_5102.graph,10,13,True,0.9160919,-1.5781449
instance_5103.graph,data/graph_coloring_graphs/instance_5103.graph,16,9,True,1.2063656,0.061225407
instance_5104.graph,data/graph_coloring_graphs/instance_5104.graph,16,3,False,-4.983919,1.5874298
instance_5105.graph,data/graph_coloring_graphs/instance_5105.graph,12,11,True,1.0445442,-0.24521042
instance_5106.graph,data/graph_coloring_graphs/instance_5106.graph,16,5,True,-1.6218724,0.965448
instance_5107.graph,data/graph_coloring_graphs/instance_5107.graph,16,11,True,1.1190014,-0.27287757
instance_5108.graph,data/graph_coloring_graphs/instance_5108.graph,12,15,True,0.91272354,-1.504921
instance_5109.graph,data/graph_coloring_graphs/instance_5109.graph,16,7,True,-0.35978985,0.9040743
instance_511.graph,data/graph_coloring_graphs/instance_511.graph,10,3,False,-3.1490412,0.8881097
instance_5110.graph,data/graph_coloring_graphs/instance_5110.graph,14,11,True,1.0945129,-0.15803194
instance_5111.graph,data/graph_coloring_graphs/instance_5111.graph,12,3,True,-0.23476791,0.11225231
instance_5112.graph,data/graph_coloring_graphs/instance_5112.graph,12,9,True,0.862236,-0.56713915
instance_5113.graph,data/graph_coloring_graphs/instance_5113.graph,16,5,False,-3.8131351,1.3713508
instance_5114.graph,data/graph_coloring_graphs/instance_5114.graph,12,5,True,-2.785284,1.0535779
instance_5115.graph,data/graph_coloring_graphs/instance_5115.graph,10,13,True,0.93253326,-1.5469253
instance_5116.graph,data/graph_coloring_graphs/instance_5116.graph,18,9,True,0.98278236,0.47975472
instance_5117.graph,data/graph_coloring_graphs/instance_5117.graph,20,11,True,1.1222687,0.16499065
instance_5118.graph,data/graph_coloring_graphs/instance_5118.graph,14,13,True,1.0898476,-0.8133569
instance_5119.graph,data/graph_coloring_graphs/instance_5119.graph,16,9,True,0.5236702,0.9665617
instance_512.graph,data/graph_coloring_graphs/instance_512.graph,10,5,True,-1.3514547,0.8639574
instance_5120.graph,data/graph_coloring_graphs/instance_5120.graph,14,7,True,0.29439163,0.27940497
instance_5121.graph,data/graph_coloring_graphs/instance_5121.graph,10,5,True,2.1575317,-0.73410356
instance_5122.graph,data/graph_coloring_graphs/instance_5122.graph,14,15,True,1.0874863,-1.0556546
instance_5123.graph,data/graph_coloring_graphs/instance_5123.graph,20,3,False,-4.076666,1.2919561
instance_5124.graph,data/graph_coloring_graphs/instance_5124.graph,12,9,True,0.7037077,0.6569023
instance_5125.graph,data/graph_coloring_graphs/instance_5125.graph,12,7,True,0.2556286,0.24069494
instance_5126.graph,data/graph_coloring_graphs/instance_5126.graph,12,9,True,1.0504436,0.120661795
instance_5127.graph,data/graph_coloring_graphs/instance_5127.graph,14,11,True,1.0843506,-0.13887608
instance_5128.graph,data/graph_coloring_graphs/instance_5128.graph,12,5,True,0.42827606,0.45080668
instance_5129.graph,data/graph_coloring_graphs/instance_5129.graph,18,3,False,-4.9794846,1.5759268
instance_513.graph,data/graph_coloring_graphs/instance_513.graph,10,5,True,0.9213009,0.36394778
instance_5130.graph,data/graph_coloring_graphs/instance_5130.graph,10,13,True,0.9989071,-1.2614211
instance_5131.graph,data/graph_coloring_graphs/instance_5131.graph,14,3,False,-4.775834,1.4179388
instance_5132.graph,data/graph_coloring_graphs/instance_5132.graph,16,9,True,0.9377732,0.34859928
instance_5133.graph,data/graph_coloring_graphs/instance_5133.graph,16,9,True,0.7721939,0.70924246
instance_5134.graph,data/graph_coloring_graphs/instance_5134.graph,12,15,True,1.0503902,-1.1634251
instance_5135.graph,data/graph_coloring_graphs/instance_5135.graph,14,11,True,1.1358202,-0.5433793
instance_5136.graph,data/graph_coloring_graphs/instance_5136.graph,14,13,True,1.0744343,-0.84862924
instance_5137.graph,data/graph_coloring_graphs/instance_5137.graph,20,5,False,-4.8998337,1.5714946
instance_5138.graph,data/graph_coloring_graphs/instance_5138.graph,10,15,True,0.9777775,-1.1433748
instance_5139.graph,data/graph_coloring_graphs/instance_5139.graph,12,13,True,1.0828419,-1.139509
instance_514.graph,data/graph_coloring_graphs/instance_514.graph,14,13,True,1.2244511,-1.260964
instance_5140.graph,data/graph_coloring_graphs/instance_5140.graph,18,11,True,1.2618971,-0.67685044
instance_5141.graph,data/graph_coloring_graphs/instance_5141.graph,18,11,True,1.2337646,-0.70148885
instance_5142.graph,data/graph_coloring_graphs/instance_5142.graph,18,3,False,-4.5598354,1.3611503
instance_5143.graph,data/graph_coloring_graphs/instance_5143.graph,18,7,True,-1.69384,1.2151403
instance_5144.graph,data/graph_coloring_graphs/instance_5144.graph,14,7,True,-0.32554197,0.80582225
instance_5145.graph,data/graph_coloring_graphs/instance_5145.graph,18,9,True,0.65232086,0.82373
instance_5146.graph,data/graph_coloring_graphs/instance_5146.graph,12,3,False,-4.8263817,1.4495864
instance_5147.graph,data/graph_coloring_graphs/instance_5147.graph,18,7,False,-1.9936104,1.341858
instance_5148.graph,data/graph_coloring_graphs/instance_5148.graph,20,9,True,0.77695847,0.681602
instance_5149.graph,data/graph_coloring_graphs/instance_5149.graph,16,15,True,1.2976685,-1.4308195
instance_515.graph,data/graph_coloring_graphs/instance_515.graph,12,7,True,-0.15520382,0.69769657
instance_5150.graph,data/graph_coloring_graphs/instance_5150.graph,16,3,True,-1.1704674,0.534163
instance_5151.graph,data/graph_coloring_graphs/instance_5151.graph,14,5,False,-3.7400303,1.2722089
instance_5152.graph,data/graph_coloring_graphs/instance_5152.graph,14,5,True,3.2902145,-0.42886946
instance_5153.graph,data/graph_coloring_graphs/instance_5153.graph,16,9,True,0.6792822,0.7593541
instance_5154.graph,data/graph_coloring_graphs/instance_5154.graph,18,7,False,-1.7438889,1.284085
instance_5155.graph,data/graph_coloring_graphs/instance_5155.graph,16,5,True,1.3253784,0.117477775
instance_5156.graph,data/graph_coloring_graphs/instance_5156.graph,14,5,True,-0.30901527,0.70675373
instance_5157.graph,data/graph_coloring_graphs/instance_5157.graph,14,7,True,2.7309837,-0.07797397
instance_5158.graph,data/graph_coloring_graphs/instance_5158.graph,20,3,False,-5.824997,1.969465
instance_5159.graph,data/graph_coloring_graphs/instance_5159.graph,12,5,True,1.994957,-0.36803165
instance_516.graph,data/graph_coloring_graphs/instance_516.graph,20,11,True,1.1699371,-0.24317242
instance_5160.graph,data/graph_coloring_graphs/instance_5160.graph,16,9,True,0.97513294,0.37151316
instance_5161.graph,data/graph_coloring_graphs/instance_5161.graph,14,5,True,-2.3770556,1.0248234
instance_5162.graph,data/graph_coloring_graphs/instance_5162.graph,14,13,True,1.1067939,-0.91810143
instance_5163.graph,data/graph_coloring_graphs/instance_5163.graph,16,7,True,-1.0521431,0.98502815
instance_5164.graph,data/graph_coloring_graphs/instance_5164.graph,18,15,True,1.1290512,-1.0412866
instance_5165.graph,data/graph_coloring_graphs/instance_5165.graph,14,15,True,1.086071,-1.0352709
instance_5166.graph,data/graph_coloring_graphs/instance_5166.graph,16,15,True,1.2774734,-1.4227309
instance_5167.graph,data/graph_coloring_graphs/instance_5167.graph,18,5,True,-0.38175488,0.73576677
instance_5168.graph,data/graph_coloring_graphs/instance_5168.graph,12,11,True,1.0682783,-0.41047424
instance_5169.graph,data/graph_coloring_graphs/instance_5169.graph,14,11,True,1.1463871,-0.90131366
instance_517.graph,data/graph_coloring_graphs/instance_517.graph,16,15,True,1.1141129,-1.0170083
instance_5170.graph,data/graph_coloring_graphs/instance_5170.graph,18,13,True,1.1338215,-0.7240211
instance_5171.graph,data/graph_coloring_graphs/instance_5171.graph,14,7,True,-0.6306181,0.9872426
instance_5172.graph,data/graph_coloring_graphs/instance_5172.graph,20,5,False,-4.8411293,1.5618122
instance_5173.graph,data/graph_coloring_graphs/instance_5173.graph,18,13,True,1.1794338,-0.82144105
instance_5174.graph,data/graph_coloring_graphs/instance_5174.graph,16,5,True,-2.6792088,1.1478444
instance_5175.graph,data/graph_coloring_graphs/instance_5175.graph,12,13,True,1.0356464,-0.813295
instance_5176.graph,data/graph_coloring_graphs/instance_5176.graph,12,5,True,-0.82511044,0.5157238
instance_5177.graph,data/graph_coloring_graphs/instance_5177.graph,14,5,True,-0.43868637,0.5384674
instance_5178.graph,data/graph_coloring_graphs/instance_5178.graph,16,13,True,1.1218109,-0.6453332
instance_5179.graph,data/graph_coloring_graphs/instance_5179.graph,16,5,True,2.0593414,-0.20630372
instance_518.graph,data/graph_coloring_graphs/instance_518.graph,14,7,True,-0.75951385,0.9176917
instance_5180.graph,data/graph_coloring_graphs/instance_5180.graph,20,7,True,1.8716202,0.14013511
instance_5181.graph,data/graph_coloring_graphs/instance_5181.graph,12,9,True,1.0179081,0.1577508
instance_5182.graph,data/graph_coloring_graphs/instance_5182.graph,10,7,True,-0.9374037,0.8201562
instance_5183.graph,data/graph_coloring_graphs/instance_5183.graph,20,13,True,1.2800164,-1.0508231
instance_5184.graph,data/graph_coloring_graphs/instance_5184.graph,10,5,True,2.6109924,-0.58863413
instance_5185.graph,data/graph_coloring_graphs/instance_5185.graph,14,9,True,1.0627365,-0.15873949
instance_5186.graph,data/graph_coloring_graphs/instance_5186.graph,12,11,True,1.0543098,-0.38554302
instance_5187.graph,data/graph_coloring_graphs/instance_5187.graph,18,15,True,1.2431374,-1.3261185
instance_5188.graph,data/graph_coloring_graphs/instance_5188.graph,14,3,False,-3.6325283,1.0196179
instance_5189.graph,data/graph_coloring_graphs/instance_5189.graph,14,11,True,1.1384091,-0.5919914
instance_519.graph,data/graph_coloring_graphs/instance_519.graph,18,3,False,-5.6522636,1.8787985
instance_5190.graph,data/graph_coloring_graphs/instance_5190.graph,12,13,True,1.0586843,-1.0826374
instance_5191.graph,data/graph_coloring_graphs/instance_5191.graph,14,9,True,0.8047962,0.6286131
instance_5192.graph,data/graph_coloring_graphs/instance_5192.graph,18,9,True,1.3379173,-0.19918515
instance_5193.graph,data/graph_coloring_graphs/instance_5193.graph,18,15,True,1.1227875,-1.0453438
instance_5194.graph,data/graph_coloring_graphs/instance_5194.graph,12,7,True,-0.25517845,0.72456396
instance_5195.graph,data/graph_coloring_graphs/instance_5195.graph,10,15,True,0.9937115,-1.1329921
instance_5196.graph,data/graph_coloring_graphs/instance_5196.graph,20,15,True,1.1240921,-0.9623488
instance_5197.graph,data/graph_coloring_graphs/instance_5197.graph,18,9,True,0.67983246,0.8273926
instance_5198.graph,data/graph_coloring_graphs/instance_5198.graph,18,15,True,1.1695576,-1.1459041
instance_5199.graph,data/graph_coloring_graphs/instance_5199.graph,10,15,True,0.9683552,-1.1878765
instance_52.graph,data/graph_coloring_graphs/instance_52.graph,14,13,True,1.1777954,-1.3414392
instance_520.graph,data/graph_coloring_graphs/instance_520.graph,10,15,True,0.92520905,-1.6239699
instance_5200.graph,data/graph_coloring_graphs/instance_5200.graph,20,3,False,-5.8437843,1.9794958
instance_5201.graph,data/graph_coloring_graphs/instance_5201.graph,14,7,False,-1.2851715,1.1434509
instance_5202.graph,data/graph_coloring_graphs/instance_5202.graph,18,7,False,-1.5911942,1.2487669
instance_5203.graph,data/graph_coloring_graphs/instance_5203.graph,20,11,True,1.1700287,-0.16666006
instance_5204.graph,data/graph_coloring_graphs/instance_5204.graph,10,7,True,1.2149887,0.4433225
instance_5205.graph,data/graph_coloring_graphs/instance_5205.graph,18,3,True,0.29966354,0.2108376
instance_5206.graph,data/graph_coloring_graphs/instance_5206.graph,10,9,True,1.1753807,0.017702103
instance_5207.graph,data/graph_coloring_graphs/instance_5207.graph,10,7,True,0.88918114,0.14475355
instance_5208.graph,data/graph_coloring_graphs/instance_5208.graph,10,7,True,1.0405655,-0.09803213
instance_5209.graph,data/graph_coloring_graphs/instance_5209.graph,18,3,False,-5.1968536,1.6358954
instance_521.graph,data/graph_coloring_graphs/instance_521.graph,10,15,True,1.0004005,-1.6359984
instance_5210.graph,data/graph_coloring_graphs/instance_5210.graph,14,7,True,0.41484976,0.54088223
instance_5211.graph,data/graph_coloring_graphs/instance_5211.graph,10,15,True,0.98771095,-1.1666154
instance_5212.graph,data/graph_coloring_graphs/instance_5212.graph,18,15,True,1.1279984,-1.0362173
instance_5213.graph,data/graph_coloring_graphs/instance_5213.graph,10,13,True,0.9756336,-0.96956396
instance_5214.graph,data/graph_coloring_graphs/instance_5214.graph,14,5,True,0.04749489,0.5847622
instance_5215.graph,data/graph_coloring_graphs/instance_5215.graph,20,7,True,2.0107193,-0.11349986
instance_5216.graph,data/graph_coloring_graphs/instance_5216.graph,10,7,True,2.022293,-1.0095524
instance_5217.graph,data/graph_coloring_graphs/instance_5217.graph,14,7,True,-1.1880703,1.0770109
instance_5218.graph,data/graph_coloring_graphs/instance_5218.graph,14,5,True,-0.3887024,0.12079218
instance_5219.graph,data/graph_coloring_graphs/instance_5219.graph,16,7,True,-0.91856766,1.0392604
instance_522.graph,data/graph_coloring_graphs/instance_522.graph,10,9,True,1.020195,-0.29561687
instance_5220.graph,data/graph_coloring_graphs/instance_5220.graph,20,3,False,-5.2003613,1.6821303
instance_5221.graph,data/graph_coloring_graphs/instance_5221.graph,20,13,True,1.1238594,-0.534186
instance_5222.graph,data/graph_coloring_graphs/instance_5222.graph,16,5,False,-2.9122658,1.1532147
instance_5223.graph,data/graph_coloring_graphs/instance_5223.graph,12,11,True,1.070898,-0.8340272
instance_5224.graph,data/graph_coloring_graphs/instance_5224.graph,16,15,True,1.1119843,-1.0520002
instance_5225.graph,data/graph_coloring_graphs/instance_5225.graph,12,11,True,1.0681648,-0.644477
instance_5226.graph,data/graph_coloring_graphs/instance_5226.graph,18,15,True,1.1732082,-1.1604289
instance_5227.graph,data/graph_coloring_graphs/instance_5227.graph,16,9,True,1.2201653,0.2433888
instance_5228.graph,data/graph_coloring_graphs/instance_5228.graph,18,7,False,-2.1922607,1.3878076
instance_5229.graph,data/graph_coloring_graphs/instance_5229.graph,20,7,True,0.3425417,0.74383235
instance_523.graph,data/graph_coloring_graphs/instance_523.graph,20,15,True,1.138794,-1.0205585
instance_5230.graph,data/graph_coloring_graphs/instance_5230.graph,16,13,True,1.1215754,-0.89898586
instance_5231.graph,data/graph_coloring_graphs/instance_5231.graph,14,11,True,1.1042175,-0.14539799
instance_5232.graph,data/graph_coloring_graphs/instance_5232.graph,14,7,True,-1.1345711,1.0637611
instance_5233.graph,data/graph_coloring_graphs/instance_5233.graph,16,5,True,-0.6139841,0.74584687
instance_5234.graph,data/graph_coloring_graphs/instance_5234.graph,14,15,True,1.0778732,-1.0371367
instance_5235.graph,data/graph_coloring_graphs/instance_5235.graph,16,13,True,1.1431451,-1.0042173
instance_5236.graph,data/graph_coloring_graphs/instance_5236.graph,18,11,True,1.2871628,-0.85968626
instance_5237.graph,data/graph_coloring_graphs/instance_5237.graph,12,11,True,1.0550499,-0.32833198
instance_5238.graph,data/graph_coloring_graphs/instance_5238.graph,14,9,True,1.023221,0.4711791
instance_5239.graph,data/graph_coloring_graphs/instance_5239.graph,16,5,True,-2.0963006,1.0472921
instance_524.graph,data/graph_coloring_graphs/instance_524.graph,12,11,True,1.1619339,-1.1199205
instance_5240.graph,data/graph_coloring_graphs/instance_5240.graph,10,13,True,0.9939976,-0.84188414
instance_5241.graph,data/graph_coloring_graphs/instance_5241.graph,20,3,False,-5.724663,1.9158604
instance_5242.graph,data/graph_coloring_graphs/instance_5242.graph,14,15,True,1.1608124,-1.3526776
instance_5243.graph,data/graph_coloring_graphs/instance_5243.graph,14,9,True,1.1623306,-0.68961596
instance_5244.graph,data/graph_coloring_graphs/instance_5244.graph,14,15,True,1.1496801,-1.2800758
instance_5245.graph,data/graph_coloring_graphs/instance_5245.graph,18,5,False,-2.6824865,1.1949656
instance_5246.graph,data/graph_coloring_graphs/instance_5246.graph,16,3,False,-4.794916,1.4913673
instance_5247.graph,data/graph_coloring_graphs/instance_5247.graph,14,11,True,1.1334248,-0.49823934
instance_5248.graph,data/graph_coloring_graphs/instance_5248.graph,14,9,True,1.0179367,0.12885615
instance_5249.graph,data/graph_coloring_graphs/instance_5249.graph,18,7,True,1.9529266,-0.056338973
instance_525.graph,data/graph_coloring_graphs/instance_525.graph,18,9,True,1.4697685,-0.2580978
instance_5250.graph,data/graph_coloring_graphs/instance_5250.graph,20,5,False,-4.899826,1.5714946
instance_5251.graph,data/graph_coloring_graphs/instance_5251.graph,10,3,False,-3.78333,0.9066987
instance_5252.graph,data/graph_coloring_graphs/instance_5252.graph,16,15,True,1.2007074,-1.275394
instance_5253.graph,data/graph_coloring_graphs/instance_5253.graph,16,15,True,1.0982704,-1.003777
instance_5254.graph,data/graph_coloring_graphs/instance_5254.graph,16,3,True,-0.31404877,0.15413682
instance_5255.graph,data/graph_coloring_graphs/instance_5255.graph,18,15,True,1.1196518,-1.0280038
instance_5256.graph,data/graph_coloring_graphs/instance_5256.graph,18,15,True,1.1117249,-0.9840783
instance_5257.graph,data/graph_coloring_graphs/instance_5257.graph,14,3,False,-4.8429193,1.4535532
instance_5258.graph,data/graph_coloring_graphs/instance_5258.graph,18,7,True,1.1807156,0.25383484
instance_5259.graph,data/graph_coloring_graphs/instance_5259.graph,14,13,True,1.2539711,-1.3947246
instance_526.graph,data/graph_coloring_graphs/instance_526.graph,12,5,True,0.339283,0.2763047
instance_5260.graph,data/graph_coloring_graphs/instance_5260.graph,20,5,True,1.409771,0.12691095
instance_5261.graph,data/graph_coloring_graphs/instance_5261.graph,10,5,False,-2.3907175,0.98352516
instance_5262.graph,data/graph_coloring_graphs/instance_5262.graph,20,13,True,1.3449984,-1.1639411
instance_5263.graph,data/graph_coloring_graphs/instance_5263.graph,20,9,True,1.1045694,0.5120529
instance_5264.graph,data/graph_coloring_graphs/instance_5264.graph,16,5,True,0.7827511,0.30615973
instance_5265.graph,data/graph_coloring_graphs/instance_5265.graph,20,7,True,-1.2551308,1.1826978
instance_5266.graph,data/graph_coloring_graphs/instance_5266.graph,16,11,True,1.2677727,-0.90532696
instance_5267.graph,data/graph_coloring_graphs/instance_5267.graph,10,3,True,-1.3610611,0.26960835
instance_5268.graph,data/graph_coloring_graphs/instance_5268.graph,18,13,True,1.2811165,-1.2411317
instance_5269.graph,data/graph_coloring_graphs/instance_5269.graph,18,5,False,-4.3543644,1.4731045
instance_527.graph,data/graph_coloring_graphs/instance_527.graph,16,13,True,1.1237221,-0.6775222
instance_5270.graph,data/graph_coloring_graphs/instance_5270.graph,12,5,True,-1.5209658,0.7433797
instance_5271.graph,data/graph_coloring_graphs/instance_5271.graph,10,5,False,-0.17713165,0.65414727
instance_5272.graph,data/graph_coloring_graphs/instance_5272.graph,16,15,True,1.1371002,-1.1525167
instance_5273.graph,data/graph_coloring_graphs/instance_5273.graph,12,7,True,0.84232616,0.5189825
instance_5274.graph,data/graph_coloring_graphs/instance_5274.graph,10,13,True,0.9710331,-0.8667556
instance_5275.graph,data/graph_coloring_graphs/instance_5275.graph,20,9,False,0.4206581,1.0960262
instance_5276.graph,data/graph_coloring_graphs/instance_5276.graph,18,3,False,-5.6243324,1.905988
instance_5277.graph,data/graph_coloring_graphs/instance_5277.graph,14,15,True,1.2566757,-1.5110886
instance_5278.graph,data/graph_coloring_graphs/instance_5278.graph,12,9,True,1.380024,-0.3980867
instance_5279.graph,data/graph_coloring_graphs/instance_5279.graph,18,11,True,1.1192589,0.056624256
instance_528.graph,data/graph_coloring_graphs/instance_528.graph,10,3,False,-3.3775387,0.84878194
instance_5280.graph,data/graph_coloring_graphs/instance_5280.graph,14,3,False,-3.446743,0.82480454
instance_5281.graph,data/graph_coloring_graphs/instance_5281.graph,16,3,False,-3.0971117,1.007709
instance_5282.graph,data/graph_coloring_graphs/instance_5282.graph,10,9,True,1.2641411,-0.22857517
instance_5283.graph,data/graph_coloring_graphs/instance_5283.graph,16,9,True,0.84234047,0.68127227
instance_5284.graph,data/graph_coloring_graphs/instance_5284.graph,10,3,True,-0.40602493,0.26857647
instance_5285.graph,data/graph_coloring_graphs/instance_5285.graph,10,13,True,1.1138325,-1.3978868
instance_5286.graph,data/graph_coloring_graphs/instance_5286.graph,18,15,True,1.1270294,-1.0313098
instance_5287.graph,data/graph_coloring_graphs/instance_5287.graph,20,9,True,1.3367844,-0.07153933
instance_5288.graph,data/graph_coloring_graphs/instance_5288.graph,20,11,True,1.1428452,0.016032673
instance_5289.graph,data/graph_coloring_graphs/instance_5289.graph,18,3,False,-5.5450363,1.8215969
instance_529.graph,data/graph_coloring_graphs/instance_529.graph,20,13,True,1.1941824,-0.9138731
instance_5290.graph,data/graph_coloring_graphs/instance_5290.graph,18,5,True,-0.50000954,0.7563566
instance_5291.graph,data/graph_coloring_graphs/instance_5291.graph,20,13,True,1.1500969,-0.64970636
instance_5292.graph,data/graph_coloring_graphs/instance_5292.graph,14,15,True,1.0877342,-1.0593191
instance_5293.graph,data/graph_coloring_graphs/instance_5293.graph,20,15,True,1.3107061,-1.2874091
instance_5294.graph,data/graph_coloring_graphs/instance_5294.graph,10,3,False,-3.9898252,1.1486261
instance_5295.graph,data/graph_coloring_graphs/instance_5295.graph,10,5,True,2.6316795,-0.47056517
instance_5296.graph,data/graph_coloring_graphs/instance_5296.graph,12,7,True,0.6594372,0.255852
instance_5297.graph,data/graph_coloring_graphs/instance_5297.graph,10,13,True,1.0205674,-1.006233
instance_5298.graph,data/graph_coloring_graphs/instance_5298.graph,20,11,True,1.3063574,-0.55414855
instance_5299.graph,data/graph_coloring_graphs/instance_5299.graph,18,13,True,1.1401176,-0.6763499
instance_53.graph,data/graph_coloring_graphs/instance_53.graph,18,9,True,0.98707867,0.43148696
instance_530.graph,data/graph_coloring_graphs/instance_530.graph,14,13,True,1.088213,-1.1833417
instance_5300.graph,data/graph_coloring_graphs/instance_5300.graph,10,11,True,0.98526955,-0.42729723
instance_5301.graph,data/graph_coloring_graphs/instance_5301.graph,16,9,True,0.942852,-0.37325945
instance_5302.graph,data/graph_coloring_graphs/instance_5302.graph,18,15,True,1.1181793,-0.98790073
instance_5303.graph,data/graph_coloring_graphs/instance_5303.graph,14,7,True,-0.86808586,1.043915
instance_5304.graph,data/graph_coloring_graphs/instance_5304.graph,20,9,True,1.4055653,0.03895489
instance_5305.graph,data/graph_coloring_graphs/instance_5305.graph,16,5,False,-2.3378386,1.0513971
instance_5306.graph,data/graph_coloring_graphs/instance_5306.graph,10,7,True,1.8215942,-0.8682209
instance_5307.graph,data/graph_coloring_graphs/instance_5307.graph,20,7,True,-1.3577557,1.1804743
instance_5308.graph,data/graph_coloring_graphs/instance_5308.graph,10,7,True,-0.2544136,0.728698
instance_5309.graph,data/graph_coloring_graphs/instance_5309.graph,14,7,True,-0.2557311,0.72147894
instance_531.graph,data/graph_coloring_graphs/instance_531.graph,20,13,True,1.1661911,-0.7883227
instance_5310.graph,data/graph_coloring_graphs/instance_5310.graph,16,15,True,1.2565422,-1.4224105
instance_5311.graph,data/graph_coloring_graphs/instance_5311.graph,20,9,True,1.3110504,-0.19444297
instance_5312.graph,data/graph_coloring_graphs/instance_5312.graph,12,13,True,1.0839186,-1.0325633
instance_5313.graph,data/graph_coloring_graphs/instance_5313.graph,16,9,True,0.61751556,0.8825611
instance_5314.graph,data/graph_coloring_graphs/instance_5314.graph,12,9,True,0.7319298,0.68512714
instance_5315.graph,data/graph_coloring_graphs/instance_5315.graph,16,3,False,-5.3833027,1.7376344
instance_5316.graph,data/graph_coloring_graphs/instance_5316.graph,16,5,True,1.755249,-0.14059207
instance_5317.graph,data/graph_coloring_graphs/instance_5317.graph,18,3,False,-1.5993729,0.5463958
instance_5318.graph,data/graph_coloring_graphs/instance_5318.graph,18,15,True,1.2045612,-1.2881081
instance_5319.graph,data/graph_coloring_graphs/instance_5319.graph,16,3,False,-4.964649,1.5147481
instance_532.graph,data/graph_coloring_graphs/instance_532.graph,12,3,False,-3.4177933,0.8348359
instance_5320.graph,data/graph_coloring_graphs/instance_5320.graph,18,5,True,1.5564651,0.1607157
instance_5321.graph,data/graph_coloring_graphs/instance_5321.graph,14,7,False,-1.1873703,1.1201138
instance_5322.graph,data/graph_coloring_graphs/instance_5322.graph,10,13,True,0.94813585,-1.0006187
instance_5323.graph,data/graph_coloring_graphs/instance_5323.graph,20,9,True,0.92392445,0.5431932
instance_5324.graph,data/graph_coloring_graphs/instance_5324.graph,16,7,True,-0.9565697,1.0067536
instance_5325.graph,data/graph_coloring_graphs/instance_5325.graph,20,13,True,1.1446533,-0.6802583
instance_5326.graph,data/graph_coloring_graphs/instance_5326.graph,14,15,True,1.0779762,-1.040358
instance_5327.graph,data/graph_coloring_graphs/instance_5327.graph,14,13,True,1.0904655,-0.6748835
instance_5328.graph,data/graph_coloring_graphs/instance_5328.graph,20,9,True,1.5148048,-0.066835724
instance_5329.graph,data/graph_coloring_graphs/instance_5329.graph,20,9,True,0.64100075,0.8626522
instance_533.graph,data/graph_coloring_graphs/instance_533.graph,16,13,True,1.1182156,-0.8125466
instance_5330.graph,data/graph_coloring_graphs/instance_5330.graph,20,5,True,-1.2749691,0.91304386
instance_5331.graph,data/graph_coloring_graphs/instance_5331.graph,18,7,False,-1.8304901,1.304126
instance_5332.graph,data/graph_coloring_graphs/instance_5332.graph,12,15,True,1.0529537,-1.089039
instance_5333.graph,data/graph_coloring_graphs/instance_5333.graph,10,13,True,1.0003872,-0.9576608
instance_5334.graph,data/graph_coloring_graphs/instance_5334.graph,18,11,True,1.25494,-0.8841342
instance_5335.graph,data/graph_coloring_graphs/instance_5335.graph,20,13,True,1.1299553,-0.60823
instance_5336.graph,data/graph_coloring_graphs/instance_5336.graph,14,15,True,1.0959988,-1.181095
instance_5337.graph,data/graph_coloring_graphs/instance_5337.graph,10,15,True,1.0222015,-1.1358132
instance_5338.graph,data/graph_coloring_graphs/instance_5338.graph,14,13,True,1.1097441,-1.0778621
instance_5339.graph,data/graph_coloring_graphs/instance_5339.graph,16,15,True,1.0989914,-1.4026873
instance_534.graph,data/graph_coloring_graphs/instance_534.graph,16,9,True,1.1133137,0.3943511
instance_5340.graph,data/graph_coloring_graphs/instance_5340.graph,10,11,True,0.9857559,-0.25069696
instance_5341.graph,data/graph_coloring_graphs/instance_5341.graph,10,13,True,0.96334934,-0.91166997
instance_5342.graph,data/graph_coloring_graphs/instance_5342.graph,20,7,False,-2.1111488,1.3786187
instance_5343.graph,data/graph_coloring_graphs/instance_5343.graph,18,3,False,-5.5584297,1.8722422
instance_5344.graph,data/graph_coloring_graphs/instance_5344.graph,12,9,True,0.9716644,-0.76558685
instance_5345.graph,data/graph_coloring_graphs/instance_5345.graph,14,3,False,-5.054306,1.565809
instance_5346.graph,data/graph_coloring_graphs/instance_5346.graph,18,5,True,-1.8607254,0.95653176
instance_5347.graph,data/graph_coloring_graphs/instance_5347.graph,16,13,True,1.3070107,-1.2331724
instance_5348.graph,data/graph_coloring_graphs/instance_5348.graph,16,11,True,1.1146259,-0.18602154
instance_5349.graph,data/graph_coloring_graphs/instance_5349.graph,16,13,True,1.1396656,-0.7372142
instance_535.graph,data/graph_coloring_graphs/instance_535.graph,12,9,True,0.73193645,0.68512714
instance_5350.graph,data/graph_coloring_graphs/instance_5350.graph,20,15,True,1.1377602,-1.0165718
instance_5351.graph,data/graph_coloring_graphs/instance_5351.graph,18,7,False,-2.0451775,1.3537889
instance_5352.graph,data/graph_coloring_graphs/instance_5352.graph,20,13,True,1.1327629,-0.5603379
instance_5353.graph,data/graph_coloring_graphs/instance_5353.graph,18,11,True,1.1245193,0.06930705
instance_5354.graph,data/graph_coloring_graphs/instance_5354.graph,18,15,True,1.1827793,-1.1986122
instance_5355.graph,data/graph_coloring_graphs/instance_5355.graph,16,7,True,-0.7383461,0.95215046
instance_5356.graph,data/graph_coloring_graphs/instance_5356.graph,20,5,True,-0.7165127,0.8171699
instance_5357.graph,data/graph_coloring_graphs/instance_5357.graph,10,7,True,1.3458633,0.1669532
instance_5358.graph,data/graph_coloring_graphs/instance_5358.graph,12,15,True,1.0824585,-1.3270984
instance_5359.graph,data/graph_coloring_graphs/instance_5359.graph,14,15,True,1.0915298,-1.1157339
instance_536.graph,data/graph_coloring_graphs/instance_536.graph,20,13,True,1.1798096,-0.80657125
instance_5360.graph,data/graph_coloring_graphs/instance_5360.graph,10,7,True,0.8096237,-0.020409785
instance_5361.graph,data/graph_coloring_graphs/instance_5361.graph,12,9,True,1.1447754,-0.111766376
instance_5362.graph,data/graph_coloring_graphs/instance_5362.graph,10,13,True,0.9958782,-0.8286865
instance_5363.graph,data/graph_coloring_graphs/instance_5363.graph,18,9,True,0.69898605,0.8102608
instance_5364.graph,data/graph_coloring_graphs/instance_5364.graph,10,7,True,2.0236092,-0.35794118
instance_5365.graph,data/graph_coloring_graphs/instance_5365.graph,14,13,True,1.1498737,-1.0105186
instance_5366.graph,data/graph_coloring_graphs/instance_5366.graph,16,5,True,1.1514931,-0.09801173
instance_5367.graph,data/graph_coloring_graphs/instance_5367.graph,16,13,True,1.1389058,-0.9330045
instance_5368.graph,data/graph_coloring_graphs/instance_5368.graph,18,15,True,1.3031616,-1.3672436
instance_5369.graph,data/graph_coloring_graphs/instance_5369.graph,14,11,True,1.2449341,-0.9222585
instance_537.graph,data/graph_coloring_graphs/instance_537.graph,20,5,False,-4.8112946,1.5568908
instance_5370.graph,data/graph_coloring_graphs/instance_5370.graph,18,13,True,1.115303,-0.5735694
instance_5371.graph,data/graph_coloring_graphs/instance_5371.graph,16,5,False,-3.7427044,1.3313076
instance_5372.graph,data/graph_coloring_graphs/instance_5372.graph,12,11,True,1.0462761,-0.17573217
instance_5373.graph,data/graph_coloring_graphs/instance_5373.graph,10,11,True,0.97523594,-0.37337926
instance_5374.graph,data/graph_coloring_graphs/instance_5374.graph,16,9,True,1.408329,-0.2475397
instance_5375.graph,data/graph_coloring_graphs/instance_5375.graph,14,5,True,1.3997002,0.0835512
instance_5376.graph,data/graph_coloring_graphs/instance_5376.graph,18,3,True,-1.3663063,0.41209102
instance_5377.graph,data/graph_coloring_graphs/instance_5377.graph,12,11,True,1.2100792,-1.2089641
instance_5378.graph,data/graph_coloring_graphs/instance_5378.graph,20,3,False,-5.8977585,2.0083392
instance_5379.graph,data/graph_coloring_graphs/instance_5379.graph,20,15,True,1.1244392,-0.9636495
instance_538.graph,data/graph_coloring_graphs/instance_538.graph,14,3,False,-4.32067,1.348586
instance_5380.graph,data/graph_coloring_graphs/instance_5380.graph,18,9,True,1.4150124,-0.3868768
instance_5381.graph,data/graph_coloring_graphs/instance_5381.graph,18,7,False,-1.8848724,1.2905242
instance_5382.graph,data/graph_coloring_graphs/instance_5382.graph,14,13,True,1.1494598,-1.3591778
instance_5383.graph,data/graph_coloring_graphs/instance_5383.graph,18,15,True,1.2403183,-1.3682249
instance_5384.graph,data/graph_coloring_graphs/instance_5384.graph,20,13,True,1.1542091,-0.7769047
instance_5385.graph,data/graph_coloring_graphs/instance_5385.graph,18,7,True,0.08570862,0.7332176
instance_5386.graph,data/graph_coloring_graphs/instance_5386.graph,14,5,True,0.7759094,0.3013678
instance_5387.graph,data/graph_coloring_graphs/instance_5387.graph,20,11,True,1.1855316,-0.22461125
instance_5388.graph,data/graph_coloring_graphs/instance_5388.graph,18,11,True,1.1599197,-0.2357295
instance_5389.graph,data/graph_coloring_graphs/instance_5389.graph,16,9,True,0.5344734,0.9287121
instance_539.graph,data/graph_coloring_graphs/instance_539.graph,14,15,True,1.1300449,-1.2510939
instance_5390.graph,data/graph_coloring_graphs/instance_5390.graph,12,11,True,1.0710907,-0.98948383
instance_5391.graph,data/graph_coloring_graphs/instance_5391.graph,10,13,True,1.0064678,-0.9047781
instance_5392.graph,data/graph_coloring_graphs/instance_5392.graph,18,7,True,-0.19206047,0.6389843
instance_5393.graph,data/graph_coloring_graphs/instance_5393.graph,14,11,True,1.0971966,-0.96910036
instance_5394.graph,data/graph_coloring_graphs/instance_5394.graph,12,15,True,1.1235294,-1.3406693
instance_5395.graph,data/graph_coloring_graphs/instance_5395.graph,10,13,True,1.0166645,-1.0522134
instance_5396.graph,data/graph_coloring_graphs/instance_5396.graph,16,5,True,-0.1838274,0.6170311
instance_5397.graph,data/graph_coloring_graphs/instance_5397.graph,18,15,True,1.1489143,-1.0633752
instance_5398.graph,data/graph_coloring_graphs/instance_5398.graph,20,11,True,1.1964626,-0.3132188
instance_5399.graph,data/graph_coloring_graphs/instance_5399.graph,16,11,True,1.1604767,-0.560063
instance_54.graph,data/graph_coloring_graphs/instance_54.graph,12,11,True,1.0567513,-0.20119622
instance_540.graph,data/graph_coloring_graphs/instance_540.graph,18,3,False,-5.0454865,1.6097128
instance_5400.graph,data/graph_coloring_graphs/instance_5400.graph,18,5,False,-4.5821266,1.510993
instance_5401.graph,data/graph_coloring_graphs/instance_5401.graph,12,15,True,1.0527687,-1.09425
instance_5402.graph,data/graph_coloring_graphs/instance_5402.graph,14,7,False,-1.0854816,1.0957892
instance_5403.graph,data/graph_coloring_graphs/instance_5403.graph,20,13,True,1.1312332,-0.5447713
instance_5404.graph,data/graph_coloring_graphs/instance_5404.graph,10,15,True,0.649559,-1.6350703
instance_5405.graph,data/graph_coloring_graphs/instance_5405.graph,14,9,True,1.3262863,-0.02653381
instance_5406.graph,data/graph_coloring_graphs/instance_5406.graph,12,11,True,1.0051613,-1.1823769
instance_5407.graph,data/graph_coloring_graphs/instance_5407.graph,18,13,True,1.2143059,-0.86336863
instance_5408.graph,data/graph_coloring_graphs/instance_5408.graph,20,5,False,-2.6208324,1.1707678
instance_5409.graph,data/graph_coloring_graphs/instance_5409.graph,16,15,True,1.1317806,-1.1889482
instance_541.graph,data/graph_coloring_graphs/instance_541.graph,14,9,True,1.2368279,-0.5642736
instance_5410.graph,data/graph_coloring_graphs/instance_5410.graph,20,5,False,-2.235835,1.1060159
instance_5411.graph,data/graph_coloring_graphs/instance_5411.graph,10,9,True,0.7220626,0.29589462
instance_5412.graph,data/graph_coloring_graphs/instance_5412.graph,14,11,True,1.1554947,-1.0921195
instance_5413.graph,data/graph_coloring_graphs/instance_5413.graph,10,7,True,0.16366005,0.36840582
instance_5414.graph,data/graph_coloring_graphs/instance_5414.graph,10,3,False,-2.0922375,0.5796375
instance_5415.graph,data/graph_coloring_graphs/instance_5415.graph,12,3,False,-4.271867,1.1560866
instance_5416.graph,data/graph_coloring_graphs/instance_5416.graph,16,3,False,-5.274393,1.7350725
instance_5417.graph,data/graph_coloring_graphs/instance_5417.graph,20,7,True,1.3942032,-0.063296534
instance_5418.graph,data/graph_coloring_graphs/instance_5418.graph,10,3,True,3.0966644,-0.5745355
instance_5419.graph,data/graph_coloring_graphs/instance_5419.graph,10,15,True,0.98892975,-1.2658244
instance_542.graph,data/graph_coloring_graphs/instance_542.graph,16,5,True,2.976326,0.0404068
instance_5420.graph,data/graph_coloring_graphs/instance_5420.graph,20,7,True,-1.8169403,1.2357123
instance_5421.graph,data/graph_coloring_graphs/instance_5421.graph,12,5,True,0.14933586,0.57904136
instance_5422.graph,data/graph_coloring_graphs/instance_5422.graph,18,5,True,-0.74115944,0.71132016
instance_5423.graph,data/graph_coloring_graphs/instance_5423.graph,10,13,True,0.9959049,-0.8286865
instance_5424.graph,data/graph_coloring_graphs/instance_5424.graph,16,13,True,1.1019325,-0.64419985
instance_5425.graph,data/graph_coloring_graphs/instance_5425.graph,10,15,True,0.9618454,-1.6298304
instance_5426.graph,data/graph_coloring_graphs/instance_5426.graph,12,5,False,-2.335713,1.0270367
instance_5427.graph,data/graph_coloring_graphs/instance_5427.graph,12,15,True,1.0290394,-1.2899498
instance_5428.graph,data/graph_coloring_graphs/instance_5428.graph,18,9,True,1.0410309,0.37876222
instance_5429.graph,data/graph_coloring_graphs/instance_5429.graph,14,9,True,0.8573885,0.62497044
instance_543.graph,data/graph_coloring_graphs/instance_543.graph,20,3,False,-4.4998903,1.4341666
instance_5430.graph,data/graph_coloring_graphs/instance_5430.graph,20,9,True,0.538887,0.953966
instance_5431.graph,data/graph_coloring_graphs/instance_5431.graph,16,9,True,1.1046,0.35362384
instance_5432.graph,data/graph_coloring_graphs/instance_5432.graph,12,9,True,0.62283134,0.67915094
instance_5433.graph,data/graph_coloring_graphs/instance_5433.graph,20,3,False,-4.546529,1.3456007
instance_5434.graph,data/graph_coloring_graphs/instance_5434.graph,10,3,False,-4.4334993,1.2492399
instance_5435.graph,data/graph_coloring_graphs/instance_5435.graph,18,11,True,1.1189194,0.061316237
instance_5436.graph,data/graph_coloring_graphs/instance_5436.graph,16,11,True,1.116375,0.05632586
instance_5437.graph,data/graph_coloring_graphs/instance_5437.graph,10,5,True,-0.99164677,0.7996725
instance_5438.graph,data/graph_coloring_graphs/instance_5438.graph,10,9,True,1.3152466,-0.014160022
instance_5439.graph,data/graph_coloring_graphs/instance_5439.graph,20,11,True,1.1423378,0.02085805
instance_544.graph,data/graph_coloring_graphs/instance_544.graph,20,3,False,-5.420271,1.8356035
instance_5440.graph,data/graph_coloring_graphs/instance_5440.graph,10,11,True,0.70435333,-1.4413072
instance_5441.graph,data/graph_coloring_graphs/instance_5441.graph,18,11,True,1.1165428,0.09239063
instance_5442.graph,data/graph_coloring_graphs/instance_5442.graph,10,7,True,0.3903618,0.12050465
instance_5443.graph,data/graph_coloring_graphs/instance_5443.graph,10,7,True,1.7846565,0.041431025
instance_5444.graph,data/graph_coloring_graphs/instance_5444.graph,18,15,True,1.2481575,-1.3955319
instance_5445.graph,data/graph_coloring_graphs/instance_5445.graph,16,11,True,1.1184196,-0.094400816
instance_5446.graph,data/graph_coloring_graphs/instance_5446.graph,12,15,True,1.0634747,-1.2875795
instance_5447.graph,data/graph_coloring_graphs/instance_5447.graph,12,15,True,1.0833168,-1.3577443
instance_5448.graph,data/graph_coloring_graphs/instance_5448.graph,12,13,True,1.1101274,-1.1291158
instance_5449.graph,data/graph_coloring_graphs/instance_5449.graph,18,3,False,-5.652281,1.8787986
instance_545.graph,data/graph_coloring_graphs/instance_545.graph,12,5,True,2.1908913,-0.3686863
instance_5450.graph,data/graph_coloring_graphs/instance_5450.graph,12,11,True,1.0822506,-0.332586
instance_5451.graph,data/graph_coloring_graphs/instance_5451.graph,16,13,True,1.1020927,-0.6526605
instance_5452.graph,data/graph_coloring_graphs/instance_5452.graph,18,15,True,1.1601925,-1.1472979
instance_5453.graph,data/graph_coloring_graphs/instance_5453.graph,20,5,False,-4.8706474,1.5666804
instance_5454.graph,data/graph_coloring_graphs/instance_5454.graph,12,7,True,-0.5060854,0.86377144
instance_5455.graph,data/graph_coloring_graphs/instance_5455.graph,18,11,True,1.157896,-0.32291195
instance_5456.graph,data/graph_coloring_graphs/instance_5456.graph,14,13,True,1.1802711,-1.3758113
instance_5457.graph,data/graph_coloring_graphs/instance_5457.graph,12,13,True,1.1176453,-1.5813823
instance_5458.graph,data/graph_coloring_graphs/instance_5458.graph,20,15,True,1.1187096,-0.95972216
instance_5459.graph,data/graph_coloring_graphs/instance_5459.graph,12,13,True,1.0695648,-0.7854214
instance_546.graph,data/graph_coloring_graphs/instance_546.graph,10,9,True,1.017868,0.19352512
instance_5460.graph,data/graph_coloring_graphs/instance_5460.graph,18,13,True,1.1501293,-0.7862555
instance_5461.graph,data/graph_coloring_graphs/instance_5461.graph,18,15,True,1.3893032,-1.44608
instance_5462.graph,data/graph_coloring_graphs/instance_5462.graph,10,13,True,0.941082,-1.2722731
instance_5463.graph,data/graph_coloring_graphs/instance_5463.graph,10,15,True,0.98545074,-1.4819233
instance_5464.graph,data/graph_coloring_graphs/instance_5464.graph,12,5,False,-2.6786785,1.1375186
instance_5465.graph,data/graph_coloring_graphs/instance_5465.graph,20,13,True,1.3450003,-1.1639411
instance_5466.graph,data/graph_coloring_graphs/instance_5466.graph,20,13,True,1.1235275,-0.5302322
instance_5467.graph,data/graph_coloring_graphs/instance_5467.graph,20,7,True,-0.24315739,0.80613303
instance_5468.graph,data/graph_coloring_graphs/instance_5468.graph,14,11,True,1.110424,-0.29709488
instance_5469.graph,data/graph_coloring_graphs/instance_5469.graph,16,9,True,1.381855,-0.43457785
instance_547.graph,data/graph_coloring_graphs/instance_547.graph,10,13,True,1.0707169,-1.3166704
instance_5470.graph,data/graph_coloring_graphs/instance_5470.graph,10,11,True,0.92829895,-1.3280091
instance_5471.graph,data/graph_coloring_graphs/instance_5471.graph,12,11,True,1.1306038,-1.1405399
instance_5472.graph,data/graph_coloring_graphs/instance_5472.graph,12,7,True,-0.24431467,0.79683435
instance_5473.graph,data/graph_coloring_graphs/instance_5473.graph,10,11,True,0.9825058,-0.28841478
instance_5474.graph,data/graph_coloring_graphs/instance_5474.graph,20,7,False,-2.2790031,1.4170375
instance_5475.graph,data/graph_coloring_graphs/instance_5475.graph,14,15,True,1.0905628,-1.1010673
instance_5476.graph,data/graph_coloring_graphs/instance_5476.graph,10,13,True,1.058342,-1.4982598
instance_5477.graph,data/graph_coloring_graphs/instance_5477.graph,20,9,True,1.4239502,-0.16443765
instance_5478.graph,data/graph_coloring_graphs/instance_5478.graph,12,15,True,1.0043182,-1.6176072
instance_5479.graph,data/graph_coloring_graphs/instance_5479.graph,20,11,True,1.1389923,0.052869625
instance_548.graph,data/graph_coloring_graphs/instance_548.graph,10,11,True,0.82598114,-1.3255239
instance_5480.graph,data/graph_coloring_graphs/instance_5480.graph,10,11,True,0.99329233,-0.55344725
instance_5481.graph,data/graph_coloring_graphs/instance_5481.graph,14,15,True,1.084671,-1.014491
instance_5482.graph,data/graph_coloring_graphs/instance_5482.graph,16,15,True,1.0996399,-1.0153493
instance_5483.graph,data/graph_coloring_graphs/instance_5483.graph,18,13,True,1.1221771,-0.7005458
instance_5484.graph,data/graph_coloring_graphs/instance_5484.graph,12,15,True,1.0529423,-1.089039
instance_5485.graph,data/graph_coloring_graphs/instance_5485.graph,10,7,True,1.7289009,-0.54746497
instance_5486.graph,data/graph_coloring_graphs/instance_5486.graph,18,11,True,1.2367091,-0.60251296
instance_5487.graph,data/graph_coloring_graphs/instance_5487.graph,18,11,True,1.1932783,-0.35252503
instance_5488.graph,data/graph_coloring_graphs/instance_5488.graph,18,5,True,1.7655487,0.120108485
instance_5489.graph,data/graph_coloring_graphs/instance_5489.graph,12,3,True,4.43626,-0.6601939
instance_549.graph,data/graph_coloring_graphs/instance_549.graph,20,9,True,0.9774246,0.52873254
instance_5490.graph,data/graph_coloring_graphs/instance_5490.graph,20,11,True,1.1951351,-0.30256173
instance_5491.graph,data/graph_coloring_graphs/instance_5491.graph,20,7,True,1.5341282,0.16005003
instance_5492.graph,data/graph_coloring_graphs/instance_5492.graph,10,15,True,0.9825859,-1.1205933
instance_5493.graph,data/graph_coloring_graphs/instance_5493.graph,10,3,False,-2.9147873,0.9284203
instance_5494.graph,data/graph_coloring_graphs/instance_5494.graph,20,7,True,-0.12535477,0.8563198
instance_5495.graph,data/graph_coloring_graphs/instance_5495.graph,10,9,True,0.6729984,-0.0014389008
instance_5496.graph,data/graph_coloring_graphs/instance_5496.graph,14,9,True,1.035491,0.19953527
instance_5497.graph,data/graph_coloring_graphs/instance_5497.graph,18,13,True,1.1317062,-0.5839311
instance_5498.graph,data/graph_coloring_graphs/instance_5498.graph,18,11,True,1.16259,-0.16857141
instance_5499.graph,data/graph_coloring_graphs/instance_5499.graph,20,11,True,1.1878128,-0.24296352
instance_55.graph,data/graph_coloring_graphs/instance_55.graph,10,5,True,0.45307732,0.3459306
instance_550.graph,data/graph_coloring_graphs/instance_550.graph,16,5,False,-4.0698643,1.4145246
instance_5500.graph,data/graph_coloring_graphs/instance_5500.graph,12,3,False,-2.836506,0.68440235
instance_5501.graph,data/graph_coloring_graphs/instance_5501.graph,14,9,True,1.1702251,0.21138826
instance_5502.graph,data/graph_coloring_graphs/instance_5502.graph,12,7,True,1.1654854,0.10292059
instance_5503.graph,data/graph_coloring_graphs/instance_5503.graph,12,3,True,-0.3591118,0.33192036
instance_5504.graph,data/graph_coloring_graphs/instance_5504.graph,10,13,True,1.0722466,-1.2365965
instance_5505.graph,data/graph_coloring_graphs/instance_5505.graph,16,3,False,-5.405384,1.801645
instance_5506.graph,data/graph_coloring_graphs/instance_5506.graph,10,15,True,0.92520905,-1.6239699
instance_5507.graph,data/graph_coloring_graphs/instance_5507.graph,10,11,True,0.9937782,-0.3101711
instance_5508.graph,data/graph_coloring_graphs/instance_5508.graph,12,7,True,3.5956268,-0.63149595
instance_5509.graph,data/graph_coloring_graphs/instance_5509.graph,16,5,False,-3.813137,1.3713508
instance_551.graph,data/graph_coloring_graphs/instance_551.graph,18,3,False,-3.7428608,1.1687547
instance_5510.graph,data/graph_coloring_graphs/instance_5510.graph,14,13,True,1.0780544,-0.7107905
instance_5511.graph,data/graph_coloring_graphs/instance_5511.graph,10,3,True,1.3137856,-0.48867652
instance_5512.graph,data/graph_coloring_graphs/instance_5512.graph,16,13,True,1.1150856,-0.732105
instance_5513.graph,data/graph_coloring_graphs/instance_5513.graph,14,9,True,0.72451305,0.74817324
instance_5514.graph,data/graph_coloring_graphs/instance_5514.graph,16,7,False,-1.595993,1.1667333
instance_5515.graph,data/graph_coloring_graphs/instance_5515.graph,12,11,True,1.1090279,-0.7852088
instance_5516.graph,data/graph_coloring_graphs/instance_5516.graph,10,11,True,0.9825115,-0.28841478
instance_5517.graph,data/graph_coloring_graphs/instance_5517.graph,16,3,False,-5.3694954,1.7834102
instance_5518.graph,data/graph_coloring_graphs/instance_5518.graph,16,11,True,1.2682152,-0.79521143
instance_5519.graph,data/graph_coloring_graphs/instance_5519.graph,12,15,True,1.0637455,-1.2117252
instance_552.graph,data/graph_coloring_graphs/instance_552.graph,10,13,True,0.8480797,-1.3876607
instance_5520.graph,data/graph_coloring_graphs/instance_5520.graph,20,11,True,1.3802605,-0.8925693
instance_5521.graph,data/graph_coloring_graphs/instance_5521.graph,20,11,True,1.1301689,0.13680501
instance_5522.graph,data/graph_coloring_graphs/instance_5522.graph,20,7,False,-2.2790031,1.4170375
instance_5523.graph,data/graph_coloring_graphs/instance_5523.graph,14,5,True,-0.2551613,0.50264394
instance_5524.graph,data/graph_coloring_graphs/instance_5524.graph,16,9,True,0.7659626,0.6766652
instance_5525.graph,data/graph_coloring_graphs/instance_5525.graph,14,5,False,-3.1828136,1.2118084
instance_5526.graph,data/graph_coloring_graphs/instance_5526.graph,10,13,True,0.8704071,-1.5121484
instance_5527.graph,data/graph_coloring_graphs/instance_5527.graph,20,15,True,1.1159515,-0.9478246
instance_5528.graph,data/graph_coloring_graphs/instance_5528.graph,18,15,True,1.3087578,-1.4300439
instance_5529.graph,data/graph_coloring_graphs/instance_5529.graph,12,5,True,2.714531,-0.30811435
instance_553.graph,data/graph_coloring_graphs/instance_553.graph,16,9,True,1.5524101,-0.52311647
instance_5530.graph,data/graph_coloring_graphs/instance_5530.graph,12,9,True,1.3894768,-0.5841185
instance_5531.graph,data/graph_coloring_graphs/instance_5531.graph,18,13,True,1.2142487,-1.030462
instance_5532.graph,data/graph_coloring_graphs/instance_5532.graph,12,15,True,1.1932755,-1.5018198
instance_5533.graph,data/graph_coloring_graphs/instance_5533.graph,18,11,True,1.1231232,0.005749598
instance_5534.graph,data/graph_coloring_graphs/instance_5534.graph,20,3,True,-2.4419632,0.5384848
instance_5535.graph,data/graph_coloring_graphs/instance_5535.graph,20,5,True,2.1539764,0.08163726
instance_5536.graph,data/graph_coloring_graphs/instance_5536.graph,20,15,True,1.2567406,-1.3356143
instance_5537.graph,data/graph_coloring_graphs/instance_5537.graph,14,13,True,1.182888,-1.4122355
instance_5538.graph,data/graph_coloring_graphs/instance_5538.graph,20,11,True,1.1222649,0.16499066
instance_5539.graph,data/graph_coloring_graphs/instance_5539.graph,20,11,True,1.1385155,0.057204984
instance_554.graph,data/graph_coloring_graphs/instance_554.graph,18,5,False,-3.301485,1.2720912
instance_5540.graph,data/graph_coloring_graphs/instance_5540.graph,16,3,True,-0.7723808,0.15000406
instance_5541.graph,data/graph_coloring_graphs/instance_5541.graph,20,13,True,1.2636566,-1.1582414
instance_5542.graph,data/graph_coloring_graphs/instance_5542.graph,12,15,True,1.0531254,-1.0839757
instance_5543.graph,data/graph_coloring_graphs/instance_5543.graph,12,5,True,0.3392868,0.2763047
instance_5544.graph,data/graph_coloring_graphs/instance_5544.graph,12,3,False,-3.8714266,1.0606563
instance_5545.graph,data/graph_coloring_graphs/instance_5545.graph,14,3,False,-5.186327,1.6359167
instance_5546.graph,data/graph_coloring_graphs/instance_5546.graph,16,3,False,-3.2484102,0.8978822
instance_5547.graph,data/graph_coloring_graphs/instance_5547.graph,18,7,False,-1.8863297,1.3170395
instance_5548.graph,data/graph_coloring_graphs/instance_5548.graph,16,3,False,-5.3196716,1.8095957
instance_5549.graph,data/graph_coloring_graphs/instance_5549.graph,20,3,False,-5.796032,1.954004
instance_555.graph,data/graph_coloring_graphs/instance_555.graph,12,5,True,-0.9968109,0.64068115
instance_5550.graph,data/graph_coloring_graphs/instance_5550.graph,20,15,True,1.2026501,-1.11099
instance_5551.graph,data/graph_coloring_graphs/instance_5551.graph,14,15,True,1.1120129,-1.2172424
instance_5552.graph,data/graph_coloring_graphs/instance_5552.graph,20,15,True,1.1382904,-1.0185512
instance_5553.graph,data/graph_coloring_graphs/instance_5553.graph,18,9,True,1.400177,-0.18231419
instance_5554.graph,data/graph_coloring_graphs/instance_5554.graph,12,13,True,0.9885025,-1.3842895
instance_5555.graph,data/graph_coloring_graphs/instance_5555.graph,16,3,False,-1.4991951,0.5525011
instance_5556.graph,data/graph_coloring_graphs/instance_5556.graph,12,9,True,1.0504456,0.12066178
instance_5557.graph,data/graph_coloring_graphs/instance_5557.graph,16,7,True,1.1294403,-0.3970059
instance_5558.graph,data/graph_coloring_graphs/instance_5558.graph,20,5,False,-3.9007874,1.4067211
instance_5559.graph,data/graph_coloring_graphs/instance_5559.graph,10,13,True,0.9710293,-0.8667556
instance_556.graph,data/graph_coloring_graphs/instance_556.graph,20,5,False,-4.7604027,1.5114237
instance_5560.graph,data/graph_coloring_graphs/instance_5560.graph,12,7,True,-0.96421623,0.980911
instance_5561.graph,data/graph_coloring_graphs/instance_5561.graph,14,15,True,1.2566643,-1.5110886
instance_5562.graph,data/graph_coloring_graphs/instance_5562.graph,16,9,True,1.5573883,-0.3143199
instance_5563.graph,data/graph_coloring_graphs/instance_5563.graph,10,11,True,0.99812317,-0.2507071
instance_5564.graph,data/graph_coloring_graphs/instance_5564.graph,20,15,True,1.2737961,-1.3085911
instance_5565.graph,data/graph_coloring_graphs/instance_5565.graph,12,11,True,1.0899429,-0.9343711
instance_5566.graph,data/graph_coloring_graphs/instance_5566.graph,20,3,True,0.15036392,0.140417
instance_5567.graph,data/graph_coloring_graphs/instance_5567.graph,18,11,True,1.1375809,-0.08493208
instance_5568.graph,data/graph_coloring_graphs/instance_5568.graph,10,11,True,0.9752445,-0.37337926
instance_5569.graph,data/graph_coloring_graphs/instance_5569.graph,14,9,True,1.2507057,-0.14103064
instance_557.graph,data/graph_coloring_graphs/instance_557.graph,10,13,True,0.8967056,-1.599102
instance_5570.graph,data/graph_coloring_graphs/instance_5570.graph,16,13,True,1.2964497,-1.2375607
instance_5571.graph,data/graph_coloring_graphs/instance_5571.graph,16,13,True,1.1117935,-0.6468836
instance_5572.graph,data/graph_coloring_graphs/instance_5572.graph,18,7,False,-1.9673233,1.3357757
instance_5573.graph,data/graph_coloring_graphs/instance_5573.graph,14,3,False,-4.063058,1.1352599
instance_5574.graph,data/graph_coloring_graphs/instance_5574.graph,20,11,True,1.1231346,0.15590808
instance_5575.graph,data/graph_coloring_graphs/instance_5575.graph,18,7,True,1.327137,-0.5354346
instance_5576.graph,data/graph_coloring_graphs/instance_5576.graph,12,3,False,-4.0630093,1.1560457
instance_5577.graph,data/graph_coloring_graphs/instance_5577.graph,16,15,True,1.1449127,-1.0890694
instance_5578.graph,data/graph_coloring_graphs/instance_5578.graph,10,13,True,1.0386553,-1.1797833
instance_5579.graph,data/graph_coloring_graphs/instance_5579.graph,18,11,True,1.149641,-0.22609705
instance_558.graph,data/graph_coloring_graphs/instance_558.graph,16,11,True,1.1258316,-0.075855516
instance_5580.graph,data/graph_coloring_graphs/instance_5580.graph,18,7,True,-0.7915268,1.0306327
instance_5581.graph,data/graph_coloring_graphs/instance_5581.graph,14,11,True,1.082283,-0.02428753
instance_5582.graph,data/graph_coloring_graphs/instance_5582.graph,14,13,True,1.3635368,-1.4689941
instance_5583.graph,data/graph_coloring_graphs/instance_5583.graph,12,11,True,1.1152153,-1.0168623
instance_5584.graph,data/graph_coloring_graphs/instance_5584.graph,16,13,True,1.1155491,-0.74411535
instance_5585.graph,data/graph_coloring_graphs/instance_5585.graph,10,11,True,0.9922161,-0.33164427
instance_5586.graph,data/graph_coloring_graphs/instance_5586.graph,18,3,False,-5.501663,1.7984667
instance_5587.graph,data/graph_coloring_graphs/instance_5587.graph,10,5,True,0.3623886,0.46850148
instance_5588.graph,data/graph_coloring_graphs/instance_5588.graph,18,5,False,-3.0042305,1.2215384
instance_5589.graph,data/graph_coloring_graphs/instance_5589.graph,18,15,True,1.1635017,-1.1617874
instance_559.graph,data/graph_coloring_graphs/instance_559.graph,10,15,True,0.98770523,-1.1666154
instance_5590.graph,data/graph_coloring_graphs/instance_5590.graph,18,5,True,-1.8607254,0.9565319
instance_5591.graph,data/graph_coloring_graphs/instance_5591.graph,20,15,True,1.1234322,-0.9802159
instance_5592.graph,data/graph_coloring_graphs/instance_5592.graph,14,7,True,0.3472767,0.69681275
instance_5593.graph,data/graph_coloring_graphs/instance_5593.graph,12,15,True,1.1932793,-1.5018198
instance_5594.graph,data/graph_coloring_graphs/instance_5594.graph,20,11,True,1.125,0.13682202
instance_5595.graph,data/graph_coloring_graphs/instance_5595.graph,20,3,False,-5.8058167,1.9592142
instance_5596.graph,data/graph_coloring_graphs/instance_5596.graph,16,9,True,0.8072243,0.63731146
instance_5597.graph,data/graph_coloring_graphs/instance_5597.graph,14,7,True,-0.47795582,0.84511435
instance_5598.graph,data/graph_coloring_graphs/instance_5598.graph,14,5,True,0.80377007,0.4474956
instance_5599.graph,data/graph_coloring_graphs/instance_5599.graph,14,9,True,0.7347002,0.6478857
instance_56.graph,data/graph_coloring_graphs/instance_56.graph,18,9,True,1.1780472,-0.004305683
instance_560.graph,data/graph_coloring_graphs/instance_560.graph,20,9,True,1.4171524,-0.08944952
instance_5600.graph,data/graph_coloring_graphs/instance_5600.graph,20,11,True,1.1325684,0.16266026
instance_5601.graph,data/graph_coloring_graphs/instance_5601.graph,12,7,True,-0.91355133,1.0253485
instance_5602.graph,data/graph_coloring_graphs/instance_5602.graph,10,15,True,0.9847717,-1.2952116
instance_5603.graph,data/graph_coloring_graphs/instance_5603.graph,20,5,False,-5.0409393,1.5777987
instance_5604.graph,data/graph_coloring_graphs/instance_5604.graph,20,7,True,-0.52900887,0.9533591
instance_5605.graph,data/graph_coloring_graphs/instance_5605.graph,10,11,True,0.817894,-1.142582
instance_5606.graph,data/graph_coloring_graphs/instance_5606.graph,18,13,True,1.1328049,-0.5959543
instance_5607.graph,data/graph_coloring_graphs/instance_5607.graph,20,15,True,1.152401,-1.005012
instance_5608.graph,data/graph_coloring_graphs/instance_5608.graph,16,9,True,0.54291725,0.92091894
instance_5609.graph,data/graph_coloring_graphs/instance_5609.graph,12,15,True,1.0640488,-1.120598
instance_561.graph,data/graph_coloring_graphs/instance_561.graph,18,5,True,-0.7282405,0.79609156
instance_5610.graph,data/graph_coloring_graphs/instance_5610.graph,12,7,True,1.9089088,0.14295998
instance_5611.graph,data/graph_coloring_graphs/instance_5611.graph,14,5,True,-0.9747648,0.56662846
instance_5612.graph,data/graph_coloring_graphs/instance_5612.graph,12,3,True,-2.0150185,0.59452045
instance_5613.graph,data/graph_coloring_graphs/instance_5613.graph,14,3,False,-0.054332733,0.12544657
instance_5614.graph,data/graph_coloring_graphs/instance_5614.graph,10,9,True,0.9925461,0.097515956
instance_5615.graph,data/graph_coloring_graphs/instance_5615.graph,16,15,True,1.16469,-1.1783392
instance_5616.graph,data/graph_coloring_graphs/instance_5616.graph,12,9,True,1.216423,-0.55376506
instance_5617.graph,data/graph_coloring_graphs/instance_5617.graph,12,3,False,-2.2767277,0.70324206
instance_5618.graph,data/graph_coloring_graphs/instance_5618.graph,18,5,False,-3.5515194,1.2876263
instance_5619.graph,data/graph_coloring_graphs/instance_5619.graph,18,9,True,0.49014473,1.0193276
instance_562.graph,data/graph_coloring_graphs/instance_562.graph,20,13,True,1.1321945,-0.63547814
instance_5620.graph,data/graph_coloring_graphs/instance_5620.graph,18,13,True,1.1520538,-0.69331694
instance_5621.graph,data/graph_coloring_graphs/instance_5621.graph,14,7,True,-0.3855114,0.8782711
instance_5622.graph,data/graph_coloring_graphs/instance_5622.graph,12,3,False,-4.122569,1.1856863
instance_5623.graph,data/graph_coloring_graphs/instance_5623.graph,18,11,True,1.196434,-0.37952027
instance_5624.graph,data/graph_coloring_graphs/instance_5624.graph,20,5,False,-3.3401413,1.2917483
instance_5625.graph,data/graph_coloring_graphs/instance_5625.graph,16,5,False,-3.3548965,1.2942898
instance_5626.graph,data/graph_coloring_graphs/instance_5626.graph,16,15,True,1.1223888,-1.1240861
instance_5627.graph,data/graph_coloring_graphs/instance_5627.graph,18,7,True,-0.43737888,0.8181988
instance_5628.graph,data/graph_coloring_graphs/instance_5628.graph,16,3,False,-5.401703,1.7474024
instance_5629.graph,data/graph_coloring_graphs/instance_5629.graph,16,5,True,-1.3766739,0.8346875
instance_563.graph,data/graph_coloring_graphs/instance_563.graph,18,13,True,1.1304245,-0.6774297
instance_5630.graph,data/graph_coloring_graphs/instance_5630.graph,14,3,False,-2.865078,0.76671743
instance_5631.graph,data/graph_coloring_graphs/instance_5631.graph,12,13,True,1.0458345,-0.90856636
instance_5632.graph,data/graph_coloring_graphs/instance_5632.graph,12,9,True,0.9288788,-0.41594607
instance_5633.graph,data/graph_coloring_graphs/instance_5633.graph,18,5,False,-4.2386665,1.4314928
instance_5634.graph,data/graph_coloring_graphs/instance_5634.graph,12,5,True,-1.261657,0.8334117
instance_5635.graph,data/graph_coloring_graphs/instance_5635.graph,18,3,False,-5.1871834,1.682241
instance_5636.graph,data/graph_coloring_graphs/instance_5636.graph,18,7,True,-1.0043583,1.0464509
instance_5637.graph,data/graph_coloring_graphs/instance_5637.graph,10,9,True,0.7886343,0.5371804
instance_5638.graph,data/graph_coloring_graphs/instance_5638.graph,20,9,True,1.2796516,0.0050482936
instance_5639.graph,data/graph_coloring_graphs/instance_5639.graph,20,15,True,1.1212959,-0.9512613
instance_564.graph,data/graph_coloring_graphs/instance_564.graph,14,13,True,1.1085296,-1.0125697
instance_5640.graph,data/graph_coloring_graphs/instance_5640.graph,18,9,True,0.68120956,0.7971742
instance_5641.graph,data/graph_coloring_graphs/instance_5641.graph,20,3,False,-5.805805,1.9592144
instance_5642.graph,data/graph_coloring_graphs/instance_5642.graph,10,11,True,1.0058861,-0.67923
instance_5643.graph,data/graph_coloring_graphs/instance_5643.graph,12,9,True,0.74862194,0.668869
instance_5644.graph,data/graph_coloring_graphs/instance_5644.graph,20,7,True,-1.2240925,1.1491364
instance_5645.graph,data/graph_coloring_graphs/instance_5645.graph,10,11,True,1.0302029,-0.5790616
instance_5646.graph,data/graph_coloring_graphs/instance_5646.graph,18,7,False,-2.241539,1.349133
instance_5647.graph,data/graph_coloring_graphs/instance_5647.graph,20,5,False,-3.2719345,1.3030028
instance_5648.graph,data/graph_coloring_graphs/instance_5648.graph,12,3,False,-3.5808697,0.9160131
instance_5649.graph,data/graph_coloring_graphs/instance_5649.graph,12,7,True,-0.48038387,0.9194677
instance_565.graph,data/graph_coloring_graphs/instance_565.graph,20,15,True,1.1290474,-0.9819857
instance_5650.graph,data/graph_coloring_graphs/instance_5650.graph,10,15,True,0.9034462,-1.4167371
instance_5651.graph,data/graph_coloring_graphs/instance_5651.graph,14,9,True,1.1622047,0.14531861
instance_5652.graph,data/graph_coloring_graphs/instance_5652.graph,14,15,True,1.0778732,-1.0371366
instance_5653.graph,data/graph_coloring_graphs/instance_5653.graph,12,11,True,1.0579033,-0.11281069
instance_5654.graph,data/graph_coloring_graphs/instance_5654.graph,14,11,True,1.0977268,-0.26785323
instance_5655.graph,data/graph_coloring_graphs/instance_5655.graph,20,11,True,1.1234398,0.1528143
instance_5656.graph,data/graph_coloring_graphs/instance_5656.graph,14,15,True,1.101162,-1.1039627
instance_5657.graph,data/graph_coloring_graphs/instance_5657.graph,10,9,True,1.2121239,-0.1661149
instance_5658.graph,data/graph_coloring_graphs/instance_5658.graph,12,7,True,1.9732704,-0.14119534
instance_5659.graph,data/graph_coloring_graphs/instance_5659.graph,14,11,True,1.115921,-0.4316579
instance_566.graph,data/graph_coloring_graphs/instance_566.graph,16,5,True,-2.8353825,1.1395833
instance_5660.graph,data/graph_coloring_graphs/instance_5660.graph,14,7,True,2.364933,-0.37485644
instance_5661.graph,data/graph_coloring_graphs/instance_5661.graph,14,11,True,1.1059699,-0.55025077
instance_5662.graph,data/graph_coloring_graphs/instance_5662.graph,18,15,True,1.3031445,-1.3672438
instance_5663.graph,data/graph_coloring_graphs/instance_5663.graph,14,9,True,0.8210192,0.6129776
instance_5664.graph,data/graph_coloring_graphs/instance_5664.graph,10,3,True,2.8538284,-0.46896076
instance_5665.graph,data/graph_coloring_graphs/instance_5665.graph,20,3,False,-2.2024508,0.71435916
instance_5666.graph,data/graph_coloring_graphs/instance_5666.graph,18,3,False,-4.705242,1.5508628
instance_5667.graph,data/graph_coloring_graphs/instance_5667.graph,12,5,False,-2.9867535,1.1444054
instance_5668.graph,data/graph_coloring_graphs/instance_5668.graph,16,3,False,-5.419739,1.7570082
instance_5669.graph,data/graph_coloring_graphs/instance_5669.graph,18,3,True,-1.132,0.31802443
instance_567.graph,data/graph_coloring_graphs/instance_567.graph,12,9,True,0.87402344,0.32179806
instance_5670.graph,data/graph_coloring_graphs/instance_5670.graph,18,5,False,-3.4683971,1.3004813
instance_5671.graph,data/graph_coloring_graphs/instance_5671.graph,20,15,True,1.1198959,-0.9648522
instance_5672.graph,data/graph_coloring_graphs/instance_5672.graph,14,9,True,0.7245188,0.74817324
instance_5673.graph,data/graph_coloring_graphs/instance_5673.graph,10,15,True,0.982502,-1.3111467
instance_5674.graph,data/graph_coloring_graphs/instance_5674.graph,18,7,True,-0.6449795,0.9175656
instance_5675.graph,data/graph_coloring_graphs/instance_5675.graph,12,15,True,1.0642166,-1.0673885
instance_5676.graph,data/graph_coloring_graphs/instance_5676.graph,16,7,False,-1.8617172,1.2674403
instance_5677.graph,data/graph_coloring_graphs/instance_5677.graph,20,5,True,1.8889084,0.06283556
instance_5678.graph,data/graph_coloring_graphs/instance_5678.graph,20,3,False,-4.4721556,1.4209166
instance_5679.graph,data/graph_coloring_graphs/instance_5679.graph,14,9,True,1.3311539,-0.23428057
instance_568.graph,data/graph_coloring_graphs/instance_568.graph,10,11,True,1.0765457,-1.2898414
instance_5680.graph,data/graph_coloring_graphs/instance_5680.graph,10,5,False,-1.9280167,0.89696646
instance_5681.graph,data/graph_coloring_graphs/instance_5681.graph,14,11,True,1.1346006,-0.520399
instance_5682.graph,data/graph_coloring_graphs/instance_5682.graph,16,7,True,-0.6290798,1.0092695
instance_5683.graph,data/graph_coloring_graphs/instance_5683.graph,14,3,False,-4.213606,1.2110994
instance_5684.graph,data/graph_coloring_graphs/instance_5684.graph,20,15,True,1.1709309,-1.1162822
instance_5685.graph,data/graph_coloring_graphs/instance_5685.graph,10,15,True,0.8738327,-1.5885793
instance_5686.graph,data/graph_coloring_graphs/instance_5686.graph,18,9,True,0.4838581,1.0247931
instance_5687.graph,data/graph_coloring_graphs/instance_5687.graph,14,11,True,1.13381,-0.26902062
instance_5688.graph,data/graph_coloring_graphs/instance_5688.graph,14,13,True,1.27952,-1.313209
instance_5689.graph,data/graph_coloring_graphs/instance_5689.graph,14,13,True,1.2768822,-1.4085813
instance_569.graph,data/graph_coloring_graphs/instance_569.graph,18,7,True,0.38124466,-0.17351398
instance_5690.graph,data/graph_coloring_graphs/instance_5690.graph,14,9,True,0.8161354,0.5662776
instance_5691.graph,data/graph_coloring_graphs/instance_5691.graph,10,9,True,1.0066471,0.30893728
instance_5692.graph,data/graph_coloring_graphs/instance_5692.graph,20,7,True,-1.5897408,1.2083802
instance_5693.graph,data/graph_coloring_graphs/instance_5693.graph,16,13,True,1.2894878,-1.2893773
instance_5694.graph,data/graph_coloring_graphs/instance_5694.graph,16,15,True,1.114851,-1.0717448
instance_5695.graph,data/graph_coloring_graphs/instance_5695.graph,12,11,True,1.0478172,-0.115579754
instance_5696.graph,data/graph_coloring_graphs/instance_5696.graph,20,7,True,-1.2918701,1.165028
instance_5697.graph,data/graph_coloring_graphs/instance_5697.graph,12,15,True,1.0994768,-1.2850996
instance_5698.graph,data/graph_coloring_graphs/instance_5698.graph,18,3,False,-3.7600098,1.1050355
instance_5699.graph,data/graph_coloring_graphs/instance_5699.graph,18,7,False,-2.045185,1.3537889
instance_57.graph,data/graph_coloring_graphs/instance_57.graph,10,11,True,0.9888859,-0.3773913
instance_570.graph,data/graph_coloring_graphs/instance_570.graph,10,3,False,-1.6189518,0.5529598
instance_5700.graph,data/graph_coloring_graphs/instance_5700.graph,16,7,True,0.521678,0.5092652
instance_5701.graph,data/graph_coloring_graphs/instance_5701.graph,18,11,True,1.1300583,0.0031662285
instance_5702.graph,data/graph_coloring_graphs/instance_5702.graph,18,13,True,1.3197803,-1.2064761
instance_5703.graph,data/graph_coloring_graphs/instance_5703.graph,10,15,True,0.97603416,-1.1515703
instance_5704.graph,data/graph_coloring_graphs/instance_5704.graph,18,9,True,0.9051962,0.5115068
instance_5705.graph,data/graph_coloring_graphs/instance_5705.graph,12,15,True,1.1195183,-1.4431517
instance_5706.graph,data/graph_coloring_graphs/instance_5706.graph,16,9,True,1.269844,0.13604379
instance_5707.graph,data/graph_coloring_graphs/instance_5707.graph,18,15,True,1.1432018,-1.1105704
instance_5708.graph,data/graph_coloring_graphs/instance_5708.graph,20,7,True,-1.5419121,1.167803
instance_5709.graph,data/graph_coloring_graphs/instance_5709.graph,12,3,False,-3.3311634,0.7917105
instance_571.graph,data/graph_coloring_graphs/instance_571.graph,12,15,True,1.0332642,-1.2246561
instance_5710.graph,data/graph_coloring_graphs/instance_5710.graph,16,15,True,1.2785187,-1.3729794
instance_5711.graph,data/graph_coloring_graphs/instance_5711.graph,12,15,True,1.1593094,-1.4526563
instance_5712.graph,data/graph_coloring_graphs/instance_5712.graph,14,3,False,-4.8097982,1.4359622
instance_5713.graph,data/graph_coloring_graphs/instance_5713.graph,14,3,False,-5.108837,1.5947616
instance_5714.graph,data/graph_coloring_graphs/instance_5714.graph,14,5,True,-0.92985725,0.70205116
instance_5715.graph,data/graph_coloring_graphs/instance_5715.graph,16,11,True,1.1024971,0.054271348
instance_5716.graph,data/graph_coloring_graphs/instance_5716.graph,14,13,True,1.2178802,-1.4036119
instance_5717.graph,data/graph_coloring_graphs/instance_5717.graph,18,11,True,1.1964178,-0.37952024
instance_5718.graph,data/graph_coloring_graphs/instance_5718.graph,18,5,False,-3.3232422,1.247885
instance_5719.graph,data/graph_coloring_graphs/instance_5719.graph,10,13,True,0.98081684,-0.933388
instance_572.graph,data/graph_coloring_graphs/instance_572.graph,12,7,True,-0.48038864,0.9194677
instance_5720.graph,data/graph_coloring_graphs/instance_5720.graph,16,15,True,1.0996246,-1.0153493
instance_5721.graph,data/graph_coloring_graphs/instance_5721.graph,12,7,False,-0.91355515,1.0253487
instance_5722.graph,data/graph_coloring_graphs/instance_5722.graph,16,3,True,-0.7572155,0.38121477
instance_5723.graph,data/graph_coloring_graphs/instance_5723.graph,20,9,True,0.949708,0.55416334
instance_5724.graph,data/graph_coloring_graphs/instance_5724.graph,16,5,True,-0.6212082,0.5103421
instance_5725.graph,data/graph_coloring_graphs/instance_5725.graph,16,3,True,-0.36861038,0.114853516
instance_5726.graph,data/graph_coloring_graphs/instance_5726.graph,12,13,True,1.0578918,-1.1039481
instance_5727.graph,data/graph_coloring_graphs/instance_5727.graph,18,3,False,-5.624359,1.9059877
instance_5728.graph,data/graph_coloring_graphs/instance_5728.graph,10,3,False,-4.265683,1.2837205
instance_5729.graph,data/graph_coloring_graphs/instance_5729.graph,14,13,True,1.2142067,-1.3669066
instance_573.graph,data/graph_coloring_graphs/instance_573.graph,20,5,False,-4.018221,1.4057951
instance_5730.graph,data/graph_coloring_graphs/instance_5730.graph,12,9,True,0.8797703,0.5411618
instance_5731.graph,data/graph_coloring_graphs/instance_5731.graph,12,15,True,1.0740013,-1.5880105
instance_5732.graph,data/graph_coloring_graphs/instance_5732.graph,10,5,True,1.4121628,0.15705672
instance_5733.graph,data/graph_coloring_graphs/instance_5733.graph,18,5,False,-3.627493,1.3275408
instance_5734.graph,data/graph_coloring_graphs/instance_5734.graph,18,7,True,-0.9263134,1.0626713
instance_5735.graph,data/graph_coloring_graphs/instance_5735.graph,16,5,False,-2.9122725,1.1532147
instance_5736.graph,data/graph_coloring_graphs/instance_5736.graph,10,7,True,0.681468,0.47787794
instance_5737.graph,data/graph_coloring_graphs/instance_5737.graph,12,13,True,1.1157913,-1.4737763
instance_5738.graph,data/graph_coloring_graphs/instance_5738.graph,14,15,True,1.0893345,-1.0831609
instance_5739.graph,data/graph_coloring_graphs/instance_5739.graph,10,5,True,-0.393898,0.6928756
instance_574.graph,data/graph_coloring_graphs/instance_574.graph,14,7,True,0.96891785,-0.08350579
instance_5740.graph,data/graph_coloring_graphs/instance_5740.graph,10,5,True,-0.9916439,0.7996725
instance_5741.graph,data/graph_coloring_graphs/instance_5741.graph,16,9,True,1.2978783,0.22397521
instance_5742.graph,data/graph_coloring_graphs/instance_5742.graph,10,13,True,0.99399185,-0.84188414
instance_5743.graph,data/graph_coloring_graphs/instance_5743.graph,20,9,True,0.5731354,0.9233303
instance_5744.graph,data/graph_coloring_graphs/instance_5744.graph,20,3,False,-5.2340584,1.6994736
instance_5745.graph,data/graph_coloring_graphs/instance_5745.graph,12,11,True,1.0371671,-0.5378616
instance_5746.graph,data/graph_coloring_graphs/instance_5746.graph,12,5,True,0.87161636,-0.21978152
instance_5747.graph,data/graph_coloring_graphs/instance_5747.graph,14,11,True,1.106575,-0.20274475
instance_5748.graph,data/graph_coloring_graphs/instance_5748.graph,14,5,True,-1.1921055,0.80975556
instance_5749.graph,data/graph_coloring_graphs/instance_5749.graph,20,3,False,-5.735203,1.9214962
instance_575.graph,data/graph_coloring_graphs/instance_575.graph,14,9,True,1.2888298,-0.45831338
instance_5750.graph,data/graph_coloring_graphs/instance_5750.graph,20,7,True,1.0106678,0.30653623
instance_5751.graph,data/graph_coloring_graphs/instance_5751.graph,16,3,False,-5.45496,1.7757486
instance_5752.graph,data/graph_coloring_graphs/instance_5752.graph,18,3,False,-5.6115303,1.899416
instance_5753.graph,data/graph_coloring_graphs/instance_5753.graph,16,13,True,1.1280384,-0.75008786
instance_5754.graph,data/graph_coloring_graphs/instance_5754.graph,12,13,True,1.0228925,-0.960814
instance_5755.graph,data/graph_coloring_graphs/instance_5755.graph,18,5,False,-3.0268478,1.1646552
instance_5756.graph,data/graph_coloring_graphs/instance_5756.graph,10,9,True,1.4668465,-0.17286448
instance_5757.graph,data/graph_coloring_graphs/instance_5757.graph,16,11,True,1.1027756,0.04887657
instance_5758.graph,data/graph_coloring_graphs/instance_5758.graph,10,11,True,1.0190754,-0.3862553
instance_5759.graph,data/graph_coloring_graphs/instance_5759.graph,14,9,True,0.94736576,0.49136558
instance_576.graph,data/graph_coloring_graphs/instance_576.graph,20,5,False,-5.0135193,1.5902431
instance_5760.graph,data/graph_coloring_graphs/instance_5760.graph,12,3,False,-4.2358017,1.2420527
instance_5761.graph,data/graph_coloring_graphs/instance_5761.graph,20,13,True,1.1314659,-0.54692125
instance_5762.graph,data/graph_coloring_graphs/instance_5762.graph,18,9,True,0.9053612,0.46520385
instance_5763.graph,data/graph_coloring_graphs/instance_5763.graph,20,9,True,0.6882324,0.86754096
instance_5764.graph,data/graph_coloring_graphs/instance_5764.graph,12,7,True,2.0249462,0.30710486
instance_5765.graph,data/graph_coloring_graphs/instance_5765.graph,18,7,False,-2.154049,1.3545065
instance_5766.graph,data/graph_coloring_graphs/instance_5766.graph,10,13,True,0.9852028,-1.0895054
instance_5767.graph,data/graph_coloring_graphs/instance_5767.graph,14,15,True,1.0950432,-1.0398848
instance_5768.graph,data/graph_coloring_graphs/instance_5768.graph,20,5,True,1.041151,0.32355732
instance_5769.graph,data/graph_coloring_graphs/instance_5769.graph,18,11,True,1.1405983,-0.22646616
instance_577.graph,data/graph_coloring_graphs/instance_577.graph,16,13,True,1.1309032,-0.7981961
instance_5770.graph,data/graph_coloring_graphs/instance_5770.graph,20,9,True,1.4417992,-0.33151275
instance_5771.graph,data/graph_coloring_graphs/instance_5771.graph,16,11,True,1.1426544,-0.17243066
instance_5772.graph,data/graph_coloring_graphs/instance_5772.graph,20,11,True,1.3223267,-0.7276362
instance_5773.graph,data/graph_coloring_graphs/instance_5773.graph,18,3,False,-4.8111773,1.4897926
instance_5774.graph,data/graph_coloring_graphs/instance_5774.graph,12,7,True,-0.15519142,0.69769657
instance_5775.graph,data/graph_coloring_graphs/instance_5775.graph,18,13,True,1.1595325,-0.8895197
instance_5776.graph,data/graph_coloring_graphs/instance_5776.graph,14,7,True,-0.40278053,0.8257357
instance_5777.graph,data/graph_coloring_graphs/instance_5777.graph,16,3,False,-4.551304,1.5021319
instance_5778.graph,data/graph_coloring_graphs/instance_5778.graph,20,7,False,-2.4304276,1.4104888
instance_5779.graph,data/graph_coloring_graphs/instance_5779.graph,18,9,True,0.95065784,0.51017416
instance_578.graph,data/graph_coloring_graphs/instance_578.graph,14,13,True,1.1597061,-1.1575999
instance_5780.graph,data/graph_coloring_graphs/instance_5780.graph,16,3,False,-5.472122,1.7848909
instance_5781.graph,data/graph_coloring_graphs/instance_5781.graph,10,3,True,1.6646614,-0.2593674
instance_5782.graph,data/graph_coloring_graphs/instance_5782.graph,18,15,True,1.1133156,-0.99288654
instance_5783.graph,data/graph_coloring_graphs/instance_5783.graph,10,5,True,1.0672722,0.43181702
instance_5784.graph,data/graph_coloring_graphs/instance_5784.graph,18,9,True,1.1703987,-0.08557892
instance_5785.graph,data/graph_coloring_graphs/instance_5785.graph,16,3,False,-3.7066832,0.9382632
instance_5786.graph,data/graph_coloring_graphs/instance_5786.graph,14,11,True,1.2677727,-0.9053271
instance_5787.graph,data/graph_coloring_graphs/instance_5787.graph,16,15,True,1.1158752,-1.0788745
instance_5788.graph,data/graph_coloring_graphs/instance_5788.graph,18,15,True,1.3431778,-1.4746516
instance_5789.graph,data/graph_coloring_graphs/instance_5789.graph,12,5,False,-2.469613,1.1011736
instance_579.graph,data/graph_coloring_graphs/instance_579.graph,14,15,True,1.0863266,-1.0384892
instance_5790.graph,data/graph_coloring_graphs/instance_5790.graph,10,11,True,0.973217,-0.3969043
instance_5791.graph,data/graph_coloring_graphs/instance_5791.graph,16,7,True,-0.73394775,1.0338584
instance_5792.graph,data/graph_coloring_graphs/instance_5792.graph,12,13,True,1.0663795,-0.8730478
instance_5793.graph,data/graph_coloring_graphs/instance_5793.graph,18,11,True,1.128479,-0.06663426
instance_5794.graph,data/graph_coloring_graphs/instance_5794.graph,20,9,False,0.41589737,1.1000997
instance_5795.graph,data/graph_coloring_graphs/instance_5795.graph,10,5,True,0.75475883,0.28651962
instance_5796.graph,data/graph_coloring_graphs/instance_5796.graph,16,7,True,0.8941841,-0.7597629
instance_5797.graph,data/graph_coloring_graphs/instance_5797.graph,12,13,True,1.0510349,-0.8249037
instance_5798.graph,data/graph_coloring_graphs/instance_5798.graph,10,13,True,0.9933653,-1.018576
instance_5799.graph,data/graph_coloring_graphs/instance_5799.graph,16,3,False,-5.4017124,1.7474024
instance_58.graph,data/graph_coloring_graphs/instance_58.graph,18,5,True,-1.5981302,0.98239386
instance_580.graph,data/graph_coloring_graphs/instance_580.graph,18,15,True,1.1306648,-1.0492132
instance_5800.graph,data/graph_coloring_graphs/instance_5800.graph,12,5,False,-2.2156706,1.0054005
instance_5801.graph,data/graph_coloring_graphs/instance_5801.graph,14,7,False,-1.3417492,1.1150677
instance_5802.graph,data/graph_coloring_graphs/instance_5802.graph,16,5,True,0.45573807,0.5003332
instance_5803.graph,data/graph_coloring_graphs/instance_5803.graph,20,5,True,-1.4767876,0.9146879
instance_5804.graph,data/graph_coloring_graphs/instance_5804.graph,10,15,True,1.0373154,-1.6651876
instance_5805.graph,data/graph_coloring_graphs/instance_5805.graph,14,3,False,-3.873335,1.1347468
instance_5806.graph,data/graph_coloring_graphs/instance_5806.graph,10,11,True,1.0003939,-0.43354267
instance_5807.graph,data/graph_coloring_graphs/instance_5807.graph,10,11,True,0.98886776,-0.37739128
instance_5808.graph,data/graph_coloring_graphs/instance_5808.graph,20,15,True,1.1667118,-1.1672708
instance_5809.graph,data/graph_coloring_graphs/instance_5809.graph,20,7,True,1.5314617,0.0815628
instance_581.graph,data/graph_coloring_graphs/instance_581.graph,20,5,True,-0.6281109,0.4733338
instance_5810.graph,data/graph_coloring_graphs/instance_5810.graph,14,9,True,1.216423,-0.55376494
instance_5811.graph,data/graph_coloring_graphs/instance_5811.graph,14,3,False,-2.7753325,0.8356869
instance_5812.graph,data/graph_coloring_graphs/instance_5812.graph,18,7,True,2.0707703,0.004112616
instance_5813.graph,data/graph_coloring_graphs/instance_5813.graph,10,11,True,1.0007439,-0.2147352
instance_5814.graph,data/graph_coloring_graphs/instance_5814.graph,18,13,True,1.1685276,-0.84268105
instance_5815.graph,data/graph_coloring_graphs/instance_5815.graph,16,3,False,-5.6001205,1.8530256
instance_5816.graph,data/graph_coloring_graphs/instance_5816.graph,16,9,True,1.3883915,0.018904924
instance_5817.graph,data/graph_coloring_graphs/instance_5817.graph,18,9,True,0.9191065,0.57837
instance_5818.graph,data/graph_coloring_graphs/instance_5818.graph,14,7,True,0.03284645,0.47097453
instance_5819.graph,data/graph_coloring_graphs/instance_5819.graph,10,15,True,0.968359,-1.1878765
instance_582.graph,data/graph_coloring_graphs/instance_582.graph,12,15,True,1.0733528,-1.5179292
instance_5820.graph,data/graph_coloring_graphs/instance_5820.graph,14,9,True,1.2241192,0.080468655
instance_5821.graph,data/graph_coloring_graphs/instance_5821.graph,10,9,True,0.85867786,0.3712184
instance_5822.graph,data/graph_coloring_graphs/instance_5822.graph,20,11,True,1.1385498,0.057204984
instance_5823.graph,data/graph_coloring_graphs/instance_5823.graph,16,11,True,1.22398,-0.9383739
instance_5824.graph,data/graph_coloring_graphs/instance_5824.graph,18,7,True,1.681076,-0.1957477
instance_5825.graph,data/graph_coloring_graphs/instance_5825.graph,16,13,True,1.1809769,-1.249029
instance_5826.graph,data/graph_coloring_graphs/instance_5826.graph,14,11,True,1.1204967,-0.25448376
instance_5827.graph,data/graph_coloring_graphs/instance_5827.graph,10,5,True,2.9594078,-0.61280274
instance_5828.graph,data/graph_coloring_graphs/instance_5828.graph,16,15,True,1.1611509,-1.2201532
instance_5829.graph,data/graph_coloring_graphs/instance_5829.graph,16,9,True,0.9137392,0.6173496
instance_583.graph,data/graph_coloring_graphs/instance_583.graph,18,7,True,1.2594681,0.04974459
instance_5830.graph,data/graph_coloring_graphs/instance_5830.graph,20,9,True,1.075654,0.31275338
instance_5831.graph,data/graph_coloring_graphs/instance_5831.graph,10,13,True,1.0349674,-1.2492194
instance_5832.graph,data/graph_coloring_graphs/instance_5832.graph,18,15,True,1.1120148,-0.9857929
instance_5833.graph,data/graph_coloring_graphs/instance_5833.graph,12,7,True,-0.33429098,0.81984377
instance_5834.graph,data/graph_coloring_graphs/instance_5834.graph,20,13,True,1.1930571,-0.9056308
instance_5835.graph,data/graph_coloring_graphs/instance_5835.graph,16,13,True,1.1136093,-0.6936718
instance_5836.graph,data/graph_coloring_graphs/instance_5836.graph,20,15,True,1.4175091,-1.4313145
instance_5837.graph,data/graph_coloring_graphs/instance_5837.graph,18,13,True,1.2903194,-1.1764
instance_5838.graph,data/graph_coloring_graphs/instance_5838.graph,18,5,False,-3.203186,1.2269819
instance_5839.graph,data/graph_coloring_graphs/instance_5839.graph,16,5,True,1.4598274,-0.16701266
instance_584.graph,data/graph_coloring_graphs/instance_584.graph,18,5,False,-3.3359642,1.3036759
instance_5840.graph,data/graph_coloring_graphs/instance_5840.graph,14,15,True,1.1277637,-1.2327926
instance_5841.graph,data/graph_coloring_graphs/instance_5841.graph,18,7,False,-2.2521324,1.3778167
instance_5842.graph,data/graph_coloring_graphs/instance_5842.graph,12,5,False,-2.675187,1.0882361
instance_5843.graph,data/graph_coloring_graphs/instance_5843.graph,12,5,True,1.6068268,-0.4362471
instance_5844.graph,data/graph_coloring_graphs/instance_5844.graph,20,5,True,-1.9691224,1.0010616
instance_5845.graph,data/graph_coloring_graphs/instance_5845.graph,12,7,True,-0.058776855,0.8164159
instance_5846.graph,data/graph_coloring_graphs/instance_5846.graph,12,9,True,0.9733429,0.38163486
instance_5847.graph,data/graph_coloring_graphs/instance_5847.graph,20,11,True,1.1198273,0.19056562
instance_5848.graph,data/graph_coloring_graphs/instance_5848.graph,14,3,False,-5.1352215,1.6087732
instance_5849.graph,data/graph_coloring_graphs/instance_5849.graph,20,15,True,1.1365356,-1.0367388
instance_585.graph,data/graph_coloring_graphs/instance_585.graph,10,13,True,0.9396515,-1.6650172
instance_5850.graph,data/graph_coloring_graphs/instance_5850.graph,18,7,True,2.5748787,-0.34019443
instance_5851.graph,data/graph_coloring_graphs/instance_5851.graph,18,9,True,1.1223612,0.4314457
instance_5852.graph,data/graph_coloring_graphs/instance_5852.graph,12,5,True,-2.3607092,1.0822387
instance_5853.graph,data/graph_coloring_graphs/instance_5853.graph,16,15,True,1.0985336,-1.006016
instance_5854.graph,data/graph_coloring_graphs/instance_5854.graph,14,15,True,1.0774536,-1.0278615
instance_5855.graph,data/graph_coloring_graphs/instance_5855.graph,20,7,True,-0.9788494,1.1194683
instance_5856.graph,data/graph_coloring_graphs/instance_5856.graph,14,9,True,0.99785423,0.047976002
instance_5857.graph,data/graph_coloring_graphs/instance_5857.graph,12,13,True,1.0644035,-0.9266881
instance_5858.graph,data/graph_coloring_graphs/instance_5858.graph,14,13,True,1.0762539,-0.7797576
instance_5859.graph,data/graph_coloring_graphs/instance_5859.graph,16,11,True,1.1118126,-0.13023323
instance_586.graph,data/graph_coloring_graphs/instance_586.graph,20,3,False,-5.3403015,1.7105328
instance_5860.graph,data/graph_coloring_graphs/instance_5860.graph,12,13,True,1.0553074,-1.1741958
instance_5861.graph,data/graph_coloring_graphs/instance_5861.graph,12,7,True,0.361907,0.6418221
instance_5862.graph,data/graph_coloring_graphs/instance_5862.graph,18,15,True,1.1994896,-1.3272204
instance_5863.graph,data/graph_coloring_graphs/instance_5863.graph,10,7,True,-0.13709259,0.69725394
instance_5864.graph,data/graph_coloring_graphs/instance_5864.graph,20,11,True,1.2875566,-0.66923416
instance_5865.graph,data/graph_coloring_graphs/instance_5865.graph,20,11,True,1.1819954,-0.27155045
instance_5866.graph,data/graph_coloring_graphs/instance_5866.graph,16,11,True,1.1478481,-0.38342836
instance_5867.graph,data/graph_coloring_graphs/instance_5867.graph,16,5,False,-3.9183311,1.3890438
instance_5868.graph,data/graph_coloring_graphs/instance_5868.graph,20,3,False,-5.1917515,1.7222555
instance_5869.graph,data/graph_coloring_graphs/instance_5869.graph,12,15,True,1.0639076,-1.1614069
instance_587.graph,data/graph_coloring_graphs/instance_587.graph,20,3,False,-5.2505417,1.7079629
instance_5870.graph,data/graph_coloring_graphs/instance_5870.graph,20,7,True,0.09962654,0.8022288
instance_5871.graph,data/graph_coloring_graphs/instance_5871.graph,20,9,True,1.5964394,-0.32986963
instance_5872.graph,data/graph_coloring_graphs/instance_5872.graph,20,5,False,-5.148983,1.6125891
instance_5873.graph,data/graph_coloring_graphs/instance_5873.graph,18,11,True,1.1249313,0.06465538
instance_5874.graph,data/graph_coloring_graphs/instance_5874.graph,20,11,True,1.1835709,-0.14099813
instance_5875.graph,data/graph_coloring_graphs/instance_5875.graph,18,7,True,0.89713955,0.58126104
instance_5876.graph,data/graph_coloring_graphs/instance_5876.graph,12,3,False,-3.13585,0.8246412
instance_5877.graph,data/graph_coloring_graphs/instance_5877.graph,12,13,True,1.08115,-1.3081775
instance_5878.graph,data/graph_coloring_graphs/instance_5878.graph,18,3,True,-0.010520935,0.043144926
instance_5879.graph,data/graph_coloring_graphs/instance_5879.graph,14,15,True,1.1639671,-1.4209288
instance_588.graph,data/graph_coloring_graphs/instance_588.graph,20,7,False,-2.469757,1.4411335
instance_5880.graph,data/graph_coloring_graphs/instance_5880.graph,10,11,True,1.0058832,-0.67923
instance_5881.graph,data/graph_coloring_graphs/instance_5881.graph,18,15,True,1.1661568,-1.1323255
instance_5882.graph,data/graph_coloring_graphs/instance_5882.graph,20,3,False,-4.0241804,1.20674
instance_5883.graph,data/graph_coloring_graphs/instance_5883.graph,10,9,True,0.8369093,0.48664078
instance_5884.graph,data/graph_coloring_graphs/instance_5884.graph,14,15,True,1.2370644,-1.4309268
instance_5885.graph,data/graph_coloring_graphs/instance_5885.graph,14,7,True,2.296463,-0.20345354
instance_5886.graph,data/graph_coloring_graphs/instance_5886.graph,16,15,True,1.2611351,-1.4391057
instance_5887.graph,data/graph_coloring_graphs/instance_5887.graph,12,5,True,1.0358448,0.2424115
instance_5888.graph,data/graph_coloring_graphs/instance_5888.graph,10,15,True,0.94859695,-1.4748938
instance_5889.graph,data/graph_coloring_graphs/instance_5889.graph,14,5,True,2.0242157,-0.116653435
instance_589.graph,data/graph_coloring_graphs/instance_589.graph,10,13,True,1.0257282,-0.94547415
instance_5890.graph,data/graph_coloring_graphs/instance_5890.graph,12,5,True,-0.21930218,0.5722741
instance_5891.graph,data/graph_coloring_graphs/instance_5891.graph,18,5,False,-4.3935986,1.4796295
instance_5892.graph,data/graph_coloring_graphs/instance_5892.graph,20,15,True,1.1798344,-1.1186137
instance_5893.graph,data/graph_coloring_graphs/instance_5893.graph,16,11,True,1.1650429,-0.30098414
instance_5894.graph,data/graph_coloring_graphs/instance_5894.graph,20,9,True,0.6981697,0.83619153
instance_5895.graph,data/graph_coloring_graphs/instance_5895.graph,18,7,True,2.7647972,-0.29366434
instance_5896.graph,data/graph_coloring_graphs/instance_5896.graph,10,11,True,0.9666996,-0.6823715
instance_5897.graph,data/graph_coloring_graphs/instance_5897.graph,20,11,True,1.2669009,-0.5702337
instance_5898.graph,data/graph_coloring_graphs/instance_5898.graph,10,3,False,-3.9898214,1.1486261
instance_5899.graph,data/graph_coloring_graphs/instance_5899.graph,18,7,True,0.6946235,0.5795945
instance_59.graph,data/graph_coloring_graphs/instance_59.graph,12,13,True,1.041626,-1.3225024
instance_590.graph,data/graph_coloring_graphs/instance_590.graph,10,11,True,0.9780655,-1.0356674
instance_5900.graph,data/graph_coloring_graphs/instance_5900.graph,16,9,True,1.0612707,0.28307885
instance_5901.graph,data/graph_coloring_graphs/instance_5901.graph,12,11,True,1.0528593,-0.4961512
instance_5902.graph,data/graph_coloring_graphs/instance_5902.graph,14,3,False,-2.148203,0.4413484
instance_5903.graph,data/graph_coloring_graphs/instance_5903.graph,10,13,True,0.8576851,-1.589665
instance_5904.graph,data/graph_coloring_graphs/instance_5904.graph,12,15,True,1.0428658,-1.0764493
instance_5905.graph,data/graph_coloring_graphs/instance_5905.graph,12,5,True,-1.2616653,0.8334117
instance_5906.graph,data/graph_coloring_graphs/instance_5906.graph,20,11,True,1.1888561,-0.18070024
instance_5907.graph,data/graph_coloring_graphs/instance_5907.graph,12,3,False,-3.7503242,1.2173226
instance_5908.graph,data/graph_coloring_graphs/instance_5908.graph,18,7,True,1.2837334,-0.15906823
instance_5909.graph,data/graph_coloring_graphs/instance_5909.graph,12,15,True,1.1029568,-1.3413622
instance_591.graph,data/graph_coloring_graphs/instance_591.graph,18,11,True,1.1208344,0.11243492
instance_5910.graph,data/graph_coloring_graphs/instance_5910.graph,14,15,True,1.1011715,-1.1039625
instance_5911.graph,data/graph_coloring_graphs/instance_5911.graph,10,7,True,-0.24194956,0.8118987
instance_5912.graph,data/graph_coloring_graphs/instance_5912.graph,18,13,True,1.131176,-0.57816255
instance_5913.graph,data/graph_coloring_graphs/instance_5913.graph,16,11,True,1.1091461,0.05798632
instance_5914.graph,data/graph_coloring_graphs/instance_5914.graph,20,5,True,-1.1864696,0.8978518
instance_5915.graph,data/graph_coloring_graphs/instance_5915.graph,14,11,True,1.0969334,-0.24113995
instance_5916.graph,data/graph_coloring_graphs/instance_5916.graph,10,13,True,0.9958205,-0.9972682
instance_5917.graph,data/graph_coloring_graphs/instance_5917.graph,16,7,True,-0.65371895,0.97518754
instance_5918.graph,data/graph_coloring_graphs/instance_5918.graph,12,13,True,1.0356503,-1.0722526
instance_5919.graph,data/graph_coloring_graphs/instance_5919.graph,14,5,True,3.3608055,-0.21312575
instance_592.graph,data/graph_coloring_graphs/instance_592.graph,10,11,True,0.99529266,-0.28955698
instance_5920.graph,data/graph_coloring_graphs/instance_5920.graph,12,13,True,1.0482235,-0.8702798
instance_5921.graph,data/graph_coloring_graphs/instance_5921.graph,18,11,True,1.1205025,0.11643556
instance_5922.graph,data/graph_coloring_graphs/instance_5922.graph,10,9,True,1.0178776,0.19352509
instance_5923.graph,data/graph_coloring_graphs/instance_5923.graph,10,15,True,0.96621513,-1.1979504
instance_5924.graph,data/graph_coloring_graphs/instance_5924.graph,18,15,True,1.1844139,-1.1641381
instance_5925.graph,data/graph_coloring_graphs/instance_5925.graph,10,15,True,0.98931503,-1.1576952
instance_5926.graph,data/graph_coloring_graphs/instance_5926.graph,16,3,False,-4.9585056,1.574514
instance_5927.graph,data/graph_coloring_graphs/instance_5927.graph,20,7,False,-2.1111412,1.3786187
instance_5928.graph,data/graph_coloring_graphs/instance_5928.graph,12,9,True,0.9241295,0.4318793
instance_5929.graph,data/graph_coloring_graphs/instance_5929.graph,14,7,True,0.9100723,-0.24340676
instance_593.graph,data/graph_coloring_graphs/instance_593.graph,14,7,True,-0.5511446,0.86397946
instance_5930.graph,data/graph_coloring_graphs/instance_5930.graph,14,9,True,0.7660179,0.6165061
instance_5931.graph,data/graph_coloring_graphs/instance_5931.graph,12,13,True,1.1461296,-1.2883792
instance_5932.graph,data/graph_coloring_graphs/instance_5932.graph,18,3,False,-5.6648827,1.8855269
instance_5933.graph,data/graph_coloring_graphs/instance_5933.graph,18,7,False,-1.8305092,1.304126
instance_5934.graph,data/graph_coloring_graphs/instance_5934.graph,18,13,True,1.1966553,-0.84538794
instance_5935.graph,data/graph_coloring_graphs/instance_5935.graph,12,13,True,1.1553383,-1.483685
instance_5936.graph,data/graph_coloring_graphs/instance_5936.graph,10,3,True,3.8104668,-0.52418673
instance_5937.graph,data/graph_coloring_graphs/instance_5937.graph,20,7,True,0.6434593,0.07388382
instance_5938.graph,data/graph_coloring_graphs/instance_5938.graph,10,9,True,0.60025835,0.56853664
instance_5939.graph,data/graph_coloring_graphs/instance_5939.graph,10,3,False,-2.5255241,0.60406077
instance_594.graph,data/graph_coloring_graphs/instance_594.graph,12,13,True,1.0397434,-0.7666503
instance_5940.graph,data/graph_coloring_graphs/instance_5940.graph,10,5,True,1.7007179,-0.3206292
instance_5941.graph,data/graph_coloring_graphs/instance_5941.graph,12,9,True,0.76579475,0.6521559
instance_5942.graph,data/graph_coloring_graphs/instance_5942.graph,10,5,True,-1.2191849,0.76436627
instance_5943.graph,data/graph_coloring_graphs/instance_5943.graph,18,13,True,1.1865788,-0.8765986
instance_5944.graph,data/graph_coloring_graphs/instance_5944.graph,16,7,True,2.3640175,-0.5008185
instance_5945.graph,data/graph_coloring_graphs/instance_5945.graph,14,11,True,1.0815048,0.01889082
instance_5946.graph,data/graph_coloring_graphs/instance_5946.graph,12,9,True,0.8593426,0.5610517
instance_5947.graph,data/graph_coloring_graphs/instance_5947.graph,12,3,True,-0.42583656,0.2682294
instance_5948.graph,data/graph_coloring_graphs/instance_5948.graph,18,13,True,1.1234646,-0.7245518
instance_5949.graph,data/graph_coloring_graphs/instance_5949.graph,20,11,True,1.123146,0.15590811
instance_595.graph,data/graph_coloring_graphs/instance_595.graph,14,13,True,1.074646,-0.83920085
instance_5950.graph,data/graph_coloring_graphs/instance_5950.graph,20,15,True,1.1231613,-0.9585315
instance_5951.graph,data/graph_coloring_graphs/instance_5951.graph,12,13,True,1.0820808,-1.2171855
instance_5952.graph,data/graph_coloring_graphs/instance_5952.graph,14,5,False,-3.411003,1.2519124
instance_5953.graph,data/graph_coloring_graphs/instance_5953.graph,18,13,True,1.1238022,-0.5857581
instance_5954.graph,data/graph_coloring_graphs/instance_5954.graph,14,15,True,1.1602926,-1.2484212
instance_5955.graph,data/graph_coloring_graphs/instance_5955.graph,18,3,False,-5.2431736,1.7108961
instance_5956.graph,data/graph_coloring_graphs/instance_5956.graph,14,7,True,0.08264446,0.76233935
instance_5957.graph,data/graph_coloring_graphs/instance_5957.graph,20,13,True,1.1966496,-0.83992195
instance_5958.graph,data/graph_coloring_graphs/instance_5958.graph,20,11,True,1.3702564,-0.801623
instance_5959.graph,data/graph_coloring_graphs/instance_5959.graph,14,11,True,1.1065598,-0.20274474
instance_596.graph,data/graph_coloring_graphs/instance_596.graph,16,5,True,-0.86942816,0.79112256
instance_5960.graph,data/graph_coloring_graphs/instance_5960.graph,10,13,True,0.9756565,-0.8396642
instance_5961.graph,data/graph_coloring_graphs/instance_5961.graph,16,3,True,0.5663223,-0.035233896
instance_5962.graph,data/graph_coloring_graphs/instance_5962.graph,18,3,True,-0.417202,0.07988706
instance_5963.graph,data/graph_coloring_graphs/instance_5963.graph,20,5,True,0.17863083,0.43199685
instance_5964.graph,data/graph_coloring_graphs/instance_5964.graph,20,7,False,-2.318718,1.42613
instance_5965.graph,data/graph_coloring_graphs/instance_5965.graph,12,13,True,1.108211,-1.0221373
instance_5966.graph,data/graph_coloring_graphs/instance_5966.graph,18,11,True,1.1149864,0.112851456
instance_5967.graph,data/graph_coloring_graphs/instance_5967.graph,14,7,True,-0.24612904,0.7853519
instance_5968.graph,data/graph_coloring_graphs/instance_5968.graph,12,9,True,1.4788055,-0.9410777
instance_5969.graph,data/graph_coloring_graphs/instance_5969.graph,10,9,True,0.8917999,-0.3976694
instance_597.graph,data/graph_coloring_graphs/instance_597.graph,10,7,True,1.558878,0.10601127
instance_5970.graph,data/graph_coloring_graphs/instance_5970.graph,18,13,True,1.1711178,-0.86637306
instance_5971.graph,data/graph_coloring_graphs/instance_5971.graph,20,3,False,-5.191757,1.7222553
instance_5972.graph,data/graph_coloring_graphs/instance_5972.graph,10,15,True,0.97234917,-1.1689744
instance_5973.graph,data/graph_coloring_graphs/instance_5973.graph,16,9,True,1.5645561,-0.29996848
instance_5974.graph,data/graph_coloring_graphs/instance_5974.graph,14,5,False,-3.7602806,1.3132956
instance_5975.graph,data/graph_coloring_graphs/instance_5975.graph,16,13,True,1.3173332,-1.3485305
instance_5976.graph,data/graph_coloring_graphs/instance_5976.graph,14,11,True,1.1241913,-0.94801426
instance_5977.graph,data/graph_coloring_graphs/instance_5977.graph,16,7,True,1.7173996,-0.030925404
instance_5978.graph,data/graph_coloring_graphs/instance_5978.graph,18,7,True,-0.88215065,1.052177
instance_5979.graph,data/graph_coloring_graphs/instance_5979.graph,14,7,True,1.7173996,-0.0309254
instance_598.graph,data/graph_coloring_graphs/instance_598.graph,10,11,True,0.9937916,-0.3101711
instance_5980.graph,data/graph_coloring_graphs/instance_5980.graph,18,7,True,-1.0916939,1.0678134
instance_5981.graph,data/graph_coloring_graphs/instance_5981.graph,18,7,False,-1.9406776,1.3296127
instance_5982.graph,data/graph_coloring_graphs/instance_5982.graph,14,11,True,1.0822792,-0.02428753
instance_5983.graph,data/graph_coloring_graphs/instance_5983.graph,16,13,True,1.2572184,-1.175755
instance_5984.graph,data/graph_coloring_graphs/instance_5984.graph,12,3,False,-3.9687262,0.99564886
instance_5985.graph,data/graph_coloring_graphs/instance_5985.graph,10,3,True,-1.2881584,0.09284639
instance_5986.graph,data/graph_coloring_graphs/instance_5986.graph,18,7,True,2.702465,-0.00045553595
instance_5987.graph,data/graph_coloring_graphs/instance_5987.graph,16,7,True,0.8692694,0.48659566
instance_5988.graph,data/graph_coloring_graphs/instance_5988.graph,12,15,True,1.1110611,-1.4731457
instance_5989.graph,data/graph_coloring_graphs/instance_5989.graph,12,3,False,-4.4888277,1.3680233
instance_599.graph,data/graph_coloring_graphs/instance_599.graph,20,7,True,0.954731,-0.14802682
instance_5990.graph,data/graph_coloring_graphs/instance_5990.graph,10,11,True,1.0223446,-0.8433871
instance_5991.graph,data/graph_coloring_graphs/instance_5991.graph,10,15,True,1.043541,-1.457259
instance_5992.graph,data/graph_coloring_graphs/instance_5992.graph,16,5,True,-0.7434211,0.7687888
instance_5993.graph,data/graph_coloring_graphs/instance_5993.graph,12,3,False,-3.0403519,0.7799058
instance_5994.graph,data/graph_coloring_graphs/instance_5994.graph,16,7,True,2.5542984,-0.25312024
instance_5995.graph,data/graph_coloring_graphs/instance_5995.graph,12,7,True,1.5343513,-0.6335516
instance_5996.graph,data/graph_coloring_graphs/instance_5996.graph,18,5,True,-0.8383932,0.8152697
instance_5997.graph,data/graph_coloring_graphs/instance_5997.graph,16,3,True,-0.45077896,0.26779297
instance_5998.graph,data/graph_coloring_graphs/instance_5998.graph,12,13,True,1.1461239,-1.2883792
instance_5999.graph,data/graph_coloring_graphs/instance_5999.graph,14,5,False,-1.8797159,0.98279595
instance_6.graph,data/graph_coloring_graphs/instance_6.graph,19,27,True,1.515831,-0.2698675
instance_60.graph,data/graph_coloring_graphs/instance_60.graph,14,11,True,1.0958462,-0.20367196
instance_600.graph,data/graph_coloring_graphs/instance_600.graph,14,13,True,1.103384,-0.73546803
instance_6000.graph,data/graph_coloring_graphs/instance_6000.graph,12,5,True,-0.084368706,0.6864817
instance_6001.graph,data/graph_coloring_graphs/instance_6001.graph,14,3,False,-3.1856413,1.012539
instance_6002.graph,data/graph_coloring_graphs/instance_6002.graph,12,11,True,1.1657372,-1.1950412
instance_6003.graph,data/graph_coloring_graphs/instance_6003.graph,14,13,True,1.105236,-0.83278716
instance_6004.graph,data/graph_coloring_graphs/instance_6004.graph,18,15,True,1.1453018,-1.0489845
instance_6005.graph,data/graph_coloring_graphs/instance_6005.graph,12,9,True,0.9241295,0.4318793
instance_6006.graph,data/graph_coloring_graphs/instance_6006.graph,10,9,True,0.65226746,-1.0875192
instance_6007.graph,data/graph_coloring_graphs/instance_6007.graph,14,11,True,1.0859661,-0.22874948
instance_6008.graph,data/graph_coloring_graphs/instance_6008.graph,12,7,True,-0.63274,0.95670867
instance_6009.graph,data/graph_coloring_graphs/instance_6009.graph,18,13,True,1.1619749,-0.91620743
instance_601.graph,data/graph_coloring_graphs/instance_601.graph,12,3,True,-0.20581055,0.18710251
instance_6010.graph,data/graph_coloring_graphs/instance_6010.graph,14,5,True,0.48738098,0.16779745
instance_6011.graph,data/graph_coloring_graphs/instance_6011.graph,14,9,True,0.93371296,0.31142154
instance_6012.graph,data/graph_coloring_graphs/instance_6012.graph,18,13,True,1.1538258,-0.8267249
instance_6013.graph,data/graph_coloring_graphs/instance_6013.graph,20,11,True,1.1792374,-0.17352194
instance_6014.graph,data/graph_coloring_graphs/instance_6014.graph,18,11,True,1.213067,-0.6473228
instance_6015.graph,data/graph_coloring_graphs/instance_6015.graph,18,5,True,-0.90309143,0.57902694
instance_6016.graph,data/graph_coloring_graphs/instance_6016.graph,18,13,True,1.1865854,-0.8765986
instance_6017.graph,data/graph_coloring_graphs/instance_6017.graph,16,11,True,1.1239204,-0.18494953
instance_6018.graph,data/graph_coloring_graphs/instance_6018.graph,14,9,True,0.6157036,0.84908795
instance_6019.graph,data/graph_coloring_graphs/instance_6019.graph,10,15,True,0.9944849,-1.2270551
instance_602.graph,data/graph_coloring_graphs/instance_602.graph,16,7,True,0.67007256,0.5382724
instance_6020.graph,data/graph_coloring_graphs/instance_6020.graph,12,11,True,1.1666031,-0.6152706
instance_6021.graph,data/graph_coloring_graphs/instance_6021.graph,18,7,True,-0.6726675,0.9653039
instance_6022.graph,data/graph_coloring_graphs/instance_6022.graph,16,15,True,1.0977364,-0.999406
instance_6023.graph,data/graph_coloring_graphs/instance_6023.graph,16,3,False,-4.583523,1.5170548
instance_6024.graph,data/graph_coloring_graphs/instance_6024.graph,12,5,True,1.9273834,0.06773176
instance_6025.graph,data/graph_coloring_graphs/instance_6025.graph,16,11,True,1.2768784,-0.86111355
instance_6026.graph,data/graph_coloring_graphs/instance_6026.graph,14,15,True,1.2397308,-1.591258
instance_6027.graph,data/graph_coloring_graphs/instance_6027.graph,18,15,True,1.3267097,-1.4303858
instance_6028.graph,data/graph_coloring_graphs/instance_6028.graph,20,7,True,0.60558796,0.6805942
instance_6029.graph,data/graph_coloring_graphs/instance_6029.graph,10,11,True,0.9895935,-1.0421329
instance_603.graph,data/graph_coloring_graphs/instance_603.graph,12,9,True,0.92812634,0.2601163
instance_6030.graph,data/graph_coloring_graphs/instance_6030.graph,10,9,True,0.955307,0.14223307
instance_6031.graph,data/graph_coloring_graphs/instance_6031.graph,20,9,False,0.394516,1.1013921
instance_6032.graph,data/graph_coloring_graphs/instance_6032.graph,14,15,True,1.0908375,-1.1058307
instance_6033.graph,data/graph_coloring_graphs/instance_6033.graph,14,9,True,0.8047848,0.62861323
instance_6034.graph,data/graph_coloring_graphs/instance_6034.graph,10,5,True,0.45307922,0.34593055
instance_6035.graph,data/graph_coloring_graphs/instance_6035.graph,10,15,True,0.98256683,-1.1205933
instance_6036.graph,data/graph_coloring_graphs/instance_6036.graph,16,5,True,2.227234,-0.27955747
instance_6037.graph,data/graph_coloring_graphs/instance_6037.graph,20,7,False,-2.469761,1.4411335
instance_6038.graph,data/graph_coloring_graphs/instance_6038.graph,12,3,True,-0.71987534,-0.06542906
instance_6039.graph,data/graph_coloring_graphs/instance_6039.graph,18,3,False,-4.808981,1.5455253
instance_604.graph,data/graph_coloring_graphs/instance_604.graph,10,9,True,1.3699684,-0.1994909
instance_6040.graph,data/graph_coloring_graphs/instance_6040.graph,14,13,True,1.0892162,-0.9512726
instance_6041.graph,data/graph_coloring_graphs/instance_6041.graph,10,11,True,0.99674034,-0.26975113
instance_6042.graph,data/graph_coloring_graphs/instance_6042.graph,20,3,False,-3.9876003,1.3100998
instance_6043.graph,data/graph_coloring_graphs/instance_6043.graph,10,15,True,1.0740128,-1.5880107
instance_6044.graph,data/graph_coloring_graphs/instance_6044.graph,20,11,True,1.3010759,-0.69484663
instance_6045.graph,data/graph_coloring_graphs/instance_6045.graph,20,7,False,-2.3899422,1.4007556
instance_6046.graph,data/graph_coloring_graphs/instance_6046.graph,18,15,True,1.1275406,-1.0337436
instance_6047.graph,data/graph_coloring_graphs/instance_6047.graph,16,15,True,1.2686481,-1.4006002
instance_6048.graph,data/graph_coloring_graphs/instance_6048.graph,14,15,True,1.1590042,-1.3859205
instance_6049.graph,data/graph_coloring_graphs/instance_6049.graph,12,7,True,0.5261631,0.5145794
instance_605.graph,data/graph_coloring_graphs/instance_605.graph,12,11,True,1.0452576,-0.21616538
instance_6050.graph,data/graph_coloring_graphs/instance_6050.graph,18,11,True,1.1147003,0.11678474
instance_6051.graph,data/graph_coloring_graphs/instance_6051.graph,20,3,False,-4.2738104,1.3828237
instance_6052.graph,data/graph_coloring_graphs/instance_6052.graph,20,5,False,-3.601183,1.3573067
instance_6053.graph,data/graph_coloring_graphs/instance_6053.graph,12,15,True,1.0753479,-1.7200879
instance_6054.graph,data/graph_coloring_graphs/instance_6054.graph,14,15,True,1.2648335,-1.4501045
instance_6055.graph,data/graph_coloring_graphs/instance_6055.graph,18,11,True,1.1778374,-0.31331035
instance_6056.graph,data/graph_coloring_graphs/instance_6056.graph,16,11,True,1.1036072,0.032154612
instance_6057.graph,data/graph_coloring_graphs/instance_6057.graph,12,13,True,1.065422,-0.89890134
instance_6058.graph,data/graph_coloring_graphs/instance_6058.graph,16,3,False,-3.439312,0.9864248
instance_6059.graph,data/graph_coloring_graphs/instance_6059.graph,18,3,True,-1.8872547,0.5627688
instance_606.graph,data/graph_coloring_graphs/instance_606.graph,20,7,True,1.5314522,0.08156279
instance_6060.graph,data/graph_coloring_graphs/instance_6060.graph,10,5,True,0.90111923,0.12680772
instance_6061.graph,data/graph_coloring_graphs/instance_6061.graph,20,5,False,-3.4872818,1.3164984
instance_6062.graph,data/graph_coloring_graphs/instance_6062.graph,18,11,True,1.1860962,-0.29049826
instance_6063.graph,data/graph_coloring_graphs/instance_6063.graph,20,7,False,-2.412445,1.4277011
instance_6064.graph,data/graph_coloring_graphs/instance_6064.graph,14,11,True,1.0909653,-0.03652759
instance_6065.graph,data/graph_coloring_graphs/instance_6065.graph,10,9,True,0.9925556,0.097515926
instance_6066.graph,data/graph_coloring_graphs/instance_6066.graph,18,3,False,-5.0238533,1.5986439
instance_6067.graph,data/graph_coloring_graphs/instance_6067.graph,12,9,True,0.8895874,-0.7892326
instance_6068.graph,data/graph_coloring_graphs/instance_6068.graph,10,15,True,0.9908047,-1.1491312
instance_6069.graph,data/graph_coloring_graphs/instance_6069.graph,10,5,True,-0.1432743,0.5630977
instance_607.graph,data/graph_coloring_graphs/instance_607.graph,20,15,True,1.3104515,-1.3337884
instance_6070.graph,data/graph_coloring_graphs/instance_6070.graph,12,5,True,2.0958405,-0.22494876
instance_6071.graph,data/graph_coloring_graphs/instance_6071.graph,12,11,True,1.0877914,-0.76463664
instance_6072.graph,data/graph_coloring_graphs/instance_6072.graph,12,11,True,1.0429459,-0.30906165
instance_6073.graph,data/graph_coloring_graphs/instance_6073.graph,12,5,True,-0.6187477,0.23421949
instance_6074.graph,data/graph_coloring_graphs/instance_6074.graph,20,13,True,1.1768694,-0.88011587
instance_6075.graph,data/graph_coloring_graphs/instance_6075.graph,10,11,True,0.97455263,-0.5744556
instance_6076.graph,data/graph_coloring_graphs/instance_6076.graph,16,11,True,1.1554432,-0.3272118
instance_6077.graph,data/graph_coloring_graphs/instance_6077.graph,18,9,True,0.50945663,1.0024935
instance_6078.graph,data/graph_coloring_graphs/instance_6078.graph,18,13,True,1.1481819,-0.6583439
instance_6079.graph,data/graph_coloring_graphs/instance_6079.graph,16,3,False,-4.8791885,1.5342004
instance_608.graph,data/graph_coloring_graphs/instance_608.graph,12,13,True,1.1092973,-1.0833039
instance_6080.graph,data/graph_coloring_graphs/instance_6080.graph,14,11,True,1.1220207,-0.28316098
instance_6081.graph,data/graph_coloring_graphs/instance_6081.graph,18,11,True,1.1159134,0.10073805
instance_6082.graph,data/graph_coloring_graphs/instance_6082.graph,12,15,True,1.0408783,-1.1072879
instance_6083.graph,data/graph_coloring_graphs/instance_6083.graph,18,7,False,-2.216198,1.3429358
instance_6084.graph,data/graph_coloring_graphs/instance_6084.graph,12,13,True,1.0299273,-0.8796165
instance_6085.graph,data/graph_coloring_graphs/instance_6085.graph,14,9,True,0.6381531,0.82827246
instance_6086.graph,data/graph_coloring_graphs/instance_6086.graph,20,5,True,-2.4675584,1.056896
instance_6087.graph,data/graph_coloring_graphs/instance_6087.graph,18,3,False,-5.5729637,1.8364875
instance_6088.graph,data/graph_coloring_graphs/instance_6088.graph,18,13,True,1.1310654,-0.6861266
instance_6089.graph,data/graph_coloring_graphs/instance_6089.graph,20,5,True,-1.7345104,1.0217032
instance_609.graph,data/graph_coloring_graphs/instance_609.graph,20,3,False,-5.431778,1.8012266
instance_6090.graph,data/graph_coloring_graphs/instance_6090.graph,14,15,True,1.0874748,-1.0556546
instance_6091.graph,data/graph_coloring_graphs/instance_6091.graph,12,15,True,1.063879,-1.1690515
instance_6092.graph,data/graph_coloring_graphs/instance_6092.graph,20,13,True,1.4701118,-1.4410098
instance_6093.graph,data/graph_coloring_graphs/instance_6093.graph,14,13,True,1.0903358,-0.6977087
instance_6094.graph,data/graph_coloring_graphs/instance_6094.graph,12,13,True,1.0654144,-0.89890134
instance_6095.graph,data/graph_coloring_graphs/instance_6095.graph,16,11,True,1.3241081,-1.0399472
instance_6096.graph,data/graph_coloring_graphs/instance_6096.graph,18,13,True,1.1630344,-0.79309833
instance_6097.graph,data/graph_coloring_graphs/instance_6097.graph,20,5,False,-3.1718025,1.2864863
instance_6098.graph,data/graph_coloring_graphs/instance_6098.graph,18,11,True,1.138813,-0.09931538
instance_6099.graph,data/graph_coloring_graphs/instance_6099.graph,12,3,False,-4.6634455,1.3633481
instance_61.graph,data/graph_coloring_graphs/instance_61.graph,16,11,True,1.167656,-0.32878068
instance_610.graph,data/graph_coloring_graphs/instance_610.graph,16,7,False,-1.5579758,1.2270786
instance_6100.graph,data/graph_coloring_graphs/instance_6100.graph,16,15,True,1.1317806,-1.1889482
instance_6101.graph,data/graph_coloring_graphs/instance_6101.graph,16,3,True,-2.3787117,0.6015676
instance_6102.graph,data/graph_coloring_graphs/instance_6102.graph,20,3,False,-5.029806,1.6419275
instance_6103.graph,data/graph_coloring_graphs/instance_6103.graph,16,7,True,0.21914482,0.655244
instance_6104.graph,data/graph_coloring_graphs/instance_6104.graph,18,7,True,1.5341625,0.066070944
instance_6105.graph,data/graph_coloring_graphs/instance_6105.graph,10,9,True,0.934288,-0.7763586
instance_6106.graph,data/graph_coloring_graphs/instance_6106.graph,12,5,True,0.6102257,-0.010120261
instance_6107.graph,data/graph_coloring_graphs/instance_6107.graph,14,3,False,-3.185649,1.0125391
instance_6108.graph,data/graph_coloring_graphs/instance_6108.graph,20,11,True,1.2658272,-0.6555766
instance_6109.graph,data/graph_coloring_graphs/instance_6109.graph,12,3,False,-4.8263855,1.4495864
instance_611.graph,data/graph_coloring_graphs/instance_611.graph,18,13,True,1.1448765,-0.7286619
instance_6110.graph,data/graph_coloring_graphs/instance_6110.graph,20,3,False,-5.7960396,1.954004
instance_6111.graph,data/graph_coloring_graphs/instance_6111.graph,18,11,True,1.1175194,0.0794391
instance_6112.graph,data/graph_coloring_graphs/instance_6112.graph,20,11,True,1.121994,0.16795348
instance_6113.graph,data/graph_coloring_graphs/instance_6113.graph,20,7,True,-1.3194923,1.1974328
instance_6114.graph,data/graph_coloring_graphs/instance_6114.graph,10,11,True,0.941082,-1.1417773
instance_6115.graph,data/graph_coloring_graphs/instance_6115.graph,12,7,True,0.43252754,0.6963302
instance_6116.graph,data/graph_coloring_graphs/instance_6116.graph,12,7,True,-0.58815193,0.8847518
instance_6117.graph,data/graph_coloring_graphs/instance_6117.graph,12,3,False,-1.7261505,0.47450313
instance_6118.graph,data/graph_coloring_graphs/instance_6118.graph,10,9,True,0.8369179,0.48664078
instance_6119.graph,data/graph_coloring_graphs/instance_6119.graph,12,15,True,1.085968,-1.4501314
instance_612.graph,data/graph_coloring_graphs/instance_612.graph,12,15,True,1.102953,-1.3413624
instance_6120.graph,data/graph_coloring_graphs/instance_6120.graph,12,15,True,1.0531311,-1.0839757
instance_6121.graph,data/graph_coloring_graphs/instance_6121.graph,18,9,True,0.61600876,0.8571471
instance_6122.graph,data/graph_coloring_graphs/instance_6122.graph,20,15,True,1.2219639,-1.1646036
instance_6123.graph,data/graph_coloring_graphs/instance_6123.graph,10,5,True,-0.60153866,0.72997355
instance_6124.graph,data/graph_coloring_graphs/instance_6124.graph,18,13,True,1.1170502,-0.60560846
instance_6125.graph,data/graph_coloring_graphs/instance_6125.graph,18,9,True,0.99463654,0.508885
instance_6126.graph,data/graph_coloring_graphs/instance_6126.graph,16,5,True,2.8111877,-0.046295937
instance_6127.graph,data/graph_coloring_graphs/instance_6127.graph,12,7,True,0.05553913,0.6410568
instance_6128.graph,data/graph_coloring_graphs/instance_6128.graph,20,3,False,-5.8561363,2.0196543
instance_6129.graph,data/graph_coloring_graphs/instance_6129.graph,10,7,True,0.093696594,0.72699285
instance_613.graph,data/graph_coloring_graphs/instance_613.graph,14,15,True,1.1549015,-1.3141313
instance_6130.graph,data/graph_coloring_graphs/instance_6130.graph,16,13,True,1.1370459,-0.90170026
instance_6131.graph,data/graph_coloring_graphs/instance_6131.graph,18,9,True,0.5576649,0.9604763
instance_6132.graph,data/graph_coloring_graphs/instance_6132.graph,12,9,True,1.3169479,-0.47605452
instance_6133.graph,data/graph_coloring_graphs/instance_6133.graph,10,3,False,-4.7067776,1.3932067
instance_6134.graph,data/graph_coloring_graphs/instance_6134.graph,20,13,True,1.1420784,-0.58062255
instance_6135.graph,data/graph_coloring_graphs/instance_6135.graph,10,3,True,4.5005646,-0.7320075
instance_6136.graph,data/graph_coloring_graphs/instance_6136.graph,16,7,True,1.2399349,0.22268027
instance_6137.graph,data/graph_coloring_graphs/instance_6137.graph,10,3,True,4.840454,-1.1115923
instance_6138.graph,data/graph_coloring_graphs/instance_6138.graph,14,5,False,-2.8604603,1.112565
instance_6139.graph,data/graph_coloring_graphs/instance_6139.graph,12,13,True,1.0449867,-0.922256
instance_614.graph,data/graph_coloring_graphs/instance_614.graph,14,11,True,1.1253529,-0.34589222
instance_6140.graph,data/graph_coloring_graphs/instance_6140.graph,12,15,True,1.1303406,-1.58588
instance_6141.graph,data/graph_coloring_graphs/instance_6141.graph,12,3,True,0.41409302,0.05624856
instance_6142.graph,data/graph_coloring_graphs/instance_6142.graph,16,13,True,1.1276646,-0.74379694
instance_6143.graph,data/graph_coloring_graphs/instance_6143.graph,16,3,False,-3.302639,1.0110408
instance_6144.graph,data/graph_coloring_graphs/instance_6144.graph,10,15,True,0.97867966,-1.2174422
instance_6145.graph,data/graph_coloring_graphs/instance_6145.graph,18,15,True,1.1214066,-1.0376716
instance_6146.graph,data/graph_coloring_graphs/instance_6146.graph,14,3,False,-3.0428543,0.73771286
instance_6147.graph,data/graph_coloring_graphs/instance_6147.graph,14,7,True,0.8719635,-0.62134135
instance_6148.graph,data/graph_coloring_graphs/instance_6148.graph,14,3,False,-5.211088,1.6490657
instance_6149.graph,data/graph_coloring_graphs/instance_6149.graph,20,9,True,0.45038605,1.0706437
instance_615.graph,data/graph_coloring_graphs/instance_615.graph,12,3,False,-4.705966,1.3858519
instance_6150.graph,data/graph_coloring_graphs/instance_6150.graph,10,5,False,-0.9916439,0.7996725
instance_6151.graph,data/graph_coloring_graphs/instance_6151.graph,18,15,True,1.2347755,-1.2981524
instance_6152.graph,data/graph_coloring_graphs/instance_6152.graph,14,9,True,0.5421295,0.84089494
instance_6153.graph,data/graph_coloring_graphs/instance_6153.graph,10,13,True,0.9821863,-1.1158123
instance_6154.graph,data/graph_coloring_graphs/instance_6154.graph,18,13,True,1.3239937,-1.2261181
instance_6155.graph,data/graph_coloring_graphs/instance_6155.graph,16,9,True,0.5690994,0.8967414
instance_6156.graph,data/graph_coloring_graphs/instance_6156.graph,18,11,True,1.1297035,0.008727387
instance_6157.graph,data/graph_coloring_graphs/instance_6157.graph,16,15,True,1.0996475,-1.0153493
instance_6158.graph,data/graph_coloring_graphs/instance_6158.graph,12,7,True,-0.6678114,0.905115
instance_6159.graph,data/graph_coloring_graphs/instance_6159.graph,12,3,False,-4.665264,1.4558423
instance_616.graph,data/graph_coloring_graphs/instance_616.graph,10,11,True,0.9905853,-0.3540311
instance_6160.graph,data/graph_coloring_graphs/instance_6160.graph,12,15,True,1.0929108,-1.442369
instance_6161.graph,data/graph_coloring_graphs/instance_6161.graph,10,9,True,1.0317822,0.0504139
instance_6162.graph,data/graph_coloring_graphs/instance_6162.graph,12,15,True,1.044033,-1.0585421
instance_6163.graph,data/graph_coloring_graphs/instance_6163.graph,16,13,True,1.2623177,-1.3096626
instance_6164.graph,data/graph_coloring_graphs/instance_6164.graph,10,13,True,1.0064688,-0.904778
instance_6165.graph,data/graph_coloring_graphs/instance_6165.graph,18,13,True,1.1289062,-0.8247807
instance_6166.graph,data/graph_coloring_graphs/instance_6166.graph,20,13,True,1.123539,-0.5302322
instance_6167.graph,data/graph_coloring_graphs/instance_6167.graph,10,9,True,0.96217346,-0.017694956
instance_6168.graph,data/graph_coloring_graphs/instance_6168.graph,10,5,False,-2.950038,1.0161089
instance_6169.graph,data/graph_coloring_graphs/instance_6169.graph,18,5,True,1.0660973,0.18408102
instance_617.graph,data/graph_coloring_graphs/instance_617.graph,20,9,True,0.41369247,1.0846345
instance_6170.graph,data/graph_coloring_graphs/instance_6170.graph,16,11,True,1.3342819,-1.1992564
instance_6171.graph,data/graph_coloring_graphs/instance_6171.graph,10,11,True,1.0223446,-0.8433871
instance_6172.graph,data/graph_coloring_graphs/instance_6172.graph,10,9,True,0.9454088,0.37305698
instance_6173.graph,data/graph_coloring_graphs/instance_6173.graph,10,9,True,0.94890976,-0.49189892
instance_6174.graph,data/graph_coloring_graphs/instance_6174.graph,20,15,True,1.1353798,-1.0070662
instance_6175.graph,data/graph_coloring_graphs/instance_6175.graph,12,7,True,-0.70582294,0.9745691
instance_6176.graph,data/graph_coloring_graphs/instance_6176.graph,18,7,False,-1.9406929,1.3296127
instance_6177.graph,data/graph_coloring_graphs/instance_6177.graph,14,11,True,1.1734772,-0.9745053
instance_6178.graph,data/graph_coloring_graphs/instance_6178.graph,10,13,True,0.94099617,-1.0423478
instance_6179.graph,data/graph_coloring_graphs/instance_6179.graph,18,13,True,1.1237679,-0.729609
instance_618.graph,data/graph_coloring_graphs/instance_618.graph,16,9,True,0.9402504,0.27621415
instance_6180.graph,data/graph_coloring_graphs/instance_6180.graph,14,3,True,-0.6462097,0.025822543
instance_6181.graph,data/graph_coloring_graphs/instance_6181.graph,20,7,True,-1.1889381,1.167551
instance_6182.graph,data/graph_coloring_graphs/instance_6182.graph,18,11,True,1.2633605,-0.5776757
instance_6183.graph,data/graph_coloring_graphs/instance_6183.graph,16,3,False,-3.706665,0.9382632
instance_6184.graph,data/graph_coloring_graphs/instance_6184.graph,18,15,True,1.1108208,-0.9790704
instance_6185.graph,data/graph_coloring_graphs/instance_6185.graph,18,13,True,1.2542057,-1.227231
instance_6186.graph,data/graph_coloring_graphs/instance_6186.graph,14,15,True,1.0956879,-1.0466694
instance_6187.graph,data/graph_coloring_graphs/instance_6187.graph,12,11,True,1.1060443,-0.6736721
instance_6188.graph,data/graph_coloring_graphs/instance_6188.graph,14,5,False,-3.411003,1.2519124
instance_6189.graph,data/graph_coloring_graphs/instance_6189.graph,12,9,True,1.380024,-0.39808676
instance_619.graph,data/graph_coloring_graphs/instance_619.graph,18,13,True,1.2551584,-1.101176
instance_6190.graph,data/graph_coloring_graphs/instance_6190.graph,16,7,True,-0.9594822,0.7826371
instance_6191.graph,data/graph_coloring_graphs/instance_6191.graph,18,13,True,1.1766548,-0.8003031
instance_6192.graph,data/graph_coloring_graphs/instance_6192.graph,10,5,True,-0.60297966,0.64909434
instance_6193.graph,data/graph_coloring_graphs/instance_6193.graph,12,13,True,1.0299387,-0.8796164
instance_6194.graph,data/graph_coloring_graphs/instance_6194.graph,20,7,True,-1.1894588,1.1410186
instance_6195.graph,data/graph_coloring_graphs/instance_6195.graph,20,15,True,1.1317368,-1.0159092
instance_6196.graph,data/graph_coloring_graphs/instance_6196.graph,18,11,True,1.1553402,-0.18767571
instance_6197.graph,data/graph_coloring_graphs/instance_6197.graph,14,11,True,1.0919456,-0.07017493
instance_6198.graph,data/graph_coloring_graphs/instance_6198.graph,14,13,True,1.0746527,-0.83920085
instance_6199.graph,data/graph_coloring_graphs/instance_6199.graph,12,5,True,-0.84526825,0.4131392
instance_62.graph,data/graph_coloring_graphs/instance_62.graph,18,3,False,-4.0601635,1.2465944
instance_620.graph,data/graph_coloring_graphs/instance_620.graph,12,11,True,1.0466042,-0.1630191
instance_6200.graph,data/graph_coloring_graphs/instance_6200.graph,12,15,True,1.202404,-1.5569844
instance_6201.graph,data/graph_coloring_graphs/instance_6201.graph,20,15,True,1.1192741,-0.96225905
instance_6202.graph,data/graph_coloring_graphs/instance_6202.graph,18,5,True,-0.83839655,0.8152697
instance_6203.graph,data/graph_coloring_graphs/instance_6203.graph,12,3,False,-4.089938,1.2716298
instance_6204.graph,data/graph_coloring_graphs/instance_6204.graph,10,7,True,1.2877464,-0.18110171
instance_6205.graph,data/graph_coloring_graphs/instance_6205.graph,14,15,True,1.1422272,-1.2313533
instance_6206.graph,data/graph_coloring_graphs/instance_6206.graph,16,3,True,-1.8912811,0.4969385
instance_6207.graph,data/graph_coloring_graphs/instance_6207.graph,18,3,False,-4.9335327,1.552406
instance_6208.graph,data/graph_coloring_graphs/instance_6208.graph,20,3,False,-5.610401,1.8931961
instance_6209.graph,data/graph_coloring_graphs/instance_6209.graph,20,15,True,1.2279186,-1.2392597
instance_621.graph,data/graph_coloring_graphs/instance_621.graph,14,15,True,1.0798035,-1.0850308
instance_6210.graph,data/graph_coloring_graphs/instance_6210.graph,10,5,True,0.69900894,0.013534717
instance_6211.graph,data/graph_coloring_graphs/instance_6211.graph,12,9,True,0.87624454,0.40656695
instance_6212.graph,data/graph_coloring_graphs/instance_6212.graph,10,11,True,0.9871311,-0.40178987
instance_6213.graph,data/graph_coloring_graphs/instance_6213.graph,12,11,True,1.0559692,-0.2606629
instance_6214.graph,data/graph_coloring_graphs/instance_6214.graph,14,15,True,1.1522465,-1.2044454
instance_6215.graph,data/graph_coloring_graphs/instance_6215.graph,18,11,True,1.1235275,0.00022996962
instance_6216.graph,data/graph_coloring_graphs/instance_6216.graph,20,3,False,-5.720848,1.9500318
instance_6217.graph,data/graph_coloring_graphs/instance_6217.graph,20,13,True,1.1356544,-0.67735815
instance_6218.graph,data/graph_coloring_graphs/instance_6218.graph,12,5,True,-0.19160843,0.48291263
instance_6219.graph,data/graph_coloring_graphs/instance_6219.graph,14,11,True,1.0864239,-0.25423372
instance_622.graph,data/graph_coloring_graphs/instance_622.graph,14,15,True,1.2230072,-1.4678624
instance_6220.graph,data/graph_coloring_graphs/instance_6220.graph,20,13,True,1.1987886,-0.8539593
instance_6221.graph,data/graph_coloring_graphs/instance_6221.graph,12,9,True,1.3604851,-0.013620563
instance_6222.graph,data/graph_coloring_graphs/instance_6222.graph,16,7,False,-1.9595871,1.2911103
instance_6223.graph,data/graph_coloring_graphs/instance_6223.graph,20,3,False,-5.3403206,1.7105327
instance_6224.graph,data/graph_coloring_graphs/instance_6224.graph,18,7,True,0.023715973,0.69797695
instance_6225.graph,data/graph_coloring_graphs/instance_6225.graph,12,13,True,1.0570736,-1.1262627
instance_6226.graph,data/graph_coloring_graphs/instance_6226.graph,16,7,True,0.36286545,0.67663705
instance_6227.graph,data/graph_coloring_graphs/instance_6227.graph,14,7,True,0.6375084,-0.35761815
instance_6228.graph,data/graph_coloring_graphs/instance_6228.graph,12,13,True,1.0817852,-1.2458771
instance_6229.graph,data/graph_coloring_graphs/instance_6229.graph,18,5,False,-3.6601105,1.3065314
instance_623.graph,data/graph_coloring_graphs/instance_623.graph,10,5,False,-1.6843538,0.9234365
instance_6230.graph,data/graph_coloring_graphs/instance_6230.graph,14,13,True,1.140501,-1.1691403
instance_6231.graph,data/graph_coloring_graphs/instance_6231.graph,16,15,True,1.1082649,-1.0263156
instance_6232.graph,data/graph_coloring_graphs/instance_6232.graph,10,9,True,1.1630974,-0.1072756
instance_6233.graph,data/graph_coloring_graphs/instance_6233.graph,10,9,True,0.8541069,0.2637585
instance_6234.graph,data/graph_coloring_graphs/instance_6234.graph,16,13,True,1.177032,-0.9763433
instance_6235.graph,data/graph_coloring_graphs/instance_6235.graph,20,3,False,-4.7045717,1.4269534
instance_6236.graph,data/graph_coloring_graphs/instance_6236.graph,16,3,True,-0.4890213,0.22041926
instance_6237.graph,data/graph_coloring_graphs/instance_6237.graph,10,13,True,1.0223789,-0.9849676
instance_6238.graph,data/graph_coloring_graphs/instance_6238.graph,16,3,False,-5.326393,1.7073178
instance_6239.graph,data/graph_coloring_graphs/instance_6239.graph,16,3,True,-1.6971283,0.52445006
instance_624.graph,data/graph_coloring_graphs/instance_624.graph,12,5,True,1.7541199,-0.26960883
instance_6240.graph,data/graph_coloring_graphs/instance_6240.graph,14,9,True,0.8411989,0.6399871
instance_6241.graph,data/graph_coloring_graphs/instance_6241.graph,18,3,True,-1.3663063,0.412091
instance_6242.graph,data/graph_coloring_graphs/instance_6242.graph,10,9,True,0.8842945,0.084009826
instance_6243.graph,data/graph_coloring_graphs/instance_6243.graph,10,15,True,0.9477501,-1.3269578
instance_6244.graph,data/graph_coloring_graphs/instance_6244.graph,16,15,True,1.098011,-1.001574
instance_6245.graph,data/graph_coloring_graphs/instance_6245.graph,14,15,True,1.1153517,-1.2523938
instance_6246.graph,data/graph_coloring_graphs/instance_6246.graph,20,9,True,0.91003895,0.5905436
instance_6247.graph,data/graph_coloring_graphs/instance_6247.graph,18,7,False,-2.0507011,1.3299439
instance_6248.graph,data/graph_coloring_graphs/instance_6248.graph,18,11,True,1.136982,-0.07792791
instance_6249.graph,data/graph_coloring_graphs/instance_6249.graph,14,15,True,1.0893459,-1.0831609
instance_625.graph,data/graph_coloring_graphs/instance_625.graph,16,11,True,1.1331444,-0.057494015
instance_6250.graph,data/graph_coloring_graphs/instance_6250.graph,16,9,True,0.6670151,0.8063582
instance_6251.graph,data/graph_coloring_graphs/instance_6251.graph,18,15,True,1.1582289,-1.1840274
instance_6252.graph,data/graph_coloring_graphs/instance_6252.graph,16,11,True,1.1036034,0.032154627
instance_6253.graph,data/graph_coloring_graphs/instance_6253.graph,16,5,False,-2.3567524,1.0922201
instance_6254.graph,data/graph_coloring_graphs/instance_6254.graph,18,9,True,0.5227375,0.9908924
instance_6255.graph,data/graph_coloring_graphs/instance_6255.graph,10,5,True,1.2732658,-0.54194415
instance_6256.graph,data/graph_coloring_graphs/instance_6256.graph,12,5,False,-2.8767967,1.171963
instance_6257.graph,data/graph_coloring_graphs/instance_6257.graph,12,9,True,0.9992752,0.35516676
instance_6258.graph,data/graph_coloring_graphs/instance_6258.graph,10,11,True,0.97024155,-0.94212115
instance_6259.graph,data/graph_coloring_graphs/instance_6259.graph,10,9,True,1.0066442,0.30893728
instance_626.graph,data/graph_coloring_graphs/instance_626.graph,14,5,True,1.931427,-0.23283608
instance_6260.graph,data/graph_coloring_graphs/instance_6260.graph,14,13,True,1.2132225,-1.5643628
instance_6261.graph,data/graph_coloring_graphs/instance_6261.graph,20,9,True,0.47670746,1.0481734
instance_6262.graph,data/graph_coloring_graphs/instance_6262.graph,10,15,True,1.0450306,-1.4070697
instance_6263.graph,data/graph_coloring_graphs/instance_6263.graph,14,11,True,1.0833244,-0.08189825
instance_6264.graph,data/graph_coloring_graphs/instance_6264.graph,18,7,False,-1.71418,1.2772179
instance_6265.graph,data/graph_coloring_graphs/instance_6265.graph,14,13,True,1.2142105,-1.3669066
instance_6266.graph,data/graph_coloring_graphs/instance_6266.graph,10,7,True,0.09369373,0.72699285
instance_6267.graph,data/graph_coloring_graphs/instance_6267.graph,12,3,False,-2.1244278,0.5001211
instance_6268.graph,data/graph_coloring_graphs/instance_6268.graph,18,5,True,2.561592,0.0027015656
instance_6269.graph,data/graph_coloring_graphs/instance_6269.graph,16,13,True,1.1404228,-1.2866914
instance_627.graph,data/graph_coloring_graphs/instance_627.graph,14,5,True,0.42365265,-0.3930553
instance_6270.graph,data/graph_coloring_graphs/instance_6270.graph,18,9,True,0.7546654,0.7296021
instance_6271.graph,data/graph_coloring_graphs/instance_6271.graph,18,3,False,-5.5729523,1.8364875
instance_6272.graph,data/graph_coloring_graphs/instance_6272.graph,14,11,True,1.1679344,-0.88410306
instance_6273.graph,data/graph_coloring_graphs/instance_6273.graph,14,15,True,1.1744423,-1.3257053
instance_6274.graph,data/graph_coloring_graphs/instance_6274.graph,12,9,True,0.9568291,0.22738716
instance_6275.graph,data/graph_coloring_graphs/instance_6275.graph,20,5,True,-2.3226352,1.0308843
instance_6276.graph,data/graph_coloring_graphs/instance_6276.graph,20,15,True,1.3385887,-1.3328328
instance_6277.graph,data/graph_coloring_graphs/instance_6277.graph,10,7,True,-0.62405825,0.73050904
instance_6278.graph,data/graph_coloring_graphs/instance_6278.graph,18,3,False,-5.2966156,1.7382389
instance_6279.graph,data/graph_coloring_graphs/instance_6279.graph,16,13,True,1.1276608,-0.7437968
instance_628.graph,data/graph_coloring_graphs/instance_628.graph,16,11,True,1.175293,-0.82507026
instance_6280.graph,data/graph_coloring_graphs/instance_6280.graph,14,7,True,0.91007996,-0.2434068
instance_6281.graph,data/graph_coloring_graphs/instance_6281.graph,10,9,True,1.0972328,-0.19408916
instance_6282.graph,data/graph_coloring_graphs/instance_6282.graph,12,3,True,-1.6176605,0.5728613
instance_6283.graph,data/graph_coloring_graphs/instance_6283.graph,18,9,True,1.1934586,0.32600707
instance_6284.graph,data/graph_coloring_graphs/instance_6284.graph,10,5,True,0.794405,0.48056903
instance_6285.graph,data/graph_coloring_graphs/instance_6285.graph,14,13,True,1.0783691,-0.6987864
instance_6286.graph,data/graph_coloring_graphs/instance_6286.graph,20,7,True,0.9491062,0.16895954
instance_6287.graph,data/graph_coloring_graphs/instance_6287.graph,10,13,True,1.1666794,-1.4975605
instance_6288.graph,data/graph_coloring_graphs/instance_6288.graph,18,3,False,-3.8758163,1.2289665
instance_6289.graph,data/graph_coloring_graphs/instance_6289.graph,20,5,True,-2.14545,1.0624869
instance_629.graph,data/graph_coloring_graphs/instance_629.graph,10,9,True,0.97538185,0.3416722
instance_6290.graph,data/graph_coloring_graphs/instance_6290.graph,12,5,True,-0.24333954,0.6498332
instance_6291.graph,data/graph_coloring_graphs/instance_6291.graph,14,3,False,-3.1093044,0.97962904
instance_6292.graph,data/graph_coloring_graphs/instance_6292.graph,16,3,False,-3.0282154,0.9785222
instance_6293.graph,data/graph_coloring_graphs/instance_6293.graph,10,7,True,1.3199921,0.011960015
instance_6294.graph,data/graph_coloring_graphs/instance_6294.graph,10,7,True,0.16365242,0.36840582
instance_6295.graph,data/graph_coloring_graphs/instance_6295.graph,16,7,False,-1.4984169,1.1795449
instance_6296.graph,data/graph_coloring_graphs/instance_6296.graph,20,3,False,-4.8219433,1.538831
instance_6297.graph,data/graph_coloring_graphs/instance_6297.graph,18,15,True,1.1237755,-1.0506741
instance_6298.graph,data/graph_coloring_graphs/instance_6298.graph,20,3,False,-5.667221,1.9224349
instance_6299.graph,data/graph_coloring_graphs/instance_6299.graph,18,11,True,1.1265259,0.11607486
instance_63.graph,data/graph_coloring_graphs/instance_63.graph,16,7,True,-1.4454517,1.2006893
instance_630.graph,data/graph_coloring_graphs/instance_630.graph,16,11,True,1.1764488,-0.42205343
instance_6300.graph,data/graph_coloring_graphs/instance_6300.graph,20,3,False,-4.2738657,1.2052679
instance_6301.graph,data/graph_coloring_graphs/instance_6301.graph,12,11,True,1.084219,-0.48616663
instance_6302.graph,data/graph_coloring_graphs/instance_6302.graph,12,5,True,0.26589775,0.39327124
instance_6303.graph,data/graph_coloring_graphs/instance_6303.graph,16,5,False,-4.069853,1.4145248
instance_6304.graph,data/graph_coloring_graphs/instance_6304.graph,20,7,True,1.534132,0.16005006
instance_6305.graph,data/graph_coloring_graphs/instance_6305.graph,18,9,True,0.9753618,0.562992
instance_6306.graph,data/graph_coloring_graphs/instance_6306.graph,10,5,False,-1.9280233,0.89696646
instance_6307.graph,data/graph_coloring_graphs/instance_6307.graph,10,3,False,-2.3255148,0.73588824
instance_6308.graph,data/graph_coloring_graphs/instance_6308.graph,10,15,True,0.9588947,-1.3289692
instance_6309.graph,data/graph_coloring_graphs/instance_6309.graph,14,7,True,-0.86808586,1.043915
instance_631.graph,data/graph_coloring_graphs/instance_631.graph,14,15,True,1.0918694,-1.1208841
instance_6310.graph,data/graph_coloring_graphs/instance_6310.graph,10,5,True,-0.60467815,0.5542357
instance_6311.graph,data/graph_coloring_graphs/instance_6311.graph,16,13,True,1.1540117,-0.91492784
instance_6312.graph,data/graph_coloring_graphs/instance_6312.graph,12,11,True,1.1619301,-1.1199205
instance_6313.graph,data/graph_coloring_graphs/instance_6313.graph,16,9,True,1.0387974,0.3061555
instance_6314.graph,data/graph_coloring_graphs/instance_6314.graph,16,11,True,1.2541332,-0.8418261
instance_6315.graph,data/graph_coloring_graphs/instance_6315.graph,16,7,False,-1.9595718,1.2911103
instance_6316.graph,data/graph_coloring_graphs/instance_6316.graph,10,11,True,0.99674606,-0.26975113
instance_6317.graph,data/graph_coloring_graphs/instance_6317.graph,10,3,False,-3.8338919,1.0722678
instance_6318.graph,data/graph_coloring_graphs/instance_6318.graph,10,15,True,0.99082565,-1.1491313
instance_6319.graph,data/graph_coloring_graphs/instance_6319.graph,16,3,False,-4.579938,1.4504945
instance_632.graph,data/graph_coloring_graphs/instance_632.graph,14,11,True,1.1151495,-0.412923
instance_6320.graph,data/graph_coloring_graphs/instance_6320.graph,10,11,True,1.001812,-1.2825304
instance_6321.graph,data/graph_coloring_graphs/instance_6321.graph,20,13,True,1.3097477,-1.1929209
instance_6322.graph,data/graph_coloring_graphs/instance_6322.graph,16,15,True,1.1169262,-1.0863076
instance_6323.graph,data/graph_coloring_graphs/instance_6323.graph,14,5,True,-1.2259331,0.75770104
instance_6324.graph,data/graph_coloring_graphs/instance_6324.graph,18,5,False,-2.6169367,1.1840563
instance_6325.graph,data/graph_coloring_graphs/instance_6325.graph,12,7,True,0.12848473,0.77065074
instance_6326.graph,data/graph_coloring_graphs/instance_6326.graph,16,15,True,1.1419735,-1.1812928
instance_6327.graph,data/graph_coloring_graphs/instance_6327.graph,20,13,True,1.2968063,-1.1309917
instance_6328.graph,data/graph_coloring_graphs/instance_6328.graph,14,11,True,1.1197853,-0.24075118
instance_6329.graph,data/graph_coloring_graphs/instance_6329.graph,18,15,True,1.2995415,-1.4036078
instance_633.graph,data/graph_coloring_graphs/instance_633.graph,10,15,True,0.97233963,-1.1689744
instance_6330.graph,data/graph_coloring_graphs/instance_6330.graph,10,15,True,0.9511547,-1.2691057
instance_6331.graph,data/graph_coloring_graphs/instance_6331.graph,10,3,False,-4.3882866,1.3437631
instance_6332.graph,data/graph_coloring_graphs/instance_6332.graph,12,9,True,1.2368965,-0.09192123
instance_6333.graph,data/graph_coloring_graphs/instance_6333.graph,16,7,True,-0.099749565,0.67690206
instance_6334.graph,data/graph_coloring_graphs/instance_6334.graph,14,7,True,2.2237473,-0.12661423
instance_6335.graph,data/graph_coloring_graphs/instance_6335.graph,16,11,True,1.1771278,-0.92872643
instance_6336.graph,data/graph_coloring_graphs/instance_6336.graph,18,3,False,-5.586624,1.8437792
instance_6337.graph,data/graph_coloring_graphs/instance_6337.graph,14,11,True,1.173481,-0.9745054
instance_6338.graph,data/graph_coloring_graphs/instance_6338.graph,16,3,False,-5.4549484,1.7757486
instance_6339.graph,data/graph_coloring_graphs/instance_6339.graph,14,3,False,-3.717537,0.9612012
instance_634.graph,data/graph_coloring_graphs/instance_634.graph,12,13,True,1.0578957,-1.1039481
instance_6340.graph,data/graph_coloring_graphs/instance_6340.graph,14,7,True,-0.16078854,0.8226236
instance_6341.graph,data/graph_coloring_graphs/instance_6341.graph,18,5,True,0.96427155,0.1253953
instance_6342.graph,data/graph_coloring_graphs/instance_6342.graph,16,3,False,-3.4845247,1.0916288
instance_6343.graph,data/graph_coloring_graphs/instance_6343.graph,16,7,False,-1.6877155,1.2253397
instance_6344.graph,data/graph_coloring_graphs/instance_6344.graph,12,13,True,1.1445999,-1.2560146
instance_6345.graph,data/graph_coloring_graphs/instance_6345.graph,16,5,False,-3.6486225,1.3436828
instance_6346.graph,data/graph_coloring_graphs/instance_6346.graph,12,5,True,4.3096466,-0.8493172
instance_6347.graph,data/graph_coloring_graphs/instance_6347.graph,20,11,True,1.3223209,-0.7276362
instance_6348.graph,data/graph_coloring_graphs/instance_6348.graph,10,9,True,1.1276093,-0.84780574
instance_6349.graph,data/graph_coloring_graphs/instance_6349.graph,12,13,True,1.1089277,-1.0619775
instance_635.graph,data/graph_coloring_graphs/instance_635.graph,14,15,True,1.0922451,-1.1261723
instance_6350.graph,data/graph_coloring_graphs/instance_6350.graph,16,9,True,0.53448296,0.9287121
instance_6351.graph,data/graph_coloring_graphs/instance_6351.graph,10,13,True,1.0364437,-0.8190954
instance_6352.graph,data/graph_coloring_graphs/instance_6352.graph,16,5,True,-0.1838255,0.6170311
instance_6353.graph,data/graph_coloring_graphs/instance_6353.graph,20,15,True,1.130455,-0.9677795
instance_6354.graph,data/graph_coloring_graphs/instance_6354.graph,12,9,True,1.167593,0.09317428
instance_6355.graph,data/graph_coloring_graphs/instance_6355.graph,14,3,False,-4.98954,1.6019658
instance_6356.graph,data/graph_coloring_graphs/instance_6356.graph,16,9,True,1.378624,0.14943585
instance_6357.graph,data/graph_coloring_graphs/instance_6357.graph,10,5,True,-1.6653566,0.76311326
instance_6358.graph,data/graph_coloring_graphs/instance_6358.graph,14,5,True,-0.09708977,0.5455359
instance_6359.graph,data/graph_coloring_graphs/instance_6359.graph,20,3,False,-5.71035,1.9446365
instance_636.graph,data/graph_coloring_graphs/instance_636.graph,12,5,True,1.8316956,-0.030556807
instance_6360.graph,data/graph_coloring_graphs/instance_6360.graph,12,7,True,0.9468727,-0.121355094
instance_6361.graph,data/graph_coloring_graphs/instance_6361.graph,12,3,False,-4.479991,1.266245
instance_6362.graph,data/graph_coloring_graphs/instance_6362.graph,12,11,True,1.0456676,-0.9979032
instance_6363.graph,data/graph_coloring_graphs/instance_6363.graph,12,9,True,0.7208433,0.63941
instance_6364.graph,data/graph_coloring_graphs/instance_6364.graph,12,15,True,1.0828705,-1.3420385
instance_6365.graph,data/graph_coloring_graphs/instance_6365.graph,20,3,False,-1.5010529,0.52073526
instance_6366.graph,data/graph_coloring_graphs/instance_6366.graph,20,13,True,1.125042,-0.5487071
instance_6367.graph,data/graph_coloring_graphs/instance_6367.graph,16,9,True,1.3653107,-0.10883284
instance_6368.graph,data/graph_coloring_graphs/instance_6368.graph,20,11,True,1.1408501,0.03494548
instance_6369.graph,data/graph_coloring_graphs/instance_6369.graph,10,3,True,2.3736649,-0.42948928
instance_637.graph,data/graph_coloring_graphs/instance_637.graph,16,7,True,-0.17900467,0.69827807
instance_6370.graph,data/graph_coloring_graphs/instance_6370.graph,12,11,True,1.0577469,-0.12438501
instance_6371.graph,data/graph_coloring_graphs/instance_6371.graph,14,9,True,0.9363022,0.22349176
instance_6372.graph,data/graph_coloring_graphs/instance_6372.graph,18,5,True,0.13922119,0.46613207
instance_6373.graph,data/graph_coloring_graphs/instance_6373.graph,18,3,False,-5.279045,1.7292643
instance_6374.graph,data/graph_coloring_graphs/instance_6374.graph,18,15,True,1.1467094,-1.0545895
instance_6375.graph,data/graph_coloring_graphs/instance_6375.graph,18,7,True,-1.402298,1.1758069
instance_6376.graph,data/graph_coloring_graphs/instance_6376.graph,20,15,True,1.151474,-1.0220281
instance_6377.graph,data/graph_coloring_graphs/instance_6377.graph,16,5,False,-3.6850567,1.3213634
instance_6378.graph,data/graph_coloring_graphs/instance_6378.graph,16,11,True,1.1194077,-0.11103209
instance_6379.graph,data/graph_coloring_graphs/instance_6379.graph,10,7,True,0.3903618,0.12050463
instance_638.graph,data/graph_coloring_graphs/instance_638.graph,20,9,True,0.99773026,0.57460785
instance_6380.graph,data/graph_coloring_graphs/instance_6380.graph,12,7,True,0.28206396,0.5801821
instance_6381.graph,data/graph_coloring_graphs/instance_6381.graph,18,3,False,-3.9793158,1.2084733
instance_6382.graph,data/graph_coloring_graphs/instance_6382.graph,20,9,True,0.6330185,0.86977816
instance_6383.graph,data/graph_coloring_graphs/instance_6383.graph,14,9,True,1.3353577,-0.7234217
instance_6384.graph,data/graph_coloring_graphs/instance_6384.graph,10,9,True,0.88901234,0.4320982
instance_6385.graph,data/graph_coloring_graphs/instance_6385.graph,14,5,True,3.5565186,-0.5912169
instance_6386.graph,data/graph_coloring_graphs/instance_6386.graph,12,9,True,0.74862576,0.668869
instance_6387.graph,data/graph_coloring_graphs/instance_6387.graph,14,11,True,1.1401348,-0.36556304
instance_6388.graph,data/graph_coloring_graphs/instance_6388.graph,16,3,False,-4.932596,1.5613421
instance_6389.graph,data/graph_coloring_graphs/instance_6389.graph,16,7,True,0.28072357,0.69718945
instance_639.graph,data/graph_coloring_graphs/instance_639.graph,20,13,True,1.1246758,-0.544446
instance_6390.graph,data/graph_coloring_graphs/instance_6390.graph,10,11,True,1.0075989,-0.3120605
instance_6391.graph,data/graph_coloring_graphs/instance_6391.graph,18,3,False,-5.6522675,1.8787986
instance_6392.graph,data/graph_coloring_graphs/instance_6392.graph,12,7,True,-1.3003235,1.0054524
instance_6393.graph,data/graph_coloring_graphs/instance_6393.graph,20,11,True,1.1524696,-0.011803582
instance_6394.graph,data/graph_coloring_graphs/instance_6394.graph,10,13,True,1.0287561,-0.9095713
instance_6395.graph,data/graph_coloring_graphs/instance_6395.graph,18,11,True,1.1330681,-0.03211434
instance_6396.graph,data/graph_coloring_graphs/instance_6396.graph,12,3,False,-2.3985472,0.7538538
instance_6397.graph,data/graph_coloring_graphs/instance_6397.graph,12,5,True,3.1671753,-0.59015334
instance_6398.graph,data/graph_coloring_graphs/instance_6398.graph,20,13,True,1.1497002,-0.731444
instance_6399.graph,data/graph_coloring_graphs/instance_6399.graph,18,3,False,-5.6001244,1.8509735
instance_64.graph,data/graph_coloring_graphs/instance_64.graph,16,13,True,1.2155418,-1.1342251
instance_640.graph,data/graph_coloring_graphs/instance_640.graph,10,5,False,-1.5210829,0.894264
instance_6400.graph,data/graph_coloring_graphs/instance_6400.graph,12,3,True,-0.595623,0.07143567
instance_6401.graph,data/graph_coloring_graphs/instance_6401.graph,12,7,True,0.41209984,0.1899761
instance_6402.graph,data/graph_coloring_graphs/instance_6402.graph,16,5,True,0.16648102,0.49296656
instance_6403.graph,data/graph_coloring_graphs/instance_6403.graph,12,9,True,0.85267353,0.43191078
instance_6404.graph,data/graph_coloring_graphs/instance_6404.graph,20,3,False,-2.0885315,0.6367084
instance_6405.graph,data/graph_coloring_graphs/instance_6405.graph,14,5,False,-2.492671,1.0905192
instance_6406.graph,data/graph_coloring_graphs/instance_6406.graph,20,3,False,-5.1831207,1.6732693
instance_6407.graph,data/graph_coloring_graphs/instance_6407.graph,20,3,False,-3.83115,1.1144513
instance_6408.graph,data/graph_coloring_graphs/instance_6408.graph,16,13,True,1.1016159,-0.6281146
instance_6409.graph,data/graph_coloring_graphs/instance_6409.graph,12,13,True,1.0418854,-0.7417098
instance_641.graph,data/graph_coloring_graphs/instance_641.graph,16,11,True,1.317955,-0.99752605
instance_6410.graph,data/graph_coloring_graphs/instance_6410.graph,18,3,False,-4.973812,1.6265064
instance_6411.graph,data/graph_coloring_graphs/instance_6411.graph,16,13,True,1.1020012,-0.64839375
instance_6412.graph,data/graph_coloring_graphs/instance_6412.graph,20,13,True,1.1704197,-0.82465065
instance_6413.graph,data/graph_coloring_graphs/instance_6413.graph,14,9,True,1.5472031,-0.61535275
instance_6414.graph,data/graph_coloring_graphs/instance_6414.graph,16,13,True,1.1396675,-0.7372142
instance_6415.graph,data/graph_coloring_graphs/instance_6415.graph,16,7,True,0.67006683,0.5382724
instance_6416.graph,data/graph_coloring_graphs/instance_6416.graph,12,13,True,1.0241795,-0.9460392
instance_6417.graph,data/graph_coloring_graphs/instance_6417.graph,18,11,True,1.1791153,-0.32547313
instance_6418.graph,data/graph_coloring_graphs/instance_6418.graph,14,5,False,-1.9885015,1.0019155
instance_6419.graph,data/graph_coloring_graphs/instance_6419.graph,20,3,False,-2.1538754,0.5810808
instance_642.graph,data/graph_coloring_graphs/instance_642.graph,20,15,True,1.1353531,-1.0070664
instance_6420.graph,data/graph_coloring_graphs/instance_6420.graph,14,3,True,-0.646183,0.025822543
instance_6421.graph,data/graph_coloring_graphs/instance_6421.graph,14,13,True,1.1075139,-0.9559109
instance_6422.graph,data/graph_coloring_graphs/instance_6422.graph,16,5,True,-2.1568375,1.0193146
instance_6423.graph,data/graph_coloring_graphs/instance_6423.graph,16,9,True,0.682765,0.6716465
instance_6424.graph,data/graph_coloring_graphs/instance_6424.graph,18,3,False,-4.234421,1.2632599
instance_6425.graph,data/graph_coloring_graphs/instance_6425.graph,20,5,False,-3.8074837,1.3703479
instance_6426.graph,data/graph_coloring_graphs/instance_6426.graph,20,13,True,1.1463165,-0.6170925
instance_6427.graph,data/graph_coloring_graphs/instance_6427.graph,12,3,False,-4.4888344,1.3680232
instance_6428.graph,data/graph_coloring_graphs/instance_6428.graph,18,3,True,-1.4496803,0.38260803
instance_6429.graph,data/graph_coloring_graphs/instance_6429.graph,10,11,True,0.9825077,-0.28841478
instance_643.graph,data/graph_coloring_graphs/instance_643.graph,18,15,True,1.1154709,-0.9744774
instance_6430.graph,data/graph_coloring_graphs/instance_6430.graph,14,3,True,0.03622055,0.23239347
instance_6431.graph,data/graph_coloring_graphs/instance_6431.graph,18,9,True,0.47157097,1.0355165
instance_6432.graph,data/graph_coloring_graphs/instance_6432.graph,16,7,False,-1.5760918,1.1983366
instance_6433.graph,data/graph_coloring_graphs/instance_6433.graph,12,3,True,0.7100296,-0.049255423
instance_6434.graph,data/graph_coloring_graphs/instance_6434.graph,16,13,True,1.191741,-0.9443438
instance_6435.graph,data/graph_coloring_graphs/instance_6435.graph,20,9,True,0.3964119,1.0814002
instance_6436.graph,data/graph_coloring_graphs/instance_6436.graph,16,11,True,1.1030464,0.043393493
instance_6437.graph,data/graph_coloring_graphs/instance_6437.graph,20,7,True,-1.1208916,1.1519765
instance_6438.graph,data/graph_coloring_graphs/instance_6438.graph,20,9,True,0.7660742,0.691838
instance_6439.graph,data/graph_coloring_graphs/instance_6439.graph,20,5,True,-2.6072502,1.0819745
instance_644.graph,data/graph_coloring_graphs/instance_644.graph,16,9,True,0.77219677,0.70924246
instance_6440.graph,data/graph_coloring_graphs/instance_6440.graph,10,13,True,1.0083132,-0.88866687
instance_6441.graph,data/graph_coloring_graphs/instance_6441.graph,10,9,True,1.2641373,-0.22857518
instance_6442.graph,data/graph_coloring_graphs/instance_6442.graph,20,5,True,-2.0733523,1.0501087
instance_6443.graph,data/graph_coloring_graphs/instance_6443.graph,14,9,True,1.125598,0.319806
instance_6444.graph,data/graph_coloring_graphs/instance_6444.graph,20,5,False,-3.5103264,1.3423202
instance_6445.graph,data/graph_coloring_graphs/instance_6445.graph,18,3,False,-4.956682,1.5642692
instance_6446.graph,data/graph_coloring_graphs/instance_6446.graph,14,11,True,1.2150784,-0.8568096
instance_6447.graph,data/graph_coloring_graphs/instance_6447.graph,20,7,False,-2.2627869,1.3701854
instance_6448.graph,data/graph_coloring_graphs/instance_6448.graph,16,9,True,1.1082878,0.23481122
instance_6449.graph,data/graph_coloring_graphs/instance_6449.graph,16,15,True,1.1125107,-1.0073845
instance_645.graph,data/graph_coloring_graphs/instance_645.graph,12,9,True,1.2368851,-0.091921225
instance_6450.graph,data/graph_coloring_graphs/instance_6450.graph,10,7,True,0.34003162,0.66467106
instance_6451.graph,data/graph_coloring_graphs/instance_6451.graph,20,11,True,1.1534348,0.03611982
instance_6452.graph,data/graph_coloring_graphs/instance_6452.graph,10,11,True,0.97523975,-0.37337923
instance_6453.graph,data/graph_coloring_graphs/instance_6453.graph,12,9,True,0.8239136,0.37891093
instance_6454.graph,data/graph_coloring_graphs/instance_6454.graph,20,3,False,-5.796047,1.954004
instance_6455.graph,data/graph_coloring_graphs/instance_6455.graph,10,3,False,-3.4543247,1.0271956
instance_6456.graph,data/graph_coloring_graphs/instance_6456.graph,10,13,True,1.0024958,-0.9392228
instance_6457.graph,data/graph_coloring_graphs/instance_6457.graph,18,3,False,-5.5163345,1.806286
instance_6458.graph,data/graph_coloring_graphs/instance_6458.graph,16,3,False,-3.6315622,0.9901209
instance_6459.graph,data/graph_coloring_graphs/instance_6459.graph,16,11,True,1.126626,-0.4236026
instance_646.graph,data/graph_coloring_graphs/instance_646.graph,18,13,True,1.1401138,-0.6763499
instance_6460.graph,data/graph_coloring_graphs/instance_6460.graph,10,3,False,-3.9135065,1.1112595
instance_6461.graph,data/graph_coloring_graphs/instance_6461.graph,10,13,True,0.9977093,-0.8159871
instance_6462.graph,data/graph_coloring_graphs/instance_6462.graph,10,15,True,0.98771477,-1.1666155
instance_6463.graph,data/graph_coloring_graphs/instance_6463.graph,16,13,True,1.1019287,-0.6441997
instance_6464.graph,data/graph_coloring_graphs/instance_6464.graph,20,9,True,0.45552444,1.0662493
instance_6465.graph,data/graph_coloring_graphs/instance_6465.graph,18,7,True,-1.1760025,1.122021
instance_6466.graph,data/graph_coloring_graphs/instance_6466.graph,18,13,True,1.1833782,-0.851879
instance_6467.graph,data/graph_coloring_graphs/instance_6467.graph,20,3,False,-5.7559395,1.9325764
instance_6468.graph,data/graph_coloring_graphs/instance_6468.graph,12,3,False,-3.7503214,1.2173226
instance_6469.graph,data/graph_coloring_graphs/instance_6469.graph,20,13,True,1.2120228,-0.85536206
instance_647.graph,data/graph_coloring_graphs/instance_647.graph,20,13,True,1.1338425,-0.65554273
instance_6470.graph,data/graph_coloring_graphs/instance_6470.graph,20,9,True,0.42865753,1.0715752
instance_6471.graph,data/graph_coloring_graphs/instance_6471.graph,18,15,True,1.2593269,-1.287748
instance_6472.graph,data/graph_coloring_graphs/instance_6472.graph,16,9,True,0.7149029,0.72537017
instance_6473.graph,data/graph_coloring_graphs/instance_6473.graph,16,15,True,1.1520805,-1.173741
instance_6474.graph,data/graph_coloring_graphs/instance_6474.graph,18,7,True,-1.099081,1.1349058
instance_6475.graph,data/graph_coloring_graphs/instance_6475.graph,16,3,False,-5.506336,1.8529572
instance_6476.graph,data/graph_coloring_graphs/instance_6476.graph,16,11,True,1.2622833,-0.91050124
instance_6477.graph,data/graph_coloring_graphs/instance_6477.graph,20,9,False,0.43526077,1.0835412
instance_6478.graph,data/graph_coloring_graphs/instance_6478.graph,16,3,False,-5.041086,1.5554346
instance_6479.graph,data/graph_coloring_graphs/instance_6479.graph,10,5,True,1.542305,0.24777707
instance_648.graph,data/graph_coloring_graphs/instance_648.graph,20,11,True,1.1878471,-0.32295406
instance_6480.graph,data/graph_coloring_graphs/instance_6480.graph,10,3,False,-2.0922337,0.5796375
instance_6481.graph,data/graph_coloring_graphs/instance_6481.graph,12,11,True,1.042942,-0.30906165
instance_6482.graph,data/graph_coloring_graphs/instance_6482.graph,14,5,True,0.5771179,-0.24589097
instance_6483.graph,data/graph_coloring_graphs/instance_6483.graph,20,15,True,1.1456146,-1.0233474
instance_6484.graph,data/graph_coloring_graphs/instance_6484.graph,18,3,False,-3.680501,1.2102884
instance_6485.graph,data/graph_coloring_graphs/instance_6485.graph,14,13,True,1.0782127,-0.7047229
instance_6486.graph,data/graph_coloring_graphs/instance_6486.graph,10,15,True,0.8905029,-1.4717151
instance_6487.graph,data/graph_coloring_graphs/instance_6487.graph,18,3,False,-4.1890507,1.3708407
instance_6488.graph,data/graph_coloring_graphs/instance_6488.graph,18,11,True,1.1741638,-0.27846155
instance_6489.graph,data/graph_coloring_graphs/instance_6489.graph,14,13,True,1.169527,-0.9861492
instance_649.graph,data/graph_coloring_graphs/instance_649.graph,14,7,True,1.8215542,0.33173642
instance_6490.graph,data/graph_coloring_graphs/instance_6490.graph,16,13,True,1.12047,-0.8707565
instance_6491.graph,data/graph_coloring_graphs/instance_6491.graph,10,15,True,0.98932076,-1.1576952
instance_6492.graph,data/graph_coloring_graphs/instance_6492.graph,10,3,True,-1.370903,0.34153056
instance_6493.graph,data/graph_coloring_graphs/instance_6493.graph,16,13,True,1.1576133,-0.9595938
instance_6494.graph,data/graph_coloring_graphs/instance_6494.graph,12,9,True,0.92412186,0.4318793
instance_6495.graph,data/graph_coloring_graphs/instance_6495.graph,18,5,False,-2.505495,0.9941344
instance_6496.graph,data/graph_coloring_graphs/instance_6496.graph,18,13,True,1.1236153,-0.5828711
instance_6497.graph,data/graph_coloring_graphs/instance_6497.graph,16,3,True,-0.28697968,0.20717075
instance_6498.graph,data/graph_coloring_graphs/instance_6498.graph,16,13,True,1.1262436,-0.719911
instance_6499.graph,data/graph_coloring_graphs/instance_6499.graph,14,5,False,-3.1828117,1.2118084
instance_65.graph,data/graph_coloring_graphs/instance_65.graph,16,7,True,-0.8677063,1.0269582
instance_650.graph,data/graph_coloring_graphs/instance_650.graph,14,9,True,1.2593422,0.12206638
instance_6500.graph,data/graph_coloring_graphs/instance_6500.graph,14,15,True,1.2670517,-1.5604868
instance_6501.graph,data/graph_coloring_graphs/instance_6501.graph,20,5,False,-3.6740284,1.3479064
instance_6502.graph,data/graph_coloring_graphs/instance_6502.graph,12,9,True,1.0179157,0.15775079
instance_6503.graph,data/graph_coloring_graphs/instance_6503.graph,18,3,False,-5.045494,1.6097128
instance_6504.graph,data/graph_coloring_graphs/instance_6504.graph,18,9,True,1.1677399,0.30455372
instance_6505.graph,data/graph_coloring_graphs/instance_6505.graph,12,11,True,1.0684052,-0.121705085
instance_6506.graph,data/graph_coloring_graphs/instance_6506.graph,16,5,True,3.0974693,-0.19751596
instance_6507.graph,data/graph_coloring_graphs/instance_6507.graph,20,15,True,1.1196022,-0.96354866
instance_6508.graph,data/graph_coloring_graphs/instance_6508.graph,12,9,True,0.9483099,0.4071901
instance_6509.graph,data/graph_coloring_graphs/instance_6509.graph,12,9,True,1.0829105,0.26977018
instance_651.graph,data/graph_coloring_graphs/instance_651.graph,10,13,True,1.0074329,-1.1608927
instance_6510.graph,data/graph_coloring_graphs/instance_6510.graph,16,11,True,1.1832433,-0.49402782
instance_6511.graph,data/graph_coloring_graphs/instance_6511.graph,12,3,False,-4.5280104,1.2916496
instance_6512.graph,data/graph_coloring_graphs/instance_6512.graph,16,7,True,-0.7339554,1.0338583
instance_6513.graph,data/graph_coloring_graphs/instance_6513.graph,18,15,True,1.1154594,-0.9744775
instance_6514.graph,data/graph_coloring_graphs/instance_6514.graph,10,7,True,0.67379,-0.5013952
instance_6515.graph,data/graph_coloring_graphs/instance_6515.graph,12,9,True,0.8145313,0.5437511
instance_6516.graph,data/graph_coloring_graphs/instance_6516.graph,20,7,True,0.4063263,0.7284994
instance_6517.graph,data/graph_coloring_graphs/instance_6517.graph,16,11,True,1.2576141,-1.0499089
instance_6518.graph,data/graph_coloring_graphs/instance_6518.graph,12,9,True,0.71568394,0.7009486
instance_6519.graph,data/graph_coloring_graphs/instance_6519.graph,16,3,False,-3.3139668,0.92829096
instance_652.graph,data/graph_coloring_graphs/instance_652.graph,12,15,True,1.0529366,-1.089039
instance_6520.graph,data/graph_coloring_graphs/instance_6520.graph,14,15,True,1.0781097,-1.0436478
instance_6521.graph,data/graph_coloring_graphs/instance_6521.graph,16,13,True,1.1358881,-0.8821944
instance_6522.graph,data/graph_coloring_graphs/instance_6522.graph,18,11,True,1.364048,-1.0443605
instance_6523.graph,data/graph_coloring_graphs/instance_6523.graph,18,13,True,1.1630154,-0.79309833
instance_6524.graph,data/graph_coloring_graphs/instance_6524.graph,18,9,True,0.7187958,0.792554
instance_6525.graph,data/graph_coloring_graphs/instance_6525.graph,14,7,False,-1.1369686,1.1080787
instance_6526.graph,data/graph_coloring_graphs/instance_6526.graph,10,3,False,-3.6638002,0.98896885
instance_6527.graph,data/graph_coloring_graphs/instance_6527.graph,18,3,False,-3.9576073,1.1272697
instance_6528.graph,data/graph_coloring_graphs/instance_6528.graph,18,11,True,1.2341816,-0.5824667
instance_6529.graph,data/graph_coloring_graphs/instance_6529.graph,20,11,True,1.212471,-0.2828789
instance_653.graph,data/graph_coloring_graphs/instance_653.graph,20,11,True,1.1208763,0.17949574
instance_6530.graph,data/graph_coloring_graphs/instance_6530.graph,12,15,True,1.0793514,-1.2195327
instance_6531.graph,data/graph_coloring_graphs/instance_6531.graph,14,11,True,1.1422501,-1.0539515
instance_6532.graph,data/graph_coloring_graphs/instance_6532.graph,18,13,True,1.1322517,-0.5898596
instance_6533.graph,data/graph_coloring_graphs/instance_6533.graph,20,15,True,1.1436462,-1.0399619
instance_6534.graph,data/graph_coloring_graphs/instance_6534.graph,20,15,True,1.117836,-0.95601916
instance_6535.graph,data/graph_coloring_graphs/instance_6535.graph,18,7,False,-1.9406891,1.3296127
instance_6536.graph,data/graph_coloring_graphs/instance_6536.graph,20,9,True,1.14536,0.44568416
instance_6537.graph,data/graph_coloring_graphs/instance_6537.graph,14,15,True,1.0915394,-1.1157337
instance_6538.graph,data/graph_coloring_graphs/instance_6538.graph,14,9,True,0.6136551,0.8125839
instance_6539.graph,data/graph_coloring_graphs/instance_6539.graph,16,13,True,1.120471,-0.8707564
instance_654.graph,data/graph_coloring_graphs/instance_654.graph,20,13,True,1.1377182,-0.5429479
instance_6540.graph,data/graph_coloring_graphs/instance_6540.graph,14,13,True,1.0902672,-0.7161896
instance_6541.graph,data/graph_coloring_graphs/instance_6541.graph,16,7,False,-1.5942745,1.2355883
instance_6542.graph,data/graph_coloring_graphs/instance_6542.graph,12,7,True,-0.75391865,0.7783164
instance_6543.graph,data/graph_coloring_graphs/instance_6543.graph,20,15,True,1.1267471,-0.99436235
instance_6544.graph,data/graph_coloring_graphs/instance_6544.graph,12,7,True,-0.846138,1.0088706
instance_6545.graph,data/graph_coloring_graphs/instance_6545.graph,10,15,True,0.9697819,-1.2674863
instance_6546.graph,data/graph_coloring_graphs/instance_6546.graph,14,13,True,1.2429962,-1.4166481
instance_6547.graph,data/graph_coloring_graphs/instance_6547.graph,20,9,True,0.6097832,0.89056015
instance_6548.graph,data/graph_coloring_graphs/instance_6548.graph,10,9,True,0.8862047,0.22520229
instance_6549.graph,data/graph_coloring_graphs/instance_6549.graph,20,11,True,1.123436,0.15281431
instance_655.graph,data/graph_coloring_graphs/instance_655.graph,10,7,True,1.9813156,0.1295169
instance_6550.graph,data/graph_coloring_graphs/instance_6550.graph,20,7,False,-2.3929367,1.4231267
instance_6551.graph,data/graph_coloring_graphs/instance_6551.graph,14,11,True,1.2154961,-1.2831757
instance_6552.graph,data/graph_coloring_graphs/instance_6552.graph,20,5,False,-3.8411636,1.3536086
instance_6553.graph,data/graph_coloring_graphs/instance_6553.graph,18,13,True,1.1323891,-0.70442057
instance_6554.graph,data/graph_coloring_graphs/instance_6554.graph,10,13,True,1.114708,-1.4507496
instance_6555.graph,data/graph_coloring_graphs/instance_6555.graph,18,15,True,1.11232,-0.98753023
instance_6556.graph,data/graph_coloring_graphs/instance_6556.graph,18,9,True,0.953187,0.46460506
instance_6557.graph,data/graph_coloring_graphs/instance_6557.graph,14,9,True,1.5038528,-0.29301104
instance_6558.graph,data/graph_coloring_graphs/instance_6558.graph,18,11,True,1.1467209,-0.09726529
instance_6559.graph,data/graph_coloring_graphs/instance_6559.graph,10,7,True,1.5628738,0.3553162
instance_656.graph,data/graph_coloring_graphs/instance_656.graph,20,11,True,1.1185684,0.20378187
instance_6560.graph,data/graph_coloring_graphs/instance_6560.graph,18,11,True,1.2755508,-0.77578056
instance_6561.graph,data/graph_coloring_graphs/instance_6561.graph,18,11,True,1.1379662,-0.0053034797
instance_6562.graph,data/graph_coloring_graphs/instance_6562.graph,18,3,False,-5.626545,1.8650723
instance_6563.graph,data/graph_coloring_graphs/instance_6563.graph,12,7,True,2.2996216,0.037948184
instance_6564.graph,data/graph_coloring_graphs/instance_6564.graph,10,13,True,1.0074387,-1.1608928
instance_6565.graph,data/graph_coloring_graphs/instance_6565.graph,20,9,True,0.9362297,0.566519
instance_6566.graph,data/graph_coloring_graphs/instance_6566.graph,14,3,True,-0.8070183,0.1335804
instance_6567.graph,data/graph_coloring_graphs/instance_6567.graph,12,5,False,-1.1065736,0.80545306
instance_6568.graph,data/graph_coloring_graphs/instance_6568.graph,10,5,True,-0.36032486,0.5061146
instance_6569.graph,data/graph_coloring_graphs/instance_6569.graph,18,15,True,1.1185799,-0.98968244
instance_657.graph,data/graph_coloring_graphs/instance_657.graph,18,15,True,1.136034,-1.075611
instance_6570.graph,data/graph_coloring_graphs/instance_6570.graph,20,11,True,1.1413498,0.030313104
instance_6571.graph,data/graph_coloring_graphs/instance_6571.graph,10,11,True,0.966692,-0.6823716
instance_6572.graph,data/graph_coloring_graphs/instance_6572.graph,10,3,True,1.2152481,-0.8271632
instance_6573.graph,data/graph_coloring_graphs/instance_6573.graph,16,9,True,1.2206078,-0.12023624
instance_6574.graph,data/graph_coloring_graphs/instance_6574.graph,10,9,True,0.5606775,0.6160706
instance_6575.graph,data/graph_coloring_graphs/instance_6575.graph,16,11,True,1.1332302,-0.33782414
instance_6576.graph,data/graph_coloring_graphs/instance_6576.graph,20,15,True,1.1254311,-0.9676405
instance_6577.graph,data/graph_coloring_graphs/instance_6577.graph,10,7,True,1.0075722,0.39048424
instance_6578.graph,data/graph_coloring_graphs/instance_6578.graph,18,9,False,0.4776802,1.0301893
instance_6579.graph,data/graph_coloring_graphs/instance_6579.graph,12,11,True,1.0570946,-0.17408638
instance_658.graph,data/graph_coloring_graphs/instance_658.graph,12,3,False,-4.1225595,1.1856865
instance_6580.graph,data/graph_coloring_graphs/instance_6580.graph,10,11,True,0.97932434,-0.7886447
instance_6581.graph,data/graph_coloring_graphs/instance_6581.graph,10,15,True,0.9786682,-1.217442
instance_6582.graph,data/graph_coloring_graphs/instance_6582.graph,20,7,False,-2.2920723,1.3994865
instance_6583.graph,data/graph_coloring_graphs/instance_6583.graph,14,11,True,1.0862083,-0.2413227
instance_6584.graph,data/graph_coloring_graphs/instance_6584.graph,20,15,True,1.2799911,-1.3257489
instance_6585.graph,data/graph_coloring_graphs/instance_6585.graph,16,3,False,-5.2867775,1.6862152
instance_6586.graph,data/graph_coloring_graphs/instance_6586.graph,14,5,True,1.7960625,0.04639361
instance_6587.graph,data/graph_coloring_graphs/instance_6587.graph,18,11,True,1.1152878,0.10886654
instance_6588.graph,data/graph_coloring_graphs/instance_6588.graph,12,15,True,1.094841,-1.4923944
instance_6589.graph,data/graph_coloring_graphs/instance_6589.graph,18,15,True,1.1136475,-0.994722
instance_659.graph,data/graph_coloring_graphs/instance_659.graph,20,15,True,1.1442528,-1.0422785
instance_6590.graph,data/graph_coloring_graphs/instance_6590.graph,16,3,False,-4.3166656,1.4604213
instance_6591.graph,data/graph_coloring_graphs/instance_6591.graph,10,11,True,0.97933006,-0.7886447
instance_6592.graph,data/graph_coloring_graphs/instance_6592.graph,18,5,True,1.0760193,-0.20114931
instance_6593.graph,data/graph_coloring_graphs/instance_6593.graph,18,3,False,-5.3764153,1.7316653
instance_6594.graph,data/graph_coloring_graphs/instance_6594.graph,12,15,True,1.0533047,-1.0790521
instance_6595.graph,data/graph_coloring_graphs/instance_6595.graph,14,11,True,1.0981216,-0.28177428
instance_6596.graph,data/graph_coloring_graphs/instance_6596.graph,14,15,True,1.0788422,-1.0611968
instance_6597.graph,data/graph_coloring_graphs/instance_6597.graph,16,5,True,-1.6354771,0.7150451
instance_6598.graph,data/graph_coloring_graphs/instance_6598.graph,16,7,False,-1.2862148,1.1633527
instance_6599.graph,data/graph_coloring_graphs/instance_6599.graph,10,3,False,-2.6694765,0.8243973
instance_66.graph,data/graph_coloring_graphs/instance_66.graph,10,9,True,1.1464176,0.16259317
instance_660.graph,data/graph_coloring_graphs/instance_660.graph,10,7,True,0.24549627,0.59471965
instance_6600.graph,data/graph_coloring_graphs/instance_6600.graph,16,15,True,1.1133499,-1.0615795
instance_6601.graph,data/graph_coloring_graphs/instance_6601.graph,14,5,False,-2.0554142,0.96644735
instance_6602.graph,data/graph_coloring_graphs/instance_6602.graph,16,5,False,-2.587593,1.0556424
instance_6603.graph,data/graph_coloring_graphs/instance_6603.graph,10,9,True,0.7072954,0.54019487
instance_6604.graph,data/graph_coloring_graphs/instance_6604.graph,16,3,False,-4.932598,1.5613422
instance_6605.graph,data/graph_coloring_graphs/instance_6605.graph,10,7,True,1.7496967,0.30805382
instance_6606.graph,data/graph_coloring_graphs/instance_6606.graph,16,5,True,1.3064346,0.06388086
instance_6607.graph,data/graph_coloring_graphs/instance_6607.graph,18,3,False,-4.2828636,1.1483855
instance_6608.graph,data/graph_coloring_graphs/instance_6608.graph,12,11,True,1.0683498,-0.26091892
instance_6609.graph,data/graph_coloring_graphs/instance_6609.graph,10,9,True,0.8541174,0.26375854
instance_661.graph,data/graph_coloring_graphs/instance_661.graph,12,7,True,-0.89323235,0.96276283
instance_6610.graph,data/graph_coloring_graphs/instance_6610.graph,20,5,False,-3.657219,1.322027
instance_6611.graph,data/graph_coloring_graphs/instance_6611.graph,10,7,True,0.9538975,0.27908638
instance_6612.graph,data/graph_coloring_graphs/instance_6612.graph,10,13,True,1.0349636,-1.2492194
instance_6613.graph,data/graph_coloring_graphs/instance_6613.graph,12,11,True,1.0514841,-0.60195017
instance_6614.graph,data/graph_coloring_graphs/instance_6614.graph,16,9,True,0.56424904,0.9302343
instance_6615.graph,data/graph_coloring_graphs/instance_6615.graph,14,9,True,0.8547697,0.5804875
instance_6616.graph,data/graph_coloring_graphs/instance_6616.graph,16,11,True,1.1293106,-0.27328986
instance_6617.graph,data/graph_coloring_graphs/instance_6617.graph,18,7,False,-1.5911999,1.2487669
instance_6618.graph,data/graph_coloring_graphs/instance_6618.graph,18,9,True,0.5504837,0.966728
instance_6619.graph,data/graph_coloring_graphs/instance_6619.graph,20,13,True,1.142807,-0.6615207
instance_662.graph,data/graph_coloring_graphs/instance_662.graph,20,3,True,-2.5828896,0.5176499
instance_6620.graph,data/graph_coloring_graphs/instance_6620.graph,10,11,True,0.9857502,-0.25069696
instance_6621.graph,data/graph_coloring_graphs/instance_6621.graph,12,9,True,1.0504379,0.12066181
instance_6622.graph,data/graph_coloring_graphs/instance_6622.graph,12,5,False,-2.6786757,1.1375188
instance_6623.graph,data/graph_coloring_graphs/instance_6623.graph,18,3,False,-4.020198,1.2277504
instance_6624.graph,data/graph_coloring_graphs/instance_6624.graph,14,15,True,1.1779556,-1.2569044
instance_6625.graph,data/graph_coloring_graphs/instance_6625.graph,10,11,True,0.9975128,-0.8658657
instance_6626.graph,data/graph_coloring_graphs/instance_6626.graph,10,15,True,0.88324356,-1.50264
instance_6627.graph,data/graph_coloring_graphs/instance_6627.graph,12,11,True,1.0548248,-0.34673318
instance_6628.graph,data/graph_coloring_graphs/instance_6628.graph,18,13,True,1.1162224,-0.59045684
instance_6629.graph,data/graph_coloring_graphs/instance_6629.graph,10,5,True,0.24477386,0.2637615
instance_663.graph,data/graph_coloring_graphs/instance_663.graph,20,9,True,1.4868088,-0.23148829
instance_6630.graph,data/graph_coloring_graphs/instance_6630.graph,16,5,False,-2.337829,1.0513971
instance_6631.graph,data/graph_coloring_graphs/instance_6631.graph,12,11,True,1.0682373,-0.4552669
instance_6632.graph,data/graph_coloring_graphs/instance_6632.graph,12,11,True,0.98654556,-1.1099281
instance_6633.graph,data/graph_coloring_graphs/instance_6633.graph,20,7,True,-0.06928158,0.8041525
instance_6634.graph,data/graph_coloring_graphs/instance_6634.graph,18,7,True,-0.8955784,1.0878295
instance_6635.graph,data/graph_coloring_graphs/instance_6635.graph,18,13,True,1.1759186,-0.9097129
instance_6636.graph,data/graph_coloring_graphs/instance_6636.graph,16,15,True,1.2603359,-1.3732085
instance_6637.graph,data/graph_coloring_graphs/instance_6637.graph,10,15,True,1.0230865,-1.3443468
instance_6638.graph,data/graph_coloring_graphs/instance_6638.graph,14,3,False,-5.108835,1.5947616
instance_6639.graph,data/graph_coloring_graphs/instance_6639.graph,10,13,True,1.0025015,-0.9392228
instance_664.graph,data/graph_coloring_graphs/instance_664.graph,20,13,True,1.1230545,-0.524454
instance_6640.graph,data/graph_coloring_graphs/instance_6640.graph,10,9,True,1.2504425,-0.3893917
instance_6641.graph,data/graph_coloring_graphs/instance_6641.graph,10,7,True,2.839058,-0.7024956
instance_6642.graph,data/graph_coloring_graphs/instance_6642.graph,18,7,True,0.73184586,0.62169695
instance_6643.graph,data/graph_coloring_graphs/instance_6643.graph,10,15,True,0.81853485,-1.4300267
instance_6644.graph,data/graph_coloring_graphs/instance_6644.graph,16,15,True,1.1038322,-0.9956924
instance_6645.graph,data/graph_coloring_graphs/instance_6645.graph,18,3,False,-4.174797,1.300668
instance_6646.graph,data/graph_coloring_graphs/instance_6646.graph,10,3,True,0.32617188,-0.21500638
instance_6647.graph,data/graph_coloring_graphs/instance_6647.graph,20,3,False,-3.758607,1.2083068
instance_6648.graph,data/graph_coloring_graphs/instance_6648.graph,14,3,False,-4.2308664,1.3056538
instance_6649.graph,data/graph_coloring_graphs/instance_6649.graph,18,11,True,1.1903076,-0.32682282
instance_665.graph,data/graph_coloring_graphs/instance_665.graph,18,11,True,1.1860075,-0.39084896
instance_6650.graph,data/graph_coloring_graphs/instance_6650.graph,12,13,True,1.1134377,-1.339725
instance_6651.graph,data/graph_coloring_graphs/instance_6651.graph,10,15,True,0.97424316,-1.1600964
instance_6652.graph,data/graph_coloring_graphs/instance_6652.graph,10,5,True,5.209358,-1.0556822
instance_6653.graph,data/graph_coloring_graphs/instance_6653.graph,16,9,True,0.88336945,0.60661113
instance_6654.graph,data/graph_coloring_graphs/instance_6654.graph,20,3,False,-5.340315,1.7105327
instance_6655.graph,data/graph_coloring_graphs/instance_6655.graph,18,7,True,1.9104042,0.13190049
instance_6656.graph,data/graph_coloring_graphs/instance_6656.graph,14,13,True,1.088789,-1.0525391
instance_6657.graph,data/graph_coloring_graphs/instance_6657.graph,10,13,True,0.948133,-1.0006187
instance_6658.graph,data/graph_coloring_graphs/instance_6658.graph,14,9,True,1.3813019,-0.4236777
instance_6659.graph,data/graph_coloring_graphs/instance_6659.graph,12,5,True,-1.9889636,0.83507466
instance_666.graph,data/graph_coloring_graphs/instance_666.graph,16,9,True,0.46292877,0.9334899
instance_6660.graph,data/graph_coloring_graphs/instance_6660.graph,16,7,True,3.2060318,-0.11957483
instance_6661.graph,data/graph_coloring_graphs/instance_6661.graph,12,7,True,-0.051704407,0.6698779
instance_6662.graph,data/graph_coloring_graphs/instance_6662.graph,18,11,True,1.1375656,-0.084932104
instance_6663.graph,data/graph_coloring_graphs/instance_6663.graph,14,9,True,1.291235,0.09010711
instance_6664.graph,data/graph_coloring_graphs/instance_6664.graph,14,3,False,-5.1495323,1.6825576
instance_6665.graph,data/graph_coloring_graphs/instance_6665.graph,20,15,True,1.3352127,-1.3947239
instance_6666.graph,data/graph_coloring_graphs/instance_6666.graph,12,5,True,0.6631088,0.40675786
instance_6667.graph,data/graph_coloring_graphs/instance_6667.graph,10,5,True,-1.0589066,0.6436845
instance_6668.graph,data/graph_coloring_graphs/instance_6668.graph,14,3,False,-5.04517,1.6299856
instance_6669.graph,data/graph_coloring_graphs/instance_6669.graph,10,5,True,0.0033950806,0.16854979
instance_667.graph,data/graph_coloring_graphs/instance_667.graph,10,13,True,0.96859074,-0.88112235
instance_6670.graph,data/graph_coloring_graphs/instance_6670.graph,14,7,True,-0.31253433,0.8602035
instance_6671.graph,data/graph_coloring_graphs/instance_6671.graph,18,9,True,0.6248703,0.8489958
instance_6672.graph,data/graph_coloring_graphs/instance_6672.graph,14,15,True,1.0782433,-1.0470072
instance_6673.graph,data/graph_coloring_graphs/instance_6673.graph,14,11,True,1.0922127,-0.079059355
instance_6674.graph,data/graph_coloring_graphs/instance_6674.graph,20,15,True,1.169941,-1.1444702
instance_6675.graph,data/graph_coloring_graphs/instance_6675.graph,12,7,True,2.9157944,-0.35705063
instance_6676.graph,data/graph_coloring_graphs/instance_6676.graph,20,11,True,1.1812592,-0.18992686
instance_6677.graph,data/graph_coloring_graphs/instance_6677.graph,12,13,True,1.0578861,-1.1039481
instance_6678.graph,data/graph_coloring_graphs/instance_6678.graph,10,9,True,0.8369093,0.48664078
instance_6679.graph,data/graph_coloring_graphs/instance_6679.graph,10,9,True,0.83082104,0.40231475
instance_668.graph,data/graph_coloring_graphs/instance_668.graph,16,3,True,0.35203552,0.042136878
instance_6680.graph,data/graph_coloring_graphs/instance_6680.graph,14,11,True,1.0830154,-0.06454834
instance_6681.graph,data/graph_coloring_graphs/instance_6681.graph,14,3,True,-0.34542847,0.09261742
instance_6682.graph,data/graph_coloring_graphs/instance_6682.graph,18,13,True,1.26054,-1.1324347
instance_6683.graph,data/graph_coloring_graphs/instance_6683.graph,14,13,True,1.0762482,-0.7797576
instance_6684.graph,data/graph_coloring_graphs/instance_6684.graph,10,3,False,-4.0280094,1.0356123
instance_6685.graph,data/graph_coloring_graphs/instance_6685.graph,14,9,True,0.75170517,0.72296
instance_6686.graph,data/graph_coloring_graphs/instance_6686.graph,20,5,True,-1.2994227,0.88356984
instance_6687.graph,data/graph_coloring_graphs/instance_6687.graph,14,15,True,1.0896435,-1.0874741
instance_6688.graph,data/graph_coloring_graphs/instance_6688.graph,18,7,True,-1.7731476,1.2908571
instance_6689.graph,data/graph_coloring_graphs/instance_6689.graph,18,11,True,1.2225113,-0.7370187
instance_669.graph,data/graph_coloring_graphs/instance_669.graph,14,13,True,1.0778885,-0.7169937
instance_6690.graph,data/graph_coloring_graphs/instance_6690.graph,18,15,True,1.1329441,-1.0604312
instance_6691.graph,data/graph_coloring_graphs/instance_6691.graph,10,5,True,0.45308113,0.34593055
instance_6692.graph,data/graph_coloring_graphs/instance_6692.graph,14,13,True,1.2312889,-1.3183854
instance_6693.graph,data/graph_coloring_graphs/instance_6693.graph,14,9,True,0.6157036,0.84908795
instance_6694.graph,data/graph_coloring_graphs/instance_6694.graph,12,5,True,1.7541275,-0.26960883
instance_6695.graph,data/graph_coloring_graphs/instance_6695.graph,18,11,True,1.1147003,0.11678472
instance_6696.graph,data/graph_coloring_graphs/instance_6696.graph,16,15,True,1.2526913,-1.3479656
instance_6697.graph,data/graph_coloring_graphs/instance_6697.graph,12,13,True,1.0867615,-0.74884176
instance_6698.graph,data/graph_coloring_graphs/instance_6698.graph,12,15,True,0.086048126,-1.7663746
instance_6699.graph,data/graph_coloring_graphs/instance_6699.graph,14,13,True,1.108263,-0.99766624
instance_67.graph,data/graph_coloring_graphs/instance_67.graph,10,15,True,1.0410538,-1.6425002
instance_670.graph,data/graph_coloring_graphs/instance_670.graph,18,13,True,1.1320305,-0.6997298
instance_6700.graph,data/graph_coloring_graphs/instance_6700.graph,20,13,True,1.2816334,-1.1520529
instance_6701.graph,data/graph_coloring_graphs/instance_6701.graph,10,11,True,0.9752331,-0.37337926
instance_6702.graph,data/graph_coloring_graphs/instance_6702.graph,20,7,True,-0.33437443,0.90656483
instance_6703.graph,data/graph_coloring_graphs/instance_6703.graph,20,9,True,0.9844208,0.5862222
instance_6704.graph,data/graph_coloring_graphs/instance_6704.graph,20,15,True,1.1739521,-1.1273859
instance_6705.graph,data/graph_coloring_graphs/instance_6705.graph,20,9,True,0.41589355,1.1000997
instance_6706.graph,data/graph_coloring_graphs/instance_6706.graph,12,11,True,1.046608,-0.1630191
instance_6707.graph,data/graph_coloring_graphs/instance_6707.graph,12,5,True,1.6068268,-0.43624708
instance_6708.graph,data/graph_coloring_graphs/instance_6708.graph,18,9,True,0.55771637,0.91073585
instance_6709.graph,data/graph_coloring_graphs/instance_6709.graph,10,11,True,0.9970193,-0.49053434
instance_671.graph,data/graph_coloring_graphs/instance_671.graph,18,15,True,1.1561909,-1.1294249
instance_6710.graph,data/graph_coloring_graphs/instance_6710.graph,20,13,True,1.1407318,-0.6407298
instance_6711.graph,data/graph_coloring_graphs/instance_6711.graph,16,3,False,-3.7226477,1.1178242
instance_6712.graph,data/graph_coloring_graphs/instance_6712.graph,14,3,False,-4.8069687,1.5099981
instance_6713.graph,data/graph_coloring_graphs/instance_6713.graph,10,15,True,1.010004,-1.2504113
instance_6714.graph,data/graph_coloring_graphs/instance_6714.graph,10,3,True,-0.2701912,0.02045492
instance_6715.graph,data/graph_coloring_graphs/instance_6715.graph,16,5,False,-2.6737719,1.0713661
instance_6716.graph,data/graph_coloring_graphs/instance_6716.graph,16,13,True,1.2261896,-1.1423364
instance_6717.graph,data/graph_coloring_graphs/instance_6717.graph,12,11,True,1.1257305,-0.6546916
instance_6718.graph,data/graph_coloring_graphs/instance_6718.graph,16,5,True,0.5168438,0.4270151
instance_6719.graph,data/graph_coloring_graphs/instance_6719.graph,10,11,True,0.998106,-0.25070715
instance_672.graph,data/graph_coloring_graphs/instance_672.graph,10,5,True,0.87161255,-0.21978152
instance_6720.graph,data/graph_coloring_graphs/instance_6720.graph,14,13,True,1.0786896,-0.6872908
instance_6721.graph,data/graph_coloring_graphs/instance_6721.graph,20,15,True,1.1244316,-0.96364963
instance_6722.graph,data/graph_coloring_graphs/instance_6722.graph,18,11,True,1.1325417,-0.02599524
instance_6723.graph,data/graph_coloring_graphs/instance_6723.graph,20,15,True,1.203785,-1.1393996
instance_6724.graph,data/graph_coloring_graphs/instance_6724.graph,16,15,True,1.0990906,-1.0106053
instance_6725.graph,data/graph_coloring_graphs/instance_6725.graph,20,15,True,1.3718548,-1.4062803
instance_6726.graph,data/graph_coloring_graphs/instance_6726.graph,14,11,True,1.1047068,-0.5064305
instance_6727.graph,data/graph_coloring_graphs/instance_6727.graph,12,7,True,0.5933814,0.58263576
instance_6728.graph,data/graph_coloring_graphs/instance_6728.graph,14,3,False,-4.3069963,1.2581482
instance_6729.graph,data/graph_coloring_graphs/instance_6729.graph,14,5,True,0.51171494,-0.39572373
instance_673.graph,data/graph_coloring_graphs/instance_673.graph,18,9,True,0.7220659,0.7595823
instance_6730.graph,data/graph_coloring_graphs/instance_6730.graph,20,7,False,-2.2177773,1.4030252
instance_6731.graph,data/graph_coloring_graphs/instance_6731.graph,14,13,True,1.1050415,-0.8234471
instance_6732.graph,data/graph_coloring_graphs/instance_6732.graph,14,15,True,1.0918751,-1.120884
instance_6733.graph,data/graph_coloring_graphs/instance_6733.graph,14,5,True,-0.23220634,0.41555694
instance_6734.graph,data/graph_coloring_graphs/instance_6734.graph,10,3,False,-2.2239819,0.4666997
instance_6735.graph,data/graph_coloring_graphs/instance_6735.graph,14,9,True,0.72467136,0.6035919
instance_6736.graph,data/graph_coloring_graphs/instance_6736.graph,12,7,True,2.2582436,-0.5724504
instance_6737.graph,data/graph_coloring_graphs/instance_6737.graph,20,15,True,1.1430893,-1.0376791
instance_6738.graph,data/graph_coloring_graphs/instance_6738.graph,18,9,True,0.5109062,0.97854185
instance_6739.graph,data/graph_coloring_graphs/instance_6739.graph,20,7,True,0.33385277,0.42930633
instance_674.graph,data/graph_coloring_graphs/instance_674.graph,16,3,True,-0.8386688,0.2968102
instance_6740.graph,data/graph_coloring_graphs/instance_6740.graph,20,13,True,1.1859779,-0.852599
instance_6741.graph,data/graph_coloring_graphs/instance_6741.graph,14,5,False,-3.085514,1.2318327
instance_6742.graph,data/graph_coloring_graphs/instance_6742.graph,12,5,True,2.3231506,-0.56866884
instance_6743.graph,data/graph_coloring_graphs/instance_6743.graph,18,7,True,-1.0123653,1.0831255
instance_6744.graph,data/graph_coloring_graphs/instance_6744.graph,18,9,True,0.9665384,0.4951335
instance_6745.graph,data/graph_coloring_graphs/instance_6745.graph,14,15,True,1.2225647,-1.4836079
instance_6746.graph,data/graph_coloring_graphs/instance_6746.graph,16,7,True,0.7681999,0.5128139
instance_6747.graph,data/graph_coloring_graphs/instance_6747.graph,20,11,True,1.3017731,-0.79740953
instance_6748.graph,data/graph_coloring_graphs/instance_6748.graph,18,11,True,1.114685,0.11678478
instance_6749.graph,data/graph_coloring_graphs/instance_6749.graph,12,9,True,1.1844273,0.24448565
instance_675.graph,data/graph_coloring_graphs/instance_675.graph,12,9,True,1.0687447,0.35713652
instance_6750.graph,data/graph_coloring_graphs/instance_6750.graph,10,5,True,0.53105164,-0.68207884
instance_6751.graph,data/graph_coloring_graphs/instance_6751.graph,10,13,True,0.8576889,-1.5896649
instance_6752.graph,data/graph_coloring_graphs/instance_6752.graph,14,9,True,0.6985197,0.7722957
instance_6753.graph,data/graph_coloring_graphs/instance_6753.graph,18,15,True,1.3698044,-1.4455576
instance_6754.graph,data/graph_coloring_graphs/instance_6754.graph,20,7,True,0.31729603,0.66375613
instance_6755.graph,data/graph_coloring_graphs/instance_6755.graph,10,9,True,0.77843857,0.46077582
instance_6756.graph,data/graph_coloring_graphs/instance_6756.graph,18,9,True,1.0792599,0.34140164
instance_6757.graph,data/graph_coloring_graphs/instance_6757.graph,12,3,True,0.1698227,-0.12673688
instance_6758.graph,data/graph_coloring_graphs/instance_6758.graph,10,13,True,0.9699383,-1.0092694
instance_6759.graph,data/graph_coloring_graphs/instance_6759.graph,16,7,True,0.6227131,0.6116239
instance_676.graph,data/graph_coloring_graphs/instance_676.graph,10,13,True,1.010086,-0.87323403
instance_6760.graph,data/graph_coloring_graphs/instance_6760.graph,12,13,True,1.0412121,-0.749794
instance_6761.graph,data/graph_coloring_graphs/instance_6761.graph,20,11,True,1.1373177,0.008444563
instance_6762.graph,data/graph_coloring_graphs/instance_6762.graph,14,15,True,1.0850563,-1.0201337
instance_6763.graph,data/graph_coloring_graphs/instance_6763.graph,12,13,True,1.0425968,-0.7338426
instance_6764.graph,data/graph_coloring_graphs/instance_6764.graph,12,13,True,1.0654173,-0.89890134
instance_6765.graph,data/graph_coloring_graphs/instance_6765.graph,12,9,True,0.6998749,0.7163513
instance_6766.graph,data/graph_coloring_graphs/instance_6766.graph,20,5,False,-3.9815063,1.4200331
instance_6767.graph,data/graph_coloring_graphs/instance_6767.graph,20,11,True,1.1407623,-0.02754581
instance_6768.graph,data/graph_coloring_graphs/instance_6768.graph,16,11,True,1.1406913,-0.46053287
instance_6769.graph,data/graph_coloring_graphs/instance_6769.graph,20,15,True,1.1387749,-1.0205585
instance_677.graph,data/graph_coloring_graphs/instance_677.graph,20,13,True,1.3012962,-1.2331108
instance_6770.graph,data/graph_coloring_graphs/instance_6770.graph,20,3,False,-4.6550245,1.4560413
instance_6771.graph,data/graph_coloring_graphs/instance_6771.graph,16,13,True,1.1203384,-0.62074447
instance_6772.graph,data/graph_coloring_graphs/instance_6772.graph,14,3,False,-5.0720844,1.6435481
instance_6773.graph,data/graph_coloring_graphs/instance_6773.graph,20,11,True,1.1301727,0.13680495
instance_6774.graph,data/graph_coloring_graphs/instance_6774.graph,16,3,False,-5.364662,1.727701
instance_6775.graph,data/graph_coloring_graphs/instance_6775.graph,16,3,False,-4.8516493,1.5202142
instance_6776.graph,data/graph_coloring_graphs/instance_6776.graph,16,3,False,-2.1017857,0.5861206
instance_6777.graph,data/graph_coloring_graphs/instance_6777.graph,10,5,True,2.9348793,-0.48472765
instance_6778.graph,data/graph_coloring_graphs/instance_6778.graph,16,15,True,1.1164074,-1.0825522
instance_6779.graph,data/graph_coloring_graphs/instance_6779.graph,10,15,True,0.97753334,-1.3458717
instance_678.graph,data/graph_coloring_graphs/instance_678.graph,10,3,False,-3.477499,0.8977362
instance_6780.graph,data/graph_coloring_graphs/instance_6780.graph,10,7,True,1.3671246,0.29412702
instance_6781.graph,data/graph_coloring_graphs/instance_6781.graph,14,5,False,-3.715189,1.3392346
instance_6782.graph,data/graph_coloring_graphs/instance_6782.graph,14,13,True,1.0749149,-0.83002484
instance_6783.graph,data/graph_coloring_graphs/instance_6783.graph,20,9,True,1.3996658,-0.21311998
instance_6784.graph,data/graph_coloring_graphs/instance_6784.graph,20,5,True,1.043705,0.051180825
instance_6785.graph,data/graph_coloring_graphs/instance_6785.graph,18,11,True,1.1302185,0.07735473
instance_6786.graph,data/graph_coloring_graphs/instance_6786.graph,18,11,True,1.1205101,0.11643556
instance_6787.graph,data/graph_coloring_graphs/instance_6787.graph,18,3,False,-5.7017784,1.9051921
instance_6788.graph,data/graph_coloring_graphs/instance_6788.graph,20,15,True,1.1978397,-1.1491208
instance_6789.graph,data/graph_coloring_graphs/instance_6789.graph,12,15,True,1.0809174,-1.2739794
instance_679.graph,data/graph_coloring_graphs/instance_679.graph,20,15,True,1.1209984,-0.950094
instance_6790.graph,data/graph_coloring_graphs/instance_6790.graph,10,11,True,0.86151695,-1.0261003
instance_6791.graph,data/graph_coloring_graphs/instance_6791.graph,20,15,True,1.1383934,-0.9968928
instance_6792.graph,data/graph_coloring_graphs/instance_6792.graph,12,9,True,1.1046944,-0.06298591
instance_6793.graph,data/graph_coloring_graphs/instance_6793.graph,20,5,False,-4.688572,1.5366518
instance_6794.graph,data/graph_coloring_graphs/instance_6794.graph,20,7,False,-2.2072678,1.379601
instance_6795.graph,data/graph_coloring_graphs/instance_6795.graph,20,7,True,-1.5147095,1.2172638
instance_6796.graph,data/graph_coloring_graphs/instance_6796.graph,12,15,True,1.0527592,-1.09425
instance_6797.graph,data/graph_coloring_graphs/instance_6797.graph,18,3,False,-5.517376,1.9339007
instance_6798.graph,data/graph_coloring_graphs/instance_6798.graph,18,13,True,1.317462,-1.0949317
instance_6799.graph,data/graph_coloring_graphs/instance_6799.graph,10,13,True,0.98520947,-1.0895054
instance_68.graph,data/graph_coloring_graphs/instance_68.graph,20,13,True,1.1243553,-0.54027593
instance_680.graph,data/graph_coloring_graphs/instance_680.graph,18,15,True,1.1167946,-0.98100996
instance_6800.graph,data/graph_coloring_graphs/instance_6800.graph,10,13,True,0.9710331,-0.8667556
instance_6801.graph,data/graph_coloring_graphs/instance_6801.graph,10,9,True,0.9553089,0.14223306
instance_6802.graph,data/graph_coloring_graphs/instance_6802.graph,12,3,True,1.5494232,-0.450409
instance_6803.graph,data/graph_coloring_graphs/instance_6803.graph,10,3,True,-1.6975632,0.22688118
instance_6804.graph,data/graph_coloring_graphs/instance_6804.graph,10,13,True,0.957654,-0.94490385
instance_6805.graph,data/graph_coloring_graphs/instance_6805.graph,14,9,True,0.6615448,0.8065852
instance_6806.graph,data/graph_coloring_graphs/instance_6806.graph,16,13,True,1.1417522,-0.7630638
instance_6807.graph,data/graph_coloring_graphs/instance_6807.graph,14,13,True,1.0897846,-0.8222456
instance_6808.graph,data/graph_coloring_graphs/instance_6808.graph,12,5,True,-0.405756,0.5248724
instance_6809.graph,data/graph_coloring_graphs/instance_6809.graph,10,13,True,0.9596977,-1.3111081
instance_681.graph,data/graph_coloring_graphs/instance_681.graph,16,3,False,-4.7351503,1.5258496
instance_6810.graph,data/graph_coloring_graphs/instance_6810.graph,10,11,True,1.0125265,-0.53188604
instance_6811.graph,data/graph_coloring_graphs/instance_6811.graph,12,3,False,-2.7275543,0.63335717
instance_6812.graph,data/graph_coloring_graphs/instance_6812.graph,18,13,True,1.1240082,-0.5886841
instance_6813.graph,data/graph_coloring_graphs/instance_6813.graph,18,5,False,-4.599762,1.4929048
instance_6814.graph,data/graph_coloring_graphs/instance_6814.graph,20,5,False,-5.2331047,1.6101177
instance_6815.graph,data/graph_coloring_graphs/instance_6815.graph,10,7,True,1.182827,0.3435101
instance_6816.graph,data/graph_coloring_graphs/instance_6816.graph,12,13,True,1.0348034,-0.82349193
instance_6817.graph,data/graph_coloring_graphs/instance_6817.graph,20,5,True,-0.18828201,0.40848032
instance_6818.graph,data/graph_coloring_graphs/instance_6818.graph,10,5,True,-1.175111,0.8324516
instance_6819.graph,data/graph_coloring_graphs/instance_6819.graph,14,3,False,-3.49997,0.95624864
instance_682.graph,data/graph_coloring_graphs/instance_682.graph,18,5,True,-2.4203134,0.978081
instance_6820.graph,data/graph_coloring_graphs/instance_6820.graph,18,7,False,-1.6226158,1.2560315
instance_6821.graph,data/graph_coloring_graphs/instance_6821.graph,16,3,False,-4.038724,1.1877708
instance_6822.graph,data/graph_coloring_graphs/instance_6822.graph,12,11,True,1.0575943,-0.1362854
instance_6823.graph,data/graph_coloring_graphs/instance_6823.graph,18,13,True,1.1226902,-0.70990086
instance_6824.graph,data/graph_coloring_graphs/instance_6824.graph,12,7,True,-0.7058172,0.9745691
instance_6825.graph,data/graph_coloring_graphs/instance_6825.graph,14,11,True,1.1493068,-0.50506234
instance_6826.graph,data/graph_coloring_graphs/instance_6826.graph,12,13,True,1.0444717,-0.7114594
instance_6827.graph,data/graph_coloring_graphs/instance_6827.graph,14,9,True,1.1095486,0.02263251
instance_6828.graph,data/graph_coloring_graphs/instance_6828.graph,14,5,False,-3.235695,1.2574487
instance_6829.graph,data/graph_coloring_graphs/instance_6829.graph,20,9,True,1.032896,0.39992175
instance_683.graph,data/graph_coloring_graphs/instance_683.graph,16,7,True,2.018055,-0.06671261
instance_6830.graph,data/graph_coloring_graphs/instance_6830.graph,18,5,False,-4.4323006,1.4860678
instance_6831.graph,data/graph_coloring_graphs/instance_6831.graph,18,15,True,1.11446,-0.9697962
instance_6832.graph,data/graph_coloring_graphs/instance_6832.graph,16,9,True,0.79827976,0.68518806
instance_6833.graph,data/graph_coloring_graphs/instance_6833.graph,14,5,True,1.8827438,-0.1292445
instance_6834.graph,data/graph_coloring_graphs/instance_6834.graph,20,13,True,1.1713715,-0.6733966
instance_6835.graph,data/graph_coloring_graphs/instance_6835.graph,12,5,True,1.0370407,0.004762903
instance_6836.graph,data/graph_coloring_graphs/instance_6836.graph,10,7,True,0.89769936,0.52359164
instance_6837.graph,data/graph_coloring_graphs/instance_6837.graph,14,3,True,0.55218506,0.19384077
instance_6838.graph,data/graph_coloring_graphs/instance_6838.graph,20,7,True,0.09963131,0.8022288
instance_6839.graph,data/graph_coloring_graphs/instance_6839.graph,18,11,True,1.1694746,-0.3363892
instance_684.graph,data/graph_coloring_graphs/instance_684.graph,16,11,True,1.1073875,0.088802725
instance_6840.graph,data/graph_coloring_graphs/instance_6840.graph,20,15,True,1.1240921,-0.9623488
instance_6841.graph,data/graph_coloring_graphs/instance_6841.graph,12,3,True,2.0944786,-0.40654066
instance_6842.graph,data/graph_coloring_graphs/instance_6842.graph,10,5,True,-1.0589094,0.6436845
instance_6843.graph,data/graph_coloring_graphs/instance_6843.graph,18,3,True,-1.6578236,0.43188497
instance_6844.graph,data/graph_coloring_graphs/instance_6844.graph,14,13,True,1.1091175,-1.044018
instance_6845.graph,data/graph_coloring_graphs/instance_6845.graph,12,15,True,1.042553,-1.0812342
instance_6846.graph,data/graph_coloring_graphs/instance_6846.graph,10,7,True,1.5636826,-0.8221805
instance_6847.graph,data/graph_coloring_graphs/instance_6847.graph,14,9,True,1.516758,-0.44947276
instance_6848.graph,data/graph_coloring_graphs/instance_6848.graph,20,13,True,1.2937946,-1.116648
instance_6849.graph,data/graph_coloring_graphs/instance_6849.graph,12,11,True,1.0681515,-0.644477
instance_685.graph,data/graph_coloring_graphs/instance_685.graph,14,5,True,3.9267654,-0.119335145
instance_6850.graph,data/graph_coloring_graphs/instance_6850.graph,20,15,True,1.1175804,-0.954811
instance_6851.graph,data/graph_coloring_graphs/instance_6851.graph,16,15,True,1.1057663,-1.0090016
instance_6852.graph,data/graph_coloring_graphs/instance_6852.graph,16,7,True,-0.4811573,0.93343735
instance_6853.graph,data/graph_coloring_graphs/instance_6853.graph,16,11,True,1.3357096,-0.8162488
instance_6854.graph,data/graph_coloring_graphs/instance_6854.graph,16,3,False,-3.597355,1.1416489
instance_6855.graph,data/graph_coloring_graphs/instance_6855.graph,10,13,True,0.96993494,-1.0092695
instance_6856.graph,data/graph_coloring_graphs/instance_6856.graph,14,9,True,0.82539177,0.6546439
instance_6857.graph,data/graph_coloring_graphs/instance_6857.graph,10,15,True,0.96398544,-1.2084771
instance_6858.graph,data/graph_coloring_graphs/instance_6858.graph,12,9,True,0.9259634,0.3530889
instance_6859.graph,data/graph_coloring_graphs/instance_6859.graph,18,3,False,-4.8311634,1.6102486
instance_686.graph,data/graph_coloring_graphs/instance_686.graph,18,7,True,-1.0043621,1.0464509
instance_6860.graph,data/graph_coloring_graphs/instance_6860.graph,10,7,True,1.5628643,0.3553162
instance_6861.graph,data/graph_coloring_graphs/instance_6861.graph,14,5,False,-4.010147,1.3212376
instance_6862.graph,data/graph_coloring_graphs/instance_6862.graph,18,5,True,1.560009,0.11888002
instance_6863.graph,data/graph_coloring_graphs/instance_6863.graph,18,3,False,-5.67733,1.8921678
instance_6864.graph,data/graph_coloring_graphs/instance_6864.graph,10,15,True,0.97753525,-1.3458717
instance_6865.graph,data/graph_coloring_graphs/instance_6865.graph,14,7,True,0.20600128,-0.39658803
instance_6866.graph,data/graph_coloring_graphs/instance_6866.graph,16,13,True,1.2094879,-1.2150184
instance_6867.graph,data/graph_coloring_graphs/instance_6867.graph,12,13,True,1.0709038,-0.74917305
instance_6868.graph,data/graph_coloring_graphs/instance_6868.graph,20,13,True,1.1568451,-0.6347889
instance_6869.graph,data/graph_coloring_graphs/instance_6869.graph,14,5,True,-0.4386835,0.5384674
instance_687.graph,data/graph_coloring_graphs/instance_687.graph,16,15,True,1.1656351,-1.2431517
instance_6870.graph,data/graph_coloring_graphs/instance_6870.graph,10,7,True,1.1445007,0.22455582
instance_6871.graph,data/graph_coloring_graphs/instance_6871.graph,20,11,True,1.1636505,0.00937932
instance_6872.graph,data/graph_coloring_graphs/instance_6872.graph,12,3,True,1.1526489,-0.3045278
instance_6873.graph,data/graph_coloring_graphs/instance_6873.graph,16,3,False,-3.3650513,1.038688
instance_6874.graph,data/graph_coloring_graphs/instance_6874.graph,16,13,True,1.1861382,-0.89990795
instance_6875.graph,data/graph_coloring_graphs/instance_6875.graph,12,7,True,0.71554947,0.5513985
instance_6876.graph,data/graph_coloring_graphs/instance_6876.graph,16,15,True,1.1092949,-1.0956933
instance_6877.graph,data/graph_coloring_graphs/instance_6877.graph,18,13,True,1.1224422,-0.7051835
instance_6878.graph,data/graph_coloring_graphs/instance_6878.graph,14,13,True,1.1082621,-0.99766624
instance_6879.graph,data/graph_coloring_graphs/instance_6879.graph,20,9,True,1.4586563,-0.012450382
instance_688.graph,data/graph_coloring_graphs/instance_688.graph,20,7,True,-1.3195,1.1974328
instance_6880.graph,data/graph_coloring_graphs/instance_6880.graph,20,3,False,-5.781349,1.9811661
instance_6881.graph,data/graph_coloring_graphs/instance_6881.graph,20,13,True,1.2836304,-1.1417975
instance_6882.graph,data/graph_coloring_graphs/instance_6882.graph,12,13,True,1.1079025,-1.0035021
instance_6883.graph,data/graph_coloring_graphs/instance_6883.graph,16,11,True,1.1194382,-0.111032136
instance_6884.graph,data/graph_coloring_graphs/instance_6884.graph,16,13,True,1.1108246,-0.6225226
instance_6885.graph,data/graph_coloring_graphs/instance_6885.graph,12,9,True,0.70819855,0.58731425
instance_6886.graph,data/graph_coloring_graphs/instance_6886.graph,18,3,False,-5.6115265,1.899416
instance_6887.graph,data/graph_coloring_graphs/instance_6887.graph,16,7,True,0.9543915,0.027981326
instance_6888.graph,data/graph_coloring_graphs/instance_6888.graph,16,13,True,1.1726475,-0.7922981
instance_6889.graph,data/graph_coloring_graphs/instance_6889.graph,18,11,True,1.3206024,-0.8343071
instance_689.graph,data/graph_coloring_graphs/instance_689.graph,18,15,True,1.1539516,-1.16313
instance_6890.graph,data/graph_coloring_graphs/instance_6890.graph,20,15,True,1.1397858,-1.0246575
instance_6891.graph,data/graph_coloring_graphs/instance_6891.graph,10,13,True,1.0003948,-0.9576609
instance_6892.graph,data/graph_coloring_graphs/instance_6892.graph,10,9,True,0.8352318,-0.8048898
instance_6893.graph,data/graph_coloring_graphs/instance_6893.graph,14,15,True,1.2325478,-1.5314867
instance_6894.graph,data/graph_coloring_graphs/instance_6894.graph,12,13,True,1.0474529,-0.88260186
instance_6895.graph,data/graph_coloring_graphs/instance_6895.graph,12,5,False,-3.0849953,1.162116
instance_6896.graph,data/graph_coloring_graphs/instance_6896.graph,14,3,False,-5.026161,1.5508475
instance_6897.graph,data/graph_coloring_graphs/instance_6897.graph,12,3,False,-4.5796623,1.4132241
instance_6898.graph,data/graph_coloring_graphs/instance_6898.graph,12,5,True,0.68590546,-0.7365707
instance_6899.graph,data/graph_coloring_graphs/instance_6899.graph,10,5,True,-0.10327339,0.45549378
instance_69.graph,data/graph_coloring_graphs/instance_69.graph,20,3,True,-2.1390648,0.4885585
instance_690.graph,data/graph_coloring_graphs/instance_690.graph,14,5,False,-3.0079794,1.2186092
instance_6900.graph,data/graph_coloring_graphs/instance_6900.graph,14,9,True,0.6629133,0.7198359
instance_6901.graph,data/graph_coloring_graphs/instance_6901.graph,12,11,True,1.0683804,-0.2000533
instance_6902.graph,data/graph_coloring_graphs/instance_6902.graph,12,5,True,3.9021378,-0.19367161
instance_6903.graph,data/graph_coloring_graphs/instance_6903.graph,20,11,True,1.130539,0.078992575
instance_6904.graph,data/graph_coloring_graphs/instance_6904.graph,10,15,True,0.9979267,-1.3643584
instance_6905.graph,data/graph_coloring_graphs/instance_6905.graph,10,7,True,0.39035416,0.12050465
instance_6906.graph,data/graph_coloring_graphs/instance_6906.graph,20,7,False,-2.412449,1.4277011
instance_6907.graph,data/graph_coloring_graphs/instance_6907.graph,12,9,True,1.1765957,0.1741258
instance_6908.graph,data/graph_coloring_graphs/instance_6908.graph,16,5,True,-1.8181167,0.9993019
instance_6909.graph,data/graph_coloring_graphs/instance_6909.graph,20,13,True,1.1987791,-0.8539593
instance_691.graph,data/graph_coloring_graphs/instance_691.graph,20,5,True,-1.0962274,0.88235784
instance_6910.graph,data/graph_coloring_graphs/instance_6910.graph,18,9,True,1.6685638,-0.47462243
instance_6911.graph,data/graph_coloring_graphs/instance_6911.graph,16,13,True,1.1035976,-0.7325885
instance_6912.graph,data/graph_coloring_graphs/instance_6912.graph,18,7,True,-1.0543213,1.0930939
instance_6913.graph,data/graph_coloring_graphs/instance_6913.graph,16,15,True,1.186367,-1.2174976
instance_6914.graph,data/graph_coloring_graphs/instance_6914.graph,16,3,False,-5.5849495,1.8449655
instance_6915.graph,data/graph_coloring_graphs/instance_6915.graph,10,15,True,0.9944725,-1.2270551
instance_6916.graph,data/graph_coloring_graphs/instance_6916.graph,16,9,True,0.56023407,0.90493715
instance_6917.graph,data/graph_coloring_graphs/instance_6917.graph,14,15,True,1.0950527,-1.167615
instance_6918.graph,data/graph_coloring_graphs/instance_6918.graph,20,11,True,1.1394424,0.04847704
instance_6919.graph,data/graph_coloring_graphs/instance_6919.graph,18,3,False,-4.020194,1.2277504
instance_692.graph,data/graph_coloring_graphs/instance_692.graph,10,11,True,1.0058932,-0.67923
instance_6920.graph,data/graph_coloring_graphs/instance_6920.graph,20,7,True,-1.5589828,1.2009861
instance_6921.graph,data/graph_coloring_graphs/instance_6921.graph,18,7,True,-0.49925423,0.96116626
instance_6922.graph,data/graph_coloring_graphs/instance_6922.graph,12,11,True,1.0682688,-0.38933367
instance_6923.graph,data/graph_coloring_graphs/instance_6923.graph,18,5,False,-2.7475014,1.177875
instance_6924.graph,data/graph_coloring_graphs/instance_6924.graph,14,15,True,1.0869789,-1.0485647
instance_6925.graph,data/graph_coloring_graphs/instance_6925.graph,16,15,True,1.173665,-1.2188346
instance_6926.graph,data/graph_coloring_graphs/instance_6926.graph,16,9,True,1.5573921,-0.31431988
instance_6927.graph,data/graph_coloring_graphs/instance_6927.graph,18,7,True,0.49825,0.67884433
instance_6928.graph,data/graph_coloring_graphs/instance_6928.graph,18,7,True,2.6169853,-0.058952115
instance_6929.graph,data/graph_coloring_graphs/instance_6929.graph,18,11,True,1.1296959,0.008727357
instance_693.graph,data/graph_coloring_graphs/instance_693.graph,16,11,True,1.1316051,-0.3110301
instance_6930.graph,data/graph_coloring_graphs/instance_6930.graph,16,11,True,1.1033325,0.037820376
instance_6931.graph,data/graph_coloring_graphs/instance_6931.graph,12,9,True,1.4559898,-0.66724
instance_6932.graph,data/graph_coloring_graphs/instance_6932.graph,10,9,True,0.7678566,-0.6680317
instance_6933.graph,data/graph_coloring_graphs/instance_6933.graph,14,3,False,-5.1242256,1.6698256
instance_6934.graph,data/graph_coloring_graphs/instance_6934.graph,12,15,True,1.0637121,-1.2212739
instance_6935.graph,data/graph_coloring_graphs/instance_6935.graph,12,7,True,1.5507832,0.12367275
instance_6936.graph,data/graph_coloring_graphs/instance_6936.graph,12,5,True,-0.79287434,0.6798595
instance_6937.graph,data/graph_coloring_graphs/instance_6937.graph,18,5,False,-3.3817558,1.2580719
instance_6938.graph,data/graph_coloring_graphs/instance_6938.graph,14,9,True,1.2912312,0.09010711
instance_6939.graph,data/graph_coloring_graphs/instance_6939.graph,10,15,True,0.9840889,-1.1135468
instance_694.graph,data/graph_coloring_graphs/instance_694.graph,20,15,True,1.1234512,-0.95979
instance_6940.graph,data/graph_coloring_graphs/instance_6940.graph,14,15,True,1.1724777,-1.5541499
instance_6941.graph,data/graph_coloring_graphs/instance_6941.graph,10,9,True,0.58716965,-0.5217726
instance_6942.graph,data/graph_coloring_graphs/instance_6942.graph,10,11,True,0.99674225,-0.26975113
instance_6943.graph,data/graph_coloring_graphs/instance_6943.graph,12,11,True,1.0420399,-0.34426177
instance_6944.graph,data/graph_coloring_graphs/instance_6944.graph,10,13,True,0.92171097,-1.4148257
instance_6945.graph,data/graph_coloring_graphs/instance_6945.graph,14,3,True,-0.7115402,0.2350091
instance_6946.graph,data/graph_coloring_graphs/instance_6946.graph,14,3,False,-4.1648846,1.1865525
instance_6947.graph,data/graph_coloring_graphs/instance_6947.graph,14,7,True,-0.16079044,0.8226236
instance_6948.graph,data/graph_coloring_graphs/instance_6948.graph,10,15,True,1.0397491,-1.5838242
instance_6949.graph,data/graph_coloring_graphs/instance_6949.graph,16,9,True,1.0513182,0.3520188
instance_695.graph,data/graph_coloring_graphs/instance_695.graph,14,11,True,1.1334271,-0.49823937
instance_6950.graph,data/graph_coloring_graphs/instance_6950.graph,12,13,True,1.0389595,-0.77544236
instance_6951.graph,data/graph_coloring_graphs/instance_6951.graph,16,11,True,1.3160362,-1.1165397
instance_6952.graph,data/graph_coloring_graphs/instance_6952.graph,16,15,True,1.2415733,-1.4493854
instance_6953.graph,data/graph_coloring_graphs/instance_6953.graph,14,11,True,1.1379147,-0.33135512
instance_6954.graph,data/graph_coloring_graphs/instance_6954.graph,10,7,True,-0.367136,0.758909
instance_6955.graph,data/graph_coloring_graphs/instance_6955.graph,18,3,False,-4.3058977,1.2983737
instance_6956.graph,data/graph_coloring_graphs/instance_6956.graph,10,15,True,0.9786835,-1.2174422
instance_6957.graph,data/graph_coloring_graphs/instance_6957.graph,12,7,True,0.5933814,0.5826359
instance_6958.graph,data/graph_coloring_graphs/instance_6958.graph,12,3,True,-2.6134758,0.5799104
instance_6959.graph,data/graph_coloring_graphs/instance_6959.graph,10,13,True,1.0284271,-1.3730247
instance_696.graph,data/graph_coloring_graphs/instance_696.graph,12,15,True,1.0816574,-1.2993033
instance_6960.graph,data/graph_coloring_graphs/instance_6960.graph,10,5,True,1.0739441,0.22366437
instance_6961.graph,data/graph_coloring_graphs/instance_6961.graph,12,15,True,1.0414886,-1.4642029
instance_6962.graph,data/graph_coloring_graphs/instance_6962.graph,20,15,True,1.1340065,-1.0016593
instance_6963.graph,data/graph_coloring_graphs/instance_6963.graph,10,9,True,0.9830704,0.23236966
instance_6964.graph,data/graph_coloring_graphs/instance_6964.graph,18,7,True,-1.0196495,1.1165324
instance_6965.graph,data/graph_coloring_graphs/instance_6965.graph,12,5,True,-0.84526825,0.4131392
instance_6966.graph,data/graph_coloring_graphs/instance_6966.graph,14,9,True,1.2851524,-0.16479568
instance_6967.graph,data/graph_coloring_graphs/instance_6967.graph,12,11,True,1.0860052,-0.62648094
instance_6968.graph,data/graph_coloring_graphs/instance_6968.graph,18,5,True,-1.3836703,0.87139034
instance_6969.graph,data/graph_coloring_graphs/instance_6969.graph,10,7,True,1.1445198,0.22455585
instance_697.graph,data/graph_coloring_graphs/instance_697.graph,12,7,True,2.2746887,-0.41374204
instance_6970.graph,data/graph_coloring_graphs/instance_6970.graph,16,5,True,0.5201111,0.011131726
instance_6971.graph,data/graph_coloring_graphs/instance_6971.graph,18,7,True,0.21088314,0.7491478
instance_6972.graph,data/graph_coloring_graphs/instance_6972.graph,14,15,True,1.1277723,-1.2327924
instance_6973.graph,data/graph_coloring_graphs/instance_6973.graph,14,9,True,1.1046333,0.20561779
instance_6974.graph,data/graph_coloring_graphs/instance_6974.graph,12,11,True,1.0469131,-0.15066174
instance_6975.graph,data/graph_coloring_graphs/instance_6975.graph,12,9,True,0.9241276,0.4318793
instance_6976.graph,data/graph_coloring_graphs/instance_6976.graph,20,7,False,-2.154499,1.3885453
instance_6977.graph,data/graph_coloring_graphs/instance_6977.graph,14,7,True,-0.8897934,0.9512757
instance_6978.graph,data/graph_coloring_graphs/instance_6978.graph,12,9,True,1.2103729,0.13964179
instance_6979.graph,data/graph_coloring_graphs/instance_6979.graph,16,9,True,0.759572,0.7209047
instance_698.graph,data/graph_coloring_graphs/instance_698.graph,14,9,True,0.55849457,0.8656776
instance_6980.graph,data/graph_coloring_graphs/instance_6980.graph,16,15,True,1.3301697,-1.4646367
instance_6981.graph,data/graph_coloring_graphs/instance_6981.graph,10,3,False,-3.694109,0.8596834
instance_6982.graph,data/graph_coloring_graphs/instance_6982.graph,20,13,True,1.1401024,-0.63417387
instance_6983.graph,data/graph_coloring_graphs/instance_6983.graph,20,3,True,-0.89564514,0.33602107
instance_6984.graph,data/graph_coloring_graphs/instance_6984.graph,16,11,True,1.2682133,-0.7952113
instance_6985.graph,data/graph_coloring_graphs/instance_6985.graph,20,5,True,0.28290176,0.4666086
instance_6986.graph,data/graph_coloring_graphs/instance_6986.graph,10,7,True,1.5636597,-0.8221805
instance_6987.graph,data/graph_coloring_graphs/instance_6987.graph,20,9,True,0.83848476,0.5068188
instance_6988.graph,data/graph_coloring_graphs/instance_6988.graph,12,7,True,0.32788277,0.7219094
instance_6989.graph,data/graph_coloring_graphs/instance_6989.graph,10,9,True,1.0392971,0.2747634
instance_699.graph,data/graph_coloring_graphs/instance_699.graph,14,15,True,1.1002808,-1.2444758
instance_6990.graph,data/graph_coloring_graphs/instance_6990.graph,10,5,True,0.45307922,0.3459306
instance_6991.graph,data/graph_coloring_graphs/instance_6991.graph,20,13,True,1.1606846,-0.7406703
instance_6992.graph,data/graph_coloring_graphs/instance_6992.graph,18,5,True,1.1585808,-0.19380601
instance_6993.graph,data/graph_coloring_graphs/instance_6993.graph,18,13,True,1.1711311,-0.86637306
instance_6994.graph,data/graph_coloring_graphs/instance_6994.graph,12,3,True,-0.47930145,-0.1696496
instance_6995.graph,data/graph_coloring_graphs/instance_6995.graph,14,13,True,1.0902195,-0.722633
instance_6996.graph,data/graph_coloring_graphs/instance_6996.graph,10,5,True,-1.4021177,0.48176488
instance_6997.graph,data/graph_coloring_graphs/instance_6997.graph,20,7,True,1.7566605,0.17122006
instance_6998.graph,data/graph_coloring_graphs/instance_6998.graph,10,9,True,1.2436333,-0.63350046
instance_6999.graph,data/graph_coloring_graphs/instance_6999.graph,16,3,False,-3.0334806,0.8917458
instance_7.graph,data/graph_coloring_graphs/instance_7.graph,15,39,True,0.76675653,0.33219856
instance_70.graph,data/graph_coloring_graphs/instance_70.graph,10,13,True,0.9880848,-1.0646015
instance_700.graph,data/graph_coloring_graphs/instance_700.graph,12,9,True,1.1199379,0.041426346
instance_7000.graph,data/graph_coloring_graphs/instance_7000.graph,14,7,True,1.0525818,-0.52181005
instance_7001.graph,data/graph_coloring_graphs/instance_7001.graph,10,13,True,0.9756365,-0.96956384
instance_7002.graph,data/graph_coloring_graphs/instance_7002.graph,18,3,True,-1.0584698,0.39118758
instance_7003.graph,data/graph_coloring_graphs/instance_7003.graph,20,13,True,1.2998772,-1.1457701
instance_7004.graph,data/graph_coloring_graphs/instance_7004.graph,12,5,True,2.3420448,-0.6527126
instance_7005.graph,data/graph_coloring_graphs/instance_7005.graph,16,11,True,1.1402092,-0.14299212
instance_7006.graph,data/graph_coloring_graphs/instance_7006.graph,14,9,True,1.0831146,-0.35456643
instance_7007.graph,data/graph_coloring_graphs/instance_7007.graph,18,7,False,-1.473011,1.192632
instance_7008.graph,data/graph_coloring_graphs/instance_7008.graph,14,11,True,1.0948372,-0.16901408
instance_7009.graph,data/graph_coloring_graphs/instance_7009.graph,14,15,True,1.0772133,-1.0219828
instance_701.graph,data/graph_coloring_graphs/instance_701.graph,20,9,True,0.56241035,0.9547664
instance_7010.graph,data/graph_coloring_graphs/instance_7010.graph,10,9,True,1.031784,0.050413914
instance_7011.graph,data/graph_coloring_graphs/instance_7011.graph,14,11,True,1.1183624,-0.49177262
instance_7012.graph,data/graph_coloring_graphs/instance_7012.graph,16,11,True,1.1480503,-0.23776983
instance_7013.graph,data/graph_coloring_graphs/instance_7013.graph,10,11,True,0.987257,-0.23287603
instance_7014.graph,data/graph_coloring_graphs/instance_7014.graph,10,5,True,0.69506073,-0.7251519
instance_7015.graph,data/graph_coloring_graphs/instance_7015.graph,12,11,True,1.1027031,-0.54834974
instance_7016.graph,data/graph_coloring_graphs/instance_7016.graph,10,5,True,2.026081,-0.45028624
instance_7017.graph,data/graph_coloring_graphs/instance_7017.graph,20,5,False,-4.864128,1.5480624
instance_7018.graph,data/graph_coloring_graphs/instance_7018.graph,14,11,True,1.1557045,-0.60213935
instance_7019.graph,data/graph_coloring_graphs/instance_7019.graph,10,13,True,0.9981673,-0.9769876
instance_702.graph,data/graph_coloring_graphs/instance_702.graph,10,3,False,-2.0593185,0.39167967
instance_7020.graph,data/graph_coloring_graphs/instance_7020.graph,10,5,True,-0.19866943,-0.15935275
instance_7021.graph,data/graph_coloring_graphs/instance_7021.graph,16,11,True,1.1160698,-0.055594042
instance_7022.graph,data/graph_coloring_graphs/instance_7022.graph,10,11,True,0.9732218,-0.39690432
instance_7023.graph,data/graph_coloring_graphs/instance_7023.graph,14,11,True,1.0831566,-0.07312844
instance_7024.graph,data/graph_coloring_graphs/instance_7024.graph,18,5,False,-4.064432,1.4248707
instance_7025.graph,data/graph_coloring_graphs/instance_7025.graph,18,5,True,-1.5202217,0.854079
instance_7026.graph,data/graph_coloring_graphs/instance_7026.graph,20,15,True,1.1419563,-1.0332125
instance_7027.graph,data/graph_coloring_graphs/instance_7027.graph,16,9,True,1.4894638,-0.3383518
instance_7028.graph,data/graph_coloring_graphs/instance_7028.graph,20,5,False,-5.0122643,1.5729792
instance_7029.graph,data/graph_coloring_graphs/instance_7029.graph,14,11,True,1.0911903,-0.044668056
instance_703.graph,data/graph_coloring_graphs/instance_703.graph,10,5,True,0.16748428,0.40217283
instance_7030.graph,data/graph_coloring_graphs/instance_7030.graph,12,3,False,-4.122566,1.1856863
instance_7031.graph,data/graph_coloring_graphs/instance_7031.graph,14,3,True,0.75715256,-0.08791126
instance_7032.graph,data/graph_coloring_graphs/instance_7032.graph,14,7,True,1.8375015,0.24824971
instance_7033.graph,data/graph_coloring_graphs/instance_7033.graph,12,3,True,0.6624527,-0.34776655
instance_7034.graph,data/graph_coloring_graphs/instance_7034.graph,20,9,True,0.40399933,1.0931042
instance_7035.graph,data/graph_coloring_graphs/instance_7035.graph,18,9,True,0.6430111,0.83229053
instance_7036.graph,data/graph_coloring_graphs/instance_7036.graph,16,11,True,1.1098099,0.047035016
instance_7037.graph,data/graph_coloring_graphs/instance_7037.graph,10,15,True,0.96622276,-1.1979504
instance_7038.graph,data/graph_coloring_graphs/instance_7038.graph,14,7,True,2.0074806,-0.64227283
instance_7039.graph,data/graph_coloring_graphs/instance_7039.graph,10,15,True,0.941803,-1.3134565
instance_704.graph,data/graph_coloring_graphs/instance_704.graph,18,13,True,1.1541748,-0.7126939
instance_7040.graph,data/graph_coloring_graphs/instance_7040.graph,10,9,True,0.91662693,0.4031739
instance_7041.graph,data/graph_coloring_graphs/instance_7041.graph,16,13,True,1.2175484,-1.2880809
instance_7042.graph,data/graph_coloring_graphs/instance_7042.graph,20,7,True,1.2855072,0.067322895
instance_7043.graph,data/graph_coloring_graphs/instance_7043.graph,10,5,True,0.010574341,-0.52639115
instance_7044.graph,data/graph_coloring_graphs/instance_7044.graph,20,5,False,-4.1426315,1.3575683
instance_7045.graph,data/graph_coloring_graphs/instance_7045.graph,10,7,True,0.60161686,0.37986407
instance_7046.graph,data/graph_coloring_graphs/instance_7046.graph,14,3,True,-0.34919548,0.36770794
instance_7047.graph,data/graph_coloring_graphs/instance_7047.graph,10,15,True,0.99575233,-1.3848367
instance_7048.graph,data/graph_coloring_graphs/instance_7048.graph,18,5,False,-4.2743397,1.459791
instance_7049.graph,data/graph_coloring_graphs/instance_7049.graph,12,7,True,1.6679993,-0.15896615
instance_705.graph,data/graph_coloring_graphs/instance_705.graph,14,7,True,1.743618,-0.34494534
instance_7050.graph,data/graph_coloring_graphs/instance_7050.graph,20,13,True,1.1394539,-0.62779295
instance_7051.graph,data/graph_coloring_graphs/instance_7051.graph,18,5,False,-3.522272,1.3096442
instance_7052.graph,data/graph_coloring_graphs/instance_7052.graph,20,13,True,1.1245193,-0.54234964
instance_7053.graph,data/graph_coloring_graphs/instance_7053.graph,14,9,True,1.2540131,-0.04067404
instance_7054.graph,data/graph_coloring_graphs/instance_7054.graph,14,11,True,1.1463737,-0.90131366
instance_7055.graph,data/graph_coloring_graphs/instance_7055.graph,18,7,True,0.28031826,0.73216057
instance_7056.graph,data/graph_coloring_graphs/instance_7056.graph,20,11,True,1.1770849,-0.3113135
instance_7057.graph,data/graph_coloring_graphs/instance_7057.graph,18,3,False,-5.6619186,1.9251966
instance_7058.graph,data/graph_coloring_graphs/instance_7058.graph,10,5,True,-0.6029854,0.64909434
instance_7059.graph,data/graph_coloring_graphs/instance_7059.graph,16,7,True,0.31381035,0.7881855
instance_706.graph,data/graph_coloring_graphs/instance_706.graph,18,13,True,1.1292534,-0.6608639
instance_7060.graph,data/graph_coloring_graphs/instance_7060.graph,16,3,True,-1.4265938,0.3412135
instance_7061.graph,data/graph_coloring_graphs/instance_7061.graph,14,5,True,0.7003441,0.26535964
instance_7062.graph,data/graph_coloring_graphs/instance_7062.graph,10,15,True,0.8832245,-1.50264
instance_7063.graph,data/graph_coloring_graphs/instance_7063.graph,10,3,True,-0.14046669,0.17093644
instance_7064.graph,data/graph_coloring_graphs/instance_7064.graph,16,7,True,3.288536,-0.18291588
instance_7065.graph,data/graph_coloring_graphs/instance_7065.graph,14,7,True,-0.08183956,0.80307186
instance_7066.graph,data/graph_coloring_graphs/instance_7066.graph,14,11,True,1.0914383,-0.052985497
instance_7067.graph,data/graph_coloring_graphs/instance_7067.graph,14,15,True,1.0937805,-1.148839
instance_7068.graph,data/graph_coloring_graphs/instance_7068.graph,14,3,False,-2.8618822,0.9748608
instance_7069.graph,data/graph_coloring_graphs/instance_7069.graph,12,9,True,1.026144,0.32773638
instance_707.graph,data/graph_coloring_graphs/instance_707.graph,10,11,True,0.9711189,-0.42146355
instance_7070.graph,data/graph_coloring_graphs/instance_7070.graph,20,15,True,1.1368027,-1.0126925
instance_7071.graph,data/graph_coloring_graphs/instance_7071.graph,18,7,True,0.06819534,0.8262919
instance_7072.graph,data/graph_coloring_graphs/instance_7072.graph,20,13,True,1.2593632,-1.1896514
instance_7073.graph,data/graph_coloring_graphs/instance_7073.graph,12,11,True,1.0433502,-0.2923202
instance_7074.graph,data/graph_coloring_graphs/instance_7074.graph,14,5,True,1.2832489,-0.0016264692
instance_7075.graph,data/graph_coloring_graphs/instance_7075.graph,14,7,False,-1.1873817,1.1201138
instance_7076.graph,data/graph_coloring_graphs/instance_7076.graph,12,13,True,1.0510483,-0.8249037
instance_7077.graph,data/graph_coloring_graphs/instance_7077.graph,10,5,True,2.026085,-0.45028624
instance_7078.graph,data/graph_coloring_graphs/instance_7078.graph,10,11,True,0.97914886,-0.5112853
instance_7079.graph,data/graph_coloring_graphs/instance_7079.graph,18,5,True,-2.244216,0.94489145
instance_708.graph,data/graph_coloring_graphs/instance_708.graph,10,7,True,-0.01488781,0.6645001
instance_7080.graph,data/graph_coloring_graphs/instance_7080.graph,18,7,True,-1.0043697,1.0464509
instance_7081.graph,data/graph_coloring_graphs/instance_7081.graph,16,11,True,1.1204758,-0.12835652
instance_7082.graph,data/graph_coloring_graphs/instance_7082.graph,18,13,True,1.2143002,-0.86336863
instance_7083.graph,data/graph_coloring_graphs/instance_7083.graph,12,9,True,1.053998,0.29929003
instance_7084.graph,data/graph_coloring_graphs/instance_7084.graph,16,3,False,-5.4721146,1.7848909
instance_7085.graph,data/graph_coloring_graphs/instance_7085.graph,16,13,True,1.1370516,-0.90170026
instance_7086.graph,data/graph_coloring_graphs/instance_7086.graph,18,15,True,1.1358185,-1.0398172
instance_7087.graph,data/graph_coloring_graphs/instance_7087.graph,12,3,True,-0.6110916,0.027653962
instance_7088.graph,data/graph_coloring_graphs/instance_7088.graph,18,9,True,1.4001732,-0.18231416
instance_7089.graph,data/graph_coloring_graphs/instance_7089.graph,16,15,True,1.1110992,-1.0459157
instance_709.graph,data/graph_coloring_graphs/instance_709.graph,18,3,False,-4.8550262,1.621506
instance_7090.graph,data/graph_coloring_graphs/instance_7090.graph,18,13,True,1.1924944,-0.92194366
instance_7091.graph,data/graph_coloring_graphs/instance_7091.graph,20,9,True,1.2836628,0.04810626
instance_7092.graph,data/graph_coloring_graphs/instance_7092.graph,14,13,True,1.2538757,-1.2519602
instance_7093.graph,data/graph_coloring_graphs/instance_7093.graph,16,9,True,1.0950098,0.3088237
instance_7094.graph,data/graph_coloring_graphs/instance_7094.graph,12,5,False,-3.0224476,1.0375677
instance_7095.graph,data/graph_coloring_graphs/instance_7095.graph,18,3,False,-5.473175,1.8286105
instance_7096.graph,data/graph_coloring_graphs/instance_7096.graph,14,5,False,-3.1033373,1.19784
instance_7097.graph,data/graph_coloring_graphs/instance_7097.graph,10,3,False,-1.5615597,0.3546163
instance_7098.graph,data/graph_coloring_graphs/instance_7098.graph,20,3,False,-1.1594791,0.5248294
instance_7099.graph,data/graph_coloring_graphs/instance_7099.graph,20,7,False,-2.2587967,1.4124174
instance_71.graph,data/graph_coloring_graphs/instance_71.graph,14,7,True,1.2651176,-0.5298729
instance_710.graph,data/graph_coloring_graphs/instance_710.graph,16,13,True,1.1099548,-0.60046375
instance_7100.graph,data/graph_coloring_graphs/instance_7100.graph,16,3,True,-0.9762459,0.20286229
instance_7101.graph,data/graph_coloring_graphs/instance_7101.graph,14,11,True,1.1592598,-0.9857502
instance_7102.graph,data/graph_coloring_graphs/instance_7102.graph,12,15,True,1.053318,-1.0790521
instance_7103.graph,data/graph_coloring_graphs/instance_7103.graph,14,9,True,0.9504013,0.43171555
instance_7104.graph,data/graph_coloring_graphs/instance_7104.graph,16,7,True,0.9046879,0.54107845
instance_7105.graph,data/graph_coloring_graphs/instance_7105.graph,18,13,True,1.1153069,-0.5735694
instance_7106.graph,data/graph_coloring_graphs/instance_7106.graph,14,9,True,0.6373863,0.7897302
instance_7107.graph,data/graph_coloring_graphs/instance_7107.graph,10,15,True,1.0139637,-1.2132043
instance_7108.graph,data/graph_coloring_graphs/instance_7108.graph,20,9,True,0.66503525,0.8651397
instance_7109.graph,data/graph_coloring_graphs/instance_7109.graph,10,7,True,0.8096256,-0.0204098
instance_711.graph,data/graph_coloring_graphs/instance_711.graph,18,9,False,0.5029335,1.0081786
instance_7110.graph,data/graph_coloring_graphs/instance_7110.graph,12,13,True,1.0277486,-0.9047997
instance_7111.graph,data/graph_coloring_graphs/instance_7111.graph,20,7,False,-2.1329308,1.3836095
instance_7112.graph,data/graph_coloring_graphs/instance_7112.graph,18,11,True,1.116539,0.0923906
instance_7113.graph,data/graph_coloring_graphs/instance_7113.graph,12,7,False,-0.9135475,1.0253487
instance_7114.graph,data/graph_coloring_graphs/instance_7114.graph,12,5,False,-1.7670231,0.979022
instance_7115.graph,data/graph_coloring_graphs/instance_7115.graph,12,3,True,1.4780807,-0.12025022
instance_7116.graph,data/graph_coloring_graphs/instance_7116.graph,20,11,True,1.1833496,-0.20694493
instance_7117.graph,data/graph_coloring_graphs/instance_7117.graph,10,11,True,0.6437416,-1.2532189
instance_7118.graph,data/graph_coloring_graphs/instance_7118.graph,14,13,True,1.1677704,-1.278322
instance_7119.graph,data/graph_coloring_graphs/instance_7119.graph,14,15,True,1.0822239,-1.1446983
instance_712.graph,data/graph_coloring_graphs/instance_712.graph,14,9,True,0.60481834,0.85918486
instance_7120.graph,data/graph_coloring_graphs/instance_7120.graph,12,9,True,0.58573914,-0.9139097
instance_7121.graph,data/graph_coloring_graphs/instance_7121.graph,18,3,False,-4.1211576,1.2076123
instance_7122.graph,data/graph_coloring_graphs/instance_7122.graph,18,5,False,-4.710682,1.5117699
instance_7123.graph,data/graph_coloring_graphs/instance_7123.graph,16,15,True,1.1158752,-1.0788745
instance_7124.graph,data/graph_coloring_graphs/instance_7124.graph,20,13,True,1.1394691,-0.62779295
instance_7125.graph,data/graph_coloring_graphs/instance_7125.graph,12,3,False,-3.8162632,1.246418
instance_7126.graph,data/graph_coloring_graphs/instance_7126.graph,14,15,True,1.111227,-1.2091801
instance_7127.graph,data/graph_coloring_graphs/instance_7127.graph,12,3,False,-2.626123,0.84840345
instance_7128.graph,data/graph_coloring_graphs/instance_7128.graph,10,7,True,0.7732067,0.3307841
instance_7129.graph,data/graph_coloring_graphs/instance_7129.graph,10,5,True,3.2543793,-0.7408172
instance_713.graph,data/graph_coloring_graphs/instance_713.graph,16,7,True,-0.34769535,0.9432914
instance_7130.graph,data/graph_coloring_graphs/instance_7130.graph,10,11,True,0.9841442,-0.26919666
instance_7131.graph,data/graph_coloring_graphs/instance_7131.graph,10,7,True,-0.1529541,-0.5892607
instance_7132.graph,data/graph_coloring_graphs/instance_7132.graph,12,9,True,0.9483118,0.40719005
instance_7133.graph,data/graph_coloring_graphs/instance_7133.graph,14,15,True,1.0908356,-1.1058307
instance_7134.graph,data/graph_coloring_graphs/instance_7134.graph,10,15,True,0.9034653,-1.4167371
instance_7135.graph,data/graph_coloring_graphs/instance_7135.graph,20,5,False,-3.5121593,1.2971268
instance_7136.graph,data/graph_coloring_graphs/instance_7136.graph,10,9,True,0.8308201,0.40231475
instance_7137.graph,data/graph_coloring_graphs/instance_7137.graph,14,3,False,-1.3958244,0.28602085
instance_7138.graph,data/graph_coloring_graphs/instance_7138.graph,18,3,True,-1.1320114,0.31802443
instance_7139.graph,data/graph_coloring_graphs/instance_7139.graph,12,9,True,0.74862766,0.668869
instance_714.graph,data/graph_coloring_graphs/instance_714.graph,10,7,True,0.9273186,-0.50962985
instance_7140.graph,data/graph_coloring_graphs/instance_7140.graph,16,7,True,1.37714,-0.01920454
instance_7141.graph,data/graph_coloring_graphs/instance_7141.graph,14,13,True,1.0900135,-0.7722477
instance_7142.graph,data/graph_coloring_graphs/instance_7142.graph,12,3,False,-3.8714256,1.0606563
instance_7143.graph,data/graph_coloring_graphs/instance_7143.graph,20,11,True,1.1240425,0.14652365
instance_7144.graph,data/graph_coloring_graphs/instance_7144.graph,10,5,True,1.7007141,-0.3206292
instance_7145.graph,data/graph_coloring_graphs/instance_7145.graph,16,13,True,1.103281,-0.71570146
instance_7146.graph,data/graph_coloring_graphs/instance_7146.graph,18,9,True,0.9665346,0.4951335
instance_7147.graph,data/graph_coloring_graphs/instance_7147.graph,18,3,False,-5.045498,1.6097128
instance_7148.graph,data/graph_coloring_graphs/instance_7148.graph,16,11,True,1.125824,-0.07585552
instance_7149.graph,data/graph_coloring_graphs/instance_7149.graph,12,13,True,1.0760651,-1.3504186
instance_715.graph,data/graph_coloring_graphs/instance_715.graph,18,5,True,2.3982162,-0.083088376
instance_7150.graph,data/graph_coloring_graphs/instance_7150.graph,20,11,True,1.2664585,-0.7380729
instance_7151.graph,data/graph_coloring_graphs/instance_7151.graph,12,3,True,1.9453583,-0.07592032
instance_7152.graph,data/graph_coloring_graphs/instance_7152.graph,14,5,True,-0.255167,0.50264394
instance_7153.graph,data/graph_coloring_graphs/instance_7153.graph,16,9,True,0.7272892,0.7135725
instance_7154.graph,data/graph_coloring_graphs/instance_7154.graph,16,9,True,1.2201595,0.2433888
instance_7155.graph,data/graph_coloring_graphs/instance_7155.graph,14,7,True,0.9131298,0.20869699
instance_7156.graph,data/graph_coloring_graphs/instance_7156.graph,10,7,False,-0.34576607,0.8381611
instance_7157.graph,data/graph_coloring_graphs/instance_7157.graph,20,3,False,-5.6997795,1.9391806
instance_7158.graph,data/graph_coloring_graphs/instance_7158.graph,20,7,True,2.2131958,-0.21294785
instance_7159.graph,data/graph_coloring_graphs/instance_7159.graph,14,5,True,2.9334412,-0.22848432
instance_716.graph,data/graph_coloring_graphs/instance_716.graph,12,13,True,1.0581741,-0.7104187
instance_7160.graph,data/graph_coloring_graphs/instance_7160.graph,10,11,True,0.83672714,-1.5694464
instance_7161.graph,data/graph_coloring_graphs/instance_7161.graph,16,5,True,0.9752617,-0.12287079
instance_7162.graph,data/graph_coloring_graphs/instance_7162.graph,20,7,True,0.44627476,0.757571
instance_7163.graph,data/graph_coloring_graphs/instance_7163.graph,18,15,True,1.1752796,-1.1308881
instance_7164.graph,data/graph_coloring_graphs/instance_7164.graph,16,9,True,0.8988476,0.6306809
instance_7165.graph,data/graph_coloring_graphs/instance_7165.graph,18,15,True,1.1255836,-1.0242366
instance_7166.graph,data/graph_coloring_graphs/instance_7166.graph,14,3,False,-4.261984,1.4764621
instance_7167.graph,data/graph_coloring_graphs/instance_7167.graph,10,5,True,-1.2191901,0.76436627
instance_7168.graph,data/graph_coloring_graphs/instance_7168.graph,18,7,True,-0.8200817,1.0013633
instance_7169.graph,data/graph_coloring_graphs/instance_7169.graph,16,3,False,-4.542076,1.3628685
instance_717.graph,data/graph_coloring_graphs/instance_717.graph,12,15,True,1.0635967,-1.2523328
instance_7170.graph,data/graph_coloring_graphs/instance_7170.graph,12,5,True,-0.12130165,0.2560714
instance_7171.graph,data/graph_coloring_graphs/instance_7171.graph,18,9,True,0.4907112,0.9966091
instance_7172.graph,data/graph_coloring_graphs/instance_7172.graph,20,5,False,-5.095642,1.6037908
instance_7173.graph,data/graph_coloring_graphs/instance_7173.graph,20,5,False,-4.7506027,1.5468836
instance_7174.graph,data/graph_coloring_graphs/instance_7174.graph,20,11,True,1.3072963,-0.6418185
instance_7175.graph,data/graph_coloring_graphs/instance_7175.graph,16,5,False,-2.606926,1.1684964
instance_7176.graph,data/graph_coloring_graphs/instance_7176.graph,10,3,False,-4.433504,1.2492399
instance_7177.graph,data/graph_coloring_graphs/instance_7177.graph,12,15,True,1.0632858,-1.3426974
instance_7178.graph,data/graph_coloring_graphs/instance_7178.graph,18,13,True,1.3512497,-1.2666957
instance_7179.graph,data/graph_coloring_graphs/instance_7179.graph,12,13,True,1.0712357,-0.74075377
instance_718.graph,data/graph_coloring_graphs/instance_718.graph,14,9,True,0.9314728,0.38698605
instance_7180.graph,data/graph_coloring_graphs/instance_7180.graph,18,3,True,-1.1599083,0.113803685
instance_7181.graph,data/graph_coloring_graphs/instance_7181.graph,12,15,True,1.0785542,-1.1917953
instance_7182.graph,data/graph_coloring_graphs/instance_7182.graph,16,13,True,1.1733394,-0.9403988
instance_7183.graph,data/graph_coloring_graphs/instance_7183.graph,20,9,True,1.1896725,0.1449456
instance_7184.graph,data/graph_coloring_graphs/instance_7184.graph,14,11,True,1.0911903,-0.04466804
instance_7185.graph,data/graph_coloring_graphs/instance_7185.graph,10,13,True,0.9808245,-0.933388
instance_7186.graph,data/graph_coloring_graphs/instance_7186.graph,10,11,True,0.9812803,-0.48195592
instance_7187.graph,data/graph_coloring_graphs/instance_7187.graph,18,3,False,-3.978447,1.0635684
instance_7188.graph,data/graph_coloring_graphs/instance_7188.graph,12,13,True,1.0546684,-0.7667041
instance_7189.graph,data/graph_coloring_graphs/instance_7189.graph,12,15,True,1.0928955,-1.442369
instance_719.graph,data/graph_coloring_graphs/instance_719.graph,14,13,True,1.2107239,-1.3322986
instance_7190.graph,data/graph_coloring_graphs/instance_7190.graph,12,11,True,1.0683365,-0.2609189
instance_7191.graph,data/graph_coloring_graphs/instance_7191.graph,12,11,True,1.0579033,-0.112810716
instance_7192.graph,data/graph_coloring_graphs/instance_7192.graph,12,5,True,2.3420296,-0.6527126
instance_7193.graph,data/graph_coloring_graphs/instance_7193.graph,16,15,True,1.188179,-1.3773214
instance_7194.graph,data/graph_coloring_graphs/instance_7194.graph,18,7,True,-0.60025215,0.9851711
instance_7195.graph,data/graph_coloring_graphs/instance_7195.graph,14,9,True,1.483242,-0.5490215
instance_7196.graph,data/graph_coloring_graphs/instance_7196.graph,20,15,True,1.1418152,-1.0094966
instance_7197.graph,data/graph_coloring_graphs/instance_7197.graph,20,5,False,-3.463955,1.3346732
instance_7198.graph,data/graph_coloring_graphs/instance_7198.graph,16,9,True,0.68092537,0.7180394
instance_7199.graph,data/graph_coloring_graphs/instance_7199.graph,18,15,True,1.1784439,-1.1814497
instance_72.graph,data/graph_coloring_graphs/instance_72.graph,10,7,True,0.13537693,0.5132469
instance_720.graph,data/graph_coloring_graphs/instance_720.graph,20,3,False,-4.076659,1.2919561
instance_7200.graph,data/graph_coloring_graphs/instance_7200.graph,14,13,True,1.0783615,-0.6987864
instance_7201.graph,data/graph_coloring_graphs/instance_7201.graph,20,11,True,1.3499222,-0.78784144
instance_7202.graph,data/graph_coloring_graphs/instance_7202.graph,12,5,True,2.4248352,-0.4670861
instance_7203.graph,data/graph_coloring_graphs/instance_7203.graph,10,9,True,1.1528397,-0.82843363
instance_7204.graph,data/graph_coloring_graphs/instance_7204.graph,18,11,True,1.3536453,-1.0703168
instance_7205.graph,data/graph_coloring_graphs/instance_7205.graph,12,7,True,0.9468765,-0.12135511
instance_7206.graph,data/graph_coloring_graphs/instance_7206.graph,10,15,True,1.0724239,-1.4319196
instance_7207.graph,data/graph_coloring_graphs/instance_7207.graph,16,9,True,0.5466728,0.8858595
instance_7208.graph,data/graph_coloring_graphs/instance_7208.graph,14,3,False,-5.211088,1.6490657
instance_7209.graph,data/graph_coloring_graphs/instance_7209.graph,16,5,False,-2.6069212,1.1684964
instance_721.graph,data/graph_coloring_graphs/instance_721.graph,12,5,False,-2.8857803,1.1262022
instance_7210.graph,data/graph_coloring_graphs/instance_7210.graph,18,7,False,-1.8863297,1.3170395
instance_7211.graph,data/graph_coloring_graphs/instance_7211.graph,18,13,True,1.1284065,-0.64911354
instance_7212.graph,data/graph_coloring_graphs/instance_7212.graph,18,9,True,0.652401,0.7926791
instance_7213.graph,data/graph_coloring_graphs/instance_7213.graph,16,9,True,0.9492111,0.5018662
instance_7214.graph,data/graph_coloring_graphs/instance_7214.graph,14,11,True,1.106575,-0.20274474
instance_7215.graph,data/graph_coloring_graphs/instance_7215.graph,20,15,True,1.2602463,-1.2989597
instance_7216.graph,data/graph_coloring_graphs/instance_7216.graph,20,15,True,1.1450768,-1.0212855
instance_7217.graph,data/graph_coloring_graphs/instance_7217.graph,18,11,True,1.1536255,-0.16977984
instance_7218.graph,data/graph_coloring_graphs/instance_7218.graph,18,3,False,-5.7137375,1.9115802
instance_7219.graph,data/graph_coloring_graphs/instance_7219.graph,12,7,True,1.3669434,-0.86443627
instance_722.graph,data/graph_coloring_graphs/instance_722.graph,18,5,True,-1.2025256,0.79586315
instance_7220.graph,data/graph_coloring_graphs/instance_7220.graph,14,11,True,1.1334257,-0.49823937
instance_7221.graph,data/graph_coloring_graphs/instance_7221.graph,14,15,True,1.0980091,-1.210707
instance_7222.graph,data/graph_coloring_graphs/instance_7222.graph,16,9,True,1.4097404,-0.21186654
instance_7223.graph,data/graph_coloring_graphs/instance_7223.graph,10,3,True,-1.0131435,0.31378385
instance_7224.graph,data/graph_coloring_graphs/instance_7224.graph,18,11,True,1.123127,0.0057495907
instance_7225.graph,data/graph_coloring_graphs/instance_7225.graph,20,15,True,1.1296997,-0.96507955
instance_7226.graph,data/graph_coloring_graphs/instance_7226.graph,10,9,True,1.2266846,0.078580886
instance_7227.graph,data/graph_coloring_graphs/instance_7227.graph,18,11,True,1.1375694,-0.0849321
instance_7228.graph,data/graph_coloring_graphs/instance_7228.graph,18,9,True,0.62485695,0.8489958
instance_7229.graph,data/graph_coloring_graphs/instance_7229.graph,20,9,True,0.9497032,0.55416334
instance_723.graph,data/graph_coloring_graphs/instance_723.graph,18,5,True,-0.61547756,0.77645934
instance_7230.graph,data/graph_coloring_graphs/instance_7230.graph,18,9,True,1.178216,0.38147816
instance_7231.graph,data/graph_coloring_graphs/instance_7231.graph,10,9,True,1.0317822,0.050413907
instance_7232.graph,data/graph_coloring_graphs/instance_7232.graph,18,5,True,0.1904335,0.54060817
instance_7233.graph,data/graph_coloring_graphs/instance_7233.graph,20,9,False,0.40649033,1.1081178
instance_7234.graph,data/graph_coloring_graphs/instance_7234.graph,12,7,True,0.20600128,-0.396588
instance_7235.graph,data/graph_coloring_graphs/instance_7235.graph,20,13,True,1.3532715,-1.197001
instance_7236.graph,data/graph_coloring_graphs/instance_7236.graph,12,5,True,2.714531,-0.30811435
instance_7237.graph,data/graph_coloring_graphs/instance_7237.graph,14,11,True,1.2789917,-0.99692476
instance_7238.graph,data/graph_coloring_graphs/instance_7238.graph,18,7,False,-1.9694939,1.3106391
instance_7239.graph,data/graph_coloring_graphs/instance_7239.graph,12,9,True,1.2822495,0.06627149
instance_724.graph,data/graph_coloring_graphs/instance_724.graph,20,15,True,1.141407,-1.0310279
instance_7240.graph,data/graph_coloring_graphs/instance_7240.graph,12,13,True,1.0343704,-1.0926228
instance_7241.graph,data/graph_coloring_graphs/instance_7241.graph,18,7,True,1.1572647,0.17623991
instance_7242.graph,data/graph_coloring_graphs/instance_7242.graph,16,9,True,1.5011826,-0.16856809
instance_7243.graph,data/graph_coloring_graphs/instance_7243.graph,14,5,True,1.0051956,0.05756987
instance_7244.graph,data/graph_coloring_graphs/instance_7244.graph,20,13,True,1.1442947,-0.67640066
instance_7245.graph,data/graph_coloring_graphs/instance_7245.graph,16,7,True,0.90468407,0.54107845
instance_7246.graph,data/graph_coloring_graphs/instance_7246.graph,16,3,False,-3.6874962,1.0172796
instance_7247.graph,data/graph_coloring_graphs/instance_7247.graph,18,3,False,-4.0574894,1.3742788
instance_7248.graph,data/graph_coloring_graphs/instance_7248.graph,20,11,True,1.1208878,0.17949577
instance_7249.graph,data/graph_coloring_graphs/instance_7249.graph,12,7,True,0.6652756,-0.07199927
instance_725.graph,data/graph_coloring_graphs/instance_725.graph,10,3,False,-4.243039,1.1489
instance_7250.graph,data/graph_coloring_graphs/instance_7250.graph,12,7,False,-0.91355133,1.0253487
instance_7251.graph,data/graph_coloring_graphs/instance_7251.graph,16,7,False,-1.5579815,1.2270784
instance_7252.graph,data/graph_coloring_graphs/instance_7252.graph,14,7,True,-0.7281399,0.84870934
instance_7253.graph,data/graph_coloring_graphs/instance_7253.graph,18,13,True,1.3999767,-1.3229046
instance_7254.graph,data/graph_coloring_graphs/instance_7254.graph,18,3,False,-3.6151266,1.036688
instance_7255.graph,data/graph_coloring_graphs/instance_7255.graph,20,9,True,0.6113262,0.91205835
instance_7256.graph,data/graph_coloring_graphs/instance_7256.graph,16,9,True,1.2076645,-0.354115
instance_7257.graph,data/graph_coloring_graphs/instance_7257.graph,16,15,True,1.2547436,-1.4136184
instance_7258.graph,data/graph_coloring_graphs/instance_7258.graph,18,3,True,-1.5236092,0.6154872
instance_7259.graph,data/graph_coloring_graphs/instance_7259.graph,16,3,True,-1.5807152,0.47731325
instance_726.graph,data/graph_coloring_graphs/instance_726.graph,14,15,True,1.1007061,-1.0991925
instance_7260.graph,data/graph_coloring_graphs/instance_7260.graph,20,5,False,-5.233097,1.6101177
instance_7261.graph,data/graph_coloring_graphs/instance_7261.graph,20,13,True,1.1806316,-0.8127707
instance_7262.graph,data/graph_coloring_graphs/instance_7262.graph,18,11,True,1.2587538,-0.65412855
instance_7263.graph,data/graph_coloring_graphs/instance_7263.graph,12,5,False,-2.6786795,1.1375186
instance_7264.graph,data/graph_coloring_graphs/instance_7264.graph,18,13,True,1.1229477,-0.7147
instance_7265.graph,data/graph_coloring_graphs/instance_7265.graph,12,15,True,1.0408764,-1.107288
instance_7266.graph,data/graph_coloring_graphs/instance_7266.graph,18,7,False,-1.9695129,1.310639
instance_7267.graph,data/graph_coloring_graphs/instance_7267.graph,18,11,True,1.1741638,-0.27846152
instance_7268.graph,data/graph_coloring_graphs/instance_7268.graph,12,3,False,-1.8742409,0.5360311
instance_7269.graph,data/graph_coloring_graphs/instance_7269.graph,14,13,True,1.1070347,-0.9303014
instance_727.graph,data/graph_coloring_graphs/instance_727.graph,18,11,True,1.1831532,-0.36374193
instance_7270.graph,data/graph_coloring_graphs/instance_7270.graph,14,3,False,-5.211094,1.6490657
instance_7271.graph,data/graph_coloring_graphs/instance_7271.graph,12,15,True,1.0520287,-1.1166954
instance_7272.graph,data/graph_coloring_graphs/instance_7272.graph,16,13,True,1.1866188,-1.2463782
instance_7273.graph,data/graph_coloring_graphs/instance_7273.graph,16,9,True,0.77790165,0.73895895
instance_7274.graph,data/graph_coloring_graphs/instance_7274.graph,10,3,False,-4.309064,1.1836712
instance_7275.graph,data/graph_coloring_graphs/instance_7275.graph,12,9,True,0.9483061,0.40719008
instance_7276.graph,data/graph_coloring_graphs/instance_7276.graph,16,15,True,1.1441498,-1.1939299
instance_7277.graph,data/graph_coloring_graphs/instance_7277.graph,12,3,False,-4.665267,1.4558423
instance_7278.graph,data/graph_coloring_graphs/instance_7278.graph,20,13,True,1.1235275,-0.5302322
instance_7279.graph,data/graph_coloring_graphs/instance_7279.graph,12,7,True,2.4615784,-0.41018146
instance_728.graph,data/graph_coloring_graphs/instance_728.graph,10,15,True,0.9742279,-1.1600965
instance_7280.graph,data/graph_coloring_graphs/instance_7280.graph,10,15,True,1.0397453,-1.5838243
instance_7281.graph,data/graph_coloring_graphs/instance_7281.graph,14,3,False,-5.198513,1.7072508
instance_7282.graph,data/graph_coloring_graphs/instance_7282.graph,18,11,True,1.1168671,0.08813192
instance_7283.graph,data/graph_coloring_graphs/instance_7283.graph,16,15,True,1.0993538,-1.0129576
instance_7284.graph,data/graph_coloring_graphs/instance_7284.graph,10,7,True,0.84062004,0.43522185
instance_7285.graph,data/graph_coloring_graphs/instance_7285.graph,18,3,False,-5.516674,1.8508773
instance_7286.graph,data/graph_coloring_graphs/instance_7286.graph,10,15,True,0.97423553,-1.1600964
instance_7287.graph,data/graph_coloring_graphs/instance_7287.graph,12,11,True,1.215519,-1.2831757
instance_7288.graph,data/graph_coloring_graphs/instance_7288.graph,18,15,True,1.1474648,-1.029315
instance_7289.graph,data/graph_coloring_graphs/instance_7289.graph,14,15,True,1.0809174,-1.112555
instance_729.graph,data/graph_coloring_graphs/instance_729.graph,20,15,True,1.1330948,-1.0218555
instance_7290.graph,data/graph_coloring_graphs/instance_7290.graph,18,9,True,1.6602325,-0.2976901
instance_7291.graph,data/graph_coloring_graphs/instance_7291.graph,14,5,True,0.5340233,0.5585953
instance_7292.graph,data/graph_coloring_graphs/instance_7292.graph,16,11,True,1.2724457,-0.827461
instance_7293.graph,data/graph_coloring_graphs/instance_7293.graph,10,3,False,-3.9898224,1.1486261
instance_7294.graph,data/graph_coloring_graphs/instance_7294.graph,20,7,True,0.79790497,0.05428631
instance_7295.graph,data/graph_coloring_graphs/instance_7295.graph,14,15,True,1.1364326,-1.3700256
instance_7296.graph,data/graph_coloring_graphs/instance_7296.graph,12,13,True,1.0572243,-0.72541356
instance_7297.graph,data/graph_coloring_graphs/instance_7297.graph,20,5,False,-3.7961426,1.3458798
instance_7298.graph,data/graph_coloring_graphs/instance_7298.graph,16,5,True,0.089868546,0.62108946
instance_7299.graph,data/graph_coloring_graphs/instance_7299.graph,14,11,True,1.2547112,-1.013525
instance_73.graph,data/graph_coloring_graphs/instance_73.graph,14,11,True,1.2210655,-0.93921304
instance_730.graph,data/graph_coloring_graphs/instance_730.graph,14,11,True,1.1720257,-0.8511143
instance_7300.graph,data/graph_coloring_graphs/instance_7300.graph,18,9,True,1.0046425,0.41433278
instance_7301.graph,data/graph_coloring_graphs/instance_7301.graph,14,9,True,1.0254755,0.288529
instance_7302.graph,data/graph_coloring_graphs/instance_7302.graph,20,15,True,1.3002701,-1.343559
instance_7303.graph,data/graph_coloring_graphs/instance_7303.graph,14,5,False,-3.5179539,1.3055931
instance_7304.graph,data/graph_coloring_graphs/instance_7304.graph,20,15,True,1.1473503,-1.0297123
instance_7305.graph,data/graph_coloring_graphs/instance_7305.graph,10,11,True,1.1133308,-1.2683592
instance_7306.graph,data/graph_coloring_graphs/instance_7306.graph,10,15,True,0.978693,-1.217442
instance_7307.graph,data/graph_coloring_graphs/instance_7307.graph,18,13,True,1.387537,-1.2757415
instance_7308.graph,data/graph_coloring_graphs/instance_7308.graph,12,5,True,1.9392853,-0.26285988
instance_7309.graph,data/graph_coloring_graphs/instance_7309.graph,16,11,True,1.272459,-0.827461
instance_731.graph,data/graph_coloring_graphs/instance_731.graph,20,13,True,1.3058491,-1.2114701
instance_7310.graph,data/graph_coloring_graphs/instance_7310.graph,12,9,True,1.1960583,-0.045355435
instance_7311.graph,data/graph_coloring_graphs/instance_7311.graph,20,13,True,1.1968155,-0.76630247
instance_7312.graph,data/graph_coloring_graphs/instance_7312.graph,10,15,True,0.3901291,-1.8352469
instance_7313.graph,data/graph_coloring_graphs/instance_7313.graph,10,5,True,1.9392891,-0.26285988
instance_7314.graph,data/graph_coloring_graphs/instance_7314.graph,10,5,True,0.24477386,0.2637615
instance_7315.graph,data/graph_coloring_graphs/instance_7315.graph,10,11,True,1.005888,-0.67923
instance_7316.graph,data/graph_coloring_graphs/instance_7316.graph,14,5,True,-0.019908905,0.708943
instance_7317.graph,data/graph_coloring_graphs/instance_7317.graph,10,7,True,2.1524677,0.20616299
instance_7318.graph,data/graph_coloring_graphs/instance_7318.graph,20,13,True,1.1421051,-0.654395
instance_7319.graph,data/graph_coloring_graphs/instance_7319.graph,14,15,True,1.1513643,-1.2909781
instance_732.graph,data/graph_coloring_graphs/instance_732.graph,20,15,True,1.2794075,-1.3549712
instance_7320.graph,data/graph_coloring_graphs/instance_7320.graph,10,13,True,1.0752654,-1.077628
instance_7321.graph,data/graph_coloring_graphs/instance_7321.graph,16,13,True,1.1098442,-0.59698856
instance_7322.graph,data/graph_coloring_graphs/instance_7322.graph,16,3,True,0.26690674,-0.0659207
instance_7323.graph,data/graph_coloring_graphs/instance_7323.graph,18,15,True,1.1519432,-1.1533864
instance_7324.graph,data/graph_coloring_graphs/instance_7324.graph,20,7,True,1.4232788,0.19107069
instance_7325.graph,data/graph_coloring_graphs/instance_7325.graph,14,13,True,1.0901222,-0.74995947
instance_7326.graph,data/graph_coloring_graphs/instance_7326.graph,16,5,False,-3.3548965,1.2942898
instance_7327.graph,data/graph_coloring_graphs/instance_7327.graph,18,13,True,1.2578125,-1.1165514
instance_7328.graph,data/graph_coloring_graphs/instance_7328.graph,18,15,True,1.2722416,-1.3249636
instance_7329.graph,data/graph_coloring_graphs/instance_7329.graph,14,13,True,1.0768509,-0.7573329
instance_733.graph,data/graph_coloring_graphs/instance_733.graph,16,5,False,-4.1731358,1.3767006
instance_7330.graph,data/graph_coloring_graphs/instance_7330.graph,14,3,False,-5.1088314,1.5947615
instance_7331.graph,data/graph_coloring_graphs/instance_7331.graph,14,11,True,1.0989819,-0.31082684
instance_7332.graph,data/graph_coloring_graphs/instance_7332.graph,12,15,True,1.0135422,-1.4835548
instance_7333.graph,data/graph_coloring_graphs/instance_7333.graph,18,3,False,-5.0876427,1.631299
instance_7334.graph,data/graph_coloring_graphs/instance_7334.graph,10,11,True,0.98654556,-1.1099281
instance_7335.graph,data/graph_coloring_graphs/instance_7335.graph,18,3,False,-5.664875,1.8855268
instance_7336.graph,data/graph_coloring_graphs/instance_7336.graph,16,9,True,0.5429096,0.92091894
instance_7337.graph,data/graph_coloring_graphs/instance_7337.graph,12,7,True,-1.1629019,0.8065796
instance_7338.graph,data/graph_coloring_graphs/instance_7338.graph,20,15,True,1.121479,-0.9715955
instance_7339.graph,data/graph_coloring_graphs/instance_7339.graph,14,15,True,1.085865,-1.0321188
instance_734.graph,data/graph_coloring_graphs/instance_734.graph,20,15,True,1.1514702,-1.0220281
instance_7340.graph,data/graph_coloring_graphs/instance_7340.graph,16,3,True,-0.902668,0.25311354
instance_7341.graph,data/graph_coloring_graphs/instance_7341.graph,16,13,True,1.1013336,-0.61305475
instance_7342.graph,data/graph_coloring_graphs/instance_7342.graph,20,11,True,1.1792259,-0.17352194
instance_7343.graph,data/graph_coloring_graphs/instance_7343.graph,20,9,True,0.69931126,0.68835366
instance_7344.graph,data/graph_coloring_graphs/instance_7344.graph,18,13,True,1.1405106,-0.68070745
instance_7345.graph,data/graph_coloring_graphs/instance_7345.graph,10,9,True,0.8123331,0.51238286
instance_7346.graph,data/graph_coloring_graphs/instance_7346.graph,14,3,False,-4.982155,1.6648332
instance_7347.graph,data/graph_coloring_graphs/instance_7347.graph,14,13,True,1.1055927,-0.8522744
instance_7348.graph,data/graph_coloring_graphs/instance_7348.graph,18,13,True,1.3006792,-1.1181673
instance_7349.graph,data/graph_coloring_graphs/instance_7349.graph,12,15,True,1.1250668,-1.3567522
instance_735.graph,data/graph_coloring_graphs/instance_735.graph,16,3,False,-3.9696445,1.2323778
instance_7350.graph,data/graph_coloring_graphs/instance_7350.graph,14,15,True,1.0872536,-1.0520709
instance_7351.graph,data/graph_coloring_graphs/instance_7351.graph,14,13,True,1.0903778,-0.69181633
instance_7352.graph,data/graph_coloring_graphs/instance_7352.graph,16,11,True,1.1704235,-0.3581322
instance_7353.graph,data/graph_coloring_graphs/instance_7353.graph,16,13,True,1.1389034,-0.9330045
instance_7354.graph,data/graph_coloring_graphs/instance_7354.graph,18,5,False,-5.212208,1.5767639
instance_7355.graph,data/graph_coloring_graphs/instance_7355.graph,16,7,True,-1.1122704,1.0861245
instance_7356.graph,data/graph_coloring_graphs/instance_7356.graph,20,9,True,0.94774437,0.5883534
instance_7357.graph,data/graph_coloring_graphs/instance_7357.graph,14,3,False,-2.7744808,0.7255993
instance_7358.graph,data/graph_coloring_graphs/instance_7358.graph,20,9,True,0.45472336,1.0488094
instance_7359.graph,data/graph_coloring_graphs/instance_7359.graph,20,11,True,1.186655,-0.23369911
instance_736.graph,data/graph_coloring_graphs/instance_736.graph,14,3,True,-1.0423756,0.36367652
instance_7360.graph,data/graph_coloring_graphs/instance_7360.graph,14,11,True,1.0828629,-0.056151696
instance_7361.graph,data/graph_coloring_graphs/instance_7361.graph,20,13,True,1.2415237,-1.1353099
instance_7362.graph,data/graph_coloring_graphs/instance_7362.graph,12,15,True,1.0092812,-1.5451097
instance_7363.graph,data/graph_coloring_graphs/instance_7363.graph,16,9,True,0.8666725,0.58059335
instance_7364.graph,data/graph_coloring_graphs/instance_7364.graph,20,15,True,1.1304474,-0.9677794
instance_7365.graph,data/graph_coloring_graphs/instance_7365.graph,14,11,True,1.0838394,-0.10941042
instance_7366.graph,data/graph_coloring_graphs/instance_7366.graph,16,15,True,1.12496,-1.0808965
instance_7367.graph,data/graph_coloring_graphs/instance_7367.graph,20,3,False,-4.4949646,1.3766543
instance_7368.graph,data/graph_coloring_graphs/instance_7368.graph,10,11,True,1.0019646,-0.19773021
instance_7369.graph,data/graph_coloring_graphs/instance_7369.graph,18,9,True,1.4359131,-0.20348361
instance_737.graph,data/graph_coloring_graphs/instance_737.graph,10,3,False,-2.6638966,0.66709626
instance_7370.graph,data/graph_coloring_graphs/instance_7370.graph,16,9,True,0.81171703,0.672781
instance_7371.graph,data/graph_coloring_graphs/instance_7371.graph,18,9,True,1.0440063,0.4634674
instance_7372.graph,data/graph_coloring_graphs/instance_7372.graph,18,3,False,-5.2061386,1.6919446
instance_7373.graph,data/graph_coloring_graphs/instance_7373.graph,14,3,False,-5.235361,1.6619456
instance_7374.graph,data/graph_coloring_graphs/instance_7374.graph,12,5,True,0.35746956,0.5415219
instance_7375.graph,data/graph_coloring_graphs/instance_7375.graph,14,3,False,-4.6313486,1.3411945
instance_7376.graph,data/graph_coloring_graphs/instance_7376.graph,20,9,True,0.60033417,0.8745165
instance_7377.graph,data/graph_coloring_graphs/instance_7377.graph,18,3,False,-5.250847,1.7626044
instance_7378.graph,data/graph_coloring_graphs/instance_7378.graph,20,3,False,-5.3296394,1.7486731
instance_7379.graph,data/graph_coloring_graphs/instance_7379.graph,16,3,False,-5.4197216,1.7570082
instance_738.graph,data/graph_coloring_graphs/instance_738.graph,12,7,True,0.6746445,-0.5977987
instance_7380.graph,data/graph_coloring_graphs/instance_7380.graph,16,7,False,-1.4454498,1.2006893
instance_7381.graph,data/graph_coloring_graphs/instance_7381.graph,10,13,True,0.9514642,-0.9811932
instance_7382.graph,data/graph_coloring_graphs/instance_7382.graph,10,9,True,1.0374908,-1.0760512
instance_7383.graph,data/graph_coloring_graphs/instance_7383.graph,12,15,True,1.2816048,-1.6296443
instance_7384.graph,data/graph_coloring_graphs/instance_7384.graph,18,13,True,1.1168709,-0.60249436
instance_7385.graph,data/graph_coloring_graphs/instance_7385.graph,12,9,True,1.2602386,-0.4069786
instance_7386.graph,data/graph_coloring_graphs/instance_7386.graph,20,9,True,0.6662159,0.81409967
instance_7387.graph,data/graph_coloring_graphs/instance_7387.graph,16,5,False,-4.120453,1.3673652
instance_7388.graph,data/graph_coloring_graphs/instance_7388.graph,10,5,False,-1.1751223,0.8324516
instance_7389.graph,data/graph_coloring_graphs/instance_7389.graph,14,9,True,1.4560738,-0.24103865
instance_739.graph,data/graph_coloring_graphs/instance_739.graph,12,9,True,0.8145342,0.54375124
instance_7390.graph,data/graph_coloring_graphs/instance_7390.graph,18,7,True,-1.5554752,1.1097169
instance_7391.graph,data/graph_coloring_graphs/instance_7391.graph,12,7,True,-0.055477142,0.7485516
instance_7392.graph,data/graph_coloring_graphs/instance_7392.graph,10,13,True,1.0186768,-1.0286183
instance_7393.graph,data/graph_coloring_graphs/instance_7393.graph,18,13,True,1.1209908,-0.6784836
instance_7394.graph,data/graph_coloring_graphs/instance_7394.graph,20,15,True,1.1671314,-1.102407
instance_7395.graph,data/graph_coloring_graphs/instance_7395.graph,18,13,True,1.1458473,-0.7393235
instance_7396.graph,data/graph_coloring_graphs/instance_7396.graph,12,7,True,-0.051693916,0.6698779
instance_7397.graph,data/graph_coloring_graphs/instance_7397.graph,20,3,False,-5.403517,1.7867062
instance_7398.graph,data/graph_coloring_graphs/instance_7398.graph,16,9,True,1.1488943,0.31137994
instance_7399.graph,data/graph_coloring_graphs/instance_7399.graph,16,9,True,0.5476608,0.94511294
instance_74.graph,data/graph_coloring_graphs/instance_74.graph,18,7,True,1.5309944,-0.033235017
instance_740.graph,data/graph_coloring_graphs/instance_740.graph,18,15,True,1.2607708,-1.335563
instance_7400.graph,data/graph_coloring_graphs/instance_7400.graph,20,7,True,0.03583622,0.85378134
instance_7401.graph,data/graph_coloring_graphs/instance_7401.graph,14,15,True,1.092989,-1.1371906
instance_7402.graph,data/graph_coloring_graphs/instance_7402.graph,12,11,True,1.0830421,-0.39334312
instance_7403.graph,data/graph_coloring_graphs/instance_7403.graph,10,3,False,-4.492243,1.2801867
instance_7404.graph,data/graph_coloring_graphs/instance_7404.graph,14,5,True,-1.7680178,0.963166
instance_7405.graph,data/graph_coloring_graphs/instance_7405.graph,10,5,False,-1.1751211,0.83245146
instance_7406.graph,data/graph_coloring_graphs/instance_7406.graph,20,15,True,1.1358643,-1.0089163
instance_7407.graph,data/graph_coloring_graphs/instance_7407.graph,14,15,True,1.1364422,-1.3700256
instance_7408.graph,data/graph_coloring_graphs/instance_7408.graph,10,9,True,0.7210312,-0.37783784
instance_7409.graph,data/graph_coloring_graphs/instance_7409.graph,12,9,True,1.01791,0.1577508
instance_741.graph,data/graph_coloring_graphs/instance_741.graph,12,9,True,1.5276337,-0.76098347
instance_7410.graph,data/graph_coloring_graphs/instance_7410.graph,16,5,False,-3.7993526,1.3410788
instance_7411.graph,data/graph_coloring_graphs/instance_7411.graph,10,13,True,1.0050163,-1.5100431
instance_7412.graph,data/graph_coloring_graphs/instance_7412.graph,20,11,True,1.125,0.13682202
instance_7413.graph,data/graph_coloring_graphs/instance_7413.graph,10,9,True,0.9498491,0.2694485
instance_7414.graph,data/graph_coloring_graphs/instance_7414.graph,10,13,True,0.9699354,-1.0092694
instance_7415.graph,data/graph_coloring_graphs/instance_7415.graph,20,5,False,-4.9833145,1.5681057
instance_7416.graph,data/graph_coloring_graphs/instance_7416.graph,10,11,True,1.1094494,-1.0954111
instance_7417.graph,data/graph_coloring_graphs/instance_7417.graph,20,11,True,1.126854,0.16835812
instance_7418.graph,data/graph_coloring_graphs/instance_7418.graph,10,11,True,0.47920227,-1.1447952
instance_7419.graph,data/graph_coloring_graphs/instance_7419.graph,20,5,True,-1.3889961,0.8992841
instance_742.graph,data/graph_coloring_graphs/instance_742.graph,16,5,False,-2.9042845,1.1866717
instance_7420.graph,data/graph_coloring_graphs/instance_7420.graph,18,11,True,1.11623,0.09659234
instance_7421.graph,data/graph_coloring_graphs/instance_7421.graph,12,11,True,1.0555286,-0.29336953
instance_7422.graph,data/graph_coloring_graphs/instance_7422.graph,10,5,True,-0.17712688,0.65414727
instance_7423.graph,data/graph_coloring_graphs/instance_7423.graph,14,7,True,1.7293434,-0.1740231
instance_7424.graph,data/graph_coloring_graphs/instance_7424.graph,10,3,False,-3.136755,1.0225365
instance_7425.graph,data/graph_coloring_graphs/instance_7425.graph,18,15,True,1.2575436,-1.3255455
instance_7426.graph,data/graph_coloring_graphs/instance_7426.graph,14,11,True,1.2226715,-0.9387498
instance_7427.graph,data/graph_coloring_graphs/instance_7427.graph,16,11,True,1.1199417,-0.11960505
instance_7428.graph,data/graph_coloring_graphs/instance_7428.graph,14,9,True,1.5540466,-0.34761485
instance_7429.graph,data/graph_coloring_graphs/instance_7429.graph,16,11,True,1.2011833,-0.3954363
instance_743.graph,data/graph_coloring_graphs/instance_743.graph,20,11,True,1.1460457,-0.014377661
instance_7430.graph,data/graph_coloring_graphs/instance_7430.graph,16,15,True,1.1607437,-1.1605048
instance_7431.graph,data/graph_coloring_graphs/instance_7431.graph,16,15,True,1.2401352,-1.4385859
instance_7432.graph,data/graph_coloring_graphs/instance_7432.graph,12,15,True,1.0434818,-1.0672585
instance_7433.graph,data/graph_coloring_graphs/instance_7433.graph,14,3,False,-4.558446,1.3848181
instance_7434.graph,data/graph_coloring_graphs/instance_7434.graph,20,13,True,1.1300049,-0.5323511
instance_7435.graph,data/graph_coloring_graphs/instance_7435.graph,20,3,False,-1.7698345,0.5901501
instance_7436.graph,data/graph_coloring_graphs/instance_7436.graph,12,9,True,1.1675911,0.09317428
instance_7437.graph,data/graph_coloring_graphs/instance_7437.graph,10,9,True,0.70727825,0.54019487
instance_7438.graph,data/graph_coloring_graphs/instance_7438.graph,14,3,False,-5.3052177,1.6990471
instance_7439.graph,data/graph_coloring_graphs/instance_7439.graph,20,11,True,1.1682701,-0.1512973
instance_744.graph,data/graph_coloring_graphs/instance_744.graph,14,11,True,1.0951633,-0.18027422
instance_7440.graph,data/graph_coloring_graphs/instance_7440.graph,10,13,True,0.9878311,-0.8847766
instance_7441.graph,data/graph_coloring_graphs/instance_7441.graph,14,15,True,1.0775986,-1.0308907
instance_7442.graph,data/graph_coloring_graphs/instance_7442.graph,16,15,True,1.2590485,-1.3624508
instance_7443.graph,data/graph_coloring_graphs/instance_7443.graph,14,3,False,-4.2135925,1.2110995
instance_7444.graph,data/graph_coloring_graphs/instance_7444.graph,20,5,True,-1.7300744,0.95912015
instance_7445.graph,data/graph_coloring_graphs/instance_7445.graph,18,5,False,-3.5753155,1.3186631
instance_7446.graph,data/graph_coloring_graphs/instance_7446.graph,20,15,True,1.2651844,-1.2846291
instance_7447.graph,data/graph_coloring_graphs/instance_7447.graph,20,9,True,1.1195707,0.49923977
instance_7448.graph,data/graph_coloring_graphs/instance_7448.graph,18,5,True,2.0242157,-0.116653465
instance_7449.graph,data/graph_coloring_graphs/instance_7449.graph,18,13,True,1.1148605,-0.5656084
instance_745.graph,data/graph_coloring_graphs/instance_745.graph,12,5,True,-1.4115696,0.8604387
instance_7450.graph,data/graph_coloring_graphs/instance_7450.graph,20,5,True,0.42630577,0.4395552
instance_7451.graph,data/graph_coloring_graphs/instance_7451.graph,10,15,True,1.0018883,-1.3270141
instance_7452.graph,data/graph_coloring_graphs/instance_7452.graph,10,5,True,1.9392776,-0.26285988
instance_7453.graph,data/graph_coloring_graphs/instance_7453.graph,12,9,True,0.8015976,0.6172875
instance_7454.graph,data/graph_coloring_graphs/instance_7454.graph,10,15,True,1.023078,-1.3443469
instance_7455.graph,data/graph_coloring_graphs/instance_7455.graph,16,15,True,1.100853,-1.0253351
instance_7456.graph,data/graph_coloring_graphs/instance_7456.graph,10,3,True,-1.7495079,0.43431136
instance_7457.graph,data/graph_coloring_graphs/instance_7457.graph,20,3,False,-5.76614,1.9380233
instance_7458.graph,data/graph_coloring_graphs/instance_7458.graph,20,15,True,1.179821,-1.1186137
instance_7459.graph,data/graph_coloring_graphs/instance_7459.graph,12,3,False,-1.9846382,0.4384614
instance_746.graph,data/graph_coloring_graphs/instance_746.graph,16,9,True,1.1178198,0.28628725
instance_7460.graph,data/graph_coloring_graphs/instance_7460.graph,10,3,False,-4.3724813,1.2170925
instance_7461.graph,data/graph_coloring_graphs/instance_7461.graph,20,5,True,-2.3026743,1.1172578
instance_7462.graph,data/graph_coloring_graphs/instance_7462.graph,12,3,False,-2.504757,0.66789365
instance_7463.graph,data/graph_coloring_graphs/instance_7463.graph,18,9,True,0.8048401,0.60960376
instance_7464.graph,data/graph_coloring_graphs/instance_7464.graph,10,3,False,-2.2239704,0.46669975
instance_7465.graph,data/graph_coloring_graphs/instance_7465.graph,14,5,True,-1.3670444,0.78422177
instance_7466.graph,data/graph_coloring_graphs/instance_7466.graph,20,15,True,1.1719322,-1.1199139
instance_7467.graph,data/graph_coloring_graphs/instance_7467.graph,14,13,True,1.1245365,-0.9096632
instance_7468.graph,data/graph_coloring_graphs/instance_7468.graph,20,11,True,1.2239304,-0.53567284
instance_7469.graph,data/graph_coloring_graphs/instance_7469.graph,20,5,True,1.5534477,0.19647849
instance_747.graph,data/graph_coloring_graphs/instance_747.graph,14,15,True,1.1874542,-1.396681
instance_7470.graph,data/graph_coloring_graphs/instance_7470.graph,16,11,True,1.1033249,0.037820354
instance_7471.graph,data/graph_coloring_graphs/instance_7471.graph,16,9,True,1.4894676,-0.33835176
instance_7472.graph,data/graph_coloring_graphs/instance_7472.graph,20,9,False,0.44026947,1.0792888
instance_7473.graph,data/graph_coloring_graphs/instance_7473.graph,18,13,True,1.2790337,-1.2399758
instance_7474.graph,data/graph_coloring_graphs/instance_7474.graph,18,9,True,0.49072456,0.9966091
instance_7475.graph,data/graph_coloring_graphs/instance_7475.graph,18,9,True,0.99187756,0.37778884
instance_7476.graph,data/graph_coloring_graphs/instance_7476.graph,16,7,True,2.6700325,-0.52470934
instance_7477.graph,data/graph_coloring_graphs/instance_7477.graph,14,15,True,1.1070805,-1.1659019
instance_7478.graph,data/graph_coloring_graphs/instance_7478.graph,12,3,False,-4.7062206,1.4762506
instance_7479.graph,data/graph_coloring_graphs/instance_7479.graph,14,15,True,1.184597,-1.3811656
instance_748.graph,data/graph_coloring_graphs/instance_748.graph,10,7,True,2.3661842,-0.3105385
instance_7480.graph,data/graph_coloring_graphs/instance_7480.graph,20,9,True,1.5242844,-0.2535666
instance_7481.graph,data/graph_coloring_graphs/instance_7481.graph,12,7,True,2.2746925,-0.41374204
instance_7482.graph,data/graph_coloring_graphs/instance_7482.graph,18,3,True,-0.6713028,0.24186051
instance_7483.graph,data/graph_coloring_graphs/instance_7483.graph,16,3,False,-4.883485,1.4715326
instance_7484.graph,data/graph_coloring_graphs/instance_7484.graph,12,11,True,1.0545654,-0.36579162
instance_7485.graph,data/graph_coloring_graphs/instance_7485.graph,12,7,True,0.9995041,-0.6365584
instance_7486.graph,data/graph_coloring_graphs/instance_7486.graph,10,13,True,0.7679291,-1.5362087
instance_7487.graph,data/graph_coloring_graphs/instance_7487.graph,10,13,True,0.9778385,-0.8268782
instance_7488.graph,data/graph_coloring_graphs/instance_7488.graph,20,7,False,-2.2177696,1.4030252
instance_7489.graph,data/graph_coloring_graphs/instance_7489.graph,14,7,True,0.41484976,0.54088223
instance_749.graph,data/graph_coloring_graphs/instance_749.graph,16,15,True,1.1051102,-1.0044198
instance_7490.graph,data/graph_coloring_graphs/instance_7490.graph,14,9,True,1.700119,-0.6421224
instance_7491.graph,data/graph_coloring_graphs/instance_7491.graph,18,3,True,-1.2046204,0.28171825
instance_7492.graph,data/graph_coloring_graphs/instance_7492.graph,14,3,False,-2.9523182,0.80631256
instance_7493.graph,data/graph_coloring_graphs/instance_7493.graph,20,15,True,1.3059072,-1.2901851
instance_7494.graph,data/graph_coloring_graphs/instance_7494.graph,20,13,True,1.123848,-0.534186
instance_7495.graph,data/graph_coloring_graphs/instance_7495.graph,14,3,False,-3.5673714,0.9884567
instance_7496.graph,data/graph_coloring_graphs/instance_7496.graph,12,13,True,1.0699425,-0.7759503
instance_7497.graph,data/graph_coloring_graphs/instance_7497.graph,16,7,True,-0.95658684,1.0067537
instance_7498.graph,data/graph_coloring_graphs/instance_7498.graph,20,5,True,-2.6752548,1.0941789
instance_7499.graph,data/graph_coloring_graphs/instance_7499.graph,16,15,True,1.1133423,-1.0615795
instance_75.graph,data/graph_coloring_graphs/instance_75.graph,16,9,False,0.5236645,0.9665617
instance_750.graph,data/graph_coloring_graphs/instance_750.graph,14,5,False,-3.0855122,1.2318327
instance_7500.graph,data/graph_coloring_graphs/instance_7500.graph,12,7,True,0.6652794,-0.07199927
instance_7501.graph,data/graph_coloring_graphs/instance_7501.graph,12,13,True,1.0649176,-0.9125397
instance_7502.graph,data/graph_coloring_graphs/instance_7502.graph,10,5,True,1.879425,0.18471298
instance_7503.graph,data/graph_coloring_graphs/instance_7503.graph,14,7,True,-0.17341661,0.6220499
instance_7504.graph,data/graph_coloring_graphs/instance_7504.graph,14,7,True,0.75266266,0.44990507
instance_7505.graph,data/graph_coloring_graphs/instance_7505.graph,18,7,True,1.0693264,0.28508458
instance_7506.graph,data/graph_coloring_graphs/instance_7506.graph,12,15,True,1.0536537,-1.0696051
instance_7507.graph,data/graph_coloring_graphs/instance_7507.graph,20,7,False,-2.2384071,1.4077467
instance_7508.graph,data/graph_coloring_graphs/instance_7508.graph,14,11,True,1.1660872,-0.5122713
instance_7509.graph,data/graph_coloring_graphs/instance_7509.graph,18,5,False,-3.1261272,1.2422688
instance_751.graph,data/graph_coloring_graphs/instance_751.graph,20,7,True,1.7660694,0.09514545
instance_7510.graph,data/graph_coloring_graphs/instance_7510.graph,12,5,True,-0.7682152,0.8053751
instance_7511.graph,data/graph_coloring_graphs/instance_7511.graph,16,5,True,0.45572662,0.5003332
instance_7512.graph,data/graph_coloring_graphs/instance_7512.graph,16,13,True,1.302311,-1.4552476
instance_7513.graph,data/graph_coloring_graphs/instance_7513.graph,14,9,False,0.5941391,0.8690835
instance_7514.graph,data/graph_coloring_graphs/instance_7514.graph,10,15,True,0.80134964,-1.5784142
instance_7515.graph,data/graph_coloring_graphs/instance_7515.graph,20,13,True,1.1702862,-0.73545766
instance_7516.graph,data/graph_coloring_graphs/instance_7516.graph,16,13,True,1.1038265,-0.7444242
instance_7517.graph,data/graph_coloring_graphs/instance_7517.graph,16,9,True,0.8666773,0.58059335
instance_7518.graph,data/graph_coloring_graphs/instance_7518.graph,12,5,True,-0.9968138,0.64068115
instance_7519.graph,data/graph_coloring_graphs/instance_7519.graph,14,15,True,1.0970535,-1.5499707
instance_752.graph,data/graph_coloring_graphs/instance_752.graph,18,7,True,1.952919,-0.05633896
instance_7520.graph,data/graph_coloring_graphs/instance_7520.graph,20,5,False,-3.5349655,1.3245168
instance_7521.graph,data/graph_coloring_graphs/instance_7521.graph,18,11,True,1.1390915,-0.017153949
instance_7522.graph,data/graph_coloring_graphs/instance_7522.graph,16,5,True,-0.6262493,0.34548888
instance_7523.graph,data/graph_coloring_graphs/instance_7523.graph,20,5,False,-5.0411835,1.5948069
instance_7524.graph,data/graph_coloring_graphs/instance_7524.graph,10,13,True,0.9977169,-0.8159871
instance_7525.graph,data/graph_coloring_graphs/instance_7525.graph,18,7,True,-0.6744633,1.036677
instance_7526.graph,data/graph_coloring_graphs/instance_7526.graph,12,5,True,-1.4628885,0.8055347
instance_7527.graph,data/graph_coloring_graphs/instance_7527.graph,12,5,True,-0.21930695,0.5722741
instance_7528.graph,data/graph_coloring_graphs/instance_7528.graph,12,3,False,-3.3152356,0.9086906
instance_7529.graph,data/graph_coloring_graphs/instance_7529.graph,16,13,True,1.1616788,-1.0098429
instance_753.graph,data/graph_coloring_graphs/instance_753.graph,14,15,True,1.2367287,-1.5320673
instance_7530.graph,data/graph_coloring_graphs/instance_7530.graph,10,7,True,-0.15295792,-0.5892607
instance_7531.graph,data/graph_coloring_graphs/instance_7531.graph,10,7,True,1.8380241,-0.3660489
instance_7532.graph,data/graph_coloring_graphs/instance_7532.graph,10,3,True,2.5349236,-0.3914097
instance_7533.graph,data/graph_coloring_graphs/instance_7533.graph,20,15,True,1.2967453,-1.3342555
instance_7534.graph,data/graph_coloring_graphs/instance_7534.graph,16,13,True,1.1033669,-0.7212198
instance_7535.graph,data/graph_coloring_graphs/instance_7535.graph,20,7,True,-0.23722458,0.8456235
instance_7536.graph,data/graph_coloring_graphs/instance_7536.graph,16,5,False,-3.8661575,1.3802705
instance_7537.graph,data/graph_coloring_graphs/instance_7537.graph,20,3,False,-1.6970215,0.5976424
instance_7538.graph,data/graph_coloring_graphs/instance_7538.graph,20,13,True,1.1869221,-0.8597114
instance_7539.graph,data/graph_coloring_graphs/instance_7539.graph,18,15,True,1.1348076,-1.0693743
instance_754.graph,data/graph_coloring_graphs/instance_754.graph,12,5,False,-2.014892,1.0221169
instance_7540.graph,data/graph_coloring_graphs/instance_7540.graph,18,7,True,1.8235855,-0.12265967
instance_7541.graph,data/graph_coloring_graphs/instance_7541.graph,10,13,True,0.9733906,-0.852947
instance_7542.graph,data/graph_coloring_graphs/instance_7542.graph,18,5,False,-3.3580456,1.2817082
instance_7543.graph,data/graph_coloring_graphs/instance_7543.graph,18,3,False,-5.600115,1.8509734
instance_7544.graph,data/graph_coloring_graphs/instance_7544.graph,10,7,True,1.8082047,-0.13853937
instance_7545.graph,data/graph_coloring_graphs/instance_7545.graph,20,7,False,-2.2790108,1.4170374
instance_7546.graph,data/graph_coloring_graphs/instance_7546.graph,20,5,False,-3.8507404,1.3776278
instance_7547.graph,data/graph_coloring_graphs/instance_7547.graph,14,15,True,1.1097488,-1.193831
instance_7548.graph,data/graph_coloring_graphs/instance_7548.graph,12,5,True,1.9949532,-0.36803165
instance_7549.graph,data/graph_coloring_graphs/instance_7549.graph,10,13,True,0.9958186,-0.9972682
instance_755.graph,data/graph_coloring_graphs/instance_755.graph,18,7,False,-1.9406853,1.3296127
instance_7550.graph,data/graph_coloring_graphs/instance_7550.graph,10,9,True,1.1329746,0.06503906
instance_7551.graph,data/graph_coloring_graphs/instance_7551.graph,20,3,False,-5.385763,1.7348249
instance_7552.graph,data/graph_coloring_graphs/instance_7552.graph,20,3,False,-5.8249817,1.969465
instance_7553.graph,data/graph_coloring_graphs/instance_7553.graph,12,9,True,0.85935116,0.5610517
instance_7554.graph,data/graph_coloring_graphs/instance_7554.graph,14,3,False,-3.1015759,1.0729955
instance_7555.graph,data/graph_coloring_graphs/instance_7555.graph,10,7,True,-0.24194336,0.8118987
instance_7556.graph,data/graph_coloring_graphs/instance_7556.graph,10,13,True,1.0349636,-1.2492193
instance_7557.graph,data/graph_coloring_graphs/instance_7557.graph,14,7,True,-0.38834763,-0.16194473
instance_7558.graph,data/graph_coloring_graphs/instance_7558.graph,18,13,True,1.1231766,-0.57721174
instance_7559.graph,data/graph_coloring_graphs/instance_7559.graph,14,13,True,1.2768822,-1.4085813
instance_756.graph,data/graph_coloring_graphs/instance_756.graph,16,11,True,1.1156082,-0.048272163
instance_7560.graph,data/graph_coloring_graphs/instance_7560.graph,16,9,True,0.6357708,0.8351989
instance_7561.graph,data/graph_coloring_graphs/instance_7561.graph,18,13,True,1.123188,-0.57721174
instance_7562.graph,data/graph_coloring_graphs/instance_7562.graph,12,15,True,1.0637665,-1.2025404
instance_7563.graph,data/graph_coloring_graphs/instance_7563.graph,16,3,True,-0.35492325,-0.026268452
instance_7564.graph,data/graph_coloring_graphs/instance_7564.graph,20,7,True,-0.066025734,0.7148999
instance_7565.graph,data/graph_coloring_graphs/instance_7565.graph,12,9,True,1.2246552,-0.36812195
instance_7566.graph,data/graph_coloring_graphs/instance_7566.graph,14,7,True,0.23214006,0.5074481
instance_7567.graph,data/graph_coloring_graphs/instance_7567.graph,16,5,True,1.8392525,-0.32117015
instance_7568.graph,data/graph_coloring_graphs/instance_7568.graph,18,15,True,1.2577934,-1.3704
instance_7569.graph,data/graph_coloring_graphs/instance_7569.graph,12,7,True,-0.5881567,0.8847517
instance_757.graph,data/graph_coloring_graphs/instance_757.graph,16,9,True,1.1654663,0.23919603
instance_7570.graph,data/graph_coloring_graphs/instance_7570.graph,20,13,True,1.2788296,-1.1372904
instance_7571.graph,data/graph_coloring_graphs/instance_7571.graph,10,7,True,1.5628815,0.3553162
instance_7572.graph,data/graph_coloring_graphs/instance_7572.graph,16,15,True,1.1807995,-1.338453
instance_7573.graph,data/graph_coloring_graphs/instance_7573.graph,10,3,False,-4.4922523,1.2801867
instance_7574.graph,data/graph_coloring_graphs/instance_7574.graph,14,3,False,-5.161043,1.6224878
instance_7575.graph,data/graph_coloring_graphs/instance_7575.graph,10,3,True,0.5056343,-0.18017349
instance_7576.graph,data/graph_coloring_graphs/instance_7576.graph,18,13,True,1.1416655,-0.83286643
instance_7577.graph,data/graph_coloring_graphs/instance_7577.graph,18,5,True,-2.175386,1.0805689
instance_7578.graph,data/graph_coloring_graphs/instance_7578.graph,18,9,True,1.2721024,-0.21701121
instance_7579.graph,data/graph_coloring_graphs/instance_7579.graph,18,7,False,-1.7731476,1.2908571
instance_758.graph,data/graph_coloring_graphs/instance_758.graph,14,15,True,1.1924992,-1.3249552
instance_7580.graph,data/graph_coloring_graphs/instance_7580.graph,20,5,False,-4.89983,1.5714946
instance_7581.graph,data/graph_coloring_graphs/instance_7581.graph,20,9,True,0.93774796,0.5301819
instance_7582.graph,data/graph_coloring_graphs/instance_7582.graph,10,3,False,-3.6940994,0.8596834
instance_7583.graph,data/graph_coloring_graphs/instance_7583.graph,18,7,True,0.77121735,0.1989685
instance_7584.graph,data/graph_coloring_graphs/instance_7584.graph,10,5,True,-1.6653421,0.76311326
instance_7585.graph,data/graph_coloring_graphs/instance_7585.graph,16,13,True,1.2918167,-1.2129711
instance_7586.graph,data/graph_coloring_graphs/instance_7586.graph,10,5,True,-0.6046839,0.5542357
instance_7587.graph,data/graph_coloring_graphs/instance_7587.graph,20,11,True,1.1252975,0.13351479
instance_7588.graph,data/graph_coloring_graphs/instance_7588.graph,16,11,True,1.2581291,-0.87542534
instance_7589.graph,data/graph_coloring_graphs/instance_7589.graph,12,9,True,1.1245155,0.30284074
instance_759.graph,data/graph_coloring_graphs/instance_759.graph,10,7,True,1.7288933,-0.54746497
instance_7590.graph,data/graph_coloring_graphs/instance_7590.graph,20,7,False,-2.1633606,1.3693136
instance_7591.graph,data/graph_coloring_graphs/instance_7591.graph,10,15,True,0.94859314,-1.4748938
instance_7592.graph,data/graph_coloring_graphs/instance_7592.graph,18,3,False,-4.9514637,1.6155332
instance_7593.graph,data/graph_coloring_graphs/instance_7593.graph,20,9,True,0.6261444,0.8991085
instance_7594.graph,data/graph_coloring_graphs/instance_7594.graph,16,3,False,-3.0906076,1.0886943
instance_7595.graph,data/graph_coloring_graphs/instance_7595.graph,16,5,True,-0.31831455,0.58422494
instance_7596.graph,data/graph_coloring_graphs/instance_7596.graph,14,15,True,1.1083832,-1.1794332
instance_7597.graph,data/graph_coloring_graphs/instance_7597.graph,12,9,True,0.9733391,0.38163486
instance_7598.graph,data/graph_coloring_graphs/instance_7598.graph,20,5,False,-3.5819778,1.3324221
instance_7599.graph,data/graph_coloring_graphs/instance_7599.graph,16,15,True,1.137104,-1.1525167
instance_76.graph,data/graph_coloring_graphs/instance_76.graph,14,9,True,0.8099537,0.6689538
instance_760.graph,data/graph_coloring_graphs/instance_760.graph,12,15,True,1.2397728,-1.5912578
instance_7600.graph,data/graph_coloring_graphs/instance_7600.graph,10,11,True,1.0447197,-1.0666412
instance_7601.graph,data/graph_coloring_graphs/instance_7601.graph,12,13,True,1.0309763,-0.8676493
instance_7602.graph,data/graph_coloring_graphs/instance_7602.graph,20,13,True,1.3331032,-1.2033781
instance_7603.graph,data/graph_coloring_graphs/instance_7603.graph,14,13,True,1.0897236,-0.8407632
instance_7604.graph,data/graph_coloring_graphs/instance_7604.graph,18,7,True,0.53126335,0.62081075
instance_7605.graph,data/graph_coloring_graphs/instance_7605.graph,16,15,True,1.1320286,-1.122481
instance_7606.graph,data/graph_coloring_graphs/instance_7606.graph,18,3,True,-1.4772053,0.4566048
instance_7607.graph,data/graph_coloring_graphs/instance_7607.graph,16,7,True,-0.78484917,1.0457966
instance_7608.graph,data/graph_coloring_graphs/instance_7608.graph,16,3,True,-2.2685795,0.44347283
instance_7609.graph,data/graph_coloring_graphs/instance_7609.graph,20,7,True,-0.42226315,0.8081728
instance_761.graph,data/graph_coloring_graphs/instance_761.graph,12,11,True,1.1019678,-0.52046216
instance_7610.graph,data/graph_coloring_graphs/instance_7610.graph,14,11,True,1.0871639,-0.29513305
instance_7611.graph,data/graph_coloring_graphs/instance_7611.graph,20,15,True,1.2828598,-1.3955345
instance_7612.graph,data/graph_coloring_graphs/instance_7612.graph,18,7,True,-1.3439255,1.0938983
instance_7613.graph,data/graph_coloring_graphs/instance_7613.graph,14,13,True,1.0753822,-0.8123926
instance_7614.graph,data/graph_coloring_graphs/instance_7614.graph,12,11,True,1.1079922,-0.74609864
instance_7615.graph,data/graph_coloring_graphs/instance_7615.graph,16,13,True,1.1016083,-0.6281146
instance_7616.graph,data/graph_coloring_graphs/instance_7616.graph,18,5,False,-4.5453796,1.5048822
instance_7617.graph,data/graph_coloring_graphs/instance_7617.graph,18,13,True,1.1200943,-0.6620792
instance_7618.graph,data/graph_coloring_graphs/instance_7618.graph,18,9,True,1.0599108,0.36031383
instance_7619.graph,data/graph_coloring_graphs/instance_7619.graph,12,13,True,1.2671833,-1.3683417
instance_762.graph,data/graph_coloring_graphs/instance_762.graph,20,5,False,-3.5560799,1.3498647
instance_7620.graph,data/graph_coloring_graphs/instance_7620.graph,10,3,True,1.8208847,-0.24424767
instance_7621.graph,data/graph_coloring_graphs/instance_7621.graph,12,11,True,1.0475235,-0.12695554
instance_7622.graph,data/graph_coloring_graphs/instance_7622.graph,12,13,True,1.1143799,-1.4858742
instance_7623.graph,data/graph_coloring_graphs/instance_7623.graph,14,9,True,0.8573828,0.62497044
instance_7624.graph,data/graph_coloring_graphs/instance_7624.graph,14,5,True,-0.46204758,0.73364985
instance_7625.graph,data/graph_coloring_graphs/instance_7625.graph,20,5,True,-1.4188833,0.9686172
instance_7626.graph,data/graph_coloring_graphs/instance_7626.graph,14,7,True,0.16838455,0.74111235
instance_7627.graph,data/graph_coloring_graphs/instance_7627.graph,18,9,True,0.67240524,0.7737205
instance_7628.graph,data/graph_coloring_graphs/instance_7628.graph,14,11,True,1.0933075,-0.11668749
instance_7629.graph,data/graph_coloring_graphs/instance_7629.graph,14,11,True,1.0834999,-0.09086403
instance_763.graph,data/graph_coloring_graphs/instance_763.graph,18,9,True,1.3771477,-0.3418624
instance_7630.graph,data/graph_coloring_graphs/instance_7630.graph,12,9,True,0.8015976,0.6172875
instance_7631.graph,data/graph_coloring_graphs/instance_7631.graph,20,3,True,-1.5574741,0.41721028
instance_7632.graph,data/graph_coloring_graphs/instance_7632.graph,10,7,True,0.09370518,0.72699285
instance_7633.graph,data/graph_coloring_graphs/instance_7633.graph,12,7,True,2.6669388,0.0052850544
instance_7634.graph,data/graph_coloring_graphs/instance_7634.graph,10,3,False,-3.162261,0.7433424
instance_7635.graph,data/graph_coloring_graphs/instance_7635.graph,12,9,True,0.8762436,0.4065669
instance_7636.graph,data/graph_coloring_graphs/instance_7636.graph,12,11,True,1.0682621,-0.3893337
instance_7637.graph,data/graph_coloring_graphs/instance_7637.graph,12,11,True,1.0842242,-0.48616663
instance_7638.graph,data/graph_coloring_graphs/instance_7638.graph,20,3,False,-5.75161,1.9658561
instance_7639.graph,data/graph_coloring_graphs/instance_7639.graph,14,15,True,1.1325045,-1.2707763
instance_764.graph,data/graph_coloring_graphs/instance_764.graph,20,3,False,-4.5465174,1.3456008
instance_7640.graph,data/graph_coloring_graphs/instance_7640.graph,20,11,True,1.122261,0.16499065
instance_7641.graph,data/graph_coloring_graphs/instance_7641.graph,20,7,False,-2.0442162,1.3633034
instance_7642.graph,data/graph_coloring_graphs/instance_7642.graph,12,3,False,-4.787384,1.4289441
instance_7643.graph,data/graph_coloring_graphs/instance_7643.graph,14,5,False,-2.680338,1.1627259
instance_7644.graph,data/graph_coloring_graphs/instance_7644.graph,16,5,True,-1.2582903,0.8130833
instance_7645.graph,data/graph_coloring_graphs/instance_7645.graph,20,13,True,1.4161797,-1.2573812
instance_7646.graph,data/graph_coloring_graphs/instance_7646.graph,10,9,True,0.7220731,0.2958946
instance_7647.graph,data/graph_coloring_graphs/instance_7647.graph,10,5,True,0.16748238,0.40217283
instance_7648.graph,data/graph_coloring_graphs/instance_7648.graph,16,15,True,1.1180477,-1.0940644
instance_7649.graph,data/graph_coloring_graphs/instance_7649.graph,20,3,False,-5.856144,2.0196543
instance_765.graph,data/graph_coloring_graphs/instance_765.graph,10,5,False,-1.8416667,0.95153916
instance_7650.graph,data/graph_coloring_graphs/instance_7650.graph,16,11,True,1.2137527,-0.82899535
instance_7651.graph,data/graph_coloring_graphs/instance_7651.graph,12,7,True,0.08629131,0.4290646
instance_7652.graph,data/graph_coloring_graphs/instance_7652.graph,10,9,True,1.3194542,-0.2950011
instance_7653.graph,data/graph_coloring_graphs/instance_7653.graph,16,11,True,1.1015472,0.07501127
instance_7654.graph,data/graph_coloring_graphs/instance_7654.graph,18,3,False,-1.3331013,0.59151447
instance_7655.graph,data/graph_coloring_graphs/instance_7655.graph,12,15,True,1.0419102,-1.0912123
instance_7656.graph,data/graph_coloring_graphs/instance_7656.graph,14,5,False,-2.9287586,1.2050965
instance_7657.graph,data/graph_coloring_graphs/instance_7657.graph,10,7,True,0.4385357,0.42652068
instance_7658.graph,data/graph_coloring_graphs/instance_7658.graph,14,15,True,1.2225685,-1.4836079
instance_7659.graph,data/graph_coloring_graphs/instance_7659.graph,16,9,True,0.5814457,0.91486657
instance_766.graph,data/graph_coloring_graphs/instance_766.graph,14,7,True,0.6900377,0.54403496
instance_7660.graph,data/graph_coloring_graphs/instance_7660.graph,10,7,True,1.7289047,-0.54746497
instance_7661.graph,data/graph_coloring_graphs/instance_7661.graph,14,15,True,1.0865173,-1.0417765
instance_7662.graph,data/graph_coloring_graphs/instance_7662.graph,14,9,True,0.8903332,0.54626465
instance_7663.graph,data/graph_coloring_graphs/instance_7663.graph,10,7,True,-0.022441864,0.7563727
instance_7664.graph,data/graph_coloring_graphs/instance_7664.graph,12,7,True,-0.40091228,0.90004385
instance_7665.graph,data/graph_coloring_graphs/instance_7665.graph,18,9,True,1.3335953,-0.16392046
instance_7666.graph,data/graph_coloring_graphs/instance_7666.graph,10,13,True,1.0722466,-1.2365965
instance_7667.graph,data/graph_coloring_graphs/instance_7667.graph,12,3,True,-1.3456306,0.15658766
instance_7668.graph,data/graph_coloring_graphs/instance_7668.graph,18,15,True,1.1256027,-1.0242366
instance_7669.graph,data/graph_coloring_graphs/instance_7669.graph,12,3,False,-4.584385,1.5032926
instance_767.graph,data/graph_coloring_graphs/instance_767.graph,20,3,False,-0.75668144,0.3282239
instance_7670.graph,data/graph_coloring_graphs/instance_7670.graph,10,3,False,-1.9260712,0.5091764
instance_7671.graph,data/graph_coloring_graphs/instance_7671.graph,10,15,True,0.99344254,-1.4066818
instance_7672.graph,data/graph_coloring_graphs/instance_7672.graph,12,5,True,-0.77978706,0.7465397
instance_7673.graph,data/graph_coloring_graphs/instance_7673.graph,14,15,True,1.1351566,-1.2920024
instance_7674.graph,data/graph_coloring_graphs/instance_7674.graph,10,3,True,0.0079956055,-0.22809732
instance_7675.graph,data/graph_coloring_graphs/instance_7675.graph,12,13,True,1.047451,-0.88260186
instance_7676.graph,data/graph_coloring_graphs/instance_7676.graph,10,5,True,2.2363815,0.117939174
instance_7677.graph,data/graph_coloring_graphs/instance_7677.graph,14,11,True,1.2267838,-0.9829972
instance_7678.graph,data/graph_coloring_graphs/instance_7678.graph,16,3,False,-4.1705265,1.2517617
instance_7679.graph,data/graph_coloring_graphs/instance_7679.graph,20,11,True,1.1792183,-0.17352197
instance_768.graph,data/graph_coloring_graphs/instance_768.graph,10,9,True,1.1753788,0.017702118
instance_7680.graph,data/graph_coloring_graphs/instance_7680.graph,20,7,False,-2.250145,1.3896561
instance_7681.graph,data/graph_coloring_graphs/instance_7681.graph,20,3,False,-5.4455605,1.808348
instance_7682.graph,data/graph_coloring_graphs/instance_7682.graph,10,11,True,0.947052,-0.703053
instance_7683.graph,data/graph_coloring_graphs/instance_7683.graph,10,7,True,0.67378616,-0.5013952
instance_7684.graph,data/graph_coloring_graphs/instance_7684.graph,20,5,False,-4.7394276,1.5270928
instance_7685.graph,data/graph_coloring_graphs/instance_7685.graph,16,15,True,1.1557693,-1.192511
instance_7686.graph,data/graph_coloring_graphs/instance_7686.graph,12,7,True,0.5062618,0.3021418
instance_7687.graph,data/graph_coloring_graphs/instance_7687.graph,14,15,True,1.0915337,-1.1157337
instance_7688.graph,data/graph_coloring_graphs/instance_7688.graph,10,11,True,0.9825001,-0.28841475
instance_7689.graph,data/graph_coloring_graphs/instance_7689.graph,10,15,True,0.95399284,-1.2557828
instance_769.graph,data/graph_coloring_graphs/instance_769.graph,10,11,True,0.96068764,-0.76489604
instance_7690.graph,data/graph_coloring_graphs/instance_7690.graph,12,5,True,-1.4727058,0.54926467
instance_7691.graph,data/graph_coloring_graphs/instance_7691.graph,12,3,False,-3.1161852,1.0520126
instance_7692.graph,data/graph_coloring_graphs/instance_7692.graph,18,15,True,1.1167984,-0.9810101
instance_7693.graph,data/graph_coloring_graphs/instance_7693.graph,10,9,True,0.99255943,0.097515956
instance_7694.graph,data/graph_coloring_graphs/instance_7694.graph,12,5,True,1.8316841,-0.030556815
instance_7695.graph,data/graph_coloring_graphs/instance_7695.graph,12,5,True,-0.80784607,0.60365367
instance_7696.graph,data/graph_coloring_graphs/instance_7696.graph,14,7,True,1.4022961,0.2749489
instance_7697.graph,data/graph_coloring_graphs/instance_7697.graph,20,15,True,1.2639313,-1.3176128
instance_7698.graph,data/graph_coloring_graphs/instance_7698.graph,18,7,False,-1.9694977,1.3106391
instance_7699.graph,data/graph_coloring_graphs/instance_7699.graph,16,13,True,1.2667313,-1.32263
instance_77.graph,data/graph_coloring_graphs/instance_77.graph,14,5,True,-1.5354505,0.9222934
instance_770.graph,data/graph_coloring_graphs/instance_770.graph,16,15,True,1.1520824,-1.173741
instance_7700.graph,data/graph_coloring_graphs/instance_7700.graph,16,5,True,-1.376672,0.8346876
instance_7701.graph,data/graph_coloring_graphs/instance_7701.graph,18,7,True,2.319748,0.021337613
instance_7702.graph,data/graph_coloring_graphs/instance_7702.graph,14,9,True,1.4414825,-0.14719611
instance_7703.graph,data/graph_coloring_graphs/instance_7703.graph,10,15,True,0.9944668,-1.2270551
instance_7704.graph,data/graph_coloring_graphs/instance_7704.graph,14,13,True,1.0904694,-0.6748835
instance_7705.graph,data/graph_coloring_graphs/instance_7705.graph,12,11,True,1.1027079,-0.54834974
instance_7706.graph,data/graph_coloring_graphs/instance_7706.graph,20,9,True,1.4963341,-0.107090354
instance_7707.graph,data/graph_coloring_graphs/instance_7707.graph,12,13,True,1.1105671,-1.1537619
instance_7708.graph,data/graph_coloring_graphs/instance_7708.graph,14,11,True,1.0969296,-0.24113993
instance_7709.graph,data/graph_coloring_graphs/instance_7709.graph,16,9,True,1.1082764,0.23481119
instance_771.graph,data/graph_coloring_graphs/instance_771.graph,16,5,False,-1.2006512,0.8927859
instance_7710.graph,data/graph_coloring_graphs/instance_7710.graph,20,15,True,1.3577423,-1.4171994
instance_7711.graph,data/graph_coloring_graphs/instance_7711.graph,20,11,True,1.147747,-0.030588992
instance_7712.graph,data/graph_coloring_graphs/instance_7712.graph,12,3,False,-3.1466064,0.69983435
instance_7713.graph,data/graph_coloring_graphs/instance_7713.graph,14,15,True,1.1441154,-1.4392707
instance_7714.graph,data/graph_coloring_graphs/instance_7714.graph,20,13,True,1.1235275,-0.5302322
instance_7715.graph,data/graph_coloring_graphs/instance_7715.graph,20,13,True,1.2636433,-1.0571531
instance_7716.graph,data/graph_coloring_graphs/instance_7716.graph,10,11,True,0.9833231,-0.45399097
instance_7717.graph,data/graph_coloring_graphs/instance_7717.graph,16,13,True,1.1770487,-0.9763434
instance_7718.graph,data/graph_coloring_graphs/instance_7718.graph,20,11,True,1.1373138,0.008444525
instance_7719.graph,data/graph_coloring_graphs/instance_7719.graph,14,13,True,1.2253828,-1.1751342
instance_772.graph,data/graph_coloring_graphs/instance_772.graph,10,13,True,0.98218536,-1.1158123
instance_7720.graph,data/graph_coloring_graphs/instance_7720.graph,14,7,True,0.95864487,0.3021665
instance_7721.graph,data/graph_coloring_graphs/instance_7721.graph,20,15,True,1.3827229,-1.3947058
instance_7722.graph,data/graph_coloring_graphs/instance_7722.graph,20,9,True,0.85681725,0.5704758
instance_7723.graph,data/graph_coloring_graphs/instance_7723.graph,16,11,True,1.130764,-0.14473289
instance_7724.graph,data/graph_coloring_graphs/instance_7724.graph,12,9,True,1.0261288,0.32773638
instance_7725.graph,data/graph_coloring_graphs/instance_7725.graph,12,7,True,1.8081894,-0.13853936
instance_7726.graph,data/graph_coloring_graphs/instance_7726.graph,12,9,True,1.3188038,0.11362836
instance_7727.graph,data/graph_coloring_graphs/instance_7727.graph,14,15,True,1.0786896,-1.0575322
instance_7728.graph,data/graph_coloring_graphs/instance_7728.graph,20,15,True,1.1181145,-0.9572401
instance_7729.graph,data/graph_coloring_graphs/instance_7729.graph,12,9,True,1.0687504,0.35713655
instance_773.graph,data/graph_coloring_graphs/instance_773.graph,12,13,True,1.0397377,-0.76665044
instance_7730.graph,data/graph_coloring_graphs/instance_7730.graph,12,9,True,0.60721684,0.69595516
instance_7731.graph,data/graph_coloring_graphs/instance_7731.graph,18,9,True,0.5364113,0.9789753
instance_7732.graph,data/graph_coloring_graphs/instance_7732.graph,18,15,True,1.2577839,-1.3704
instance_7733.graph,data/graph_coloring_graphs/instance_7733.graph,20,5,True,2.0006828,0.17488313
instance_7734.graph,data/graph_coloring_graphs/instance_7734.graph,16,3,False,-5.4549484,1.7757486
instance_7735.graph,data/graph_coloring_graphs/instance_7735.graph,16,7,False,-1.7337093,1.2682792
instance_7736.graph,data/graph_coloring_graphs/instance_7736.graph,16,15,True,1.1262379,-1.0884943
instance_7737.graph,data/graph_coloring_graphs/instance_7737.graph,16,15,True,1.2103214,-1.2563562
instance_7738.graph,data/graph_coloring_graphs/instance_7738.graph,20,15,True,1.1901646,-1.1247959
instance_7739.graph,data/graph_coloring_graphs/instance_7739.graph,18,5,False,-4.674202,1.5055637
instance_774.graph,data/graph_coloring_graphs/instance_774.graph,14,3,True,0.028152466,0.10082464
instance_7740.graph,data/graph_coloring_graphs/instance_7740.graph,16,9,True,1.4285583,-0.093984194
instance_7741.graph,data/graph_coloring_graphs/instance_7741.graph,18,15,True,1.111103,-0.9807172
instance_7742.graph,data/graph_coloring_graphs/instance_7742.graph,16,9,True,1.4759445,-0.22719342
instance_7743.graph,data/graph_coloring_graphs/instance_7743.graph,16,11,True,1.1288185,-0.117551565
instance_7744.graph,data/graph_coloring_graphs/instance_7744.graph,20,3,False,-4.4898825,1.3164554
instance_7745.graph,data/graph_coloring_graphs/instance_7745.graph,16,7,True,2.1663666,-0.21592566
instance_7746.graph,data/graph_coloring_graphs/instance_7746.graph,10,9,True,1.0731602,0.00073093176
instance_7747.graph,data/graph_coloring_graphs/instance_7747.graph,12,11,True,1.0683365,-0.26091892
instance_7748.graph,data/graph_coloring_graphs/instance_7748.graph,12,15,True,1.114706,-1.2476664
instance_7749.graph,data/graph_coloring_graphs/instance_7749.graph,18,13,True,1.1229897,-0.5744382
instance_775.graph,data/graph_coloring_graphs/instance_775.graph,16,5,True,1.731205,-0.061188135
instance_7750.graph,data/graph_coloring_graphs/instance_7750.graph,14,9,True,0.92783165,0.5101665
instance_7751.graph,data/graph_coloring_graphs/instance_7751.graph,18,7,True,1.1309242,0.08903143
instance_7752.graph,data/graph_coloring_graphs/instance_7752.graph,10,7,True,2.0222855,-1.0095525
instance_7753.graph,data/graph_coloring_graphs/instance_7753.graph,18,13,True,1.1157608,-0.5818461
instance_7754.graph,data/graph_coloring_graphs/instance_7754.graph,16,13,True,1.1638966,-1.0373992
instance_7755.graph,data/graph_coloring_graphs/instance_7755.graph,16,7,True,0.75410175,0.63459265
instance_7756.graph,data/graph_coloring_graphs/instance_7756.graph,12,5,True,1.0349693,0.41938373
instance_7757.graph,data/graph_coloring_graphs/instance_7757.graph,16,5,False,-2.4399157,1.1065651
instance_7758.graph,data/graph_coloring_graphs/instance_7758.graph,10,5,False,-2.24231,0.9557607
instance_7759.graph,data/graph_coloring_graphs/instance_7759.graph,12,3,False,-3.9375763,1.0935886
instance_776.graph,data/graph_coloring_graphs/instance_776.graph,16,3,False,-5.254383,1.7249005
instance_7760.graph,data/graph_coloring_graphs/instance_7760.graph,12,11,True,1.0545635,-0.36579165
instance_7761.graph,data/graph_coloring_graphs/instance_7761.graph,10,15,True,1.0043106,-1.6176072
instance_7762.graph,data/graph_coloring_graphs/instance_7762.graph,18,7,True,-0.8200798,1.0013633
instance_7763.graph,data/graph_coloring_graphs/instance_7763.graph,16,5,True,-0.48568916,0.76945174
instance_7764.graph,data/graph_coloring_graphs/instance_7764.graph,16,7,True,-1.3429317,1.1034197
instance_7765.graph,data/graph_coloring_graphs/instance_7765.graph,10,7,True,2.0242767,-0.027123408
instance_7766.graph,data/graph_coloring_graphs/instance_7766.graph,14,11,True,1.3342857,-1.1992563
instance_7767.graph,data/graph_coloring_graphs/instance_7767.graph,14,9,True,1.0996017,-0.3700242
instance_7768.graph,data/graph_coloring_graphs/instance_7768.graph,14,7,True,-1.1880779,1.0770109
instance_7769.graph,data/graph_coloring_graphs/instance_7769.graph,18,11,True,1.2400494,-0.8852165
instance_777.graph,data/graph_coloring_graphs/instance_777.graph,12,9,True,0.72084045,0.63941
instance_7770.graph,data/graph_coloring_graphs/instance_7770.graph,18,5,False,-4.859768,1.557183
instance_7771.graph,data/graph_coloring_graphs/instance_7771.graph,18,9,True,1.3718414,-0.23774642
instance_7772.graph,data/graph_coloring_graphs/instance_7772.graph,18,5,True,-1.2599363,0.7077024
instance_7773.graph,data/graph_coloring_graphs/instance_7773.graph,14,7,True,-1.2404232,1.089972
instance_7774.graph,data/graph_coloring_graphs/instance_7774.graph,10,11,True,0.97523975,-0.37337926
instance_7775.graph,data/graph_coloring_graphs/instance_7775.graph,16,3,False,-4.7928677,1.5538492
instance_7776.graph,data/graph_coloring_graphs/instance_7776.graph,10,11,True,0.98415184,-0.26919663
instance_7777.graph,data/graph_coloring_graphs/instance_7777.graph,12,9,True,1.1441498,0.20725748
instance_7778.graph,data/graph_coloring_graphs/instance_7778.graph,10,5,True,-1.7614384,0.8658055
instance_7779.graph,data/graph_coloring_graphs/instance_7779.graph,12,9,True,0.9002304,0.057014227
instance_778.graph,data/graph_coloring_graphs/instance_778.graph,10,5,True,-0.14327621,0.5630977
instance_7780.graph,data/graph_coloring_graphs/instance_7780.graph,14,7,False,-1.2367935,1.1319013
instance_7781.graph,data/graph_coloring_graphs/instance_7781.graph,18,13,True,1.1401062,-0.6763499
instance_7782.graph,data/graph_coloring_graphs/instance_7782.graph,20,15,True,1.1184196,-0.9584745
instance_7783.graph,data/graph_coloring_graphs/instance_7783.graph,12,11,True,1.0584602,-0.0695199
instance_7784.graph,data/graph_coloring_graphs/instance_7784.graph,16,5,True,3.0974693,-0.19751596
instance_7785.graph,data/graph_coloring_graphs/instance_7785.graph,16,7,True,0.8080616,0.56525135
instance_7786.graph,data/graph_coloring_graphs/instance_7786.graph,20,13,True,1.1417542,-0.65090716
instance_7787.graph,data/graph_coloring_graphs/instance_7787.graph,10,7,True,-0.13424206,0.7846546
instance_7788.graph,data/graph_coloring_graphs/instance_7788.graph,14,15,True,1.0781174,-1.0436478
instance_7789.graph,data/graph_coloring_graphs/instance_7789.graph,12,9,True,0.82390785,0.37891093
instance_779.graph,data/graph_coloring_graphs/instance_779.graph,18,9,True,0.98278236,0.47975478
instance_7790.graph,data/graph_coloring_graphs/instance_7790.graph,16,5,True,-1.1116831,0.8340621
instance_7791.graph,data/graph_coloring_graphs/instance_7791.graph,10,3,False,-3.4543314,1.0271957
instance_7792.graph,data/graph_coloring_graphs/instance_7792.graph,16,11,True,1.197691,-0.9129344
instance_7793.graph,data/graph_coloring_graphs/instance_7793.graph,12,11,True,1.0420437,-0.34426174
instance_7794.graph,data/graph_coloring_graphs/instance_7794.graph,18,5,True,0.29501534,0.5717845
instance_7795.graph,data/graph_coloring_graphs/instance_7795.graph,14,15,True,1.1109676,-1.0972935
instance_7796.graph,data/graph_coloring_graphs/instance_7796.graph,18,3,False,-5.5985146,1.8927573
instance_7797.graph,data/graph_coloring_graphs/instance_7797.graph,20,7,True,2.898098,-0.2726681
instance_7798.graph,data/graph_coloring_graphs/instance_7798.graph,14,11,True,1.0962029,-0.21583265
instance_7799.graph,data/graph_coloring_graphs/instance_7799.graph,10,7,True,0.1125536,0.63035214
instance_78.graph,data/graph_coloring_graphs/instance_78.graph,12,7,True,0.561718,-0.25897074
instance_780.graph,data/graph_coloring_graphs/instance_780.graph,12,15,True,1.0639172,-1.1540244
instance_7800.graph,data/graph_coloring_graphs/instance_7800.graph,12,9,True,0.74863243,0.668869
instance_7801.graph,data/graph_coloring_graphs/instance_7801.graph,12,7,False,-0.6327467,0.95670867
instance_7802.graph,data/graph_coloring_graphs/instance_7802.graph,12,3,False,-4.180127,1.2143395
instance_7803.graph,data/graph_coloring_graphs/instance_7803.graph,18,5,True,-0.6142001,0.81505
instance_7804.graph,data/graph_coloring_graphs/instance_7804.graph,14,15,True,1.0882225,-1.0669011
instance_7805.graph,data/graph_coloring_graphs/instance_7805.graph,10,9,True,0.7072859,0.54019487
instance_7806.graph,data/graph_coloring_graphs/instance_7806.graph,10,9,True,0.6522598,-1.0875192
instance_7807.graph,data/graph_coloring_graphs/instance_7807.graph,14,3,False,-3.0363855,0.84446776
instance_7808.graph,data/graph_coloring_graphs/instance_7808.graph,16,15,True,1.0977097,-0.9994061
instance_7809.graph,data/graph_coloring_graphs/instance_7809.graph,12,15,True,1.1254921,-1.5224453
instance_781.graph,data/graph_coloring_graphs/instance_781.graph,12,9,True,1.1675949,0.09317429
instance_7810.graph,data/graph_coloring_graphs/instance_7810.graph,10,7,True,1.0980873,0.08036879
instance_7811.graph,data/graph_coloring_graphs/instance_7811.graph,16,15,True,1.2292709,-1.3252888
instance_7812.graph,data/graph_coloring_graphs/instance_7812.graph,14,11,True,1.0839844,-0.11900527
instance_7813.graph,data/graph_coloring_graphs/instance_7813.graph,20,13,True,1.1878815,-0.8669703
instance_7814.graph,data/graph_coloring_graphs/instance_7814.graph,10,15,True,0.99227715,-1.1409037
instance_7815.graph,data/graph_coloring_graphs/instance_7815.graph,16,13,True,1.1548753,-0.92562246
instance_7816.graph,data/graph_coloring_graphs/instance_7816.graph,14,5,True,1.0387039,-0.3312231
instance_7817.graph,data/graph_coloring_graphs/instance_7817.graph,12,9,True,1.2060738,-0.7875376
instance_7818.graph,data/graph_coloring_graphs/instance_7818.graph,12,15,True,1.0638885,-1.1690514
instance_7819.graph,data/graph_coloring_graphs/instance_7819.graph,10,15,True,0.9562454,-1.6784958
instance_782.graph,data/graph_coloring_graphs/instance_782.graph,20,7,True,1.169817,0.102277264
instance_7820.graph,data/graph_coloring_graphs/instance_7820.graph,10,11,True,0.93377686,-0.88049066
instance_7821.graph,data/graph_coloring_graphs/instance_7821.graph,12,13,True,1.0676727,-0.83747196
instance_7822.graph,data/graph_coloring_graphs/instance_7822.graph,18,9,True,0.6798382,0.8273926
instance_7823.graph,data/graph_coloring_graphs/instance_7823.graph,10,11,True,0.9820175,-0.7435945
instance_7824.graph,data/graph_coloring_graphs/instance_7824.graph,10,9,True,0.93608475,0.020287305
instance_7825.graph,data/graph_coloring_graphs/instance_7825.graph,12,15,True,1.1011229,-1.3118753
instance_7826.graph,data/graph_coloring_graphs/instance_7826.graph,12,11,True,1.0827675,-0.37232655
instance_7827.graph,data/graph_coloring_graphs/instance_7827.graph,14,3,False,-3.9830465,1.1871946
instance_7828.graph,data/graph_coloring_graphs/instance_7828.graph,16,11,True,1.1603165,-0.38624004
instance_7829.graph,data/graph_coloring_graphs/instance_7829.graph,14,5,True,2.2566795,0.003210444
instance_783.graph,data/graph_coloring_graphs/instance_783.graph,18,5,True,-0.94602966,0.8340099
instance_7830.graph,data/graph_coloring_graphs/instance_7830.graph,20,11,True,1.1856232,-0.15645157
instance_7831.graph,data/graph_coloring_graphs/instance_7831.graph,12,3,False,-4.14662,1.2981862
instance_7832.graph,data/graph_coloring_graphs/instance_7832.graph,16,9,True,1.2146454,-0.22797808
instance_7833.graph,data/graph_coloring_graphs/instance_7833.graph,18,7,True,0.15570164,0.7155601
instance_7834.graph,data/graph_coloring_graphs/instance_7834.graph,20,15,True,1.3507824,-1.3947177
instance_7835.graph,data/graph_coloring_graphs/instance_7835.graph,12,7,True,-0.6327362,0.95670867
instance_7836.graph,data/graph_coloring_graphs/instance_7836.graph,10,3,False,-4.5488195,1.3099964
instance_7837.graph,data/graph_coloring_graphs/instance_7837.graph,20,15,True,1.1175842,-0.954811
instance_7838.graph,data/graph_coloring_graphs/instance_7838.graph,16,11,True,1.2581348,-0.8754252
instance_7839.graph,data/graph_coloring_graphs/instance_7839.graph,14,15,True,1.2230148,-1.4678624
instance_784.graph,data/graph_coloring_graphs/instance_784.graph,16,7,True,0.8047447,0.076184936
instance_7840.graph,data/graph_coloring_graphs/instance_7840.graph,10,15,True,0.97446156,-1.241244
instance_7841.graph,data/graph_coloring_graphs/instance_7841.graph,10,3,True,-2.3791199,0.5373709
instance_7842.graph,data/graph_coloring_graphs/instance_7842.graph,18,15,True,1.2995453,-1.4036078
instance_7843.graph,data/graph_coloring_graphs/instance_7843.graph,10,9,True,1.4665909,-0.67104614
instance_7844.graph,data/graph_coloring_graphs/instance_7844.graph,12,7,True,0.5261736,0.5145794
instance_7845.graph,data/graph_coloring_graphs/instance_7845.graph,14,7,False,-1.0328636,1.0832369
instance_7846.graph,data/graph_coloring_graphs/instance_7846.graph,16,13,True,1.4092026,-1.409661
instance_7847.graph,data/graph_coloring_graphs/instance_7847.graph,10,11,True,1.0223465,-0.8433871
instance_7848.graph,data/graph_coloring_graphs/instance_7848.graph,18,5,True,0.92695045,0.24403039
instance_7849.graph,data/graph_coloring_graphs/instance_7849.graph,20,9,True,0.487648,1.0388248
instance_785.graph,data/graph_coloring_graphs/instance_785.graph,18,5,True,2.20673,0.03442365
instance_7850.graph,data/graph_coloring_graphs/instance_7850.graph,18,11,True,1.1707153,-0.24588533
instance_7851.graph,data/graph_coloring_graphs/instance_7851.graph,10,13,True,0.99399567,-0.84188414
instance_7852.graph,data/graph_coloring_graphs/instance_7852.graph,10,9,True,1.031786,0.05041389
instance_7853.graph,data/graph_coloring_graphs/instance_7853.graph,10,11,True,1.0437126,-1.1411071
instance_7854.graph,data/graph_coloring_graphs/instance_7854.graph,16,11,True,1.1264,-0.0838595
instance_7855.graph,data/graph_coloring_graphs/instance_7855.graph,18,15,True,1.3040695,-1.4165716
instance_7856.graph,data/graph_coloring_graphs/instance_7856.graph,10,5,True,0.8842697,-0.40701362
instance_7857.graph,data/graph_coloring_graphs/instance_7857.graph,18,7,True,-1.2972088,1.1180909
instance_7858.graph,data/graph_coloring_graphs/instance_7858.graph,10,15,True,0.9777641,-1.1433749
instance_7859.graph,data/graph_coloring_graphs/instance_7859.graph,18,5,True,-1.31096,0.8157332
instance_786.graph,data/graph_coloring_graphs/instance_786.graph,14,13,True,1.2039032,-1.357708
instance_7860.graph,data/graph_coloring_graphs/instance_7860.graph,12,9,True,0.6998606,0.7163513
instance_7861.graph,data/graph_coloring_graphs/instance_7861.graph,12,11,True,1.1357155,-1.295629
instance_7862.graph,data/graph_coloring_graphs/instance_7862.graph,12,15,True,1.0638142,-1.1851815
instance_7863.graph,data/graph_coloring_graphs/instance_7863.graph,10,9,True,0.85867596,0.3712184
instance_7864.graph,data/graph_coloring_graphs/instance_7864.graph,18,11,True,1.1178665,0.07500243
instance_7865.graph,data/graph_coloring_graphs/instance_7865.graph,18,9,True,0.56492805,0.9541367
instance_7866.graph,data/graph_coloring_graphs/instance_7866.graph,10,9,True,0.6240854,0.63308215
instance_7867.graph,data/graph_coloring_graphs/instance_7867.graph,10,7,True,0.39035988,0.12050463
instance_7868.graph,data/graph_coloring_graphs/instance_7868.graph,10,13,True,1.0091019,-1.4470456
instance_7869.graph,data/graph_coloring_graphs/instance_7869.graph,16,13,True,1.115324,-0.73804843
instance_787.graph,data/graph_coloring_graphs/instance_787.graph,14,13,True,1.1024742,-0.68476963
instance_7870.graph,data/graph_coloring_graphs/instance_7870.graph,10,3,False,-4.0630207,1.1844678
instance_7871.graph,data/graph_coloring_graphs/instance_7871.graph,12,7,True,0.8423376,0.5189825
instance_7872.graph,data/graph_coloring_graphs/instance_7872.graph,12,7,True,2.0593376,0.20778814
instance_7873.graph,data/graph_coloring_graphs/instance_7873.graph,20,5,False,-5.0122757,1.5729792
instance_7874.graph,data/graph_coloring_graphs/instance_7874.graph,18,7,True,-1.2170887,1.0984935
instance_7875.graph,data/graph_coloring_graphs/instance_7875.graph,10,15,True,0.9840908,-1.1135468
instance_7876.graph,data/graph_coloring_graphs/instance_7876.graph,14,3,True,-0.3142891,0.062737584
instance_7877.graph,data/graph_coloring_graphs/instance_7877.graph,20,5,False,-4.899822,1.5714946
instance_7878.graph,data/graph_coloring_graphs/instance_7878.graph,18,9,True,1.3885117,-0.0028428584
instance_7879.graph,data/graph_coloring_graphs/instance_7879.graph,10,3,True,0.3258705,0.011945337
instance_788.graph,data/graph_coloring_graphs/instance_788.graph,18,15,True,1.109642,-0.97269154
instance_7880.graph,data/graph_coloring_graphs/instance_7880.graph,20,11,True,1.3108726,-0.66230536
instance_7881.graph,data/graph_coloring_graphs/instance_7881.graph,16,5,False,-2.3739357,1.1293126
instance_7882.graph,data/graph_coloring_graphs/instance_7882.graph,20,13,True,1.1521378,-0.7558435
instance_7883.graph,data/graph_coloring_graphs/instance_7883.graph,20,7,True,-0.46156502,0.86161447
instance_7884.graph,data/graph_coloring_graphs/instance_7884.graph,18,15,True,1.1306648,-1.0492132
instance_7885.graph,data/graph_coloring_graphs/instance_7885.graph,10,7,True,2.8390656,-0.7024956
instance_7886.graph,data/graph_coloring_graphs/instance_7886.graph,20,13,True,1.138546,-0.61853445
instance_7887.graph,data/graph_coloring_graphs/instance_7887.graph,20,9,True,0.4659958,1.0573128
instance_7888.graph,data/graph_coloring_graphs/instance_7888.graph,18,9,True,1.3354034,-0.111757025
instance_7889.graph,data/graph_coloring_graphs/instance_7889.graph,12,5,True,-0.01235199,0.5334544
instance_789.graph,data/graph_coloring_graphs/instance_789.graph,16,9,True,1.2359238,0.029600553
instance_7890.graph,data/graph_coloring_graphs/instance_7890.graph,12,11,True,1.0478172,-0.11557977
instance_7891.graph,data/graph_coloring_graphs/instance_7891.graph,16,7,True,-0.6219864,0.9230391
instance_7892.graph,data/graph_coloring_graphs/instance_7892.graph,10,11,True,0.95170593,-0.98658454
instance_7893.graph,data/graph_coloring_graphs/instance_7893.graph,10,5,False,-1.9932871,0.9786291
instance_7894.graph,data/graph_coloring_graphs/instance_7894.graph,16,3,False,-5.4374676,1.7664547
instance_7895.graph,data/graph_coloring_graphs/instance_7895.graph,20,13,True,1.3206844,-1.2513125
instance_7896.graph,data/graph_coloring_graphs/instance_7896.graph,18,3,False,-5.6522636,1.8787987
instance_7897.graph,data/graph_coloring_graphs/instance_7897.graph,14,9,True,0.7501707,0.63239574
instance_7898.graph,data/graph_coloring_graphs/instance_7898.graph,12,15,True,1.2455673,-1.4796219
instance_7899.graph,data/graph_coloring_graphs/instance_7899.graph,10,9,True,1.3169556,-0.47605446
instance_79.graph,data/graph_coloring_graphs/instance_79.graph,12,7,True,-0.4215145,0.8421457
instance_790.graph,data/graph_coloring_graphs/instance_790.graph,20,9,True,0.6491642,0.8790103
instance_7900.graph,data/graph_coloring_graphs/instance_7900.graph,12,7,True,3.54171,-0.54136646
instance_7901.graph,data/graph_coloring_graphs/instance_7901.graph,10,7,True,0.19950485,0.18465218
instance_7902.graph,data/graph_coloring_graphs/instance_7902.graph,12,11,True,1.0548248,-0.34673318
instance_7903.graph,data/graph_coloring_graphs/instance_7903.graph,16,11,True,1.1745358,-0.27510142
instance_7904.graph,data/graph_coloring_graphs/instance_7904.graph,12,7,True,1.1917648,-0.7557969
instance_7905.graph,data/graph_coloring_graphs/instance_7905.graph,20,5,True,-0.3490219,0.41589364
instance_7906.graph,data/graph_coloring_graphs/instance_7906.graph,14,5,False,-3.3797112,1.2820146
instance_7907.graph,data/graph_coloring_graphs/instance_7907.graph,12,7,True,1.0357361,0.26997554
instance_7908.graph,data/graph_coloring_graphs/instance_7908.graph,14,5,True,-1.0802846,0.730325
instance_7909.graph,data/graph_coloring_graphs/instance_7909.graph,14,13,True,1.0796509,-0.65062284
instance_791.graph,data/graph_coloring_graphs/instance_791.graph,20,11,True,1.208128,-0.25247234
instance_7910.graph,data/graph_coloring_graphs/instance_7910.graph,18,7,True,-1.0874443,1.0291886
instance_7911.graph,data/graph_coloring_graphs/instance_7911.graph,16,9,True,1.4504852,-0.2764991
instance_7912.graph,data/graph_coloring_graphs/instance_7912.graph,16,5,True,0.2431488,0.59392035
instance_7913.graph,data/graph_coloring_graphs/instance_7913.graph,12,7,True,1.5485306,-0.5406234
instance_7914.graph,data/graph_coloring_graphs/instance_7914.graph,16,5,True,-1.3766825,0.8346876
instance_7915.graph,data/graph_coloring_graphs/instance_7915.graph,12,3,False,-4.746105,1.4960927
instance_7916.graph,data/graph_coloring_graphs/instance_7916.graph,10,15,True,1.0203266,-1.3846636
instance_7917.graph,data/graph_coloring_graphs/instance_7917.graph,18,13,True,1.1310577,-0.6861267
instance_7918.graph,data/graph_coloring_graphs/instance_7918.graph,16,3,False,-3.302638,1.0110408
instance_7919.graph,data/graph_coloring_graphs/instance_7919.graph,20,5,False,-4.8641205,1.5480626
instance_792.graph,data/graph_coloring_graphs/instance_792.graph,18,11,True,1.1152916,0.1088666
instance_7920.graph,data/graph_coloring_graphs/instance_7920.graph,12,9,True,1.157114,-0.000955455
instance_7921.graph,data/graph_coloring_graphs/instance_7921.graph,18,13,True,1.121952,-0.6959857
instance_7922.graph,data/graph_coloring_graphs/instance_7922.graph,18,15,True,1.1395073,-1.0560777
instance_7923.graph,data/graph_coloring_graphs/instance_7923.graph,16,5,True,1.6397362,-0.15087149
instance_7924.graph,data/graph_coloring_graphs/instance_7924.graph,16,5,True,-1.8206835,0.9157046
instance_7925.graph,data/graph_coloring_graphs/instance_7925.graph,20,7,True,2.1737556,0.19215398
instance_7926.graph,data/graph_coloring_graphs/instance_7926.graph,10,5,True,-0.9387436,0.25099477
instance_7927.graph,data/graph_coloring_graphs/instance_7927.graph,14,9,True,0.7576456,0.5690644
instance_7928.graph,data/graph_coloring_graphs/instance_7928.graph,20,13,True,1.1946049,-0.8264384
instance_7929.graph,data/graph_coloring_graphs/instance_7929.graph,10,3,False,-3.9135075,1.1112595
instance_793.graph,data/graph_coloring_graphs/instance_793.graph,18,3,False,-5.0386276,1.658333
instance_7930.graph,data/graph_coloring_graphs/instance_7930.graph,16,11,True,1.1239319,-0.18494953
instance_7931.graph,data/graph_coloring_graphs/instance_7931.graph,18,9,True,1.1644897,0.4314327
instance_7932.graph,data/graph_coloring_graphs/instance_7932.graph,12,9,True,1.2344208,-0.96304786
instance_7933.graph,data/graph_coloring_graphs/instance_7933.graph,12,13,True,1.025403,-0.93179727
instance_7934.graph,data/graph_coloring_graphs/instance_7934.graph,14,15,True,1.0918732,-1.1208841
instance_7935.graph,data/graph_coloring_graphs/instance_7935.graph,12,9,True,1.2552872,-0.63435555
instance_7936.graph,data/graph_coloring_graphs/instance_7936.graph,20,11,True,1.2262173,-0.30510205
instance_7937.graph,data/graph_coloring_graphs/instance_7937.graph,12,11,True,1.0860109,-0.62648106
instance_7938.graph,data/graph_coloring_graphs/instance_7938.graph,16,15,True,1.2535782,-1.4931302
instance_7939.graph,data/graph_coloring_graphs/instance_7939.graph,20,11,True,1.3638239,-0.71294487
instance_794.graph,data/graph_coloring_graphs/instance_794.graph,14,11,True,1.1311893,-0.4562125
instance_7940.graph,data/graph_coloring_graphs/instance_7940.graph,14,13,True,1.1393585,-1.2603871
instance_7941.graph,data/graph_coloring_graphs/instance_7941.graph,10,15,True,0.9806671,-1.2063525
instance_7942.graph,data/graph_coloring_graphs/instance_7942.graph,18,7,False,-2.0704803,1.3596404
instance_7943.graph,data/graph_coloring_graphs/instance_7943.graph,12,7,True,1.110796,0.45033666
instance_7944.graph,data/graph_coloring_graphs/instance_7944.graph,12,9,True,1.2103691,0.13964179
instance_7945.graph,data/graph_coloring_graphs/instance_7945.graph,18,7,True,0.14294815,0.7657627
instance_7946.graph,data/graph_coloring_graphs/instance_7946.graph,12,5,True,0.29592037,0.620368
instance_7947.graph,data/graph_coloring_graphs/instance_7947.graph,10,7,True,-0.39269686,0.66431785
instance_7948.graph,data/graph_coloring_graphs/instance_7948.graph,12,11,True,1.124337,-0.62114954
instance_7949.graph,data/graph_coloring_graphs/instance_7949.graph,16,13,True,1.1699705,-0.9074706
instance_795.graph,data/graph_coloring_graphs/instance_795.graph,16,9,True,0.6175175,0.8825611
instance_7950.graph,data/graph_coloring_graphs/instance_7950.graph,14,15,True,1.1192627,-1.164163
instance_7951.graph,data/graph_coloring_graphs/instance_7951.graph,16,5,True,2.1293488,-0.3168431
instance_7952.graph,data/graph_coloring_graphs/instance_7952.graph,18,11,True,1.1639175,-0.2779954
instance_7953.graph,data/graph_coloring_graphs/instance_7953.graph,14,15,True,1.254467,-1.5085504
instance_7954.graph,data/graph_coloring_graphs/instance_7954.graph,14,11,True,1.0828667,-0.05615168
instance_7955.graph,data/graph_coloring_graphs/instance_7955.graph,18,9,True,0.51091385,0.97854185
instance_7956.graph,data/graph_coloring_graphs/instance_7956.graph,18,13,True,1.1216621,-0.55599916
instance_7957.graph,data/graph_coloring_graphs/instance_7957.graph,14,15,True,1.1277876,-1.2327925
instance_7958.graph,data/graph_coloring_graphs/instance_7958.graph,18,15,True,1.1624088,-1.156847
instance_7959.graph,data/graph_coloring_graphs/instance_7959.graph,12,13,True,1.0643978,-0.9266882
instance_796.graph,data/graph_coloring_graphs/instance_796.graph,18,9,True,0.5178337,0.9723512
instance_7960.graph,data/graph_coloring_graphs/instance_7960.graph,10,15,True,0.97663116,-1.2290592
instance_7961.graph,data/graph_coloring_graphs/instance_7961.graph,18,9,True,0.48415375,1.0024688
instance_7962.graph,data/graph_coloring_graphs/instance_7962.graph,12,15,True,1.0632248,-1.3582215
instance_7963.graph,data/graph_coloring_graphs/instance_7963.graph,10,5,True,-0.31229782,0.23890275
instance_7964.graph,data/graph_coloring_graphs/instance_7964.graph,10,3,False,-4.4922476,1.2801867
instance_7965.graph,data/graph_coloring_graphs/instance_7965.graph,20,7,True,-0.29111004,0.85893
instance_7966.graph,data/graph_coloring_graphs/instance_7966.graph,14,15,True,1.0778656,-1.0371367
instance_7967.graph,data/graph_coloring_graphs/instance_7967.graph,18,7,True,-1.8848839,1.2905242
instance_7968.graph,data/graph_coloring_graphs/instance_7968.graph,20,5,False,-3.360592,1.2711065
instance_7969.graph,data/graph_coloring_graphs/instance_7969.graph,20,13,True,1.1871548,-0.7774277
instance_797.graph,data/graph_coloring_graphs/instance_797.graph,18,5,False,-4.7706337,1.4998797
instance_7970.graph,data/graph_coloring_graphs/instance_7970.graph,14,7,True,1.5517082,0.39855403
instance_7971.graph,data/graph_coloring_graphs/instance_7971.graph,20,15,True,1.371273,-1.3869575
instance_7972.graph,data/graph_coloring_graphs/instance_7972.graph,16,7,True,1.2473221,-0.22024657
instance_7973.graph,data/graph_coloring_graphs/instance_7973.graph,18,9,True,0.5295296,0.9849739
instance_7974.graph,data/graph_coloring_graphs/instance_7974.graph,14,7,True,1.9649658,-0.41964212
instance_7975.graph,data/graph_coloring_graphs/instance_7975.graph,18,15,True,1.1216469,-1.004875
instance_7976.graph,data/graph_coloring_graphs/instance_7976.graph,14,11,True,1.0951519,-0.18027422
instance_7977.graph,data/graph_coloring_graphs/instance_7977.graph,12,13,True,1.0466318,-0.89535606
instance_7978.graph,data/graph_coloring_graphs/instance_7978.graph,16,13,True,1.1980305,-0.9944229
instance_7979.graph,data/graph_coloring_graphs/instance_7979.graph,12,13,True,1.0846052,-0.9624065
instance_798.graph,data/graph_coloring_graphs/instance_798.graph,16,9,True,0.798275,0.68518806
instance_7980.graph,data/graph_coloring_graphs/instance_7980.graph,14,5,True,2.0403557,-0.4537873
instance_7981.graph,data/graph_coloring_graphs/instance_7981.graph,20,5,True,1.409771,0.12691095
instance_7982.graph,data/graph_coloring_graphs/instance_7982.graph,16,13,True,1.1304531,-0.7908522
instance_7983.graph,data/graph_coloring_graphs/instance_7983.graph,16,3,False,-5.3067284,1.6968585
instance_7984.graph,data/graph_coloring_graphs/instance_7984.graph,10,11,True,0.98576164,-0.25069696
instance_7985.graph,data/graph_coloring_graphs/instance_7985.graph,12,9,True,0.6870632,0.6739013
instance_7986.graph,data/graph_coloring_graphs/instance_7986.graph,16,9,True,0.5814419,0.91486657
instance_7987.graph,data/graph_coloring_graphs/instance_7987.graph,18,7,True,1.7947388,0.081560045
instance_7988.graph,data/graph_coloring_graphs/instance_7988.graph,20,7,True,-1.4431553,1.2257369
instance_7989.graph,data/graph_coloring_graphs/instance_7989.graph,10,15,True,0.99773407,-1.2041795
instance_799.graph,data/graph_coloring_graphs/instance_799.graph,12,9,True,0.60721684,0.69595516
instance_7990.graph,data/graph_coloring_graphs/instance_7990.graph,14,3,False,-5.1088314,1.5947616
instance_7991.graph,data/graph_coloring_graphs/instance_7991.graph,10,13,True,0.97994804,-0.81456137
instance_7992.graph,data/graph_coloring_graphs/instance_7992.graph,12,7,True,0.9676323,-0.32446405
instance_7993.graph,data/graph_coloring_graphs/instance_7993.graph,18,5,True,0.44025612,0.37750027
instance_7994.graph,data/graph_coloring_graphs/instance_7994.graph,18,7,False,-1.9673424,1.3357759
instance_7995.graph,data/graph_coloring_graphs/instance_7995.graph,18,7,True,2.235382,-0.28532714
instance_7996.graph,data/graph_coloring_graphs/instance_7996.graph,12,11,True,1.0822601,-0.332586
instance_7997.graph,data/graph_coloring_graphs/instance_7997.graph,18,7,False,-2.028839,1.2971008
instance_7998.graph,data/graph_coloring_graphs/instance_7998.graph,20,13,True,1.3292484,-1.1866137
instance_7999.graph,data/graph_coloring_graphs/instance_7999.graph,12,9,True,1.0167427,0.40778217
instance_8.graph,data/graph_coloring_graphs/instance_8.graph,13,40,True,0.948308,0.40719008
instance_80.graph,data/graph_coloring_graphs/instance_80.graph,14,11,True,1.0833282,-0.08189821
instance_800.graph,data/graph_coloring_graphs/instance_800.graph,20,11,True,1.1225891,0.16199578
instance_8000.graph,data/graph_coloring_graphs/instance_8000.graph,18,3,False,-5.066786,1.6205962
instance_8001.graph,data/graph_coloring_graphs/instance_8001.graph,18,5,False,-2.482294,1.1616597
instance_8002.graph,data/graph_coloring_graphs/instance_8002.graph,18,9,True,1.1075058,0.3616009
instance_8003.graph,data/graph_coloring_graphs/instance_8003.graph,12,9,True,0.715682,0.7009486
instance_8004.graph,data/graph_coloring_graphs/instance_8004.graph,16,5,True,0.08986664,0.6210896
instance_8005.graph,data/graph_coloring_graphs/instance_8005.graph,12,15,True,1.0527649,-1.09425
instance_8006.graph,data/graph_coloring_graphs/instance_8006.graph,20,9,True,1.2814751,-0.16042176
instance_8007.graph,data/graph_coloring_graphs/instance_8007.graph,16,5,True,2.483471,-0.07556023
instance_8008.graph,data/graph_coloring_graphs/instance_8008.graph,18,11,True,1.1589451,-0.22571608
instance_8009.graph,data/graph_coloring_graphs/instance_8009.graph,18,3,False,-3.8947153,1.1685581
instance_801.graph,data/graph_coloring_graphs/instance_801.graph,10,7,True,2.3661804,-0.3105385
instance_8010.graph,data/graph_coloring_graphs/instance_8010.graph,12,5,True,3.496231,-0.6098232
instance_8011.graph,data/graph_coloring_graphs/instance_8011.graph,16,3,False,-3.1722112,0.95321465
instance_8012.graph,data/graph_coloring_graphs/instance_8012.graph,12,5,True,-0.768219,0.8053751
instance_8013.graph,data/graph_coloring_graphs/instance_8013.graph,10,9,True,0.9830723,0.23236966
instance_8014.graph,data/graph_coloring_graphs/instance_8014.graph,16,5,False,-4.4234924,1.421076
instance_8015.graph,data/graph_coloring_graphs/instance_8015.graph,10,15,True,0.99791336,-1.3643583
instance_8016.graph,data/graph_coloring_graphs/instance_8016.graph,18,3,False,-3.416071,0.861236
instance_8017.graph,data/graph_coloring_graphs/instance_8017.graph,14,13,True,1.198349,-1.2976023
instance_8018.graph,data/graph_coloring_graphs/instance_8018.graph,10,5,False,-1.8416634,0.95153916
instance_8019.graph,data/graph_coloring_graphs/instance_8019.graph,16,3,False,-5.3695087,1.7834103
instance_802.graph,data/graph_coloring_graphs/instance_802.graph,18,11,True,1.2157364,-0.3428831
instance_8020.graph,data/graph_coloring_graphs/instance_8020.graph,12,15,True,1.0636578,-1.2312086
instance_8021.graph,data/graph_coloring_graphs/instance_8021.graph,16,11,True,1.1101341,0.041422434
instance_8022.graph,data/graph_coloring_graphs/instance_8022.graph,10,13,True,1.0064745,-0.904778
instance_8023.graph,data/graph_coloring_graphs/instance_8023.graph,12,13,True,1.0841146,-1.0139048
instance_8024.graph,data/graph_coloring_graphs/instance_8024.graph,16,9,True,0.8157797,0.7050427
instance_8025.graph,data/graph_coloring_graphs/instance_8025.graph,12,9,True,0.6405735,0.7740867
instance_8026.graph,data/graph_coloring_graphs/instance_8026.graph,14,3,False,-3.3441439,0.9841552
instance_8027.graph,data/graph_coloring_graphs/instance_8027.graph,20,3,False,-5.791046,1.9861588
instance_8028.graph,data/graph_coloring_graphs/instance_8028.graph,20,9,True,1.6831589,-0.17174491
instance_8029.graph,data/graph_coloring_graphs/instance_8029.graph,18,3,False,-2.3102226,0.7044958
instance_803.graph,data/graph_coloring_graphs/instance_803.graph,10,9,True,1.2200661,-0.032193605
instance_8030.graph,data/graph_coloring_graphs/instance_8030.graph,16,9,True,1.4504929,-0.27649912
instance_8031.graph,data/graph_coloring_graphs/instance_8031.graph,18,9,True,0.68268585,0.7639873
instance_8032.graph,data/graph_coloring_graphs/instance_8032.graph,12,11,True,1.1720314,-1.0948138
instance_8033.graph,data/graph_coloring_graphs/instance_8033.graph,18,11,True,1.2821884,-0.9331522
instance_8034.graph,data/graph_coloring_graphs/instance_8034.graph,20,7,False,-2.4124565,1.4277011
instance_8035.graph,data/graph_coloring_graphs/instance_8035.graph,14,3,True,-0.58493423,0.10165119
instance_8036.graph,data/graph_coloring_graphs/instance_8036.graph,20,11,True,1.1449509,-0.00395333
instance_8037.graph,data/graph_coloring_graphs/instance_8037.graph,16,15,True,1.1451578,-1.2219914
instance_8038.graph,data/graph_coloring_graphs/instance_8038.graph,10,3,False,-4.1332474,1.2188756
instance_8039.graph,data/graph_coloring_graphs/instance_8039.graph,10,15,True,0.96562576,-1.4294465
instance_804.graph,data/graph_coloring_graphs/instance_804.graph,16,3,False,-5.222847,1.7625885
instance_8040.graph,data/graph_coloring_graphs/instance_8040.graph,20,7,False,-2.207264,1.379601
instance_8041.graph,data/graph_coloring_graphs/instance_8041.graph,14,13,True,1.1255741,-0.9343865
instance_8042.graph,data/graph_coloring_graphs/instance_8042.graph,14,15,True,1.0786781,-1.0575322
instance_8043.graph,data/graph_coloring_graphs/instance_8043.graph,14,9,True,0.7245159,0.74817324
instance_8044.graph,data/graph_coloring_graphs/instance_8044.graph,16,7,True,0.71411896,0.58875763
instance_8045.graph,data/graph_coloring_graphs/instance_8045.graph,18,5,True,1.532814,-0.08550191
instance_8046.graph,data/graph_coloring_graphs/instance_8046.graph,10,13,True,0.988081,-1.0646017
instance_8047.graph,data/graph_coloring_graphs/instance_8047.graph,16,11,True,1.1313019,-0.03505083
instance_8048.graph,data/graph_coloring_graphs/instance_8048.graph,10,7,True,-0.022447586,0.7563727
instance_8049.graph,data/graph_coloring_graphs/instance_8049.graph,16,15,True,1.2250748,-1.3736533
instance_805.graph,data/graph_coloring_graphs/instance_805.graph,16,15,True,1.2362366,-1.2453487
instance_8050.graph,data/graph_coloring_graphs/instance_8050.graph,10,7,True,-0.08236313,-0.6202338
instance_8051.graph,data/graph_coloring_graphs/instance_8051.graph,14,13,True,1.0904121,-0.6804075
instance_8052.graph,data/graph_coloring_graphs/instance_8052.graph,12,7,True,1.5442581,-0.17698981
instance_8053.graph,data/graph_coloring_graphs/instance_8053.graph,20,5,False,-4.719757,1.5417966
instance_8054.graph,data/graph_coloring_graphs/instance_8054.graph,14,13,True,1.145062,-0.9386773
instance_8055.graph,data/graph_coloring_graphs/instance_8055.graph,14,7,True,2.0194263,0.10874054
instance_8056.graph,data/graph_coloring_graphs/instance_8056.graph,18,3,False,-4.041271,1.1683695
instance_8057.graph,data/graph_coloring_graphs/instance_8057.graph,12,13,True,1.1615868,-1.5163527
instance_8058.graph,data/graph_coloring_graphs/instance_8058.graph,16,11,True,1.2150764,-0.8568096
instance_8059.graph,data/graph_coloring_graphs/instance_8059.graph,10,15,True,0.67476654,-1.5801883
instance_806.graph,data/graph_coloring_graphs/instance_806.graph,16,11,True,1.2724495,-0.827461
instance_8060.graph,data/graph_coloring_graphs/instance_8060.graph,12,9,True,0.9241276,0.4318793
instance_8061.graph,data/graph_coloring_graphs/instance_8061.graph,12,7,True,2.839058,-0.7024956
instance_8062.graph,data/graph_coloring_graphs/instance_8062.graph,18,15,True,1.3754997,-1.4884714
instance_8063.graph,data/graph_coloring_graphs/instance_8063.graph,18,15,True,1.1275101,-1.0337436
instance_8064.graph,data/graph_coloring_graphs/instance_8064.graph,16,9,True,1.1082745,0.23481122
instance_8065.graph,data/graph_coloring_graphs/instance_8065.graph,10,15,True,1.0066032,-1.549666
instance_8066.graph,data/graph_coloring_graphs/instance_8066.graph,10,3,False,-3.477497,0.8977362
instance_8067.graph,data/graph_coloring_graphs/instance_8067.graph,12,5,True,1.8776703,-0.12984768
instance_8068.graph,data/graph_coloring_graphs/instance_8068.graph,14,15,True,1.1924934,-1.3249552
instance_8069.graph,data/graph_coloring_graphs/instance_8069.graph,16,7,True,-0.28784275,0.9292582
instance_807.graph,data/graph_coloring_graphs/instance_807.graph,14,15,True,1.2054367,-1.5293605
instance_8070.graph,data/graph_coloring_graphs/instance_8070.graph,20,11,True,1.1226006,0.16199581
instance_8071.graph,data/graph_coloring_graphs/instance_8071.graph,20,7,False,-2.338253,1.4306041
instance_8072.graph,data/graph_coloring_graphs/instance_8072.graph,12,5,True,-1.9062753,0.88870215
instance_8073.graph,data/graph_coloring_graphs/instance_8073.graph,16,5,False,-2.210575,1.1018369
instance_8074.graph,data/graph_coloring_graphs/instance_8074.graph,14,5,True,0.1854744,0.33057922
instance_8075.graph,data/graph_coloring_graphs/instance_8075.graph,14,5,True,-2.0945053,1.0205454
instance_8076.graph,data/graph_coloring_graphs/instance_8076.graph,20,5,True,2.3602676,-0.22887819
instance_8077.graph,data/graph_coloring_graphs/instance_8077.graph,12,5,True,1.7400398,0.15532136
instance_8078.graph,data/graph_coloring_graphs/instance_8078.graph,12,9,True,0.8541336,-0.9666691
instance_8079.graph,data/graph_coloring_graphs/instance_8079.graph,20,13,True,1.1400948,-0.63417387
instance_808.graph,data/graph_coloring_graphs/instance_808.graph,14,13,True,1.0792542,-0.6656995
instance_8080.graph,data/graph_coloring_graphs/instance_8080.graph,10,9,True,1.2121162,-0.1661149
instance_8081.graph,data/graph_coloring_graphs/instance_8081.graph,20,3,False,-5.824993,1.969465
instance_8082.graph,data/graph_coloring_graphs/instance_8082.graph,14,15,True,1.1162586,-1.2619883
instance_8083.graph,data/graph_coloring_graphs/instance_8083.graph,18,13,True,1.1513176,-0.7991917
instance_8084.graph,data/graph_coloring_graphs/instance_8084.graph,10,15,True,0.912735,-1.504921
instance_8085.graph,data/graph_coloring_graphs/instance_8085.graph,14,11,True,1.0825577,-0.03988584
instance_8086.graph,data/graph_coloring_graphs/instance_8086.graph,18,5,True,1.7655487,0.120108455
instance_8087.graph,data/graph_coloring_graphs/instance_8087.graph,12,7,True,-0.7058115,0.9745691
instance_8088.graph,data/graph_coloring_graphs/instance_8088.graph,10,7,True,1.0980816,0.08036879
instance_8089.graph,data/graph_coloring_graphs/instance_8089.graph,18,5,True,-0.44954872,0.15641205
instance_809.graph,data/graph_coloring_graphs/instance_809.graph,10,5,False,-1.9280295,0.89696646
instance_8090.graph,data/graph_coloring_graphs/instance_8090.graph,16,3,True,-1.2020645,0.32399476
instance_8091.graph,data/graph_coloring_graphs/instance_8091.graph,12,9,True,0.76807404,-0.46574667
instance_8092.graph,data/graph_coloring_graphs/instance_8092.graph,14,7,True,-1.1880741,1.0770109
instance_8093.graph,data/graph_coloring_graphs/instance_8093.graph,16,15,True,1.3171349,-1.4771028
instance_8094.graph,data/graph_coloring_graphs/instance_8094.graph,14,13,True,1.2082863,-1.5068631
instance_8095.graph,data/graph_coloring_graphs/instance_8095.graph,12,13,True,1.1541996,-1.3705583
instance_8096.graph,data/graph_coloring_graphs/instance_8096.graph,12,5,True,3.6145363,-0.20400661
instance_8097.graph,data/graph_coloring_graphs/instance_8097.graph,10,9,True,0.79421854,0.33567232
instance_8098.graph,data/graph_coloring_graphs/instance_8098.graph,12,3,True,1.5605469,-0.26944733
instance_8099.graph,data/graph_coloring_graphs/instance_8099.graph,16,11,True,1.1094742,0.052555397
instance_81.graph,data/graph_coloring_graphs/instance_81.graph,18,7,False,-1.527031,1.23392
instance_810.graph,data/graph_coloring_graphs/instance_810.graph,20,3,False,-5.8344307,1.9745071
instance_8100.graph,data/graph_coloring_graphs/instance_8100.graph,16,15,True,1.1071663,-1.0186394
instance_8101.graph,data/graph_coloring_graphs/instance_8101.graph,14,5,True,-0.30902004,0.70675373
instance_8102.graph,data/graph_coloring_graphs/instance_8102.graph,18,15,True,1.1765118,-1.1353229
instance_8103.graph,data/graph_coloring_graphs/instance_8103.graph,20,9,False,0.38521576,1.109503
instance_8104.graph,data/graph_coloring_graphs/instance_8104.graph,14,11,True,1.0945129,-0.15803196
instance_8105.graph,data/graph_coloring_graphs/instance_8105.graph,12,7,True,0.52617264,0.51457953
instance_8106.graph,data/graph_coloring_graphs/instance_8106.graph,12,13,True,1.1589317,-1.464016
instance_8107.graph,data/graph_coloring_graphs/instance_8107.graph,10,9,True,0.88959885,-0.7892325
instance_8108.graph,data/graph_coloring_graphs/instance_8108.graph,10,5,True,1.4957733,-0.16402787
instance_8109.graph,data/graph_coloring_graphs/instance_8109.graph,12,13,True,1.0416412,-1.3225023
instance_811.graph,data/graph_coloring_graphs/instance_811.graph,10,11,True,0.9793358,-0.7886447
instance_8110.graph,data/graph_coloring_graphs/instance_8110.graph,10,9,True,1.2344208,-0.96304786
instance_8111.graph,data/graph_coloring_graphs/instance_8111.graph,16,7,False,-1.5579929,1.2270786
instance_8112.graph,data/graph_coloring_graphs/instance_8112.graph,14,9,True,0.90883446,0.52845955
instance_8113.graph,data/graph_coloring_graphs/instance_8113.graph,10,11,True,0.8938217,-1.4016192
instance_8114.graph,data/graph_coloring_graphs/instance_8114.graph,16,15,True,1.1430721,-1.1875246
instance_8115.graph,data/graph_coloring_graphs/instance_8115.graph,10,13,True,0.99816966,-0.9769876
instance_8116.graph,data/graph_coloring_graphs/instance_8116.graph,12,13,True,1.0856228,-0.86332583
instance_8117.graph,data/graph_coloring_graphs/instance_8117.graph,20,9,True,1.6508408,-0.30985546
instance_8118.graph,data/graph_coloring_graphs/instance_8118.graph,20,7,False,-2.1545029,1.3885452
instance_8119.graph,data/graph_coloring_graphs/instance_8119.graph,12,11,True,1.0488625,-0.072975025
instance_812.graph,data/graph_coloring_graphs/instance_812.graph,10,11,True,0.98251534,-0.28841478
instance_8120.graph,data/graph_coloring_graphs/instance_8120.graph,10,7,True,-0.13424206,0.78465474
instance_8121.graph,data/graph_coloring_graphs/instance_8121.graph,18,3,False,-4.731344,1.5631719
instance_8122.graph,data/graph_coloring_graphs/instance_8122.graph,10,15,True,1.0100136,-1.2504113
instance_8123.graph,data/graph_coloring_graphs/instance_8123.graph,12,11,True,1.0475235,-0.12695551
instance_8124.graph,data/graph_coloring_graphs/instance_8124.graph,10,9,True,1.3171501,-0.14053848
instance_8125.graph,data/graph_coloring_graphs/instance_8125.graph,20,7,False,-2.1758423,1.3934245
instance_8126.graph,data/graph_coloring_graphs/instance_8126.graph,16,7,False,-1.5210934,1.2184284
instance_8127.graph,data/graph_coloring_graphs/instance_8127.graph,18,7,True,-1.0955467,1.1028972
instance_8128.graph,data/graph_coloring_graphs/instance_8128.graph,18,11,True,1.2664363,-0.59828234
instance_8129.graph,data/graph_coloring_graphs/instance_8129.graph,20,15,True,1.1455917,-1.0233474
instance_813.graph,data/graph_coloring_graphs/instance_813.graph,12,15,True,1.0740013,-1.5880105
instance_8130.graph,data/graph_coloring_graphs/instance_8130.graph,18,15,True,1.11232,-0.98753023
instance_8131.graph,data/graph_coloring_graphs/instance_8131.graph,20,5,True,2.2657127,0.027391918
instance_8132.graph,data/graph_coloring_graphs/instance_8132.graph,16,15,True,1.1441326,-1.1939297
instance_8133.graph,data/graph_coloring_graphs/instance_8133.graph,16,7,True,2.7948456,-0.4071086
instance_8134.graph,data/graph_coloring_graphs/instance_8134.graph,20,3,False,-5.791031,1.9861588
instance_8135.graph,data/graph_coloring_graphs/instance_8135.graph,20,9,False,0.4039917,1.0931042
instance_8136.graph,data/graph_coloring_graphs/instance_8136.graph,16,3,False,-3.0282078,0.97852206
instance_8137.graph,data/graph_coloring_graphs/instance_8137.graph,12,5,True,4.9252167,-0.5567225
instance_8138.graph,data/graph_coloring_graphs/instance_8138.graph,12,15,True,1.04286,-1.0764493
instance_8139.graph,data/graph_coloring_graphs/instance_8139.graph,18,3,False,-5.7017746,1.9051921
instance_814.graph,data/graph_coloring_graphs/instance_814.graph,18,15,True,1.1858339,-1.2107966
instance_8140.graph,data/graph_coloring_graphs/instance_8140.graph,16,3,False,-3.6315565,0.99012077
instance_8141.graph,data/graph_coloring_graphs/instance_8141.graph,12,11,True,1.1282806,-1.0716109
instance_8142.graph,data/graph_coloring_graphs/instance_8142.graph,10,3,False,-3.45432,1.0271957
instance_8143.graph,data/graph_coloring_graphs/instance_8143.graph,12,7,False,-0.7058134,0.9745691
instance_8144.graph,data/graph_coloring_graphs/instance_8144.graph,14,15,True,1.1277733,-1.2327925
instance_8145.graph,data/graph_coloring_graphs/instance_8145.graph,20,7,False,-2.0955963,1.3534291
instance_8146.graph,data/graph_coloring_graphs/instance_8146.graph,14,15,True,1.0782356,-1.0470072
instance_8147.graph,data/graph_coloring_graphs/instance_8147.graph,10,3,False,-3.50243,0.75868726
instance_8148.graph,data/graph_coloring_graphs/instance_8148.graph,12,9,True,0.9716797,-0.76558685
instance_8149.graph,data/graph_coloring_graphs/instance_8149.graph,10,13,True,0.91586494,-1.2074866
instance_815.graph,data/graph_coloring_graphs/instance_815.graph,10,3,False,-3.7833347,0.9066987
instance_8150.graph,data/graph_coloring_graphs/instance_8150.graph,20,11,True,1.233942,-0.7157341
instance_8151.graph,data/graph_coloring_graphs/instance_8151.graph,14,9,True,0.85477257,0.5804875
instance_8152.graph,data/graph_coloring_graphs/instance_8152.graph,16,3,False,-3.631567,0.9901209
instance_8153.graph,data/graph_coloring_graphs/instance_8153.graph,10,3,False,-3.6638165,0.98896885
instance_8154.graph,data/graph_coloring_graphs/instance_8154.graph,20,13,True,1.1241951,-0.53822446
instance_8155.graph,data/graph_coloring_graphs/instance_8155.graph,18,5,True,-1.6761961,0.9235978
instance_8156.graph,data/graph_coloring_graphs/instance_8156.graph,21,160,True,0.40650177,1.1081178
instance_8157.graph,data/graph_coloring_graphs/instance_8157.graph,20,11,True,1.2759519,-0.541832
instance_8158.graph,data/graph_coloring_graphs/instance_8158.graph,14,15,True,1.0783806,-1.0504395
instance_8159.graph,data/graph_coloring_graphs/instance_8159.graph,18,13,True,1.3750114,-1.368865
instance_816.graph,data/graph_coloring_graphs/instance_816.graph,12,9,True,0.9887047,-0.44542405
instance_8160.graph,data/graph_coloring_graphs/instance_8160.graph,12,11,True,1.1357117,-1.295629
instance_8161.graph,data/graph_coloring_graphs/instance_8161.graph,12,13,True,1.0684738,-0.81565225
instance_8162.graph,data/graph_coloring_graphs/instance_8162.graph,18,3,True,-0.31386566,0.213826
instance_8163.graph,data/graph_coloring_graphs/instance_8163.graph,20,3,False,-5.8530273,1.9844317
instance_8164.graph,data/graph_coloring_graphs/instance_8164.graph,14,3,False,-4.997325,1.5355479
instance_8165.graph,data/graph_coloring_graphs/instance_8165.graph,10,11,True,0.9932916,-0.55344725
instance_8166.graph,data/graph_coloring_graphs/instance_8166.graph,10,7,True,2.361267,-1.0846121
instance_8167.graph,data/graph_coloring_graphs/instance_8167.graph,10,15,True,1.013977,-1.2132043
instance_8168.graph,data/graph_coloring_graphs/instance_8168.graph,16,15,True,1.129015,-1.1047195
instance_8169.graph,data/graph_coloring_graphs/instance_8169.graph,18,15,True,1.1960068,-1.1679814
instance_817.graph,data/graph_coloring_graphs/instance_817.graph,12,7,True,0.25215435,0.6698847
instance_8170.graph,data/graph_coloring_graphs/instance_8170.graph,16,3,False,-4.546835,1.4344232
instance_8171.graph,data/graph_coloring_graphs/instance_8171.graph,14,11,True,1.1397805,-0.6177274
instance_8172.graph,data/graph_coloring_graphs/instance_8172.graph,18,9,True,1.5922012,-0.5842681
instance_8173.graph,data/graph_coloring_graphs/instance_8173.graph,10,15,True,1.0154305,-1.4561348
instance_8174.graph,data/graph_coloring_graphs/instance_8174.graph,18,11,True,1.1178665,0.07500241
instance_8175.graph,data/graph_coloring_graphs/instance_8175.graph,10,7,True,0.40385818,-0.86274266
instance_8176.graph,data/graph_coloring_graphs/instance_8176.graph,10,9,True,0.98308086,0.23236966
instance_8177.graph,data/graph_coloring_graphs/instance_8177.graph,20,15,True,1.1461716,-1.0254389
instance_8178.graph,data/graph_coloring_graphs/instance_8178.graph,16,11,True,1.1165237,-0.06305692
instance_8179.graph,data/graph_coloring_graphs/instance_8179.graph,14,7,True,0.022553444,0.5666752
instance_818.graph,data/graph_coloring_graphs/instance_818.graph,16,15,True,1.1148262,-1.0717447
instance_8180.graph,data/graph_coloring_graphs/instance_8180.graph,14,5,True,-0.097091675,0.5455359
instance_8181.graph,data/graph_coloring_graphs/instance_8181.graph,18,9,False,0.48386574,1.0247931
instance_8182.graph,data/graph_coloring_graphs/instance_8182.graph,20,3,False,-5.3142433,1.7407541
instance_8183.graph,data/graph_coloring_graphs/instance_8183.graph,12,3,True,2.6852798,-0.5235976
instance_8184.graph,data/graph_coloring_graphs/instance_8184.graph,10,3,False,-3.35736,0.9830152
instance_8185.graph,data/graph_coloring_graphs/instance_8185.graph,10,15,True,0.9922848,-1.1409037
instance_8186.graph,data/graph_coloring_graphs/instance_8186.graph,20,3,False,-4.041501,1.2757461
instance_8187.graph,data/graph_coloring_graphs/instance_8187.graph,14,9,True,1.2795486,-0.87200606
instance_8188.graph,data/graph_coloring_graphs/instance_8188.graph,12,9,True,1.144146,0.20725748
instance_8189.graph,data/graph_coloring_graphs/instance_8189.graph,14,3,False,-5.0542927,1.5658091
instance_819.graph,data/graph_coloring_graphs/instance_819.graph,14,5,True,1.2251244,0.3710185
instance_8190.graph,data/graph_coloring_graphs/instance_8190.graph,12,15,True,1.0366306,-1.1729885
instance_8191.graph,data/graph_coloring_graphs/instance_8191.graph,10,9,True,0.9830322,-0.50363016
instance_8192.graph,data/graph_coloring_graphs/instance_8192.graph,18,15,True,1.1218567,-1.0401868
instance_8193.graph,data/graph_coloring_graphs/instance_8193.graph,10,13,True,0.8553009,-1.3378282
instance_8194.graph,data/graph_coloring_graphs/instance_8194.graph,10,3,True,-0.9171562,0.081376344
instance_8195.graph,data/graph_coloring_graphs/instance_8195.graph,18,15,True,1.1323776,-1.0575533
instance_8196.graph,data/graph_coloring_graphs/instance_8196.graph,16,9,True,1.3653145,-0.108832814
instance_8197.graph,data/graph_coloring_graphs/instance_8197.graph,20,9,True,0.87364864,0.6546124
instance_8198.graph,data/graph_coloring_graphs/instance_8198.graph,10,9,True,0.8890152,0.43209818
instance_8199.graph,data/graph_coloring_graphs/instance_8199.graph,12,11,True,1.1282921,-1.0716109
instance_82.graph,data/graph_coloring_graphs/instance_82.graph,12,11,True,1.0475311,-0.12695554
instance_820.graph,data/graph_coloring_graphs/instance_820.graph,12,11,True,1.0545664,-0.36579165
instance_8200.graph,data/graph_coloring_graphs/instance_8200.graph,10,5,False,-1.8416643,0.95153916
instance_8201.graph,data/graph_coloring_graphs/instance_8201.graph,12,7,True,2.012558,-0.7685249
instance_8202.graph,data/graph_coloring_graphs/instance_8202.graph,16,9,True,0.65612984,0.847978
instance_8203.graph,data/graph_coloring_graphs/instance_8203.graph,16,11,True,1.3738174,-1.2475064
instance_8204.graph,data/graph_coloring_graphs/instance_8204.graph,16,13,True,1.1019325,-0.6441997
instance_8205.graph,data/graph_coloring_graphs/instance_8205.graph,10,5,True,-1.3304739,0.5924504
instance_8206.graph,data/graph_coloring_graphs/instance_8206.graph,18,5,False,-3.026845,1.1646552
instance_8207.graph,data/graph_coloring_graphs/instance_8207.graph,14,13,True,1.0786743,-0.68729067
instance_8208.graph,data/graph_coloring_graphs/instance_8208.graph,18,9,True,0.90519524,0.5115068
instance_8209.graph,data/graph_coloring_graphs/instance_8209.graph,12,7,True,0.5933852,0.58263576
instance_821.graph,data/graph_coloring_graphs/instance_821.graph,18,7,False,-2.0507011,1.3299439
instance_8210.graph,data/graph_coloring_graphs/instance_8210.graph,14,5,True,2.0403557,-0.4537873
instance_8211.graph,data/graph_coloring_graphs/instance_8211.graph,12,3,False,-3.2274027,0.8675325
instance_8212.graph,data/graph_coloring_graphs/instance_8212.graph,20,11,True,1.1978264,-0.32410052
instance_8213.graph,data/graph_coloring_graphs/instance_8213.graph,10,11,True,0.9994621,-0.23238179
instance_8214.graph,data/graph_coloring_graphs/instance_8214.graph,10,13,True,0.8704071,-1.5121483
instance_8215.graph,data/graph_coloring_graphs/instance_8215.graph,14,3,False,-4.24697,1.3939048
instance_8216.graph,data/graph_coloring_graphs/instance_8216.graph,18,3,True,-1.5841885,0.49955663
instance_8217.graph,data/graph_coloring_graphs/instance_8217.graph,14,5,True,-0.12567997,0.6161951
instance_8218.graph,data/graph_coloring_graphs/instance_8218.graph,14,3,False,-2.7744713,0.7255993
instance_8219.graph,data/graph_coloring_graphs/instance_8219.graph,14,11,True,1.1070728,-0.21513781
instance_822.graph,data/graph_coloring_graphs/instance_822.graph,10,7,True,-0.13423347,0.78465474
instance_8220.graph,data/graph_coloring_graphs/instance_8220.graph,16,15,True,1.1138401,-1.0649
instance_8221.graph,data/graph_coloring_graphs/instance_8221.graph,10,5,True,0.13640594,-0.0033159666
instance_8222.graph,data/graph_coloring_graphs/instance_8222.graph,12,9,True,1.1315651,-0.08335917
instance_8223.graph,data/graph_coloring_graphs/instance_8223.graph,14,7,True,2.019432,0.10874054
instance_8224.graph,data/graph_coloring_graphs/instance_8224.graph,16,11,True,1.3065052,-0.9185344
instance_8225.graph,data/graph_coloring_graphs/instance_8225.graph,16,5,False,-4.500122,1.461972
instance_8226.graph,data/graph_coloring_graphs/instance_8226.graph,18,15,True,1.1242485,-1.0174872
instance_8227.graph,data/graph_coloring_graphs/instance_8227.graph,12,7,True,1.915451,-0.23730218
instance_8228.graph,data/graph_coloring_graphs/instance_8228.graph,12,11,True,1.0384078,-0.4889917
instance_8229.graph,data/graph_coloring_graphs/instance_8229.graph,14,5,True,-1.1616764,0.8566052
instance_823.graph,data/graph_coloring_graphs/instance_823.graph,14,5,True,-1.3670425,0.78422177
instance_8230.graph,data/graph_coloring_graphs/instance_8230.graph,18,5,False,-3.2256584,1.2853281
instance_8231.graph,data/graph_coloring_graphs/instance_8231.graph,18,7,True,-1.0955505,1.1028969
instance_8232.graph,data/graph_coloring_graphs/instance_8232.graph,16,3,False,-5.306732,1.6968584
instance_8233.graph,data/graph_coloring_graphs/instance_8233.graph,18,3,False,-4.47789,1.4436157
instance_8234.graph,data/graph_coloring_graphs/instance_8234.graph,10,3,True,0.8904495,-0.3270797
instance_8235.graph,data/graph_coloring_graphs/instance_8235.graph,20,15,True,1.1414146,-1.0310279
instance_8236.graph,data/graph_coloring_graphs/instance_8236.graph,10,11,True,1.0493879,-0.7207352
instance_8237.graph,data/graph_coloring_graphs/instance_8237.graph,18,13,True,1.120758,-0.67428327
instance_8238.graph,data/graph_coloring_graphs/instance_8238.graph,14,11,True,1.1990075,-0.6834749
instance_8239.graph,data/graph_coloring_graphs/instance_8239.graph,14,5,False,-2.0945005,1.0205452
instance_824.graph,data/graph_coloring_graphs/instance_824.graph,20,11,True,1.1689777,-0.23416585
instance_8240.graph,data/graph_coloring_graphs/instance_8240.graph,18,11,True,1.2872314,-0.73710537
instance_8241.graph,data/graph_coloring_graphs/instance_8241.graph,14,11,True,1.1021538,-0.094758466
instance_8242.graph,data/graph_coloring_graphs/instance_8242.graph,12,5,True,2.0853615,0.23002228
instance_8243.graph,data/graph_coloring_graphs/instance_8243.graph,12,11,True,1.0540724,-0.40602604
instance_8244.graph,data/graph_coloring_graphs/instance_8244.graph,12,9,True,0.7319288,0.68512714
instance_8245.graph,data/graph_coloring_graphs/instance_8245.graph,18,5,False,-4.7106857,1.5117699
instance_8246.graph,data/graph_coloring_graphs/instance_8246.graph,16,11,True,1.1578264,-0.35591736
instance_8247.graph,data/graph_coloring_graphs/instance_8247.graph,16,9,True,1.1178284,0.28628722
instance_8248.graph,data/graph_coloring_graphs/instance_8248.graph,20,9,False,0.4254837,1.0919092
instance_8249.graph,data/graph_coloring_graphs/instance_8249.graph,12,9,True,0.72084904,0.63941
instance_825.graph,data/graph_coloring_graphs/instance_825.graph,14,11,True,1.0876942,-0.32436112
instance_8250.graph,data/graph_coloring_graphs/instance_8250.graph,10,7,True,0.24646378,-0.056128196
instance_8251.graph,data/graph_coloring_graphs/instance_8251.graph,12,3,False,-2.2573948,0.5587733
instance_8252.graph,data/graph_coloring_graphs/instance_8252.graph,20,5,False,-3.8507366,1.3776277
instance_8253.graph,data/graph_coloring_graphs/instance_8253.graph,12,11,True,0.96411896,-1.305853
instance_8254.graph,data/graph_coloring_graphs/instance_8254.graph,18,11,True,1.2256126,-0.41425386
instance_8255.graph,data/graph_coloring_graphs/instance_8255.graph,16,9,True,0.5902271,0.906991
instance_8256.graph,data/graph_coloring_graphs/instance_8256.graph,16,7,True,-0.099522114,0.6078075
instance_8257.graph,data/graph_coloring_graphs/instance_8257.graph,12,15,True,1.0537605,-1.0650705
instance_8258.graph,data/graph_coloring_graphs/instance_8258.graph,12,9,True,0.952199,0.32485038
instance_8259.graph,data/graph_coloring_graphs/instance_8259.graph,12,15,True,1.1410027,-1.5240164
instance_826.graph,data/graph_coloring_graphs/instance_826.graph,18,9,True,0.6523266,0.82373
instance_8260.graph,data/graph_coloring_graphs/instance_8260.graph,18,15,True,1.1093559,-0.971148
instance_8261.graph,data/graph_coloring_graphs/instance_8261.graph,18,5,False,-3.5464458,1.3386989
instance_8262.graph,data/graph_coloring_graphs/instance_8262.graph,10,3,False,-4.433507,1.24924
instance_8263.graph,data/graph_coloring_graphs/instance_8263.graph,12,7,True,0.29985237,0.05629933
instance_8264.graph,data/graph_coloring_graphs/instance_8264.graph,10,3,False,-4.3281336,1.3143084
instance_8265.graph,data/graph_coloring_graphs/instance_8265.graph,20,11,True,1.2420654,-0.6445147
instance_8266.graph,data/graph_coloring_graphs/instance_8266.graph,10,15,True,0.9907932,-1.1491313
instance_8267.graph,data/graph_coloring_graphs/instance_8267.graph,20,11,True,1.2729759,-0.7862911
instance_8268.graph,data/graph_coloring_graphs/instance_8268.graph,18,9,True,0.6160011,0.8571471
instance_8269.graph,data/graph_coloring_graphs/instance_8269.graph,16,5,False,-3.1843815,1.2349894
instance_827.graph,data/graph_coloring_graphs/instance_827.graph,14,9,True,0.8704643,0.5118346
instance_8270.graph,data/graph_coloring_graphs/instance_8270.graph,20,11,True,1.2566848,-0.5036131
instance_8271.graph,data/graph_coloring_graphs/instance_8271.graph,10,15,True,0.976038,-1.1515702
instance_8272.graph,data/graph_coloring_graphs/instance_8272.graph,20,7,False,-1.9983139,1.352798
instance_8273.graph,data/graph_coloring_graphs/instance_8273.graph,12,9,True,0.854126,-0.9666691
instance_8274.graph,data/graph_coloring_graphs/instance_8274.graph,16,9,True,1.1903839,0.21458015
instance_8275.graph,data/graph_coloring_graphs/instance_8275.graph,10,3,False,-4.548815,1.3099965
instance_8276.graph,data/graph_coloring_graphs/instance_8276.graph,16,15,True,1.1361961,-1.1471962
instance_8277.graph,data/graph_coloring_graphs/instance_8277.graph,10,7,True,-0.26936722,0.62904024
instance_8278.graph,data/graph_coloring_graphs/instance_8278.graph,20,11,True,1.1240387,0.14652362
instance_8279.graph,data/graph_coloring_graphs/instance_8279.graph,12,15,True,1.081665,-1.2993033
instance_828.graph,data/graph_coloring_graphs/instance_828.graph,12,13,True,0.9719658,-1.2044464
instance_8280.graph,data/graph_coloring_graphs/instance_8280.graph,20,3,False,-4.3475904,1.3035352
instance_8281.graph,data/graph_coloring_graphs/instance_8281.graph,10,9,True,1.4135208,-0.11706429
instance_8282.graph,data/graph_coloring_graphs/instance_8282.graph,10,13,True,1.0680084,-1.461803
instance_8283.graph,data/graph_coloring_graphs/instance_8283.graph,14,7,True,1.8448029,-0.15848461
instance_8284.graph,data/graph_coloring_graphs/instance_8284.graph,12,5,True,0.70573425,0.5491196
instance_8285.graph,data/graph_coloring_graphs/instance_8285.graph,20,15,True,1.1934357,-1.108754
instance_8286.graph,data/graph_coloring_graphs/instance_8286.graph,14,5,False,-3.8097324,1.2848592
instance_8287.graph,data/graph_coloring_graphs/instance_8287.graph,20,3,False,-1.7054062,0.6473948
instance_8288.graph,data/graph_coloring_graphs/instance_8288.graph,20,11,True,1.1259384,0.17716968
instance_8289.graph,data/graph_coloring_graphs/instance_8289.graph,18,15,True,1.4187393,-1.5112221
instance_829.graph,data/graph_coloring_graphs/instance_829.graph,12,9,True,1.0077734,0.26508388
instance_8290.graph,data/graph_coloring_graphs/instance_8290.graph,12,5,True,-0.020248413,-0.07001266
instance_8291.graph,data/graph_coloring_graphs/instance_8291.graph,14,3,False,-4.931423,1.5726873
instance_8292.graph,data/graph_coloring_graphs/instance_8292.graph,10,15,True,1.0100155,-1.2504113
instance_8293.graph,data/graph_coloring_graphs/instance_8293.graph,12,11,True,1.0569191,-0.18743908
instance_8294.graph,data/graph_coloring_graphs/instance_8294.graph,16,15,True,1.1118069,-1.1166182
instance_8295.graph,data/graph_coloring_graphs/instance_8295.graph,16,11,True,1.1194229,-0.11103208
instance_8296.graph,data/graph_coloring_graphs/instance_8296.graph,18,13,True,1.1405144,-0.68070745
instance_8297.graph,data/graph_coloring_graphs/instance_8297.graph,20,7,True,1.4232788,0.19107068
instance_8298.graph,data/graph_coloring_graphs/instance_8298.graph,20,9,False,0.40649414,1.1081178
instance_8299.graph,data/graph_coloring_graphs/instance_8299.graph,18,9,False,0.47766685,1.0301893
instance_83.graph,data/graph_coloring_graphs/instance_83.graph,16,3,False,-5.4017067,1.7474024
instance_830.graph,data/graph_coloring_graphs/instance_830.graph,10,7,True,2.4781494,-0.58119154
instance_8300.graph,data/graph_coloring_graphs/instance_8300.graph,10,5,True,1.7989807,-0.44268182
instance_8301.graph,data/graph_coloring_graphs/instance_8301.graph,12,15,True,1.202404,-1.5569844
instance_8302.graph,data/graph_coloring_graphs/instance_8302.graph,18,9,True,0.4527092,1.0306182
instance_8303.graph,data/graph_coloring_graphs/instance_8303.graph,12,7,True,1.4612427,0.20676914
instance_8304.graph,data/graph_coloring_graphs/instance_8304.graph,20,5,False,-4.9855537,1.585631
instance_8305.graph,data/graph_coloring_graphs/instance_8305.graph,12,3,True,2.2486,-0.37770596
instance_8306.graph,data/graph_coloring_graphs/instance_8306.graph,10,13,True,1.0003843,-0.9576609
instance_8307.graph,data/graph_coloring_graphs/instance_8307.graph,10,3,False,-3.9500484,0.9945302
instance_8308.graph,data/graph_coloring_graphs/instance_8308.graph,12,3,False,-4.3418283,1.2948403
instance_8309.graph,data/graph_coloring_graphs/instance_8309.graph,16,15,True,1.1163979,-1.0825522
instance_831.graph,data/graph_coloring_graphs/instance_831.graph,12,9,True,0.99926853,0.35516682
instance_8310.graph,data/graph_coloring_graphs/instance_8310.graph,20,3,False,-5.2505436,1.7079629
instance_8311.graph,data/graph_coloring_graphs/instance_8311.graph,16,3,False,-3.5575142,1.0412372
instance_8312.graph,data/graph_coloring_graphs/instance_8312.graph,14,3,False,-5.2110863,1.6490657
instance_8313.graph,data/graph_coloring_graphs/instance_8313.graph,10,13,True,0.97102356,-0.8667556
instance_8314.graph,data/graph_coloring_graphs/instance_8314.graph,10,11,True,0.98415184,-0.2691967
instance_8315.graph,data/graph_coloring_graphs/instance_8315.graph,10,9,True,1.0178719,0.1935251
instance_8316.graph,data/graph_coloring_graphs/instance_8316.graph,18,13,True,1.1435051,-0.71338034
instance_8317.graph,data/graph_coloring_graphs/instance_8317.graph,14,7,True,-1.0854664,1.0957892
instance_8318.graph,data/graph_coloring_graphs/instance_8318.graph,10,7,True,0.52954483,0.51859546
instance_8319.graph,data/graph_coloring_graphs/instance_8319.graph,20,13,True,1.3372345,-1.1329156
instance_832.graph,data/graph_coloring_graphs/instance_832.graph,20,11,True,1.1506386,0.058933847
instance_8320.graph,data/graph_coloring_graphs/instance_8320.graph,16,7,False,-1.6877193,1.2253397
instance_8321.graph,data/graph_coloring_graphs/instance_8321.graph,12,3,True,-1.9518051,0.26991758
instance_8322.graph,data/graph_coloring_graphs/instance_8322.graph,10,15,True,0.9719429,-1.3850055
instance_8323.graph,data/graph_coloring_graphs/instance_8323.graph,20,15,True,1.138794,-1.0205585
instance_8324.graph,data/graph_coloring_graphs/instance_8324.graph,16,5,False,-1.2803717,0.94539976
instance_8325.graph,data/graph_coloring_graphs/instance_8325.graph,10,13,True,1.01231,-1.103448
instance_8326.graph,data/graph_coloring_graphs/instance_8326.graph,16,7,True,-0.10045147,0.8853171
instance_8327.graph,data/graph_coloring_graphs/instance_8327.graph,20,9,True,0.5897999,0.9308437
instance_8328.graph,data/graph_coloring_graphs/instance_8328.graph,12,11,True,1.0469055,-0.1506617
instance_8329.graph,data/graph_coloring_graphs/instance_8329.graph,20,11,True,1.1926041,-0.2818929
instance_833.graph,data/graph_coloring_graphs/instance_833.graph,18,7,True,-0.9595127,1.0354828
instance_8330.graph,data/graph_coloring_graphs/instance_8330.graph,14,9,True,0.6859312,0.7839701
instance_8331.graph,data/graph_coloring_graphs/instance_8331.graph,20,9,True,0.67230034,0.8811426
instance_8332.graph,data/graph_coloring_graphs/instance_8332.graph,14,3,False,-1.8963623,0.80611813
instance_8333.graph,data/graph_coloring_graphs/instance_8333.graph,10,15,True,0.993454,-1.4066818
instance_8334.graph,data/graph_coloring_graphs/instance_8334.graph,20,9,True,0.7182102,0.7936045
instance_8335.graph,data/graph_coloring_graphs/instance_8335.graph,10,5,True,-1.4723005,0.72509265
instance_8336.graph,data/graph_coloring_graphs/instance_8336.graph,18,13,True,1.1866016,-0.8765986
instance_8337.graph,data/graph_coloring_graphs/instance_8337.graph,10,15,True,1.0115128,-1.5131252
instance_8338.graph,data/graph_coloring_graphs/instance_8338.graph,18,7,False,-1.9406853,1.3296127
instance_8339.graph,data/graph_coloring_graphs/instance_8339.graph,10,5,True,1.0834084,-0.07213146
instance_834.graph,data/graph_coloring_graphs/instance_834.graph,14,5,True,-0.4386902,0.5384674
instance_8340.graph,data/graph_coloring_graphs/instance_8340.graph,18,5,True,0.96427536,0.12539533
instance_8341.graph,data/graph_coloring_graphs/instance_8341.graph,16,11,True,1.1119308,0.011895537
instance_8342.graph,data/graph_coloring_graphs/instance_8342.graph,10,5,True,2.967392,-0.30434275
instance_8343.graph,data/graph_coloring_graphs/instance_8343.graph,14,11,True,1.0961933,-0.21583265
instance_8344.graph,data/graph_coloring_graphs/instance_8344.graph,16,7,True,-0.5750494,0.99660444
instance_8345.graph,data/graph_coloring_graphs/instance_8345.graph,14,3,False,-5.235363,1.6619456
instance_8346.graph,data/graph_coloring_graphs/instance_8346.graph,16,5,False,-3.2299995,1.2732804
instance_8347.graph,data/graph_coloring_graphs/instance_8347.graph,10,7,True,0.8891792,0.14475353
instance_8348.graph,data/graph_coloring_graphs/instance_8348.graph,14,9,True,0.75018024,0.63239574
instance_8349.graph,data/graph_coloring_graphs/instance_8349.graph,14,3,False,-3.358202,0.88847065
instance_835.graph,data/graph_coloring_graphs/instance_835.graph,18,7,True,-0.18725395,0.69847953
instance_8350.graph,data/graph_coloring_graphs/instance_8350.graph,18,11,True,1.1610394,-0.3597395
instance_8351.graph,data/graph_coloring_graphs/instance_8351.graph,18,7,True,3.1730385,-0.1231531
instance_8352.graph,data/graph_coloring_graphs/instance_8352.graph,14,3,False,-3.2482605,1.133057
instance_8353.graph,data/graph_coloring_graphs/instance_8353.graph,16,9,True,1.2453156,0.21938208
instance_8354.graph,data/graph_coloring_graphs/instance_8354.graph,16,5,False,-4.3631153,1.4383286
instance_8355.graph,data/graph_coloring_graphs/instance_8355.graph,14,9,True,1.4480324,-0.66438484
instance_8356.graph,data/graph_coloring_graphs/instance_8356.graph,14,3,False,-4.3750076,1.4520177
instance_8357.graph,data/graph_coloring_graphs/instance_8357.graph,14,3,False,-5.0984154,1.6568251
instance_8358.graph,data/graph_coloring_graphs/instance_8358.graph,12,5,True,1.8316841,-0.030556817
instance_8359.graph,data/graph_coloring_graphs/instance_8359.graph,12,5,True,-0.012348175,0.5334544
instance_836.graph,data/graph_coloring_graphs/instance_836.graph,16,11,True,1.1808338,-0.6343112
instance_8360.graph,data/graph_coloring_graphs/instance_8360.graph,20,5,False,-4.688572,1.5366518
instance_8361.graph,data/graph_coloring_graphs/instance_8361.graph,20,7,True,-1.4218597,1.1954947
instance_8362.graph,data/graph_coloring_graphs/instance_8362.graph,20,13,True,1.1997414,-0.7834246
instance_8363.graph,data/graph_coloring_graphs/instance_8363.graph,12,7,True,1.0532913,-0.73107946
instance_8364.graph,data/graph_coloring_graphs/instance_8364.graph,18,9,True,0.62485886,0.8489958
instance_8365.graph,data/graph_coloring_graphs/instance_8365.graph,16,7,True,1.69804,-0.11871128
instance_8366.graph,data/graph_coloring_graphs/instance_8366.graph,10,3,False,-4.1743317,1.1126945
instance_8367.graph,data/graph_coloring_graphs/instance_8367.graph,10,9,True,1.0066462,0.30893728
instance_8368.graph,data/graph_coloring_graphs/instance_8368.graph,16,13,True,1.2166231,-0.9865273
instance_8369.graph,data/graph_coloring_graphs/instance_8369.graph,16,11,True,1.1169891,-0.07066462
instance_837.graph,data/graph_coloring_graphs/instance_837.graph,18,9,True,0.6248646,0.8489958
instance_8370.graph,data/graph_coloring_graphs/instance_8370.graph,18,3,False,-5.017376,1.6479018
instance_8371.graph,data/graph_coloring_graphs/instance_8371.graph,12,7,True,-0.58814526,0.8847518
instance_8372.graph,data/graph_coloring_graphs/instance_8372.graph,12,15,True,1.121357,-1.4677603
instance_8373.graph,data/graph_coloring_graphs/instance_8373.graph,18,7,True,-1.2170925,1.0984935
instance_8374.graph,data/graph_coloring_graphs/instance_8374.graph,12,9,True,0.76578903,0.6521559
instance_8375.graph,data/graph_coloring_graphs/instance_8375.graph,14,15,True,1.1289072,-1.2417797
instance_8376.graph,data/graph_coloring_graphs/instance_8376.graph,20,7,True,2.4529076,0.055393845
instance_8377.graph,data/graph_coloring_graphs/instance_8377.graph,20,3,False,-4.4499416,1.4639987
instance_8378.graph,data/graph_coloring_graphs/instance_8378.graph,12,5,False,-3.0034208,1.0944963
instance_8379.graph,data/graph_coloring_graphs/instance_8379.graph,12,13,True,1.0440984,-0.9364532
instance_838.graph,data/graph_coloring_graphs/instance_838.graph,18,11,True,1.1315308,-0.014050648
instance_8380.graph,data/graph_coloring_graphs/instance_8380.graph,12,13,True,1.0667934,-0.8607837
instance_8381.graph,data/graph_coloring_graphs/instance_8381.graph,16,9,True,0.8157921,0.7050427
instance_8382.graph,data/graph_coloring_graphs/instance_8382.graph,12,15,True,1.0529499,-1.0890391
instance_8383.graph,data/graph_coloring_graphs/instance_8383.graph,14,9,True,1.008707,0.2289921
instance_8384.graph,data/graph_coloring_graphs/instance_8384.graph,12,11,True,1.0580444,-0.101549275
instance_8385.graph,data/graph_coloring_graphs/instance_8385.graph,12,11,True,1.0877743,-0.76463664
instance_8386.graph,data/graph_coloring_graphs/instance_8386.graph,14,5,True,-0.6304531,0.03246081
instance_8387.graph,data/graph_coloring_graphs/instance_8387.graph,10,13,True,0.9782839,-0.95106494
instance_8388.graph,data/graph_coloring_graphs/instance_8388.graph,14,11,True,1.0916939,-0.061485738
instance_8389.graph,data/graph_coloring_graphs/instance_8389.graph,16,11,True,1.1027756,0.04887659
instance_839.graph,data/graph_coloring_graphs/instance_839.graph,18,15,True,1.2141571,-1.3266324
instance_8390.graph,data/graph_coloring_graphs/instance_8390.graph,16,9,True,0.7527971,0.68922806
instance_8391.graph,data/graph_coloring_graphs/instance_8391.graph,16,15,True,1.116394,-1.0825521
instance_8392.graph,data/graph_coloring_graphs/instance_8392.graph,12,3,False,-3.7061262,1.0918247
instance_8393.graph,data/graph_coloring_graphs/instance_8393.graph,16,7,True,-0.9318638,1.080266
instance_8394.graph,data/graph_coloring_graphs/instance_8394.graph,12,7,True,0.04362297,0.7232034
instance_8395.graph,data/graph_coloring_graphs/instance_8395.graph,12,13,True,1.1775417,-1.245503
instance_8396.graph,data/graph_coloring_graphs/instance_8396.graph,12,13,True,1.0397434,-0.76665044
instance_8397.graph,data/graph_coloring_graphs/instance_8397.graph,12,9,True,0.9342804,-0.7763586
instance_8398.graph,data/graph_coloring_graphs/instance_8398.graph,10,7,True,1.808197,-0.13853937
instance_8399.graph,data/graph_coloring_graphs/instance_8399.graph,10,5,False,-1.5210795,0.894264
instance_84.graph,data/graph_coloring_graphs/instance_84.graph,20,15,True,1.1372948,-1.0146188
instance_840.graph,data/graph_coloring_graphs/instance_840.graph,12,9,True,0.76579475,0.6521559
instance_8400.graph,data/graph_coloring_graphs/instance_8400.graph,18,3,True,-1.0584869,0.39118758
instance_8401.graph,data/graph_coloring_graphs/instance_8401.graph,10,3,False,-3.35736,0.9830153
instance_8402.graph,data/graph_coloring_graphs/instance_8402.graph,20,13,True,1.1854801,-0.7662735
instance_8403.graph,data/graph_coloring_graphs/instance_8403.graph,20,13,True,1.2998867,-1.1457701
instance_8404.graph,data/graph_coloring_graphs/instance_8404.graph,10,3,True,-1.3610764,0.26960835
instance_8405.graph,data/graph_coloring_graphs/instance_8405.graph,12,15,True,1.0833282,-1.3577443
instance_8406.graph,data/graph_coloring_graphs/instance_8406.graph,16,15,True,1.1594753,-1.1548711
instance_8407.graph,data/graph_coloring_graphs/instance_8407.graph,20,9,True,0.98465824,0.44664252
instance_8408.graph,data/graph_coloring_graphs/instance_8408.graph,14,3,True,-1.1372185,0.2687646
instance_8409.graph,data/graph_coloring_graphs/instance_8409.graph,12,5,False,-2.2487068,1.0627666
instance_841.graph,data/graph_coloring_graphs/instance_841.graph,18,5,False,-4.3640594,1.4528165
instance_8410.graph,data/graph_coloring_graphs/instance_8410.graph,20,13,True,1.1255989,-0.555277
instance_8411.graph,data/graph_coloring_graphs/instance_8411.graph,12,7,True,1.5507927,0.12367275
instance_8412.graph,data/graph_coloring_graphs/instance_8412.graph,10,13,True,1.0050087,-1.5100431
instance_8413.graph,data/graph_coloring_graphs/instance_8413.graph,20,9,True,0.6186714,0.9056275
instance_8414.graph,data/graph_coloring_graphs/instance_8414.graph,14,11,True,1.2449436,-0.9222585
instance_8415.graph,data/graph_coloring_graphs/instance_8415.graph,18,3,False,-5.5985146,1.8927573
instance_8416.graph,data/graph_coloring_graphs/instance_8416.graph,12,5,False,-2.7790527,1.1549692
instance_8417.graph,data/graph_coloring_graphs/instance_8417.graph,12,13,True,1.0288506,-0.8919927
instance_8418.graph,data/graph_coloring_graphs/instance_8418.graph,10,5,True,0.076740265,-0.02872424
instance_8419.graph,data/graph_coloring_graphs/instance_8419.graph,18,5,True,-0.37281513,0.690977
instance_842.graph,data/graph_coloring_graphs/instance_842.graph,10,5,False,-1.5210819,0.894264
instance_8420.graph,data/graph_coloring_graphs/instance_8420.graph,12,13,True,1.0404816,-0.75810444
instance_8421.graph,data/graph_coloring_graphs/instance_8421.graph,20,3,False,-3.0905333,0.9114108
instance_8422.graph,data/graph_coloring_graphs/instance_8422.graph,18,5,True,-0.26058197,0.7146715
instance_8423.graph,data/graph_coloring_graphs/instance_8423.graph,14,7,True,3.6240005,-0.3234013
instance_8424.graph,data/graph_coloring_graphs/instance_8424.graph,12,3,False,-4.4304533,1.240027
instance_8425.graph,data/graph_coloring_graphs/instance_8425.graph,16,3,True,-2.808382,0.59052384
instance_8426.graph,data/graph_coloring_graphs/instance_8426.graph,12,13,True,1.0668087,-0.8607837
instance_8427.graph,data/graph_coloring_graphs/instance_8427.graph,20,9,True,1.1348791,0.48618117
instance_8428.graph,data/graph_coloring_graphs/instance_8428.graph,10,7,True,1.5636749,-0.8221805
instance_8429.graph,data/graph_coloring_graphs/instance_8429.graph,10,13,True,0.92170715,-1.4148259
instance_843.graph,data/graph_coloring_graphs/instance_843.graph,20,13,True,1.233427,-1.0819931
instance_8430.graph,data/graph_coloring_graphs/instance_8430.graph,14,3,False,-4.0864334,1.2366235
instance_8431.graph,data/graph_coloring_graphs/instance_8431.graph,12,5,False,-2.3357048,1.0270367
instance_8432.graph,data/graph_coloring_graphs/instance_8432.graph,12,5,True,0.26589584,0.39327118
instance_8433.graph,data/graph_coloring_graphs/instance_8433.graph,12,11,True,1.0864143,-0.658553
instance_8434.graph,data/graph_coloring_graphs/instance_8434.graph,18,5,True,-0.7344227,0.7555151
instance_8435.graph,data/graph_coloring_graphs/instance_8435.graph,14,9,True,1.3812943,-0.4236777
instance_8436.graph,data/graph_coloring_graphs/instance_8436.graph,10,7,True,0.6922531,0.20545909
instance_8437.graph,data/graph_coloring_graphs/instance_8437.graph,10,11,True,0.47119904,-1.2373247
instance_8438.graph,data/graph_coloring_graphs/instance_8438.graph,10,7,True,0.21442318,0.69644916
instance_8439.graph,data/graph_coloring_graphs/instance_8439.graph,14,13,True,1.1040955,-0.7724018
instance_844.graph,data/graph_coloring_graphs/instance_844.graph,20,3,False,-4.449954,1.4639986
instance_8440.graph,data/graph_coloring_graphs/instance_8440.graph,16,11,True,1.1044731,0.014578909
instance_8441.graph,data/graph_coloring_graphs/instance_8441.graph,20,3,False,-4.9995384,1.7173359
instance_8442.graph,data/graph_coloring_graphs/instance_8442.graph,18,15,True,1.1329765,-1.0604311
instance_8443.graph,data/graph_coloring_graphs/instance_8443.graph,16,7,True,0.046525955,0.7557831
instance_8444.graph,data/graph_coloring_graphs/instance_8444.graph,16,7,True,-0.9037361,0.9935317
instance_8445.graph,data/graph_coloring_graphs/instance_8445.graph,16,5,True,-0.61399174,0.74584687
instance_8446.graph,data/graph_coloring_graphs/instance_8446.graph,20,3,False,-5.862175,1.9893141
instance_8447.graph,data/graph_coloring_graphs/instance_8447.graph,14,15,True,1.0884895,-1.0708244
instance_8448.graph,data/graph_coloring_graphs/instance_8448.graph,14,5,True,-1.2637448,0.69952214
instance_8449.graph,data/graph_coloring_graphs/instance_8449.graph,16,11,True,1.361145,-1.1174448
instance_845.graph,data/graph_coloring_graphs/instance_845.graph,10,13,True,0.9481411,-1.0006187
instance_8450.graph,data/graph_coloring_graphs/instance_8450.graph,16,3,True,-1.7751083,0.3672702
instance_8451.graph,data/graph_coloring_graphs/instance_8451.graph,10,11,True,0.9768958,-0.54208076
instance_8452.graph,data/graph_coloring_graphs/instance_8452.graph,20,15,True,1.1228104,-0.9572872
instance_8453.graph,data/graph_coloring_graphs/instance_8453.graph,16,11,True,1.1105194,-0.10483704
instance_8454.graph,data/graph_coloring_graphs/instance_8454.graph,18,11,True,1.1226234,0.0916096
instance_8455.graph,data/graph_coloring_graphs/instance_8455.graph,10,7,True,0.24549437,0.59471977
instance_8456.graph,data/graph_coloring_graphs/instance_8456.graph,12,11,True,1.0478134,-0.115579754
instance_8457.graph,data/graph_coloring_graphs/instance_8457.graph,20,11,True,1.1319695,0.119636446
instance_8458.graph,data/graph_coloring_graphs/instance_8458.graph,10,5,True,-0.10328102,0.45549378
instance_8459.graph,data/graph_coloring_graphs/instance_8459.graph,12,3,True,2.784912,-0.48638445
instance_846.graph,data/graph_coloring_graphs/instance_846.graph,10,9,True,0.95975494,-0.9252877
instance_8460.graph,data/graph_coloring_graphs/instance_8460.graph,12,15,True,1.049572,-1.1870928
instance_8461.graph,data/graph_coloring_graphs/instance_8461.graph,12,13,True,1.0594282,-1.0622628
instance_8462.graph,data/graph_coloring_graphs/instance_8462.graph,18,13,True,1.1173706,-0.61196876
instance_8463.graph,data/graph_coloring_graphs/instance_8463.graph,12,5,True,-1.7635288,0.8619274
instance_8464.graph,data/graph_coloring_graphs/instance_8464.graph,14,9,True,0.73797417,0.7357074
instance_8465.graph,data/graph_coloring_graphs/instance_8465.graph,20,13,True,1.1235237,-0.5302322
instance_8466.graph,data/graph_coloring_graphs/instance_8466.graph,16,11,True,1.1210251,-0.13729224
instance_8467.graph,data/graph_coloring_graphs/instance_8467.graph,18,5,True,2.0383682,0.13775311
instance_8468.graph,data/graph_coloring_graphs/instance_8468.graph,20,5,True,-1.9999628,1.0375085
instance_8469.graph,data/graph_coloring_graphs/instance_8469.graph,16,15,True,1.1115379,-1.048929
instance_847.graph,data/graph_coloring_graphs/instance_847.graph,16,5,False,-3.9696503,1.3976747
instance_8470.graph,data/graph_coloring_graphs/instance_8470.graph,10,15,True,0.97483444,-1.3648367
instance_8471.graph,data/graph_coloring_graphs/instance_8471.graph,10,13,True,0.99770737,-0.8159871
instance_8472.graph,data/graph_coloring_graphs/instance_8472.graph,18,13,True,1.115612,-0.57905114
instance_8473.graph,data/graph_coloring_graphs/instance_8473.graph,20,13,True,1.1655617,-0.78264785
instance_8474.graph,data/graph_coloring_graphs/instance_8474.graph,12,7,True,1.0357342,0.26997554
instance_8475.graph,data/graph_coloring_graphs/instance_8475.graph,20,5,False,-4.781128,1.5519149
instance_8476.graph,data/graph_coloring_graphs/instance_8476.graph,14,9,True,0.8723116,0.56360114
instance_8477.graph,data/graph_coloring_graphs/instance_8477.graph,14,11,True,1.2115612,-0.81880116
instance_8478.graph,data/graph_coloring_graphs/instance_8478.graph,20,13,True,1.3331051,-1.2033782
instance_8479.graph,data/graph_coloring_graphs/instance_8479.graph,12,15,True,1.0529442,-1.089039
instance_848.graph,data/graph_coloring_graphs/instance_848.graph,16,15,True,1.107521,-1.0211533
instance_8480.graph,data/graph_coloring_graphs/instance_8480.graph,20,13,True,1.1255951,-0.5552769
instance_8481.graph,data/graph_coloring_graphs/instance_8481.graph,18,13,True,1.1226768,-0.70990086
instance_8482.graph,data/graph_coloring_graphs/instance_8482.graph,14,11,True,1.0833282,-0.081898235
instance_8483.graph,data/graph_coloring_graphs/instance_8483.graph,14,3,True,-1.1372223,0.2687646
instance_8484.graph,data/graph_coloring_graphs/instance_8484.graph,12,5,True,-1.9062757,0.88870215
instance_8485.graph,data/graph_coloring_graphs/instance_8485.graph,20,3,False,-5.7956467,2.021805
instance_8486.graph,data/graph_coloring_graphs/instance_8486.graph,14,5,True,-0.097084045,0.5455359
instance_8487.graph,data/graph_coloring_graphs/instance_8487.graph,14,9,True,1.2507019,-0.14103064
instance_8488.graph,data/graph_coloring_graphs/instance_8488.graph,12,15,True,1.0422287,-1.0861531
instance_8489.graph,data/graph_coloring_graphs/instance_8489.graph,16,3,False,-4.484846,1.4713032
instance_849.graph,data/graph_coloring_graphs/instance_849.graph,10,15,True,1.0733337,-1.5179292
instance_8490.graph,data/graph_coloring_graphs/instance_8490.graph,12,15,True,1.1763763,-1.5841365
instance_8491.graph,data/graph_coloring_graphs/instance_8491.graph,16,13,True,1.1409359,-0.9670514
instance_8492.graph,data/graph_coloring_graphs/instance_8492.graph,16,9,False,0.54292107,0.92091894
instance_8493.graph,data/graph_coloring_graphs/instance_8493.graph,14,11,True,1.0825653,-0.039885856
instance_8494.graph,data/graph_coloring_graphs/instance_8494.graph,18,9,True,0.490139,1.0193276
instance_8495.graph,data/graph_coloring_graphs/instance_8495.graph,10,9,True,0.7679863,-0.5534035
instance_8496.graph,data/graph_coloring_graphs/instance_8496.graph,16,5,True,0.16648483,0.49296656
instance_8497.graph,data/graph_coloring_graphs/instance_8497.graph,20,5,False,-4.92437,1.5581961
instance_8498.graph,data/graph_coloring_graphs/instance_8498.graph,10,13,True,1.0368614,-1.2133632
instance_8499.graph,data/graph_coloring_graphs/instance_8499.graph,16,15,True,1.1787558,-1.2419527
instance_85.graph,data/graph_coloring_graphs/instance_85.graph,12,7,True,1.7955627,-0.46885508
instance_850.graph,data/graph_coloring_graphs/instance_850.graph,16,3,False,-5.181734,1.7426363
instance_8500.graph,data/graph_coloring_graphs/instance_8500.graph,18,3,True,-0.4591179,0.26764664
instance_8501.graph,data/graph_coloring_graphs/instance_8501.graph,20,13,True,1.2021761,-0.87612927
instance_8502.graph,data/graph_coloring_graphs/instance_8502.graph,16,9,True,1.0303545,0.37272885
instance_8503.graph,data/graph_coloring_graphs/instance_8503.graph,20,11,True,1.123146,0.15590815
instance_8504.graph,data/graph_coloring_graphs/instance_8504.graph,18,3,False,-3.6646118,1.0600404
instance_8505.graph,data/graph_coloring_graphs/instance_8505.graph,10,11,True,0.9820156,-0.7435945
instance_8506.graph,data/graph_coloring_graphs/instance_8506.graph,18,15,True,1.1246948,-1.0197018
instance_8507.graph,data/graph_coloring_graphs/instance_8507.graph,10,3,True,-1.5615578,0.35461637
instance_8508.graph,data/graph_coloring_graphs/instance_8508.graph,14,15,True,1.1277742,-1.2327926
instance_8509.graph,data/graph_coloring_graphs/instance_8509.graph,18,7,True,0.08572674,0.7332176
instance_851.graph,data/graph_coloring_graphs/instance_851.graph,18,13,True,1.1153107,-0.5735694
instance_8510.graph,data/graph_coloring_graphs/instance_8510.graph,14,15,True,1.0905571,-1.1010673
instance_8511.graph,data/graph_coloring_graphs/instance_8511.graph,18,9,True,1.0539703,-0.29254794
instance_8512.graph,data/graph_coloring_graphs/instance_8512.graph,14,7,True,1.5419273,0.02135586
instance_8513.graph,data/graph_coloring_graphs/instance_8513.graph,14,13,True,1.090332,-0.6977087
instance_8514.graph,data/graph_coloring_graphs/instance_8514.graph,18,11,True,1.1446648,-0.07564934
instance_8515.graph,data/graph_coloring_graphs/instance_8515.graph,20,11,True,1.1787338,-0.24306938
instance_8516.graph,data/graph_coloring_graphs/instance_8516.graph,12,11,True,1.102706,-0.54834974
instance_8517.graph,data/graph_coloring_graphs/instance_8517.graph,18,15,True,1.1329536,-1.0604312
instance_8518.graph,data/graph_coloring_graphs/instance_8518.graph,16,15,True,1.1005554,-1.0227736
instance_8519.graph,data/graph_coloring_graphs/instance_8519.graph,18,11,True,1.1237564,0.078415036
instance_852.graph,data/graph_coloring_graphs/instance_852.graph,18,9,True,1.5065155,-0.2981343
instance_8520.graph,data/graph_coloring_graphs/instance_8520.graph,12,5,True,0.14541817,0.19820428
instance_8521.graph,data/graph_coloring_graphs/instance_8521.graph,16,15,True,1.1532612,-1.1798259
instance_8522.graph,data/graph_coloring_graphs/instance_8522.graph,14,5,True,1.2613373,-0.6164336
instance_8523.graph,data/graph_coloring_graphs/instance_8523.graph,10,9,True,1.1329689,0.06503905
instance_8524.graph,data/graph_coloring_graphs/instance_8524.graph,18,5,False,-3.2812443,1.2945752
instance_8525.graph,data/graph_coloring_graphs/instance_8525.graph,10,7,True,2.2094574,0.068375945
instance_8526.graph,data/graph_coloring_graphs/instance_8526.graph,12,5,True,1.731453,-0.74179935
instance_8527.graph,data/graph_coloring_graphs/instance_8527.graph,18,9,True,0.7657509,0.779047
instance_8528.graph,data/graph_coloring_graphs/instance_8528.graph,16,13,True,1.1150913,-0.7321049
instance_8529.graph,data/graph_coloring_graphs/instance_8529.graph,16,3,False,-3.6691132,1.0930047
instance_853.graph,data/graph_coloring_graphs/instance_853.graph,16,15,True,1.1115189,-1.048929
instance_8530.graph,data/graph_coloring_graphs/instance_8530.graph,16,3,True,-0.9218979,0.21055028
instance_8531.graph,data/graph_coloring_graphs/instance_8531.graph,16,7,True,-0.65371513,0.97518754
instance_8532.graph,data/graph_coloring_graphs/instance_8532.graph,18,11,True,1.1147003,0.11678474
instance_8533.graph,data/graph_coloring_graphs/instance_8533.graph,18,3,False,-5.487915,1.8361359
instance_8534.graph,data/graph_coloring_graphs/instance_8534.graph,14,9,True,1.2888374,-0.45831338
instance_8535.graph,data/graph_coloring_graphs/instance_8535.graph,16,9,True,0.517992,0.9439175
instance_8536.graph,data/graph_coloring_graphs/instance_8536.graph,12,7,True,0.78056335,-0.34325132
instance_8537.graph,data/graph_coloring_graphs/instance_8537.graph,10,9,True,0.8862009,0.22520232
instance_8538.graph,data/graph_coloring_graphs/instance_8538.graph,16,9,True,0.608263,0.89084184
instance_8539.graph,data/graph_coloring_graphs/instance_8539.graph,20,5,False,-4.899826,1.5714946
instance_854.graph,data/graph_coloring_graphs/instance_854.graph,14,13,True,1.0749207,-0.83002496
instance_8540.graph,data/graph_coloring_graphs/instance_8540.graph,20,5,False,-4.1382065,1.425972
instance_8541.graph,data/graph_coloring_graphs/instance_8541.graph,16,5,False,-2.2930965,1.1157161
instance_8542.graph,data/graph_coloring_graphs/instance_8542.graph,18,5,True,-1.070499,0.81549776
instance_8543.graph,data/graph_coloring_graphs/instance_8543.graph,14,5,True,2.0403557,-0.4537873
instance_8544.graph,data/graph_coloring_graphs/instance_8544.graph,10,9,True,0.7072811,0.54019487
instance_8545.graph,data/graph_coloring_graphs/instance_8545.graph,12,15,True,1.081665,-1.2993033
instance_8546.graph,data/graph_coloring_graphs/instance_8546.graph,18,5,True,1.7784462,-0.13842943
instance_8547.graph,data/graph_coloring_graphs/instance_8547.graph,16,15,True,1.0993538,-1.0129575
instance_8548.graph,data/graph_coloring_graphs/instance_8548.graph,12,7,True,1.6919365,-0.64700603
instance_8549.graph,data/graph_coloring_graphs/instance_8549.graph,20,11,True,1.1756535,-0.21617803
instance_855.graph,data/graph_coloring_graphs/instance_855.graph,12,5,False,-0.7682142,0.8053751
instance_8550.graph,data/graph_coloring_graphs/instance_8550.graph,18,7,True,1.1011086,-0.009695146
instance_8551.graph,data/graph_coloring_graphs/instance_8551.graph,12,3,False,-4.901225,1.4891855
instance_8552.graph,data/graph_coloring_graphs/instance_8552.graph,10,5,True,2.6828117,-0.3703296
instance_8553.graph,data/graph_coloring_graphs/instance_8553.graph,16,5,True,1.9264069,-0.21366417
instance_8554.graph,data/graph_coloring_graphs/instance_8554.graph,10,3,False,-4.2007713,1.2519343
instance_8555.graph,data/graph_coloring_graphs/instance_8555.graph,16,7,True,-0.46370602,0.97049487
instance_8556.graph,data/graph_coloring_graphs/instance_8556.graph,12,7,True,0.32788658,0.7219094
instance_8557.graph,data/graph_coloring_graphs/instance_8557.graph,10,9,True,1.0000076,-0.89915884
instance_8558.graph,data/graph_coloring_graphs/instance_8558.graph,12,11,True,1.0681767,-0.5844761
instance_8559.graph,data/graph_coloring_graphs/instance_8559.graph,12,7,True,-1.1640043,0.8948114
instance_856.graph,data/graph_coloring_graphs/instance_856.graph,12,15,True,1.0636024,-1.2523329
instance_8560.graph,data/graph_coloring_graphs/instance_8560.graph,10,5,True,3.4076996,-1.005777
instance_8561.graph,data/graph_coloring_graphs/instance_8561.graph,12,15,True,1.0639286,-1.1540245
instance_8562.graph,data/graph_coloring_graphs/instance_8562.graph,16,13,True,1.1997116,-1.007952
instance_8563.graph,data/graph_coloring_graphs/instance_8563.graph,16,9,True,0.7659664,0.6766653
instance_8564.graph,data/graph_coloring_graphs/instance_8564.graph,16,9,True,0.5344753,0.928712
instance_8565.graph,data/graph_coloring_graphs/instance_8565.graph,20,13,True,1.1588726,-0.82379496
instance_8566.graph,data/graph_coloring_graphs/instance_8566.graph,18,15,True,1.1619568,-1.1155419
instance_8567.graph,data/graph_coloring_graphs/instance_8567.graph,16,9,True,1.601944,-0.5813348
instance_8568.graph,data/graph_coloring_graphs/instance_8568.graph,12,15,True,1.0431843,-1.0717918
instance_8569.graph,data/graph_coloring_graphs/instance_8569.graph,14,13,True,1.0755806,-0.80391824
instance_857.graph,data/graph_coloring_graphs/instance_857.graph,16,15,True,1.0985298,-1.006016
instance_8570.graph,data/graph_coloring_graphs/instance_8570.graph,18,9,True,0.46503258,1.0195824
instance_8571.graph,data/graph_coloring_graphs/instance_8571.graph,10,15,True,1.0054369,-1.29382
instance_8572.graph,data/graph_coloring_graphs/instance_8572.graph,12,9,True,1.2222786,-0.19306064
instance_8573.graph,data/graph_coloring_graphs/instance_8573.graph,12,13,True,1.1115322,-1.206997
instance_8574.graph,data/graph_coloring_graphs/instance_8574.graph,14,15,True,1.085968,-1.4501314
instance_8575.graph,data/graph_coloring_graphs/instance_8575.graph,14,15,True,1.1359959,-1.1905533
instance_8576.graph,data/graph_coloring_graphs/instance_8576.graph,10,5,True,0.9011154,0.12680773
instance_8577.graph,data/graph_coloring_graphs/instance_8577.graph,10,11,True,0.8046951,-1.2406409
instance_8578.graph,data/graph_coloring_graphs/instance_8578.graph,12,7,True,1.0123501,0.55460787
instance_8579.graph,data/graph_coloring_graphs/instance_8579.graph,14,15,True,1.09799,-1.2107071
instance_858.graph,data/graph_coloring_graphs/instance_858.graph,18,7,True,2.3670998,-0.079018965
instance_8580.graph,data/graph_coloring_graphs/instance_8580.graph,14,3,True,-1.4828148,0.534992
instance_8581.graph,data/graph_coloring_graphs/instance_8581.graph,18,15,True,1.2910461,-1.3790958
instance_8582.graph,data/graph_coloring_graphs/instance_8582.graph,14,13,True,1.227787,-1.288948
instance_8583.graph,data/graph_coloring_graphs/instance_8583.graph,16,11,True,1.1038895,0.026394203
instance_8584.graph,data/graph_coloring_graphs/instance_8584.graph,12,13,True,1.2804222,-1.6886034
instance_8585.graph,data/graph_coloring_graphs/instance_8585.graph,20,13,True,1.1319275,-0.63229
instance_8586.graph,data/graph_coloring_graphs/instance_8586.graph,14,7,True,-0.006664276,0.83834136
instance_8587.graph,data/graph_coloring_graphs/instance_8587.graph,12,3,True,-1.5701427,0.4096936
instance_8588.graph,data/graph_coloring_graphs/instance_8588.graph,18,3,False,-5.6861343,1.9375978
instance_8589.graph,data/graph_coloring_graphs/instance_8589.graph,10,9,True,1.1736679,-0.812431
instance_859.graph,data/graph_coloring_graphs/instance_859.graph,18,3,False,-4.0816717,1.1882148
instance_8590.graph,data/graph_coloring_graphs/instance_8590.graph,12,9,True,1.2797813,-0.14081536
instance_8591.graph,data/graph_coloring_graphs/instance_8591.graph,14,5,True,3.123993,-0.34695253
instance_8592.graph,data/graph_coloring_graphs/instance_8592.graph,16,7,True,0.9543762,0.02798134
instance_8593.graph,data/graph_coloring_graphs/instance_8593.graph,20,11,True,1.3183851,-0.7051841
instance_8594.graph,data/graph_coloring_graphs/instance_8594.graph,16,7,True,-0.09994984,0.73802376
instance_8595.graph,data/graph_coloring_graphs/instance_8595.graph,14,9,True,0.6495724,0.73321617
instance_8596.graph,data/graph_coloring_graphs/instance_8596.graph,20,3,False,-4.4081755,1.3336072
instance_8597.graph,data/graph_coloring_graphs/instance_8597.graph,20,11,True,1.261658,-0.536041
instance_8598.graph,data/graph_coloring_graphs/instance_8598.graph,16,5,True,1.2832527,-0.0016264766
instance_8599.graph,data/graph_coloring_graphs/instance_8599.graph,18,11,True,1.188858,-0.31442815
instance_86.graph,data/graph_coloring_graphs/instance_86.graph,10,13,True,1.004529,-0.92161334
instance_860.graph,data/graph_coloring_graphs/instance_860.graph,12,13,True,1.0578957,-1.1039481
instance_8600.graph,data/graph_coloring_graphs/instance_8600.graph,10,13,True,0.993361,-1.0185759
instance_8601.graph,data/graph_coloring_graphs/instance_8601.graph,10,7,True,-0.2544117,0.728698
instance_8602.graph,data/graph_coloring_graphs/instance_8602.graph,18,15,True,1.2738876,-1.4293779
instance_8603.graph,data/graph_coloring_graphs/instance_8603.graph,12,7,True,1.4180717,-0.2834436
instance_8604.graph,data/graph_coloring_graphs/instance_8604.graph,12,13,True,1.0241833,-0.9460393
instance_8605.graph,data/graph_coloring_graphs/instance_8605.graph,20,7,True,-1.4431534,1.2257369
instance_8606.graph,data/graph_coloring_graphs/instance_8606.graph,10,11,True,0.9711232,-0.42146355
instance_8607.graph,data/graph_coloring_graphs/instance_8607.graph,18,5,True,-1.6649818,0.8357252
instance_8608.graph,data/graph_coloring_graphs/instance_8608.graph,16,7,True,0.20066166,0.71721804
instance_8609.graph,data/graph_coloring_graphs/instance_8609.graph,20,13,True,1.1316719,-0.5490955
instance_861.graph,data/graph_coloring_graphs/instance_861.graph,16,13,True,1.1021843,-0.6570015
instance_8610.graph,data/graph_coloring_graphs/instance_8610.graph,16,15,True,1.1464157,-1.2072947
instance_8611.graph,data/graph_coloring_graphs/instance_8611.graph,18,9,True,0.891016,0.6042087
instance_8612.graph,data/graph_coloring_graphs/instance_8612.graph,14,7,True,0.45685196,0.44395268
instance_8613.graph,data/graph_coloring_graphs/instance_8613.graph,14,9,True,1.0769873,0.36659506
instance_8614.graph,data/graph_coloring_graphs/instance_8614.graph,16,15,True,1.2063675,-1.3771268
instance_8615.graph,data/graph_coloring_graphs/instance_8615.graph,20,15,True,1.1187096,-0.95972216
instance_8616.graph,data/graph_coloring_graphs/instance_8616.graph,14,11,True,1.1190834,-0.22739993
instance_8617.graph,data/graph_coloring_graphs/instance_8617.graph,20,3,False,-5.8344154,1.9745071
instance_8618.graph,data/graph_coloring_graphs/instance_8618.graph,14,5,True,-2.0112205,0.9052937
instance_8619.graph,data/graph_coloring_graphs/instance_8619.graph,12,11,True,1.0424719,-0.32636586
instance_862.graph,data/graph_coloring_graphs/instance_862.graph,18,13,True,1.1784725,-0.8142425
instance_8620.graph,data/graph_coloring_graphs/instance_8620.graph,18,5,True,3.089447,-0.021391101
instance_8621.graph,data/graph_coloring_graphs/instance_8621.graph,12,15,True,1.0802641,-1.2508107
instance_8622.graph,data/graph_coloring_graphs/instance_8622.graph,16,3,False,-4.906172,1.5479068
instance_8623.graph,data/graph_coloring_graphs/instance_8623.graph,18,15,True,1.1467171,-1.0545894
instance_8624.graph,data/graph_coloring_graphs/instance_8624.graph,10,13,True,1.170208,-1.5614636
instance_8625.graph,data/graph_coloring_graphs/instance_8625.graph,18,15,True,1.278717,-1.3911645
instance_8626.graph,data/graph_coloring_graphs/instance_8626.graph,18,3,False,-4.3165216,1.3675096
instance_8627.graph,data/graph_coloring_graphs/instance_8627.graph,10,7,True,-0.014881134,0.6645001
instance_8628.graph,data/graph_coloring_graphs/instance_8628.graph,12,7,True,-0.5060892,0.86377144
instance_8629.graph,data/graph_coloring_graphs/instance_8629.graph,16,5,False,-3.475462,1.3145647
instance_863.graph,data/graph_coloring_graphs/instance_863.graph,18,11,True,1.1469383,-0.020386532
instance_8630.graph,data/graph_coloring_graphs/instance_8630.graph,18,7,False,-1.7731552,1.290857
instance_8631.graph,data/graph_coloring_graphs/instance_8631.graph,20,9,True,0.40132904,1.0769914
instance_8632.graph,data/graph_coloring_graphs/instance_8632.graph,18,11,True,1.1778412,-0.31331038
instance_8633.graph,data/graph_coloring_graphs/instance_8633.graph,18,13,True,1.1426048,-0.7036377
instance_8634.graph,data/graph_coloring_graphs/instance_8634.graph,16,7,True,-1.362606,1.0175538
instance_8635.graph,data/graph_coloring_graphs/instance_8635.graph,20,11,True,1.1484184,0.023673244
instance_8636.graph,data/graph_coloring_graphs/instance_8636.graph,14,5,True,0.8989601,0.35833162
instance_8637.graph,data/graph_coloring_graphs/instance_8637.graph,12,5,False,-2.9867573,1.1444054
instance_8638.graph,data/graph_coloring_graphs/instance_8638.graph,20,7,False,-2.1969185,1.3982519
instance_8639.graph,data/graph_coloring_graphs/instance_8639.graph,14,13,True,1.1088276,-1.0280105
instance_864.graph,data/graph_coloring_graphs/instance_864.graph,14,3,False,-4.806965,1.5099981
instance_8640.graph,data/graph_coloring_graphs/instance_8640.graph,20,9,True,0.4821396,1.0435259
instance_8641.graph,data/graph_coloring_graphs/instance_8641.graph,18,9,True,0.44665146,1.0360286
instance_8642.graph,data/graph_coloring_graphs/instance_8642.graph,14,15,True,1.0929928,-1.1371907
instance_8643.graph,data/graph_coloring_graphs/instance_8643.graph,12,7,True,0.7497616,0.08053015
instance_8644.graph,data/graph_coloring_graphs/instance_8644.graph,14,9,True,1.2189217,-0.77766645
instance_8645.graph,data/graph_coloring_graphs/instance_8645.graph,18,3,False,-5.7017593,1.9051921
instance_8646.graph,data/graph_coloring_graphs/instance_8646.graph,12,5,True,-1.4115734,0.8604387
instance_8647.graph,data/graph_coloring_graphs/instance_8647.graph,10,9,True,0.9166279,0.40317383
instance_8648.graph,data/graph_coloring_graphs/instance_8648.graph,20,5,False,-4.841133,1.5618122
instance_8649.graph,data/graph_coloring_graphs/instance_8649.graph,18,15,True,1.2316303,-1.336553
instance_865.graph,data/graph_coloring_graphs/instance_865.graph,16,9,True,1.375061,-0.30060714
instance_8650.graph,data/graph_coloring_graphs/instance_8650.graph,16,3,False,-4.735774,1.4612937
instance_8651.graph,data/graph_coloring_graphs/instance_8651.graph,16,15,True,1.1486683,-1.1564333
instance_8652.graph,data/graph_coloring_graphs/instance_8652.graph,16,13,True,1.1138077,-0.69884574
instance_8653.graph,data/graph_coloring_graphs/instance_8653.graph,18,5,False,-4.3936005,1.4796295
instance_8654.graph,data/graph_coloring_graphs/instance_8654.graph,16,9,True,0.5766754,0.78057814
instance_8655.graph,data/graph_coloring_graphs/instance_8655.graph,18,9,True,0.97726727,0.45756915
instance_8656.graph,data/graph_coloring_graphs/instance_8656.graph,12,9,True,0.7208376,0.63941
instance_8657.graph,data/graph_coloring_graphs/instance_8657.graph,12,15,True,0.95758057,-1.417557
instance_8658.graph,data/graph_coloring_graphs/instance_8658.graph,12,7,True,0.28206587,0.5801821
instance_8659.graph,data/graph_coloring_graphs/instance_8659.graph,12,9,True,0.6228323,0.67915094
instance_866.graph,data/graph_coloring_graphs/instance_866.graph,10,3,True,-2.5131702,0.4254727
instance_8660.graph,data/graph_coloring_graphs/instance_8660.graph,10,3,True,-0.61107635,0.027653962
instance_8661.graph,data/graph_coloring_graphs/instance_8661.graph,10,3,False,-0.91716003,0.081376344
instance_8662.graph,data/graph_coloring_graphs/instance_8662.graph,10,9,True,1.0066414,0.30893728
instance_8663.graph,data/graph_coloring_graphs/instance_8663.graph,16,3,False,-5.274397,1.7350726
instance_8664.graph,data/graph_coloring_graphs/instance_8664.graph,14,15,True,1.1064701,-1.1594371
instance_8665.graph,data/graph_coloring_graphs/instance_8665.graph,16,15,True,1.1441498,-1.1939299
instance_8666.graph,data/graph_coloring_graphs/instance_8666.graph,20,15,True,1.3445663,-1.4178615
instance_8667.graph,data/graph_coloring_graphs/instance_8667.graph,10,13,True,0.8704071,-1.5121483
instance_8668.graph,data/graph_coloring_graphs/instance_8668.graph,16,15,True,1.1845741,-1.2102143
instance_8669.graph,data/graph_coloring_graphs/instance_8669.graph,14,13,True,1.1772275,-1.0692034
instance_867.graph,data/graph_coloring_graphs/instance_867.graph,12,15,True,1.0415936,-1.0964168
instance_8670.graph,data/graph_coloring_graphs/instance_8670.graph,20,7,True,0.6829386,0.46154132
instance_8671.graph,data/graph_coloring_graphs/instance_8671.graph,20,3,False,-3.9876165,1.3100998
instance_8672.graph,data/graph_coloring_graphs/instance_8672.graph,16,13,True,1.1014595,-0.62046266
instance_8673.graph,data/graph_coloring_graphs/instance_8673.graph,18,11,True,1.26367,-0.8151462
instance_8674.graph,data/graph_coloring_graphs/instance_8674.graph,10,9,True,0.93959045,-1.1951268
instance_8675.graph,data/graph_coloring_graphs/instance_8675.graph,20,11,True,1.1727848,-0.19074686
instance_8676.graph,data/graph_coloring_graphs/instance_8676.graph,14,9,True,1.1220093,0.10443202
instance_8677.graph,data/graph_coloring_graphs/instance_8677.graph,12,5,True,-0.92506003,0.8326422
instance_8678.graph,data/graph_coloring_graphs/instance_8678.graph,20,15,True,1.140316,-1.026751
instance_8679.graph,data/graph_coloring_graphs/instance_8679.graph,16,11,True,1.2565136,-0.70604944
instance_868.graph,data/graph_coloring_graphs/instance_868.graph,16,7,True,0.7681885,0.5128139
instance_8680.graph,data/graph_coloring_graphs/instance_8680.graph,14,13,True,1.1963172,-1.024868
instance_8681.graph,data/graph_coloring_graphs/instance_8681.graph,14,9,True,1.51017,-0.7459407
instance_8682.graph,data/graph_coloring_graphs/instance_8682.graph,20,3,False,-4.0799427,1.170783
instance_8683.graph,data/graph_coloring_graphs/instance_8683.graph,20,9,True,0.46012497,1.0440979
instance_8684.graph,data/graph_coloring_graphs/instance_8684.graph,10,15,True,0.9668999,-1.5859125
instance_8685.graph,data/graph_coloring_graphs/instance_8685.graph,10,3,False,-3.2725906,0.7973801
instance_8686.graph,data/graph_coloring_graphs/instance_8686.graph,20,9,True,1.5264702,-0.13718092
instance_8687.graph,data/graph_coloring_graphs/instance_8687.graph,16,7,True,0.16885328,0.5322784
instance_8688.graph,data/graph_coloring_graphs/instance_8688.graph,10,11,True,0.99812317,-0.2507071
instance_8689.graph,data/graph_coloring_graphs/instance_8689.graph,12,13,True,1.0541363,-0.7756908
instance_869.graph,data/graph_coloring_graphs/instance_869.graph,16,5,False,-3.4439125,1.2797617
instance_8690.graph,data/graph_coloring_graphs/instance_8690.graph,10,13,True,0.6780319,-1.6024512
instance_8691.graph,data/graph_coloring_graphs/instance_8691.graph,20,11,True,1.1989288,-0.18821703
instance_8692.graph,data/graph_coloring_graphs/instance_8692.graph,12,5,True,-0.6091156,0.6453905
instance_8693.graph,data/graph_coloring_graphs/instance_8693.graph,16,13,True,1.1021729,-0.6570015
instance_8694.graph,data/graph_coloring_graphs/instance_8694.graph,16,11,True,1.1733732,-0.3891732
instance_8695.graph,data/graph_coloring_graphs/instance_8695.graph,18,15,True,1.1719551,-1.1554765
instance_8696.graph,data/graph_coloring_graphs/instance_8696.graph,12,11,True,1.0756054,-1.0436723
instance_8697.graph,data/graph_coloring_graphs/instance_8697.graph,16,9,True,0.5020447,0.9586358
instance_8698.graph,data/graph_coloring_graphs/instance_8698.graph,16,7,False,-1.4835911,1.2096331
instance_8699.graph,data/graph_coloring_graphs/instance_8699.graph,16,3,True,-0.05432892,0.12544657
instance_87.graph,data/graph_coloring_graphs/instance_87.graph,12,15,True,1.0805874,-1.2621429
instance_870.graph,data/graph_coloring_graphs/instance_870.graph,12,9,True,0.7946329,0.5640607
instance_8700.graph,data/graph_coloring_graphs/instance_8700.graph,10,5,False,-1.8416653,0.95153916
instance_8701.graph,data/graph_coloring_graphs/instance_8701.graph,12,15,True,1.0419044,-1.0912123
instance_8702.graph,data/graph_coloring_graphs/instance_8702.graph,10,9,True,1.2121124,-0.16611491
instance_8703.graph,data/graph_coloring_graphs/instance_8703.graph,12,5,False,-2.6786766,1.1375188
instance_8704.graph,data/graph_coloring_graphs/instance_8704.graph,10,13,True,0.97286224,-0.98894393
instance_8705.graph,data/graph_coloring_graphs/instance_8705.graph,10,3,True,3.7981796,-0.58308375
instance_8706.graph,data/graph_coloring_graphs/instance_8706.graph,10,5,True,2.1575317,-0.73410356
instance_8707.graph,data/graph_coloring_graphs/instance_8707.graph,14,9,True,0.61569977,0.8490881
instance_8708.graph,data/graph_coloring_graphs/instance_8708.graph,16,13,True,1.1037045,-0.73844624
instance_8709.graph,data/graph_coloring_graphs/instance_8709.graph,20,15,True,1.1690598,-1.0820317
instance_871.graph,data/graph_coloring_graphs/instance_871.graph,14,15,True,1.2513504,-1.4893783
instance_8710.graph,data/graph_coloring_graphs/instance_8710.graph,18,3,True,-1.2513199,0.36592883
instance_8711.graph,data/graph_coloring_graphs/instance_8711.graph,10,13,True,0.9778652,-0.8268782
instance_8712.graph,data/graph_coloring_graphs/instance_8712.graph,20,15,True,1.1978617,-1.1491207
instance_8713.graph,data/graph_coloring_graphs/instance_8713.graph,18,3,False,-4.833803,1.557716
instance_8714.graph,data/graph_coloring_graphs/instance_8714.graph,18,15,True,1.1571026,-1.1786175
instance_8715.graph,data/graph_coloring_graphs/instance_8715.graph,12,7,False,-0.7058153,0.9745691
instance_8716.graph,data/graph_coloring_graphs/instance_8716.graph,12,7,True,0.28205395,0.5801822
instance_8717.graph,data/graph_coloring_graphs/instance_8717.graph,10,7,True,-0.47551584,0.7879579
instance_8718.graph,data/graph_coloring_graphs/instance_8718.graph,18,5,False,-3.1415825,1.2162571
instance_8719.graph,data/graph_coloring_graphs/instance_8719.graph,12,11,True,1.0570984,-0.17408635
instance_872.graph,data/graph_coloring_graphs/instance_872.graph,18,5,False,-4.508173,1.4986926
instance_8720.graph,data/graph_coloring_graphs/instance_8720.graph,12,11,True,1.0711823,-1.04845
instance_8721.graph,data/graph_coloring_graphs/instance_8721.graph,16,13,True,1.2768784,-1.4085813
instance_8722.graph,data/graph_coloring_graphs/instance_8722.graph,12,7,True,1.7547112,-0.075150296
instance_8723.graph,data/graph_coloring_graphs/instance_8723.graph,20,15,True,1.2804298,-1.2916675
instance_8724.graph,data/graph_coloring_graphs/instance_8724.graph,12,15,True,1.0674896,-1.5785556
instance_8725.graph,data/graph_coloring_graphs/instance_8725.graph,12,13,True,1.1920815,-1.3172129
instance_8726.graph,data/graph_coloring_graphs/instance_8726.graph,16,11,True,1.1278667,-0.24962713
instance_8727.graph,data/graph_coloring_graphs/instance_8727.graph,10,9,True,0.7220588,0.29589462
instance_8728.graph,data/graph_coloring_graphs/instance_8728.graph,14,13,True,1.0889826,-1.0061458
instance_8729.graph,data/graph_coloring_graphs/instance_8729.graph,18,15,True,1.1771793,-1.104697
instance_873.graph,data/graph_coloring_graphs/instance_873.graph,12,15,True,1.0495586,-1.1870928
instance_8730.graph,data/graph_coloring_graphs/instance_8730.graph,20,3,False,-5.805794,1.9592144
instance_8731.graph,data/graph_coloring_graphs/instance_8731.graph,18,9,True,1.5684738,-0.13672048
instance_8732.graph,data/graph_coloring_graphs/instance_8732.graph,14,9,True,0.61364174,0.8125839
instance_8733.graph,data/graph_coloring_graphs/instance_8733.graph,10,15,True,0.99095535,-1.430033
instance_8734.graph,data/graph_coloring_graphs/instance_8734.graph,20,5,False,-3.5612125,1.3055475
instance_8735.graph,data/graph_coloring_graphs/instance_8735.graph,10,15,True,1.0034466,-1.1642073
instance_8736.graph,data/graph_coloring_graphs/instance_8736.graph,18,9,True,0.490139,1.0193276
instance_8737.graph,data/graph_coloring_graphs/instance_8737.graph,10,9,True,0.8259659,-0.6658336
instance_8738.graph,data/graph_coloring_graphs/instance_8738.graph,10,3,True,-1.5210342,0.19699489
instance_8739.graph,data/graph_coloring_graphs/instance_8739.graph,14,13,True,1.0739155,-0.8682896
instance_874.graph,data/graph_coloring_graphs/instance_874.graph,18,7,True,1.1411924,0.4669375
instance_8740.graph,data/graph_coloring_graphs/instance_8740.graph,18,5,True,-2.6824875,1.1949656
instance_8741.graph,data/graph_coloring_graphs/instance_8741.graph,12,5,True,-1.411572,0.8604387
instance_8742.graph,data/graph_coloring_graphs/instance_8742.graph,14,5,False,-3.3084278,1.2698594
instance_8743.graph,data/graph_coloring_graphs/instance_8743.graph,10,7,True,2.3636932,-0.7043654
instance_8744.graph,data/graph_coloring_graphs/instance_8744.graph,10,7,True,0.46969604,-0.13918453
instance_8745.graph,data/graph_coloring_graphs/instance_8745.graph,18,15,True,1.3211555,-1.4534502
instance_8746.graph,data/graph_coloring_graphs/instance_8746.graph,14,11,True,1.1463814,-0.90131366
instance_8747.graph,data/graph_coloring_graphs/instance_8747.graph,16,15,True,1.1409779,-1.1752288
instance_8748.graph,data/graph_coloring_graphs/instance_8748.graph,14,7,True,2.7095947,-0.3637165
instance_8749.graph,data/graph_coloring_graphs/instance_8749.graph,10,3,True,1.908699,-0.44129017
instance_875.graph,data/graph_coloring_graphs/instance_875.graph,18,13,True,1.1413574,-0.6896453
instance_8750.graph,data/graph_coloring_graphs/instance_8750.graph,18,5,False,-4.281048,1.4387007
instance_8751.graph,data/graph_coloring_graphs/instance_8751.graph,18,5,True,0.021316528,0.3211621
instance_8752.graph,data/graph_coloring_graphs/instance_8752.graph,18,13,True,1.1239967,-0.5886842
instance_8753.graph,data/graph_coloring_graphs/instance_8753.graph,10,13,True,0.6494293,-1.7022343
instance_8754.graph,data/graph_coloring_graphs/instance_8754.graph,14,7,True,1.9649696,-0.41964218
instance_8755.graph,data/graph_coloring_graphs/instance_8755.graph,14,3,False,-4.0354986,1.21227
instance_8756.graph,data/graph_coloring_graphs/instance_8756.graph,14,15,True,1.0974655,-1.2029457
instance_8757.graph,data/graph_coloring_graphs/instance_8757.graph,12,3,False,-4.937126,1.5081878
instance_8758.graph,data/graph_coloring_graphs/instance_8758.graph,16,13,True,1.1099701,-0.60046375
instance_8759.graph,data/graph_coloring_graphs/instance_8759.graph,12,3,True,1.0287247,-0.16287509
instance_876.graph,data/graph_coloring_graphs/instance_876.graph,20,13,True,1.2845345,-1.1672657
instance_8760.graph,data/graph_coloring_graphs/instance_8760.graph,12,5,True,1.9273758,0.06773177
instance_8761.graph,data/graph_coloring_graphs/instance_8761.graph,14,15,True,1.099082,-1.2270188
instance_8762.graph,data/graph_coloring_graphs/instance_8762.graph,14,11,True,1.0898552,0.001708068
instance_8763.graph,data/graph_coloring_graphs/instance_8763.graph,10,11,True,0.9820118,-0.7435945
instance_8764.graph,data/graph_coloring_graphs/instance_8764.graph,12,3,False,-3.6591263,1.2775755
instance_8765.graph,data/graph_coloring_graphs/instance_8765.graph,20,7,True,-1.5589848,1.2009861
instance_8766.graph,data/graph_coloring_graphs/instance_8766.graph,12,7,True,1.5532894,0.23853251
instance_8767.graph,data/graph_coloring_graphs/instance_8767.graph,12,3,False,-5.0061035,1.5447019
instance_8768.graph,data/graph_coloring_graphs/instance_8768.graph,16,3,False,-3.302638,1.0110408
instance_8769.graph,data/graph_coloring_graphs/instance_8769.graph,20,9,True,0.6731396,0.85805655
instance_877.graph,data/graph_coloring_graphs/instance_877.graph,12,15,True,1.0529499,-1.0890391
instance_8770.graph,data/graph_coloring_graphs/instance_8770.graph,12,13,True,1.052948,-0.79448116
instance_8771.graph,data/graph_coloring_graphs/instance_8771.graph,20,3,False,-5.755928,1.9325765
instance_8772.graph,data/graph_coloring_graphs/instance_8772.graph,12,9,True,1.114605,-0.22057812
instance_8773.graph,data/graph_coloring_graphs/instance_8773.graph,10,3,False,-3.8338823,1.0722678
instance_8774.graph,data/graph_coloring_graphs/instance_8774.graph,20,7,True,-0.23176765,0.8818972
instance_8775.graph,data/graph_coloring_graphs/instance_8775.graph,16,7,True,0.5216751,0.5092652
instance_8776.graph,data/graph_coloring_graphs/instance_8776.graph,10,7,True,-0.014883041,0.6645
instance_8777.graph,data/graph_coloring_graphs/instance_8777.graph,12,9,True,0.72084713,0.63941
instance_8778.graph,data/graph_coloring_graphs/instance_8778.graph,20,11,True,1.2081509,-0.25247234
instance_8779.graph,data/graph_coloring_graphs/instance_8779.graph,10,15,True,0.97220135,-1.2540367
instance_878.graph,data/graph_coloring_graphs/instance_878.graph,18,15,True,1.1401749,-1.0589547
instance_8780.graph,data/graph_coloring_graphs/instance_8780.graph,14,9,True,0.68592644,0.7839701
instance_8781.graph,data/graph_coloring_graphs/instance_8781.graph,18,7,False,-2.1030807,1.3423877
instance_8782.graph,data/graph_coloring_graphs/instance_8782.graph,12,13,True,1.0562553,-0.7412417
instance_8783.graph,data/graph_coloring_graphs/instance_8783.graph,18,13,True,1.1314049,-0.6905848
instance_8784.graph,data/graph_coloring_graphs/instance_8784.graph,14,7,True,1.9578323,-0.46910846
instance_8785.graph,data/graph_coloring_graphs/instance_8785.graph,16,15,True,1.3238373,-1.4970382
instance_8786.graph,data/graph_coloring_graphs/instance_8786.graph,18,5,True,1.7784424,-0.13842942
instance_8787.graph,data/graph_coloring_graphs/instance_8787.graph,16,3,False,-4.8834867,1.4715326
instance_8788.graph,data/graph_coloring_graphs/instance_8788.graph,20,13,True,1.1689701,-0.8120868
instance_8789.graph,data/graph_coloring_graphs/instance_8789.graph,16,9,True,0.57813835,0.8884047
instance_879.graph,data/graph_coloring_graphs/instance_879.graph,10,5,True,0.7944107,0.48056903
instance_8790.graph,data/graph_coloring_graphs/instance_8790.graph,14,11,True,1.2630577,-1.0796258
instance_8791.graph,data/graph_coloring_graphs/instance_8791.graph,20,15,True,1.3615398,-1.383532
instance_8792.graph,data/graph_coloring_graphs/instance_8792.graph,20,15,True,1.282978,-1.3653963
instance_8793.graph,data/graph_coloring_graphs/instance_8793.graph,12,13,True,1.0853615,-0.8890611
instance_8794.graph,data/graph_coloring_graphs/instance_8794.graph,18,3,False,-4.9794846,1.5759267
instance_8795.graph,data/graph_coloring_graphs/instance_8795.graph,14,3,False,-5.2111015,1.6490657
instance_8796.graph,data/graph_coloring_graphs/instance_8796.graph,16,15,True,1.1336308,-1.1320076
instance_8797.graph,data/graph_coloring_graphs/instance_8797.graph,12,7,True,-0.6678133,0.905115
instance_8798.graph,data/graph_coloring_graphs/instance_8798.graph,10,3,True,-1.5615616,0.35461637
instance_8799.graph,data/graph_coloring_graphs/instance_8799.graph,12,15,True,1.064045,-1.1205981
instance_88.graph,data/graph_coloring_graphs/instance_88.graph,16,7,True,0.13618279,0.67676663
instance_880.graph,data/graph_coloring_graphs/instance_880.graph,10,13,True,1.0169983,-1.5894545
instance_8800.graph,data/graph_coloring_graphs/instance_8800.graph,18,7,True,2.715454,-0.23311177
instance_8801.graph,data/graph_coloring_graphs/instance_8801.graph,20,5,True,-2.3391275,1.0659704
instance_8802.graph,data/graph_coloring_graphs/instance_8802.graph,12,15,True,1.1409988,-1.5240164
instance_8803.graph,data/graph_coloring_graphs/instance_8803.graph,14,3,True,-0.054336548,0.12544657
instance_8804.graph,data/graph_coloring_graphs/instance_8804.graph,20,5,False,-4.924366,1.5581961
instance_8805.graph,data/graph_coloring_graphs/instance_8805.graph,12,15,True,1.0437622,-1.0628436
instance_8806.graph,data/graph_coloring_graphs/instance_8806.graph,14,3,False,-5.1088295,1.5947616
instance_8807.graph,data/graph_coloring_graphs/instance_8807.graph,20,7,True,-0.23176098,0.8818972
instance_8808.graph,data/graph_coloring_graphs/instance_8808.graph,20,7,False,-2.111145,1.3786187
instance_8809.graph,data/graph_coloring_graphs/instance_8809.graph,20,9,True,0.70461655,0.8535578
instance_881.graph,data/graph_coloring_graphs/instance_881.graph,20,5,False,-3.5103245,1.3423202
instance_8810.graph,data/graph_coloring_graphs/instance_8810.graph,16,15,True,1.1488228,-1.2214513
instance_8811.graph,data/graph_coloring_graphs/instance_8811.graph,14,15,True,1.1585875,-1.2389858
instance_8812.graph,data/graph_coloring_graphs/instance_8812.graph,18,5,True,-1.7694614,0.9402436
instance_8813.graph,data/graph_coloring_graphs/instance_8813.graph,16,9,True,0.97511864,0.37151313
instance_8814.graph,data/graph_coloring_graphs/instance_8814.graph,18,5,False,-3.4392948,1.2680882
instance_8815.graph,data/graph_coloring_graphs/instance_8815.graph,18,5,True,-1.2546773,0.88774514
instance_8816.graph,data/graph_coloring_graphs/instance_8816.graph,10,13,True,0.9821863,-1.1158123
instance_8817.graph,data/graph_coloring_graphs/instance_8817.graph,10,9,True,1.1887131,-0.30891898
instance_8818.graph,data/graph_coloring_graphs/instance_8818.graph,10,3,False,-3.1490326,0.8881098
instance_8819.graph,data/graph_coloring_graphs/instance_8819.graph,18,11,True,1.1796894,-0.23525019
instance_882.graph,data/graph_coloring_graphs/instance_882.graph,10,5,True,0.103385925,0.51695335
instance_8820.graph,data/graph_coloring_graphs/instance_8820.graph,20,9,True,0.6113224,0.91205835
instance_8821.graph,data/graph_coloring_graphs/instance_8821.graph,14,9,True,1.2325535,0.21687025
instance_8822.graph,data/graph_coloring_graphs/instance_8822.graph,14,13,True,1.0900917,-0.75720775
instance_8823.graph,data/graph_coloring_graphs/instance_8823.graph,20,13,True,1.281641,-1.1520529
instance_8824.graph,data/graph_coloring_graphs/instance_8824.graph,20,13,True,1.3204484,-1.0849448
instance_8825.graph,data/graph_coloring_graphs/instance_8825.graph,14,9,True,0.6615524,0.8065853
instance_8826.graph,data/graph_coloring_graphs/instance_8826.graph,20,13,True,1.183197,-0.8320993
instance_8827.graph,data/graph_coloring_graphs/instance_8827.graph,20,3,False,-2.5921688,0.68991685
instance_8828.graph,data/graph_coloring_graphs/instance_8828.graph,10,13,True,0.525589,-1.714777
instance_8829.graph,data/graph_coloring_graphs/instance_8829.graph,18,9,False,0.47156906,1.0355165
instance_883.graph,data/graph_coloring_graphs/instance_883.graph,18,5,True,2.2974358,0.15450817
instance_8830.graph,data/graph_coloring_graphs/instance_8830.graph,18,15,True,1.1126595,-0.9892912
instance_8831.graph,data/graph_coloring_graphs/instance_8831.graph,10,9,True,0.8369131,0.4866409
instance_8832.graph,data/graph_coloring_graphs/instance_8832.graph,16,11,True,1.1108551,0.02991195
instance_8833.graph,data/graph_coloring_graphs/instance_8833.graph,10,7,True,-0.34576702,0.8381611
instance_8834.graph,data/graph_coloring_graphs/instance_8834.graph,18,15,True,1.2523232,-1.3569776
instance_8835.graph,data/graph_coloring_graphs/instance_8835.graph,12,9,True,0.6844654,0.7313509
instance_8836.graph,data/graph_coloring_graphs/instance_8836.graph,12,7,True,1.1654892,0.10292059
instance_8837.graph,data/graph_coloring_graphs/instance_8837.graph,14,7,True,1.2625675,0.312581
instance_8838.graph,data/graph_coloring_graphs/instance_8838.graph,14,9,True,0.92633533,0.56102836
instance_8839.graph,data/graph_coloring_graphs/instance_8839.graph,16,7,False,-1.6877174,1.2253397
instance_884.graph,data/graph_coloring_graphs/instance_884.graph,20,15,True,1.326519,-1.3989252
instance_8840.graph,data/graph_coloring_graphs/instance_8840.graph,20,3,False,-4.164852,1.2739922
instance_8841.graph,data/graph_coloring_graphs/instance_8841.graph,12,5,True,2.5533905,-0.17894948
instance_8842.graph,data/graph_coloring_graphs/instance_8842.graph,10,7,True,1.3458633,0.1669532
instance_8843.graph,data/graph_coloring_graphs/instance_8843.graph,14,3,False,-3.4303102,0.9229388
instance_8844.graph,data/graph_coloring_graphs/instance_8844.graph,20,13,True,1.1303902,-0.536402
instance_8845.graph,data/graph_coloring_graphs/instance_8845.graph,10,5,False,-1.5210767,0.894264
instance_8846.graph,data/graph_coloring_graphs/instance_8846.graph,12,3,False,-2.1244297,0.5001211
instance_8847.graph,data/graph_coloring_graphs/instance_8847.graph,12,5,False,-2.360714,1.0822387
instance_8848.graph,data/graph_coloring_graphs/instance_8848.graph,12,11,True,1.0207195,-0.89826167
instance_8849.graph,data/graph_coloring_graphs/instance_8849.graph,10,3,True,-1.036644,-0.019634001
instance_885.graph,data/graph_coloring_graphs/instance_885.graph,14,15,True,1.0865021,-1.0417767
instance_8850.graph,data/graph_coloring_graphs/instance_8850.graph,20,7,True,-0.23722553,0.8456235
instance_8851.graph,data/graph_coloring_graphs/instance_8851.graph,10,13,True,0.94814444,-1.0006187
instance_8852.graph,data/graph_coloring_graphs/instance_8852.graph,14,15,True,1.2225571,-1.483608
instance_8853.graph,data/graph_coloring_graphs/instance_8853.graph,10,3,False,-3.5024242,0.75868726
instance_8854.graph,data/graph_coloring_graphs/instance_8854.graph,12,9,True,0.67086697,0.690428
instance_8855.graph,data/graph_coloring_graphs/instance_8855.graph,12,13,True,1.0404873,-0.75810444
instance_8856.graph,data/graph_coloring_graphs/instance_8856.graph,14,11,True,1.2677803,-0.9053271
instance_8857.graph,data/graph_coloring_graphs/instance_8857.graph,16,11,True,1.1245575,-0.19512367
instance_8858.graph,data/graph_coloring_graphs/instance_8858.graph,20,7,True,0.36405754,0.8120997
instance_8859.graph,data/graph_coloring_graphs/instance_8859.graph,18,5,False,-4.637211,1.4992757
instance_886.graph,data/graph_coloring_graphs/instance_886.graph,12,3,False,-4.859312,1.5524426
instance_8860.graph,data/graph_coloring_graphs/instance_8860.graph,10,3,False,-2.7944317,0.56321645
instance_8861.graph,data/graph_coloring_graphs/instance_8861.graph,14,9,True,0.68593216,0.7839701
instance_8862.graph,data/graph_coloring_graphs/instance_8862.graph,16,7,True,-0.59742165,0.96156406
instance_8863.graph,data/graph_coloring_graphs/instance_8863.graph,14,13,True,1.0899811,-0.7800534
instance_8864.graph,data/graph_coloring_graphs/instance_8864.graph,16,5,True,-0.48098564,0.7222719
instance_8865.graph,data/graph_coloring_graphs/instance_8865.graph,14,5,True,-0.7743988,0.67283523
instance_8866.graph,data/graph_coloring_graphs/instance_8866.graph,10,7,True,0.7732048,0.3307841
instance_8867.graph,data/graph_coloring_graphs/instance_8867.graph,12,11,True,1.0856118,-0.59586704
instance_8868.graph,data/graph_coloring_graphs/instance_8868.graph,20,9,True,1.2836571,0.048106268
instance_8869.graph,data/graph_coloring_graphs/instance_8869.graph,20,5,True,-1.8909478,0.98734474
instance_887.graph,data/graph_coloring_graphs/instance_887.graph,16,9,True,0.5873337,0.8799226
instance_8870.graph,data/graph_coloring_graphs/instance_8870.graph,12,13,True,1.0672607,-0.8489324
instance_8871.graph,data/graph_coloring_graphs/instance_8871.graph,12,9,True,0.9342842,-0.7763586
instance_8872.graph,data/graph_coloring_graphs/instance_8872.graph,20,7,True,-1.5278072,1.1934879
instance_8873.graph,data/graph_coloring_graphs/instance_8873.graph,12,9,True,1.0678215,0.20048752
instance_8874.graph,data/graph_coloring_graphs/instance_8874.graph,14,3,True,-0.06604004,0.05506283
instance_8875.graph,data/graph_coloring_graphs/instance_8875.graph,16,9,True,1.1133175,0.39435115
instance_8876.graph,data/graph_coloring_graphs/instance_8876.graph,12,9,True,1.0423002,0.38289228
instance_8877.graph,data/graph_coloring_graphs/instance_8877.graph,14,5,True,1.6772346,0.027087644
instance_8878.graph,data/graph_coloring_graphs/instance_8878.graph,16,9,True,0.5991726,0.8989843
instance_8879.graph,data/graph_coloring_graphs/instance_8879.graph,12,7,True,0.86740875,-0.33452883
instance_888.graph,data/graph_coloring_graphs/instance_888.graph,10,11,True,0.99529266,-0.28955698
instance_8880.graph,data/graph_coloring_graphs/instance_8880.graph,18,7,True,-1.0543079,1.0930938
instance_8881.graph,data/graph_coloring_graphs/instance_8881.graph,16,13,True,1.1119843,-1.2139869
instance_8882.graph,data/graph_coloring_graphs/instance_8882.graph,10,15,True,0.9825268,-1.1957566
instance_8883.graph,data/graph_coloring_graphs/instance_8883.graph,14,3,True,1.5681763,-0.14503616
instance_8884.graph,data/graph_coloring_graphs/instance_8884.graph,20,13,True,1.1781864,-0.7945162
instance_8885.graph,data/graph_coloring_graphs/instance_8885.graph,16,13,True,1.1888523,-0.9214821
instance_8886.graph,data/graph_coloring_graphs/instance_8886.graph,18,5,True,-0.21965408,0.15137303
instance_8887.graph,data/graph_coloring_graphs/instance_8887.graph,18,5,True,-2.2442198,0.9448916
instance_8888.graph,data/graph_coloring_graphs/instance_8888.graph,18,7,True,-1.3030281,1.0835865
instance_8889.graph,data/graph_coloring_graphs/instance_8889.graph,20,15,True,1.3181992,-1.3528204
instance_889.graph,data/graph_coloring_graphs/instance_889.graph,20,11,True,1.212265,-0.21415855
instance_8890.graph,data/graph_coloring_graphs/instance_8890.graph,20,13,True,1.1388474,-0.62158036
instance_8891.graph,data/graph_coloring_graphs/instance_8891.graph,16,7,False,-1.8948631,1.2754562
instance_8892.graph,data/graph_coloring_graphs/instance_8892.graph,14,7,True,1.964962,-0.41964212
instance_8893.graph,data/graph_coloring_graphs/instance_8893.graph,12,11,True,1.0472336,-0.13864505
instance_8894.graph,data/graph_coloring_graphs/instance_8894.graph,20,3,False,-5.7813454,1.9811664
instance_8895.graph,data/graph_coloring_graphs/instance_8895.graph,14,13,True,1.0897312,-0.8407632
instance_8896.graph,data/graph_coloring_graphs/instance_8896.graph,10,9,True,0.7886381,0.5371804
instance_8897.graph,data/graph_coloring_graphs/instance_8897.graph,14,7,True,0.80066776,0.51551616
instance_8898.graph,data/graph_coloring_graphs/instance_8898.graph,12,15,True,1.0525913,-1.0996137
instance_8899.graph,data/graph_coloring_graphs/instance_8899.graph,14,15,True,1.0805264,-1.1029187
instance_89.graph,data/graph_coloring_graphs/instance_89.graph,10,5,True,-0.6029835,0.64909434
instance_890.graph,data/graph_coloring_graphs/instance_890.graph,10,7,True,0.5295501,0.51859546
instance_8900.graph,data/graph_coloring_graphs/instance_8900.graph,14,15,True,1.2772522,-1.4138517
instance_8901.graph,data/graph_coloring_graphs/instance_8901.graph,20,3,False,-5.3343544,1.7929754
instance_8902.graph,data/graph_coloring_graphs/instance_8902.graph,14,5,True,-2.298564,1.056407
instance_8903.graph,data/graph_coloring_graphs/instance_8903.graph,18,13,True,1.1313934,-0.69058466
instance_8904.graph,data/graph_coloring_graphs/instance_8904.graph,10,15,True,0.9588871,-1.3289692
instance_8905.graph,data/graph_coloring_graphs/instance_8905.graph,20,7,True,-0.46156597,0.86161447
instance_8906.graph,data/graph_coloring_graphs/instance_8906.graph,10,5,True,-0.6046772,0.5542357
instance_8907.graph,data/graph_coloring_graphs/instance_8907.graph,10,15,True,0.99923515,-1.1935129
instance_8908.graph,data/graph_coloring_graphs/instance_8908.graph,18,9,True,0.7663946,0.5595461
instance_8909.graph,data/graph_coloring_graphs/instance_8909.graph,14,9,True,1.281414,-0.6362692
instance_891.graph,data/graph_coloring_graphs/instance_891.graph,20,7,False,-2.3532715,1.4138253
instance_8910.graph,data/graph_coloring_graphs/instance_8910.graph,12,11,True,1.0905685,-0.98304486
instance_8911.graph,data/graph_coloring_graphs/instance_8911.graph,16,5,False,-3.7427063,1.3313076
instance_8912.graph,data/graph_coloring_graphs/instance_8912.graph,10,13,True,1.0368557,-1.2133633
instance_8913.graph,data/graph_coloring_graphs/instance_8913.graph,12,13,True,1.0368538,-1.0527498
instance_8914.graph,data/graph_coloring_graphs/instance_8914.graph,20,11,True,1.1855488,-0.22461125
instance_8915.graph,data/graph_coloring_graphs/instance_8915.graph,10,7,True,0.4385395,0.42652068
instance_8916.graph,data/graph_coloring_graphs/instance_8916.graph,10,3,True,1.680481,-0.4839823
instance_8917.graph,data/graph_coloring_graphs/instance_8917.graph,16,15,True,1.2611237,-1.4391055
instance_8918.graph,data/graph_coloring_graphs/instance_8918.graph,12,15,True,1.0637436,-1.2117252
instance_8919.graph,data/graph_coloring_graphs/instance_8919.graph,14,9,True,0.8376608,0.5969409
instance_892.graph,data/graph_coloring_graphs/instance_892.graph,12,13,True,1.0643883,-0.9266882
instance_8920.graph,data/graph_coloring_graphs/instance_8920.graph,18,7,True,0.8420944,-0.011885345
instance_8921.graph,data/graph_coloring_graphs/instance_8921.graph,14,11,True,1.1081295,-0.24094954
instance_8922.graph,data/graph_coloring_graphs/instance_8922.graph,18,9,True,0.80007935,0.57162225
instance_8923.graph,data/graph_coloring_graphs/instance_8923.graph,14,13,True,1.2768822,-1.4085813
instance_8924.graph,data/graph_coloring_graphs/instance_8924.graph,18,15,True,1.2080269,-1.2083669
instance_8925.graph,data/graph_coloring_graphs/instance_8925.graph,10,11,True,0.975235,-0.37337926
instance_8926.graph,data/graph_coloring_graphs/instance_8926.graph,14,5,False,-3.2605438,1.2254698
instance_8927.graph,data/graph_coloring_graphs/instance_8927.graph,18,5,True,2.0726166,-0.033331465
instance_8928.graph,data/graph_coloring_graphs/instance_8928.graph,14,5,True,0.27921104,0.47481427
instance_8929.graph,data/graph_coloring_graphs/instance_8929.graph,20,15,True,1.1237869,-0.96106243
instance_893.graph,data/graph_coloring_graphs/instance_893.graph,18,5,False,-3.6275005,1.3275409
instance_8930.graph,data/graph_coloring_graphs/instance_8930.graph,10,7,True,-0.36714697,0.758909
instance_8931.graph,data/graph_coloring_graphs/instance_8931.graph,14,9,True,1.2593517,0.12206638
instance_8932.graph,data/graph_coloring_graphs/instance_8932.graph,12,3,False,-4.6668987,1.5419569
instance_8933.graph,data/graph_coloring_graphs/instance_8933.graph,10,15,True,0.98256683,-1.1205933
instance_8934.graph,data/graph_coloring_graphs/instance_8934.graph,14,9,True,0.92953205,0.45262232
instance_8935.graph,data/graph_coloring_graphs/instance_8935.graph,14,9,True,1.0920849,0.13731818
instance_8936.graph,data/graph_coloring_graphs/instance_8936.graph,18,11,True,1.1791325,-0.3254732
instance_8937.graph,data/graph_coloring_graphs/instance_8937.graph,16,13,True,1.3086853,-1.3999887
instance_8938.graph,data/graph_coloring_graphs/instance_8938.graph,16,5,True,-0.76968575,0.60834324
instance_8939.graph,data/graph_coloring_graphs/instance_8939.graph,12,15,True,1.0498772,-1.1789215
instance_894.graph,data/graph_coloring_graphs/instance_894.graph,16,7,False,-1.6996651,1.2603016
instance_8940.graph,data/graph_coloring_graphs/instance_8940.graph,12,9,True,0.9005356,0.29156187
instance_8941.graph,data/graph_coloring_graphs/instance_8941.graph,20,13,True,1.1998882,-0.8611963
instance_8942.graph,data/graph_coloring_graphs/instance_8942.graph,20,3,False,-5.699772,1.9391805
instance_8943.graph,data/graph_coloring_graphs/instance_8943.graph,14,7,True,0.31969833,0.76045763
instance_8944.graph,data/graph_coloring_graphs/instance_8944.graph,16,13,True,1.101696,-0.63203585
instance_8945.graph,data/graph_coloring_graphs/instance_8945.graph,20,9,True,1.051733,0.4606147
instance_8946.graph,data/graph_coloring_graphs/instance_8946.graph,20,5,False,-3.3209534,1.3110869
instance_8947.graph,data/graph_coloring_graphs/instance_8947.graph,10,11,True,1.0019903,-0.7667153
instance_8948.graph,data/graph_coloring_graphs/instance_8948.graph,18,3,False,-5.008191,1.5352727
instance_8949.graph,data/graph_coloring_graphs/instance_8949.graph,18,7,True,-1.0484161,1.0572263
instance_895.graph,data/graph_coloring_graphs/instance_895.graph,20,9,True,1.4548492,-0.19741786
instance_8950.graph,data/graph_coloring_graphs/instance_8950.graph,10,9,True,0.7784395,0.46077582
instance_8951.graph,data/graph_coloring_graphs/instance_8951.graph,10,3,False,-3.1490269,0.8881097
instance_8952.graph,data/graph_coloring_graphs/instance_8952.graph,20,9,True,1.5112076,-0.16731793
instance_8953.graph,data/graph_coloring_graphs/instance_8953.graph,14,5,False,-3.5179462,1.3055933
instance_8954.graph,data/graph_coloring_graphs/instance_8954.graph,10,3,True,0.36075592,-0.37381598
instance_8955.graph,data/graph_coloring_graphs/instance_8955.graph,10,11,True,1.047308,-0.8751576
instance_8956.graph,data/graph_coloring_graphs/instance_8956.graph,10,11,True,1.0018044,-1.2825305
instance_8957.graph,data/graph_coloring_graphs/instance_8957.graph,12,5,True,0.33927917,0.2763047
instance_8958.graph,data/graph_coloring_graphs/instance_8958.graph,10,11,True,0.9768996,-0.54208076
instance_8959.graph,data/graph_coloring_graphs/instance_8959.graph,20,11,True,1.1228561,0.15896842
instance_896.graph,data/graph_coloring_graphs/instance_896.graph,12,5,True,-0.27144623,-0.18839687
instance_8960.graph,data/graph_coloring_graphs/instance_8960.graph,16,5,True,-0.61552334,0.695802
instance_8961.graph,data/graph_coloring_graphs/instance_8961.graph,18,15,True,1.1099167,-0.9742559
instance_8962.graph,data/graph_coloring_graphs/instance_8962.graph,10,11,True,0.9812794,-0.48195592
instance_8963.graph,data/graph_coloring_graphs/instance_8963.graph,12,3,False,-3.843113,1.1560032
instance_8964.graph,data/graph_coloring_graphs/instance_8964.graph,10,11,True,0.9502764,-0.66509056
instance_8965.graph,data/graph_coloring_graphs/instance_8965.graph,16,11,True,1.1245575,-0.19512366
instance_8966.graph,data/graph_coloring_graphs/instance_8966.graph,10,7,True,-0.13709736,0.69725406
instance_8967.graph,data/graph_coloring_graphs/instance_8967.graph,12,9,True,0.6877289,0.028271668
instance_8968.graph,data/graph_coloring_graphs/instance_8968.graph,14,9,True,1.326273,-0.02653381
instance_8969.graph,data/graph_coloring_graphs/instance_8969.graph,16,3,False,-4.1032133,1.2943208
instance_897.graph,data/graph_coloring_graphs/instance_897.graph,10,15,True,0.95324326,-1.4450777
instance_8970.graph,data/graph_coloring_graphs/instance_8970.graph,20,13,True,1.3219128,-1.1546447
instance_8971.graph,data/graph_coloring_graphs/instance_8971.graph,16,3,False,-5.2428646,1.7723105
instance_8972.graph,data/graph_coloring_graphs/instance_8972.graph,10,13,True,1.1133194,-1.4209832
instance_8973.graph,data/graph_coloring_graphs/instance_8973.graph,20,7,True,-1.3194885,1.1974329
instance_8974.graph,data/graph_coloring_graphs/instance_8974.graph,10,11,True,1.0062771,-0.33426693
instance_8975.graph,data/graph_coloring_graphs/instance_8975.graph,16,7,False,-1.8280754,1.2592938
instance_8976.graph,data/graph_coloring_graphs/instance_8976.graph,10,13,True,0.96361446,-1.0530467
instance_8977.graph,data/graph_coloring_graphs/instance_8977.graph,16,9,True,0.798275,0.68518806
instance_8978.graph,data/graph_coloring_graphs/instance_8978.graph,10,9,True,1.0727768,-0.37138727
instance_8979.graph,data/graph_coloring_graphs/instance_8979.graph,20,13,True,1.1542664,-0.61562145
instance_898.graph,data/graph_coloring_graphs/instance_898.graph,16,3,False,-3.4393187,0.9864249
instance_8980.graph,data/graph_coloring_graphs/instance_8980.graph,12,9,True,0.734107,0.48131976
instance_8981.graph,data/graph_coloring_graphs/instance_8981.graph,12,5,True,-0.9250593,0.8326422
instance_8982.graph,data/graph_coloring_graphs/instance_8982.graph,14,13,True,1.105957,-0.87291646
instance_8983.graph,data/graph_coloring_graphs/instance_8983.graph,18,9,True,1.2721176,-0.21701124
instance_8984.graph,data/graph_coloring_graphs/instance_8984.graph,18,15,True,1.1136436,-0.994722
instance_8985.graph,data/graph_coloring_graphs/instance_8985.graph,20,7,True,1.2005119,0.0318276
instance_8986.graph,data/graph_coloring_graphs/instance_8986.graph,18,13,True,1.3571129,-1.2606947
instance_8987.graph,data/graph_coloring_graphs/instance_8987.graph,12,11,True,1.0575867,-0.13628541
instance_8988.graph,data/graph_coloring_graphs/instance_8988.graph,10,7,True,-0.14472103,0.46345803
instance_8989.graph,data/graph_coloring_graphs/instance_8989.graph,12,5,False,-1.8927975,1.000889
instance_899.graph,data/graph_coloring_graphs/instance_899.graph,12,13,True,1.1134338,-1.339725
instance_8990.graph,data/graph_coloring_graphs/instance_8990.graph,18,11,True,1.1369667,-0.07792792
instance_8991.graph,data/graph_coloring_graphs/instance_8991.graph,18,13,True,1.1401539,-0.8119199
instance_8992.graph,data/graph_coloring_graphs/instance_8992.graph,20,11,True,1.3145943,-0.6834173
instance_8993.graph,data/graph_coloring_graphs/instance_8993.graph,20,13,True,1.1997356,-0.7834246
instance_8994.graph,data/graph_coloring_graphs/instance_8994.graph,16,9,True,0.990118,0.4124916
instance_8995.graph,data/graph_coloring_graphs/instance_8995.graph,16,13,True,1.1588821,-1.2089744
instance_8996.graph,data/graph_coloring_graphs/instance_8996.graph,20,9,True,0.66503906,0.8651397
instance_8997.graph,data/graph_coloring_graphs/instance_8997.graph,18,3,False,-5.120125,1.6983815
instance_8998.graph,data/graph_coloring_graphs/instance_8998.graph,10,13,True,0.99552155,-1.6564682
instance_8999.graph,data/graph_coloring_graphs/instance_8999.graph,10,13,True,0.8704033,-1.5121483
instance_9.graph,data/graph_coloring_graphs/instance_9.graph,17,73,True,-0.956583,1.0067537
instance_90.graph,data/graph_coloring_graphs/instance_90.graph,12,9,True,1.1626282,-0.47701547
instance_900.graph,data/graph_coloring_graphs/instance_900.graph,18,7,True,-0.24166727,0.8158108
instance_9000.graph,data/graph_coloring_graphs/instance_9000.graph,14,11,True,1.1070709,-0.21513782
instance_9001.graph,data/graph_coloring_graphs/instance_9001.graph,10,7,True,1.1828251,0.34351012
instance_9002.graph,data/graph_coloring_graphs/instance_9002.graph,14,13,True,1.0896511,-0.8603394
instance_9003.graph,data/graph_coloring_graphs/instance_9003.graph,18,3,False,-1.9870796,0.60385823
instance_9004.graph,data/graph_coloring_graphs/instance_9004.graph,16,9,True,0.6175175,0.8825611
instance_9005.graph,data/graph_coloring_graphs/instance_9005.graph,14,3,False,-5.108824,1.5947616
instance_9006.graph,data/graph_coloring_graphs/instance_9006.graph,10,15,True,0.9860687,-1.1759158
instance_9007.graph,data/graph_coloring_graphs/instance_9007.graph,14,5,True,2.0440445,0.05382148
instance_9008.graph,data/graph_coloring_graphs/instance_9008.graph,18,9,True,0.5109043,0.97854185
instance_9009.graph,data/graph_coloring_graphs/instance_9009.graph,14,9,True,1.1255932,0.319806
instance_901.graph,data/graph_coloring_graphs/instance_901.graph,16,3,False,-4.851634,1.5202143
instance_9010.graph,data/graph_coloring_graphs/instance_9010.graph,10,13,True,0.95504,-1.3516524
instance_9011.graph,data/graph_coloring_graphs/instance_9011.graph,18,7,True,-0.69760513,1.0083114
instance_9012.graph,data/graph_coloring_graphs/instance_9012.graph,14,9,True,0.87232876,0.56360114
instance_9013.graph,data/graph_coloring_graphs/instance_9013.graph,14,15,True,1.1064663,-1.1594371
instance_9014.graph,data/graph_coloring_graphs/instance_9014.graph,14,13,True,1.0788383,-0.68172336
instance_9015.graph,data/graph_coloring_graphs/instance_9015.graph,20,7,True,2.0127068,0.026119955
instance_9016.graph,data/graph_coloring_graphs/instance_9016.graph,16,11,True,1.1672583,-0.47008678
instance_9017.graph,data/graph_coloring_graphs/instance_9017.graph,18,7,True,-0.049589157,0.76735604
instance_9018.graph,data/graph_coloring_graphs/instance_9018.graph,14,11,True,1.0907402,-0.028558448
instance_9019.graph,data/graph_coloring_graphs/instance_9019.graph,16,5,True,3.9735718,-0.52485585
instance_902.graph,data/graph_coloring_graphs/instance_902.graph,14,9,True,0.661541,0.8065852
instance_9020.graph,data/graph_coloring_graphs/instance_9020.graph,18,3,False,-5.2901344,1.685658
instance_9021.graph,data/graph_coloring_graphs/instance_9021.graph,10,9,True,0.9221535,0.03457
instance_9022.graph,data/graph_coloring_graphs/instance_9022.graph,12,15,True,1.0772171,-1.1447833
instance_9023.graph,data/graph_coloring_graphs/instance_9023.graph,18,11,True,1.2785378,-0.7636682
instance_9024.graph,data/graph_coloring_graphs/instance_9024.graph,10,3,True,-0.1404686,0.17093644
instance_9025.graph,data/graph_coloring_graphs/instance_9025.graph,12,5,True,1.1422615,0.026811048
instance_9026.graph,data/graph_coloring_graphs/instance_9026.graph,14,15,True,1.079956,-1.0893403
instance_9027.graph,data/graph_coloring_graphs/instance_9027.graph,14,3,False,-4.9541206,1.6514273
instance_9028.graph,data/graph_coloring_graphs/instance_9028.graph,16,3,False,-4.7949257,1.4913673
instance_9029.graph,data/graph_coloring_graphs/instance_9029.graph,16,7,False,-1.5942783,1.2355883
instance_903.graph,data/graph_coloring_graphs/instance_903.graph,10,7,True,0.9995041,-0.6365584
instance_9030.graph,data/graph_coloring_graphs/instance_9030.graph,14,15,True,1.1032181,-1.0346918
instance_9031.graph,data/graph_coloring_graphs/instance_9031.graph,20,11,True,1.1528702,0.040807597
instance_9032.graph,data/graph_coloring_graphs/instance_9032.graph,20,3,False,-5.6315002,1.940372
instance_9033.graph,data/graph_coloring_graphs/instance_9033.graph,14,9,True,1.3826027,0.13789207
instance_9034.graph,data/graph_coloring_graphs/instance_9034.graph,12,11,True,1.1422501,-1.0539515
instance_9035.graph,data/graph_coloring_graphs/instance_9035.graph,14,9,True,1.1530895,0.07026865
instance_9036.graph,data/graph_coloring_graphs/instance_9036.graph,20,13,True,1.1501007,-0.64970636
instance_9037.graph,data/graph_coloring_graphs/instance_9037.graph,18,15,True,1.1354332,-1.072464
instance_9038.graph,data/graph_coloring_graphs/instance_9038.graph,10,5,True,2.559925,-0.06897249
instance_9039.graph,data/graph_coloring_graphs/instance_9039.graph,12,7,True,-0.89323807,0.96276283
instance_904.graph,data/graph_coloring_graphs/instance_904.graph,20,11,True,1.1639404,-0.048769318
instance_9040.graph,data/graph_coloring_graphs/instance_9040.graph,14,13,True,1.236866,-1.4659117
instance_9041.graph,data/graph_coloring_graphs/instance_9041.graph,12,11,True,1.0574265,-0.14852574
instance_9042.graph,data/graph_coloring_graphs/instance_9042.graph,14,7,True,-0.5020666,0.78782046
instance_9043.graph,data/graph_coloring_graphs/instance_9043.graph,14,11,True,1.0977135,-0.2678532
instance_9044.graph,data/graph_coloring_graphs/instance_9044.graph,20,15,True,1.1282692,-0.9789798
instance_9045.graph,data/graph_coloring_graphs/instance_9045.graph,20,7,False,-2.1329422,1.3836095
instance_9046.graph,data/graph_coloring_graphs/instance_9046.graph,18,9,True,1.027194,0.47894135
instance_9047.graph,data/graph_coloring_graphs/instance_9047.graph,16,3,False,-4.735162,1.5258496
instance_9048.graph,data/graph_coloring_graphs/instance_9048.graph,14,5,False,-2.6743813,1.0787928
instance_9049.graph,data/graph_coloring_graphs/instance_9049.graph,20,15,True,1.1461678,-1.0254391
instance_905.graph,data/graph_coloring_graphs/instance_905.graph,20,7,True,-1.190012,1.1122833
instance_9050.graph,data/graph_coloring_graphs/instance_9050.graph,16,13,True,1.1040173,-0.7567555
instance_9051.graph,data/graph_coloring_graphs/instance_9051.graph,12,9,True,1.2040749,-0.5474045
instance_9052.graph,data/graph_coloring_graphs/instance_9052.graph,10,15,True,0.6970825,-1.5315783
instance_9053.graph,data/graph_coloring_graphs/instance_9053.graph,14,15,True,1.0782471,-1.0470072
instance_9054.graph,data/graph_coloring_graphs/instance_9054.graph,20,9,False,0.39276123,1.1198342
instance_9055.graph,data/graph_coloring_graphs/instance_9055.graph,12,5,True,-0.16853714,0.5211828
instance_9056.graph,data/graph_coloring_graphs/instance_9056.graph,12,7,True,0.78056335,-0.34325132
instance_9057.graph,data/graph_coloring_graphs/instance_9057.graph,10,13,True,0.9940033,-0.84188414
instance_9058.graph,data/graph_coloring_graphs/instance_9058.graph,18,13,True,1.1246758,-0.5977069
instance_9059.graph,data/graph_coloring_graphs/instance_9059.graph,20,3,False,-4.5800915,1.4725318
instance_906.graph,data/graph_coloring_graphs/instance_906.graph,10,11,True,0.9933047,-0.5534471
instance_9060.graph,data/graph_coloring_graphs/instance_9060.graph,16,15,True,1.098011,-1.0015742
instance_9061.graph,data/graph_coloring_graphs/instance_9061.graph,18,9,True,1.2357635,-0.27745432
instance_9062.graph,data/graph_coloring_graphs/instance_9062.graph,18,9,True,0.7554312,0.78804934
instance_9063.graph,data/graph_coloring_graphs/instance_9063.graph,14,3,True,-0.595623,0.07143568
instance_9064.graph,data/graph_coloring_graphs/instance_9064.graph,16,5,True,0.08986282,0.6210896
instance_9065.graph,data/graph_coloring_graphs/instance_9065.graph,18,7,False,-2.0195694,1.3478618
instance_9066.graph,data/graph_coloring_graphs/instance_9066.graph,16,3,False,-2.8080997,0.9742904
instance_9067.graph,data/graph_coloring_graphs/instance_9067.graph,12,15,True,1.098278,-1.5821456
instance_9068.graph,data/graph_coloring_graphs/instance_9068.graph,10,5,True,-0.99164486,0.7996725
instance_9069.graph,data/graph_coloring_graphs/instance_9069.graph,10,15,True,1.0171623,-1.4306391
instance_907.graph,data/graph_coloring_graphs/instance_907.graph,20,3,False,-5.7456055,1.927068
instance_9070.graph,data/graph_coloring_graphs/instance_9070.graph,16,15,True,1.2401314,-1.438586
instance_9071.graph,data/graph_coloring_graphs/instance_9071.graph,12,9,True,0.6558676,0.5705148
instance_9072.graph,data/graph_coloring_graphs/instance_9072.graph,12,11,True,1.0491028,-0.76557386
instance_9073.graph,data/graph_coloring_graphs/instance_9073.graph,20,5,False,-3.9355907,1.391898
instance_9074.graph,data/graph_coloring_graphs/instance_9074.graph,12,7,True,3.8888168,-0.64357805
instance_9075.graph,data/graph_coloring_graphs/instance_9075.graph,18,15,True,1.2911148,-1.4297073
instance_9076.graph,data/graph_coloring_graphs/instance_9076.graph,14,5,True,1.4598236,-0.16701266
instance_9077.graph,data/graph_coloring_graphs/instance_9077.graph,10,5,True,1.8794174,0.184713
instance_9078.graph,data/graph_coloring_graphs/instance_9078.graph,14,7,True,1.8557014,0.15283662
instance_9079.graph,data/graph_coloring_graphs/instance_9079.graph,12,9,True,0.9007559,0.45574525
instance_908.graph,data/graph_coloring_graphs/instance_908.graph,20,15,True,1.3772736,-1.4182584
instance_9080.graph,data/graph_coloring_graphs/instance_9080.graph,16,5,False,-3.2266998,1.1722568
instance_9081.graph,data/graph_coloring_graphs/instance_9081.graph,16,3,False,-4.478343,1.4011933
instance_9082.graph,data/graph_coloring_graphs/instance_9082.graph,18,3,False,-4.1597586,1.2265757
instance_9083.graph,data/graph_coloring_graphs/instance_9083.graph,14,7,False,-1.469307,1.187392
instance_9084.graph,data/graph_coloring_graphs/instance_9084.graph,12,5,True,2.2057266,-0.81648576
instance_9085.graph,data/graph_coloring_graphs/instance_9085.graph,16,9,True,0.509964,0.9513359
instance_9086.graph,data/graph_coloring_graphs/instance_9086.graph,12,11,True,1.0893536,-0.8884014
instance_9087.graph,data/graph_coloring_graphs/instance_9087.graph,18,13,True,1.1397324,-0.6720642
instance_9088.graph,data/graph_coloring_graphs/instance_9088.graph,18,11,True,1.308239,-0.87726367
instance_9089.graph,data/graph_coloring_graphs/instance_9089.graph,16,3,True,-0.6889458,0.23885363
instance_909.graph,data/graph_coloring_graphs/instance_909.graph,12,13,True,1.0412064,-0.7497939
instance_9090.graph,data/graph_coloring_graphs/instance_9090.graph,14,7,True,0.9880638,-0.23053947
instance_9091.graph,data/graph_coloring_graphs/instance_9091.graph,20,11,True,1.1536942,-0.022613011
instance_9092.graph,data/graph_coloring_graphs/instance_9092.graph,10,5,False,-1.8416681,0.95153916
instance_9093.graph,data/graph_coloring_graphs/instance_9093.graph,18,11,True,1.3582954,-0.87841547
instance_9094.graph,data/graph_coloring_graphs/instance_9094.graph,18,11,True,1.1215591,0.104272425
instance_9095.graph,data/graph_coloring_graphs/instance_9095.graph,16,3,False,-5.4374638,1.7664547
instance_9096.graph,data/graph_coloring_graphs/instance_9096.graph,10,15,True,0.9889393,-1.2658244
instance_9097.graph,data/graph_coloring_graphs/instance_9097.graph,14,7,True,0.4148469,0.54088235
instance_9098.graph,data/graph_coloring_graphs/instance_9098.graph,12,3,False,-4.32646,1.1849918
instance_9099.graph,data/graph_coloring_graphs/instance_9099.graph,10,11,True,0.99674606,-0.26975113
instance_91.graph,data/graph_coloring_graphs/instance_91.graph,10,13,True,1.0123062,-1.1034479
instance_910.graph,data/graph_coloring_graphs/instance_910.graph,18,15,True,1.1119881,-0.9857929
instance_9100.graph,data/graph_coloring_graphs/instance_9100.graph,10,5,True,-0.33864403,0.38549802
instance_9101.graph,data/graph_coloring_graphs/instance_9101.graph,20,15,True,1.3519459,-1.3622628
instance_9102.graph,data/graph_coloring_graphs/instance_9102.graph,14,5,True,1.2251339,0.37101856
instance_9103.graph,data/graph_coloring_graphs/instance_9103.graph,20,9,True,1.3888702,-0.060295887
instance_9104.graph,data/graph_coloring_graphs/instance_9104.graph,18,13,True,1.2542076,-1.227231
instance_9105.graph,data/graph_coloring_graphs/instance_9105.graph,12,3,False,-4.3418417,1.2948403
instance_9106.graph,data/graph_coloring_graphs/instance_9106.graph,18,3,False,-4.305892,1.2983737
instance_9107.graph,data/graph_coloring_graphs/instance_9107.graph,20,3,False,-1.7298365,0.7363875
instance_9108.graph,data/graph_coloring_graphs/instance_9108.graph,20,5,False,-5.122471,1.6082128
instance_9109.graph,data/graph_coloring_graphs/instance_9109.graph,12,13,True,1.0266061,-0.9180591
instance_911.graph,data/graph_coloring_graphs/instance_911.graph,16,13,True,1.1099472,-0.60046387
instance_9110.graph,data/graph_coloring_graphs/instance_9110.graph,18,3,True,0.24093628,0.0705
instance_9111.graph,data/graph_coloring_graphs/instance_9111.graph,20,7,False,-2.4503365,1.4152739
instance_9112.graph,data/graph_coloring_graphs/instance_9112.graph,12,5,False,-2.4696312,1.1011736
instance_9113.graph,data/graph_coloring_graphs/instance_9113.graph,20,3,False,-4.489897,1.3164554
instance_9114.graph,data/graph_coloring_graphs/instance_9114.graph,20,13,True,1.1388474,-0.62158024
instance_9115.graph,data/graph_coloring_graphs/instance_9115.graph,10,11,True,0.9891515,-0.62325466
instance_9116.graph,data/graph_coloring_graphs/instance_9116.graph,12,13,True,1.1381092,-1.1184636
instance_9117.graph,data/graph_coloring_graphs/instance_9117.graph,16,7,False,-1.9595871,1.2911103
instance_9118.graph,data/graph_coloring_graphs/instance_9118.graph,16,13,True,1.3070087,-1.2331724
instance_9119.graph,data/graph_coloring_graphs/instance_9119.graph,16,7,True,-0.43747902,0.8768761
instance_912.graph,data/graph_coloring_graphs/instance_912.graph,18,5,False,-2.7469501,1.2056899
instance_9120.graph,data/graph_coloring_graphs/instance_9120.graph,14,9,True,1.1426392,-0.015726056
instance_9121.graph,data/graph_coloring_graphs/instance_9121.graph,10,5,True,1.2234116,0.3074322
instance_9122.graph,data/graph_coloring_graphs/instance_9122.graph,20,5,True,2.6710205,-0.124776654
instance_9123.graph,data/graph_coloring_graphs/instance_9123.graph,18,15,True,1.2575417,-1.3255455
instance_9124.graph,data/graph_coloring_graphs/instance_9124.graph,10,11,True,0.9825096,-0.28841478
instance_9125.graph,data/graph_coloring_graphs/instance_9125.graph,18,13,True,1.1558571,-0.8489716
instance_9126.graph,data/graph_coloring_graphs/instance_9126.graph,10,7,True,-0.8858566,-0.9115577
instance_9127.graph,data/graph_coloring_graphs/instance_9127.graph,14,13,True,1.077734,-0.7233372
instance_9128.graph,data/graph_coloring_graphs/instance_9128.graph,12,15,True,1.0513439,-1.1354303
instance_9129.graph,data/graph_coloring_graphs/instance_9129.graph,20,5,True,-1.530374,0.95689154
instance_913.graph,data/graph_coloring_graphs/instance_913.graph,10,9,True,1.124115,-1.2440457
instance_9130.graph,data/graph_coloring_graphs/instance_9130.graph,16,9,True,0.6269226,0.87413776
instance_9131.graph,data/graph_coloring_graphs/instance_9131.graph,10,13,True,0.9596939,-1.3111081
instance_9132.graph,data/graph_coloring_graphs/instance_9132.graph,20,9,True,1.6831589,-0.17174488
instance_9133.graph,data/graph_coloring_graphs/instance_9133.graph,14,15,True,1.0867615,-1.0451341
instance_9134.graph,data/graph_coloring_graphs/instance_9134.graph,16,9,True,0.9043789,-0.08750898
instance_9135.graph,data/graph_coloring_graphs/instance_9135.graph,14,3,False,-2.5950599,0.86561537
instance_9136.graph,data/graph_coloring_graphs/instance_9136.graph,20,7,True,-1.7086391,1.2369615
instance_9137.graph,data/graph_coloring_graphs/instance_9137.graph,16,11,True,1.154295,-0.3134257
instance_9138.graph,data/graph_coloring_graphs/instance_9138.graph,10,9,True,1.2698383,0.03338436
instance_9139.graph,data/graph_coloring_graphs/instance_9139.graph,18,5,True,-0.5000076,0.7563566
instance_914.graph,data/graph_coloring_graphs/instance_914.graph,10,15,True,0.98931694,-1.157695
instance_9140.graph,data/graph_coloring_graphs/instance_9140.graph,10,15,True,0.9639759,-1.208477
instance_9141.graph,data/graph_coloring_graphs/instance_9141.graph,10,5,True,1.0739517,0.2236644
instance_9142.graph,data/graph_coloring_graphs/instance_9142.graph,14,9,True,0.6615486,0.8065852
instance_9143.graph,data/graph_coloring_graphs/instance_9143.graph,12,15,True,1.1220884,-1.3253903
instance_9144.graph,data/graph_coloring_graphs/instance_9144.graph,18,3,False,-5.626545,1.8650723
instance_9145.graph,data/graph_coloring_graphs/instance_9145.graph,12,9,True,1.0504436,0.12066181
instance_9146.graph,data/graph_coloring_graphs/instance_9146.graph,16,13,True,1.249157,-1.2047491
instance_9147.graph,data/graph_coloring_graphs/instance_9147.graph,10,5,True,-1.4074717,0.79958797
instance_9148.graph,data/graph_coloring_graphs/instance_9148.graph,20,7,True,1.6520386,0.04655662
instance_9149.graph,data/graph_coloring_graphs/instance_9149.graph,20,9,True,0.8223915,0.63880587
instance_915.graph,data/graph_coloring_graphs/instance_915.graph,12,15,True,1.0770302,-1.1378622
instance_9150.graph,data/graph_coloring_graphs/instance_9150.graph,10,13,True,1.0284042,-1.3730247
instance_9151.graph,data/graph_coloring_graphs/instance_9151.graph,12,5,True,0.9085064,0.36072958
instance_9152.graph,data/graph_coloring_graphs/instance_9152.graph,16,5,False,-2.2105713,1.1018369
instance_9153.graph,data/graph_coloring_graphs/instance_9153.graph,20,13,True,1.130806,-0.5405412
instance_9154.graph,data/graph_coloring_graphs/instance_9154.graph,12,3,False,-3.657711,0.95425975
instance_9155.graph,data/graph_coloring_graphs/instance_9155.graph,10,5,False,-2.8047352,1.060972
instance_9156.graph,data/graph_coloring_graphs/instance_9156.graph,14,7,True,-0.17894697,0.53407896
instance_9157.graph,data/graph_coloring_graphs/instance_9157.graph,10,11,True,0.97689867,-0.54208076
instance_9158.graph,data/graph_coloring_graphs/instance_9158.graph,10,3,False,-3.7202473,1.1483346
instance_9159.graph,data/graph_coloring_graphs/instance_9159.graph,10,5,True,0.9011154,0.12680775
instance_916.graph,data/graph_coloring_graphs/instance_916.graph,20,15,True,1.176672,-1.1079044
instance_9160.graph,data/graph_coloring_graphs/instance_9160.graph,18,15,True,1.1341133,-1.0322795
instance_9161.graph,data/graph_coloring_graphs/instance_9161.graph,14,15,True,1.1052856,-1.1470647
instance_9162.graph,data/graph_coloring_graphs/instance_9162.graph,10,7,True,-0.6640358,-0.3407106
instance_9163.graph,data/graph_coloring_graphs/instance_9163.graph,12,7,True,0.0522995,-0.6920061
instance_9164.graph,data/graph_coloring_graphs/instance_9164.graph,12,7,True,1.395935,-0.53483474
instance_9165.graph,data/graph_coloring_graphs/instance_9165.graph,14,15,True,1.0813389,-1.1227019
instance_9166.graph,data/graph_coloring_graphs/instance_9166.graph,16,15,True,1.1557579,-1.1925108
instance_9167.graph,data/graph_coloring_graphs/instance_9167.graph,12,15,True,1.091999,-1.4197391
instance_9168.graph,data/graph_coloring_graphs/instance_9168.graph,12,7,True,-0.6678057,0.905115
instance_9169.graph,data/graph_coloring_graphs/instance_9169.graph,18,7,True,0.6119404,0.60045695
instance_917.graph,data/graph_coloring_graphs/instance_917.graph,18,3,False,-1.6874886,0.5410273
instance_9170.graph,data/graph_coloring_graphs/instance_9170.graph,10,13,True,0.881794,-1.4425815
instance_9171.graph,data/graph_coloring_graphs/instance_9171.graph,20,13,True,1.1798172,-0.80657125
instance_9172.graph,data/graph_coloring_graphs/instance_9172.graph,12,15,True,1.0422325,-1.4408796
instance_9173.graph,data/graph_coloring_graphs/instance_9173.graph,12,3,True,0.89046097,-0.32707968
instance_9174.graph,data/graph_coloring_graphs/instance_9174.graph,18,11,True,1.1363945,-0.07104462
instance_9175.graph,data/graph_coloring_graphs/instance_9175.graph,16,5,True,1.0831451,0.44503206
instance_9176.graph,data/graph_coloring_graphs/instance_9176.graph,14,11,True,1.2732353,-0.9498713
instance_9177.graph,data/graph_coloring_graphs/instance_9177.graph,12,3,False,-4.784874,1.5153904
instance_9178.graph,data/graph_coloring_graphs/instance_9178.graph,10,9,True,1.3890381,-0.57518744
instance_9179.graph,data/graph_coloring_graphs/instance_9179.graph,10,7,True,0.24646759,-0.05612819
instance_918.graph,data/graph_coloring_graphs/instance_918.graph,20,13,True,1.131237,-0.5447712
instance_9180.graph,data/graph_coloring_graphs/instance_9180.graph,16,5,False,-4.3631096,1.4383286
instance_9181.graph,data/graph_coloring_graphs/instance_9181.graph,16,9,True,1.2979622,0.16916957
instance_9182.graph,data/graph_coloring_graphs/instance_9182.graph,20,11,True,1.280447,-0.72634697
instance_9183.graph,data/graph_coloring_graphs/instance_9183.graph,14,5,True,-1.653305,0.94300604
instance_9184.graph,data/graph_coloring_graphs/instance_9184.graph,18,3,False,-2.2982254,0.6089903
instance_9185.graph,data/graph_coloring_graphs/instance_9185.graph,10,13,True,1.0329361,-1.2875919
instance_9186.graph,data/graph_coloring_graphs/instance_9186.graph,20,7,True,1.0577488,0.13613933
instance_9187.graph,data/graph_coloring_graphs/instance_9187.graph,18,7,True,2.5894127,-0.24240218
instance_9188.graph,data/graph_coloring_graphs/instance_9188.graph,18,15,True,1.3291435,-1.3910434
instance_9189.graph,data/graph_coloring_graphs/instance_9189.graph,10,13,True,1.0669098,-1.5185938
instance_919.graph,data/graph_coloring_graphs/instance_919.graph,20,7,True,-1.1186428,1.1244235
instance_9190.graph,data/graph_coloring_graphs/instance_9190.graph,10,7,True,0.4696846,-0.13918453
instance_9191.graph,data/graph_coloring_graphs/instance_9191.graph,14,13,True,1.0768509,-0.7573329
instance_9192.graph,data/graph_coloring_graphs/instance_9192.graph,18,5,True,-1.5981379,0.98239386
instance_9193.graph,data/graph_coloring_graphs/instance_9193.graph,14,11,True,1.0838242,-0.10941042
instance_9194.graph,data/graph_coloring_graphs/instance_9194.graph,10,7,True,2.3661804,-0.31053853
instance_9195.graph,data/graph_coloring_graphs/instance_9195.graph,10,7,True,1.1546288,-0.6550654
instance_9196.graph,data/graph_coloring_graphs/instance_9196.graph,20,5,True,-2.285143,0.9510944
instance_9197.graph,data/graph_coloring_graphs/instance_9197.graph,20,7,False,-2.4317436,1.4322264
instance_9198.graph,data/graph_coloring_graphs/instance_9198.graph,20,5,False,-3.85075,1.3776278
instance_9199.graph,data/graph_coloring_graphs/instance_9199.graph,18,11,True,1.1765938,-0.30142698
instance_92.graph,data/graph_coloring_graphs/instance_92.graph,16,15,True,1.1191998,-1.1021655
instance_920.graph,data/graph_coloring_graphs/instance_920.graph,18,9,True,0.7115917,0.7692262
instance_9200.graph,data/graph_coloring_graphs/instance_9200.graph,16,3,True,-0.8148651,0.34384152
instance_9201.graph,data/graph_coloring_graphs/instance_9201.graph,14,13,True,1.1026955,-0.69659483
instance_9202.graph,data/graph_coloring_graphs/instance_9202.graph,12,3,False,-4.6230507,1.4348419
instance_9203.graph,data/graph_coloring_graphs/instance_9203.graph,12,9,True,0.6998644,0.7163513
instance_9204.graph,data/graph_coloring_graphs/instance_9204.graph,10,11,True,0.99378204,-0.3101711
instance_9205.graph,data/graph_coloring_graphs/instance_9205.graph,16,7,True,1.0807428,0.4317384
instance_9206.graph,data/graph_coloring_graphs/instance_9206.graph,18,11,True,1.1138306,0.12828478
instance_9207.graph,data/graph_coloring_graphs/instance_9207.graph,14,13,True,1.1986275,-1.2116116
instance_9208.graph,data/graph_coloring_graphs/instance_9208.graph,16,11,True,1.1718712,-0.3734325
instance_9209.graph,data/graph_coloring_graphs/instance_9209.graph,20,5,True,1.9169731,0.15832764
instance_921.graph,data/graph_coloring_graphs/instance_921.graph,14,9,True,0.80994606,0.6689538
instance_9210.graph,data/graph_coloring_graphs/instance_9210.graph,14,11,True,1.1652164,-0.74748874
instance_9211.graph,data/graph_coloring_graphs/instance_9211.graph,20,15,True,1.1904583,-1.1547163
instance_9212.graph,data/graph_coloring_graphs/instance_9212.graph,20,15,True,1.1523781,-1.0481154
instance_9213.graph,data/graph_coloring_graphs/instance_9213.graph,10,13,True,1.0402994,-1.1482704
instance_9214.graph,data/graph_coloring_graphs/instance_9214.graph,16,15,True,1.0993462,-1.0129575
instance_9215.graph,data/graph_coloring_graphs/instance_9215.graph,18,11,True,1.2657909,-0.80594563
instance_9216.graph,data/graph_coloring_graphs/instance_9216.graph,10,3,True,-1.1367569,0.24480131
instance_9217.graph,data/graph_coloring_graphs/instance_9217.graph,12,15,True,1.0501328,-1.171037
instance_9218.graph,data/graph_coloring_graphs/instance_9218.graph,20,13,True,1.2315483,-0.88780177
instance_9219.graph,data/graph_coloring_graphs/instance_9219.graph,20,15,True,1.1805935,-1.1516215
instance_922.graph,data/graph_coloring_graphs/instance_922.graph,10,5,False,-1.9280167,0.89696646
instance_9220.graph,data/graph_coloring_graphs/instance_9220.graph,18,3,True,-1.2513065,0.3659288
instance_9221.graph,data/graph_coloring_graphs/instance_9221.graph,16,15,True,1.1148281,-1.0717448
instance_9222.graph,data/graph_coloring_graphs/instance_9222.graph,18,15,True,1.1500683,-1.1440701
instance_9223.graph,data/graph_coloring_graphs/instance_9223.graph,12,5,True,2.0958366,-0.2249488
instance_9224.graph,data/graph_coloring_graphs/instance_9224.graph,20,11,True,1.2001724,-0.19687177
instance_9225.graph,data/graph_coloring_graphs/instance_9225.graph,12,5,False,-2.5536022,1.0101223
instance_9226.graph,data/graph_coloring_graphs/instance_9226.graph,20,9,True,1.4116421,-0.003572993
instance_9227.graph,data/graph_coloring_graphs/instance_9227.graph,16,15,True,1.1544971,-1.1860803
instance_9228.graph,data/graph_coloring_graphs/instance_9228.graph,14,7,True,1.5474949,0.2358411
instance_9229.graph,data/graph_coloring_graphs/instance_9229.graph,14,9,True,1.0632725,0.16899757
instance_923.graph,data/graph_coloring_graphs/instance_923.graph,16,11,True,1.1672611,-0.4700868
instance_9230.graph,data/graph_coloring_graphs/instance_9230.graph,16,7,False,-2.0222015,1.3062787
instance_9231.graph,data/graph_coloring_graphs/instance_9231.graph,10,13,True,0.985857,-0.78018105
instance_9232.graph,data/graph_coloring_graphs/instance_9232.graph,16,3,False,-4.8791904,1.5342005
instance_9233.graph,data/graph_coloring_graphs/instance_9233.graph,16,9,True,1.0929098,0.4131908
instance_9234.graph,data/graph_coloring_graphs/instance_9234.graph,14,7,True,0.55093765,-0.112868756
instance_9235.graph,data/graph_coloring_graphs/instance_9235.graph,20,3,False,-4.190733,1.4003688
instance_9236.graph,data/graph_coloring_graphs/instance_9236.graph,18,15,True,1.2225189,-1.2569466
instance_9237.graph,data/graph_coloring_graphs/instance_9237.graph,10,9,True,1.2022858,-0.33128455
instance_9238.graph,data/graph_coloring_graphs/instance_9238.graph,18,15,True,1.294857,-1.3450626
instance_9239.graph,data/graph_coloring_graphs/instance_9239.graph,16,15,True,1.129713,-1.1090076
instance_924.graph,data/graph_coloring_graphs/instance_924.graph,18,9,True,0.7352905,0.80561304
instance_9240.graph,data/graph_coloring_graphs/instance_9240.graph,10,11,True,0.999794,-0.8146914
instance_9241.graph,data/graph_coloring_graphs/instance_9241.graph,14,15,True,1.1753197,-1.4473362
instance_9242.graph,data/graph_coloring_graphs/instance_9242.graph,10,13,True,0.99588776,-0.8286865
instance_9243.graph,data/graph_coloring_graphs/instance_9243.graph,10,11,True,0.9841423,-0.2691967
instance_9244.graph,data/graph_coloring_graphs/instance_9244.graph,18,7,False,-1.9936104,1.3418579
instance_9245.graph,data/graph_coloring_graphs/instance_9245.graph,18,9,True,1.5495911,-0.18588676
instance_9246.graph,data/graph_coloring_graphs/instance_9246.graph,20,11,True,1.172781,-0.19074686
instance_9247.graph,data/graph_coloring_graphs/instance_9247.graph,20,15,True,1.2682037,-1.3656442
instance_9248.graph,data/graph_coloring_graphs/instance_9248.graph,16,5,True,1.3064308,0.06388086
instance_9249.graph,data/graph_coloring_graphs/instance_9249.graph,20,15,True,1.1254387,-0.96764064
instance_925.graph,data/graph_coloring_graphs/instance_925.graph,10,15,True,1.0135345,-1.4835548
instance_9250.graph,data/graph_coloring_graphs/instance_9250.graph,16,13,True,1.1146488,-0.7205752
instance_9251.graph,data/graph_coloring_graphs/instance_9251.graph,12,7,True,1.0760193,0.366801
instance_9252.graph,data/graph_coloring_graphs/instance_9252.graph,14,15,True,1.0850487,-1.0201337
instance_9253.graph,data/graph_coloring_graphs/instance_9253.graph,20,15,True,1.1719227,-1.1199138
instance_9254.graph,data/graph_coloring_graphs/instance_9254.graph,16,7,True,-1.2023354,1.1436892
instance_9255.graph,data/graph_coloring_graphs/instance_9255.graph,14,15,True,1.1976929,-1.5284507
instance_9256.graph,data/graph_coloring_graphs/instance_9256.graph,10,7,True,2.0970955,-0.68160367
instance_9257.graph,data/graph_coloring_graphs/instance_9257.graph,14,3,False,-2.5950456,0.86561537
instance_9258.graph,data/graph_coloring_graphs/instance_9258.graph,14,13,True,1.1240396,-0.8978814
instance_9259.graph,data/graph_coloring_graphs/instance_9259.graph,20,15,True,1.3244019,-1.333314
instance_926.graph,data/graph_coloring_graphs/instance_926.graph,20,15,True,1.1199074,-0.9648521
instance_9260.graph,data/graph_coloring_graphs/instance_9260.graph,10,7,True,2.5506783,-0.17771842
instance_9261.graph,data/graph_coloring_graphs/instance_9261.graph,10,7,True,1.981327,0.1295169
instance_9262.graph,data/graph_coloring_graphs/instance_9262.graph,20,3,True,-1.6530266,0.45669684
instance_9263.graph,data/graph_coloring_graphs/instance_9263.graph,18,15,True,1.1135864,-0.965291
instance_9264.graph,data/graph_coloring_graphs/instance_9264.graph,10,5,True,-0.6015396,0.72997355
instance_9265.graph,data/graph_coloring_graphs/instance_9265.graph,12,9,True,1.3205223,0.027193911
instance_9266.graph,data/graph_coloring_graphs/instance_9266.graph,18,3,False,-5.1082077,1.641824
instance_9267.graph,data/graph_coloring_graphs/instance_9267.graph,20,9,True,0.78801155,0.67118585
instance_9268.graph,data/graph_coloring_graphs/instance_9268.graph,18,9,True,0.70880127,0.8014815
instance_9269.graph,data/graph_coloring_graphs/instance_9269.graph,10,3,True,-1.7495079,0.43431136
instance_927.graph,data/graph_coloring_graphs/instance_927.graph,20,3,False,-4.4219,1.4510763
instance_9270.graph,data/graph_coloring_graphs/instance_9270.graph,20,3,True,-1.9691925,0.41304937
instance_9271.graph,data/graph_coloring_graphs/instance_9271.graph,10,13,True,0.9728513,-0.98894393
instance_9272.graph,data/graph_coloring_graphs/instance_9272.graph,20,3,False,-4.304532,1.3969824
instance_9273.graph,data/graph_coloring_graphs/instance_9273.graph,12,15,True,1.0788383,-1.2006853
instance_9274.graph,data/graph_coloring_graphs/instance_9274.graph,20,13,True,1.3058434,-1.2114701
instance_9275.graph,data/graph_coloring_graphs/instance_9275.graph,18,5,True,0.12144089,0.64816153
instance_9276.graph,data/graph_coloring_graphs/instance_9276.graph,18,7,True,-0.9263096,1.0626713
instance_9277.graph,data/graph_coloring_graphs/instance_9277.graph,10,15,True,0.5029259,-1.5825958
instance_9278.graph,data/graph_coloring_graphs/instance_9278.graph,12,11,True,1.0424786,-0.3263659
instance_9279.graph,data/graph_coloring_graphs/instance_9279.graph,12,7,True,1.2464828,-0.42822066
instance_928.graph,data/graph_coloring_graphs/instance_928.graph,14,11,True,1.0911789,-0.044668056
instance_9280.graph,data/graph_coloring_graphs/instance_9280.graph,12,9,True,0.6998739,0.7163513
instance_9281.graph,data/graph_coloring_graphs/instance_9281.graph,10,11,True,0.98127747,-0.48195592
instance_9282.graph,data/graph_coloring_graphs/instance_9282.graph,14,11,True,1.1051178,-0.16746007
instance_9283.graph,data/graph_coloring_graphs/instance_9283.graph,14,13,True,1.0753784,-0.8123926
instance_9284.graph,data/graph_coloring_graphs/instance_9284.graph,16,13,True,1.172184,-0.92910695
instance_9285.graph,data/graph_coloring_graphs/instance_9285.graph,12,15,True,1.0791149,-1.209924
instance_9286.graph,data/graph_coloring_graphs/instance_9286.graph,10,3,False,-4.548814,1.3099965
instance_9287.graph,data/graph_coloring_graphs/instance_9287.graph,10,7,True,0.21442509,0.69644916
instance_9288.graph,data/graph_coloring_graphs/instance_9288.graph,12,3,True,1.2342033,-0.15607926
instance_9289.graph,data/graph_coloring_graphs/instance_9289.graph,12,3,False,-2.9406624,0.73320365
instance_929.graph,data/graph_coloring_graphs/instance_929.graph,12,15,True,0.9059448,-1.5393835
instance_9290.graph,data/graph_coloring_graphs/instance_9290.graph,12,15,True,1.0385666,-1.6226571
instance_9291.graph,data/graph_coloring_graphs/instance_9291.graph,14,11,True,1.2355995,-1.0972841
instance_9292.graph,data/graph_coloring_graphs/instance_9292.graph,18,11,True,1.1381989,-0.09206015
instance_9293.graph,data/graph_coloring_graphs/instance_9293.graph,12,13,True,1.1127491,-1.3009014
instance_9294.graph,data/graph_coloring_graphs/instance_9294.graph,18,11,True,1.1156082,0.10482927
instance_9295.graph,data/graph_coloring_graphs/instance_9295.graph,18,3,False,-5.120142,1.6983814
instance_9296.graph,data/graph_coloring_graphs/instance_9296.graph,18,5,True,0.7621002,0.16737051
instance_9297.graph,data/graph_coloring_graphs/instance_9297.graph,12,7,True,0.22441864,-0.7719959
instance_9298.graph,data/graph_coloring_graphs/instance_9298.graph,16,3,False,-4.9061546,1.5479068
instance_9299.graph,data/graph_coloring_graphs/instance_9299.graph,10,5,True,-0.1432724,0.5630977
instance_93.graph,data/graph_coloring_graphs/instance_93.graph,16,3,False,-5.016115,1.5421398
instance_930.graph,data/graph_coloring_graphs/instance_930.graph,18,9,True,1.367218,-0.14641663
instance_9300.graph,data/graph_coloring_graphs/instance_9300.graph,14,15,True,1.1462708,-1.3814899
instance_9301.graph,data/graph_coloring_graphs/instance_9301.graph,14,9,True,0.79899406,0.58346415
instance_9302.graph,data/graph_coloring_graphs/instance_9302.graph,14,3,False,-4.2136126,1.2110994
instance_9303.graph,data/graph_coloring_graphs/instance_9303.graph,14,9,True,1.0507355,0.19998416
instance_9304.graph,data/graph_coloring_graphs/instance_9304.graph,14,9,True,1.0769901,0.36659506
instance_9305.graph,data/graph_coloring_graphs/instance_9305.graph,12,13,True,1.1127472,-1.3009014
instance_9306.graph,data/graph_coloring_graphs/instance_9306.graph,12,9,True,0.9920187,0.43184933
instance_9307.graph,data/graph_coloring_graphs/instance_9307.graph,16,3,True,-1.4595947,0.42827198
instance_9308.graph,data/graph_coloring_graphs/instance_9308.graph,10,13,True,1.0179424,-0.8048886
instance_9309.graph,data/graph_coloring_graphs/instance_9309.graph,14,3,False,-5.0176487,1.6161286
instance_931.graph,data/graph_coloring_graphs/instance_931.graph,16,13,True,1.110096,-0.60399437
instance_9310.graph,data/graph_coloring_graphs/instance_9310.graph,10,15,True,0.80135345,-1.5784142
instance_9311.graph,data/graph_coloring_graphs/instance_9311.graph,10,7,True,1.5610847,0.24214488
instance_9312.graph,data/graph_coloring_graphs/instance_9312.graph,16,7,True,-0.16425419,0.90028095
instance_9313.graph,data/graph_coloring_graphs/instance_9313.graph,12,13,True,1.0594425,-1.0622628
instance_9314.graph,data/graph_coloring_graphs/instance_9314.graph,16,15,True,1.1143532,-1.0682882
instance_9315.graph,data/graph_coloring_graphs/instance_9315.graph,20,5,True,0.5488548,0.07358531
instance_9316.graph,data/graph_coloring_graphs/instance_9316.graph,16,9,True,0.69093704,0.74825394
instance_9317.graph,data/graph_coloring_graphs/instance_9317.graph,12,5,False,-2.1334772,1.0427344
instance_9318.graph,data/graph_coloring_graphs/instance_9318.graph,18,7,True,-0.049589157,0.76735604
instance_9319.graph,data/graph_coloring_graphs/instance_9319.graph,20,15,True,1.1430969,-1.0376791
instance_932.graph,data/graph_coloring_graphs/instance_932.graph,18,15,True,1.2876892,-1.4006557
instance_9320.graph,data/graph_coloring_graphs/instance_9320.graph,20,15,True,1.3307381,-1.3837289
instance_9321.graph,data/graph_coloring_graphs/instance_9321.graph,20,11,True,1.1552505,-0.10327888
instance_9322.graph,data/graph_coloring_graphs/instance_9322.graph,10,9,True,1.3783913,-0.36578298
instance_9323.graph,data/graph_coloring_graphs/instance_9323.graph,18,5,True,-2.150402,1.0436927
instance_9324.graph,data/graph_coloring_graphs/instance_9324.graph,10,7,True,-0.022450447,0.7563727
instance_9325.graph,data/graph_coloring_graphs/instance_9325.graph,10,7,True,2.365181,-0.46974507
instance_9326.graph,data/graph_coloring_graphs/instance_9326.graph,10,11,True,0.9841404,-0.2691967
instance_9327.graph,data/graph_coloring_graphs/instance_9327.graph,10,13,True,0.98520947,-1.0895054
instance_9328.graph,data/graph_coloring_graphs/instance_9328.graph,16,15,True,1.1018295,-1.0332942
instance_9329.graph,data/graph_coloring_graphs/instance_9329.graph,12,9,True,0.90003014,-0.10247819
instance_933.graph,data/graph_coloring_graphs/instance_933.graph,18,11,True,1.2188225,-0.28049415
instance_9330.graph,data/graph_coloring_graphs/instance_9330.graph,10,11,True,0.9857521,-0.25069696
instance_9331.graph,data/graph_coloring_graphs/instance_9331.graph,16,15,True,1.118042,-1.0940645
instance_9332.graph,data/graph_coloring_graphs/instance_9332.graph,16,3,False,-5.5381145,1.8200269
instance_9333.graph,data/graph_coloring_graphs/instance_9333.graph,20,5,False,-3.4872913,1.3164983
instance_9334.graph,data/graph_coloring_graphs/instance_9334.graph,14,11,True,1.1858101,-1.060668
instance_9335.graph,data/graph_coloring_graphs/instance_9335.graph,14,7,True,-1.0798454,1.0502145
instance_9336.graph,data/graph_coloring_graphs/instance_9336.graph,18,9,True,0.7604332,0.7552918
instance_9337.graph,data/graph_coloring_graphs/instance_9337.graph,14,5,True,-0.7862339,0.60631
instance_9338.graph,data/graph_coloring_graphs/instance_9338.graph,20,15,True,1.1167641,-0.9512627
instance_9339.graph,data/graph_coloring_graphs/instance_9339.graph,20,7,True,0.4578457,0.16504444
instance_934.graph,data/graph_coloring_graphs/instance_934.graph,16,3,False,-3.4256506,1.0655394
instance_9340.graph,data/graph_coloring_graphs/instance_9340.graph,20,11,True,1.2706776,-0.65956736
instance_9341.graph,data/graph_coloring_graphs/instance_9341.graph,10,11,True,0.98415184,-0.26919666
instance_9342.graph,data/graph_coloring_graphs/instance_9342.graph,16,9,True,0.6061878,0.8625077
instance_9343.graph,data/graph_coloring_graphs/instance_9343.graph,10,11,True,1.0019703,-0.19773024
instance_9344.graph,data/graph_coloring_graphs/instance_9344.graph,16,11,True,1.1850705,-0.5134609
instance_9345.graph,data/graph_coloring_graphs/instance_9345.graph,16,7,True,0.90467453,0.54107845
instance_9346.graph,data/graph_coloring_graphs/instance_9346.graph,18,3,False,-4.8821163,1.5814543
instance_9347.graph,data/graph_coloring_graphs/instance_9347.graph,16,13,True,1.1040287,-0.7567555
instance_9348.graph,data/graph_coloring_graphs/instance_9348.graph,16,15,True,1.1237411,-1.0736136
instance_9349.graph,data/graph_coloring_graphs/instance_9349.graph,14,13,True,1.1217747,-0.84409297
instance_935.graph,data/graph_coloring_graphs/instance_935.graph,20,9,True,0.4503746,1.0706437
instance_9350.graph,data/graph_coloring_graphs/instance_9350.graph,10,7,True,0.16365814,0.36840585
instance_9351.graph,data/graph_coloring_graphs/instance_9351.graph,16,13,True,1.289484,-1.2893773
instance_9352.graph,data/graph_coloring_graphs/instance_9352.graph,14,3,True,-0.054336548,0.12544657
instance_9353.graph,data/graph_coloring_graphs/instance_9353.graph,14,7,False,-1.2368011,1.1319013
instance_9354.graph,data/graph_coloring_graphs/instance_9354.graph,16,13,True,1.1014671,-0.62046266
instance_9355.graph,data/graph_coloring_graphs/instance_9355.graph,20,5,False,-4.0211124,1.426563
instance_9356.graph,data/graph_coloring_graphs/instance_9356.graph,10,3,False,-2.0922394,0.5796375
instance_9357.graph,data/graph_coloring_graphs/instance_9357.graph,16,9,True,0.7538595,0.7604878
instance_9358.graph,data/graph_coloring_graphs/instance_9358.graph,20,11,True,1.2551856,-0.5811919
instance_9359.graph,data/graph_coloring_graphs/instance_9359.graph,16,5,True,-0.16182137,0.55476344
instance_936.graph,data/graph_coloring_graphs/instance_936.graph,12,5,False,-2.2487068,1.0627666
instance_9360.graph,data/graph_coloring_graphs/instance_9360.graph,12,9,True,0.68707466,0.6739013
instance_9361.graph,data/graph_coloring_graphs/instance_9361.graph,10,5,True,0.56301117,0.19735974
instance_9362.graph,data/graph_coloring_graphs/instance_9362.graph,10,13,True,1.0231628,-1.4724056
instance_9363.graph,data/graph_coloring_graphs/instance_9363.graph,16,7,True,-0.006287098,0.50166464
instance_9364.graph,data/graph_coloring_graphs/instance_9364.graph,16,5,False,-3.9635391,1.3693997
instance_9365.graph,data/graph_coloring_graphs/instance_9365.graph,12,13,True,1.0503731,-0.8356991
instance_9366.graph,data/graph_coloring_graphs/instance_9366.graph,12,3,False,-4.937125,1.5081878
instance_9367.graph,data/graph_coloring_graphs/instance_9367.graph,16,15,True,1.2321892,-1.4063559
instance_9368.graph,data/graph_coloring_graphs/instance_9368.graph,10,7,True,-0.3671465,0.758909
instance_9369.graph,data/graph_coloring_graphs/instance_9369.graph,10,7,True,0.60162354,0.37986407
instance_937.graph,data/graph_coloring_graphs/instance_937.graph,18,13,True,1.1544552,-0.83397996
instance_9370.graph,data/graph_coloring_graphs/instance_9370.graph,14,5,False,-3.1828136,1.2118084
instance_9371.graph,data/graph_coloring_graphs/instance_9371.graph,16,11,True,1.1089287,-0.07324385
instance_9372.graph,data/graph_coloring_graphs/instance_9372.graph,18,9,True,0.4777527,0.95807934
instance_9373.graph,data/graph_coloring_graphs/instance_9373.graph,12,11,True,1.0478058,-0.11557974
instance_9374.graph,data/graph_coloring_graphs/instance_9374.graph,14,3,False,-4.4377623,1.3240163
instance_9375.graph,data/graph_coloring_graphs/instance_9375.graph,20,15,True,1.1214676,-0.9715955
instance_9376.graph,data/graph_coloring_graphs/instance_9376.graph,14,9,True,1.2568626,0.04617297
instance_9377.graph,data/graph_coloring_graphs/instance_9377.graph,18,7,True,-1.1760159,1.122021
instance_9378.graph,data/graph_coloring_graphs/instance_9378.graph,10,11,True,1.0223503,-0.8433871
instance_9379.graph,data/graph_coloring_graphs/instance_9379.graph,18,5,True,0.2191143,0.673324
instance_938.graph,data/graph_coloring_graphs/instance_938.graph,16,7,False,-1.5942802,1.2355883
instance_9380.graph,data/graph_coloring_graphs/instance_9380.graph,20,13,True,1.1314659,-0.54692125
instance_9381.graph,data/graph_coloring_graphs/instance_9381.graph,10,3,False,-3.8685846,0.95160127
instance_9382.graph,data/graph_coloring_graphs/instance_9382.graph,20,15,True,1.3264503,-1.306018
instance_9383.graph,data/graph_coloring_graphs/instance_9383.graph,14,13,True,1.1019669,-0.6573521
instance_9384.graph,data/graph_coloring_graphs/instance_9384.graph,20,11,True,1.2777863,-0.7389777
instance_9385.graph,data/graph_coloring_graphs/instance_9385.graph,14,5,True,-1.4143157,0.9010055
instance_9386.graph,data/graph_coloring_graphs/instance_9386.graph,20,3,True,-1.521946,0.57684934
instance_9387.graph,data/graph_coloring_graphs/instance_9387.graph,12,5,True,2.1908875,-0.36868623
instance_9388.graph,data/graph_coloring_graphs/instance_9388.graph,18,3,True,-1.9562149,0.5565727
instance_9389.graph,data/graph_coloring_graphs/instance_9389.graph,12,9,True,1.422348,-0.30335522
instance_939.graph,data/graph_coloring_graphs/instance_939.graph,10,5,True,1.6449738,-0.028406428
instance_9390.graph,data/graph_coloring_graphs/instance_9390.graph,14,15,True,1.0783882,-1.0504395
instance_9391.graph,data/graph_coloring_graphs/instance_9391.graph,14,3,True,-2.0526924,0.5241989
instance_9392.graph,data/graph_coloring_graphs/instance_9392.graph,16,13,True,1.140173,-0.7434679
instance_9393.graph,data/graph_coloring_graphs/instance_9393.graph,10,7,True,0.21442509,0.69644916
instance_9394.graph,data/graph_coloring_graphs/instance_9394.graph,20,7,False,-2.2789993,1.4170375
instance_9395.graph,data/graph_coloring_graphs/instance_9395.graph,20,3,True,-1.5575027,0.4172103
instance_9396.graph,data/graph_coloring_graphs/instance_9396.graph,16,3,False,-3.033494,0.8917458
instance_9397.graph,data/graph_coloring_graphs/instance_9397.graph,18,3,False,-5.5584183,1.8722422
instance_9398.graph,data/graph_coloring_graphs/instance_9398.graph,10,9,True,0.94540596,0.37305692
instance_9399.graph,data/graph_coloring_graphs/instance_9399.graph,14,13,True,1.041626,-1.3225023
instance_94.graph,data/graph_coloring_graphs/instance_94.graph,18,3,False,-3.8896017,1.0181043
instance_940.graph,data/graph_coloring_graphs/instance_940.graph,14,3,False,-4.6338987,1.4228185
instance_9400.graph,data/graph_coloring_graphs/instance_9400.graph,12,13,True,1.0668011,-0.8607837
instance_9401.graph,data/graph_coloring_graphs/instance_9401.graph,16,9,True,0.5236702,0.9665617
instance_9402.graph,data/graph_coloring_graphs/instance_9402.graph,12,7,True,0.2820673,0.5801821
instance_9403.graph,data/graph_coloring_graphs/instance_9403.graph,16,15,True,1.1128693,-1.0583236
instance_9404.graph,data/graph_coloring_graphs/instance_9404.graph,16,13,True,1.1595912,-0.98395705
instance_9405.graph,data/graph_coloring_graphs/instance_9405.graph,16,9,True,0.7149124,0.72537005
instance_9406.graph,data/graph_coloring_graphs/instance_9406.graph,16,7,True,-0.42304373,0.69885623
instance_9407.graph,data/graph_coloring_graphs/instance_9407.graph,10,9,True,1.1736679,-0.812431
instance_9408.graph,data/graph_coloring_graphs/instance_9408.graph,18,7,True,0.9828415,0.56028986
instance_9409.graph,data/graph_coloring_graphs/instance_9409.graph,10,3,False,-3.399292,0.70435417
instance_941.graph,data/graph_coloring_graphs/instance_941.graph,14,13,True,1.078949,-0.67627144
instance_9410.graph,data/graph_coloring_graphs/instance_9410.graph,10,11,True,1.0058889,-0.67923
instance_9411.graph,data/graph_coloring_graphs/instance_9411.graph,10,5,True,0.10338783,0.51695323
instance_9412.graph,data/graph_coloring_graphs/instance_9412.graph,12,9,True,1.1199341,0.041426323
instance_9413.graph,data/graph_coloring_graphs/instance_9413.graph,14,15,True,1.1738415,-1.2375506
instance_9414.graph,data/graph_coloring_graphs/instance_9414.graph,14,3,False,-5.2456036,1.7309659
instance_9415.graph,data/graph_coloring_graphs/instance_9415.graph,20,3,False,-5.403507,1.7867062
instance_9416.graph,data/graph_coloring_graphs/instance_9416.graph,10,5,True,-0.36032867,0.5061146
instance_9417.graph,data/graph_coloring_graphs/instance_9417.graph,10,7,True,1.9813232,0.1295169
instance_9418.graph,data/graph_coloring_graphs/instance_9418.graph,12,15,True,1.0422249,-1.0861531
instance_9419.graph,data/graph_coloring_graphs/instance_9419.graph,10,13,True,0.97103214,-0.8667556
instance_942.graph,data/graph_coloring_graphs/instance_942.graph,16,15,True,1.147563,-1.2142701
instance_9420.graph,data/graph_coloring_graphs/instance_9420.graph,16,13,True,1.3023071,-1.4552476
instance_9421.graph,data/graph_coloring_graphs/instance_9421.graph,10,9,True,0.6656456,0.49003306
instance_9422.graph,data/graph_coloring_graphs/instance_9422.graph,10,3,False,-2.1223574,0.75171137
instance_9423.graph,data/graph_coloring_graphs/instance_9423.graph,14,15,True,1.1371517,-1.1981735
instance_9424.graph,data/graph_coloring_graphs/instance_9424.graph,14,5,True,-2.0112317,0.9052937
instance_9425.graph,data/graph_coloring_graphs/instance_9425.graph,16,7,True,-0.36168385,0.60642207
instance_9426.graph,data/graph_coloring_graphs/instance_9426.graph,18,5,False,-4.3146133,1.4664927
instance_9427.graph,data/graph_coloring_graphs/instance_9427.graph,20,11,True,1.1403847,0.039516166
instance_9428.graph,data/graph_coloring_graphs/instance_9428.graph,16,5,False,-3.9183273,1.3890438
instance_9429.graph,data/graph_coloring_graphs/instance_9429.graph,18,11,True,1.1955061,-0.48096135
instance_943.graph,data/graph_coloring_graphs/instance_943.graph,18,11,True,1.1980305,-0.39353377
instance_9430.graph,data/graph_coloring_graphs/instance_9430.graph,18,3,False,-5.1871853,1.6822408
instance_9431.graph,data/graph_coloring_graphs/instance_9431.graph,10,5,True,1.0739403,0.22366443
instance_9432.graph,data/graph_coloring_graphs/instance_9432.graph,10,7,True,0.09370899,0.72699285
instance_9433.graph,data/graph_coloring_graphs/instance_9433.graph,16,13,True,1.1153126,-0.73804843
instance_9434.graph,data/graph_coloring_graphs/instance_9434.graph,12,3,False,-4.096425,1.0632313
instance_9435.graph,data/graph_coloring_graphs/instance_9435.graph,14,11,True,1.0965805,-0.22831759
instance_9436.graph,data/graph_coloring_graphs/instance_9436.graph,10,15,True,0.9672909,-1.2816436
instance_9437.graph,data/graph_coloring_graphs/instance_9437.graph,18,5,True,-1.2296829,0.9197289
instance_9438.graph,data/graph_coloring_graphs/instance_9438.graph,10,15,True,0.4091568,-1.7247772
instance_9439.graph,data/graph_coloring_graphs/instance_9439.graph,16,9,True,1.475956,-0.22719342
instance_944.graph,data/graph_coloring_graphs/instance_944.graph,10,11,True,0.98525715,-0.42729723
instance_9440.graph,data/graph_coloring_graphs/instance_9440.graph,20,9,True,1.4586678,-0.012450397
instance_9441.graph,data/graph_coloring_graphs/instance_9441.graph,14,9,True,1.2241154,0.080468655
instance_9442.graph,data/graph_coloring_graphs/instance_9442.graph,20,15,True,1.3104839,-1.3337884
instance_9443.graph,data/graph_coloring_graphs/instance_9443.graph,18,11,True,1.1467094,-0.09726531
instance_9444.graph,data/graph_coloring_graphs/instance_9444.graph,20,3,False,-3.9876194,1.3100998
instance_9445.graph,data/graph_coloring_graphs/instance_9445.graph,20,11,True,1.123764,0.1496862
instance_9446.graph,data/graph_coloring_graphs/instance_9446.graph,12,5,True,2.947544,-0.25999478
instance_9447.graph,data/graph_coloring_graphs/instance_9447.graph,20,11,True,1.3108792,-0.66230524
instance_9448.graph,data/graph_coloring_graphs/instance_9448.graph,12,15,True,1.0805817,-1.262143
instance_9449.graph,data/graph_coloring_graphs/instance_9449.graph,12,15,True,1.0524197,-1.1051375
instance_945.graph,data/graph_coloring_graphs/instance_945.graph,16,13,True,1.1153183,-0.73804843
instance_9450.graph,data/graph_coloring_graphs/instance_9450.graph,14,13,True,1.2430077,-1.4166481
instance_9451.graph,data/graph_coloring_graphs/instance_9451.graph,12,5,True,1.3692017,-0.06730352
instance_9452.graph,data/graph_coloring_graphs/instance_9452.graph,16,13,True,1.1018639,-0.64007664
instance_9453.graph,data/graph_coloring_graphs/instance_9453.graph,18,5,False,-4.4447575,1.4665449
instance_9454.graph,data/graph_coloring_graphs/instance_9454.graph,10,9,True,0.8369045,0.4866409
instance_9455.graph,data/graph_coloring_graphs/instance_9455.graph,20,11,True,1.3331032,-0.8900722
instance_9456.graph,data/graph_coloring_graphs/instance_9456.graph,18,11,True,1.1449203,-0.17095311
instance_9457.graph,data/graph_coloring_graphs/instance_9457.graph,12,7,False,-0.70582485,0.9745691
instance_9458.graph,data/graph_coloring_graphs/instance_9458.graph,14,7,True,-0.92419815,1.0573087
instance_9459.graph,data/graph_coloring_graphs/instance_9459.graph,16,3,False,-5.2940674,1.7450712
instance_946.graph,data/graph_coloring_graphs/instance_946.graph,10,9,True,0.8234606,0.30054203
instance_9460.graph,data/graph_coloring_graphs/instance_9460.graph,14,15,True,1.0869598,-1.0485647
instance_9461.graph,data/graph_coloring_graphs/instance_9461.graph,16,7,True,0.2807207,0.69718945
instance_9462.graph,data/graph_coloring_graphs/instance_9462.graph,20,11,True,1.1500969,0.06331531
instance_9463.graph,data/graph_coloring_graphs/instance_9463.graph,10,11,True,1.0078773,-1.329942
instance_9464.graph,data/graph_coloring_graphs/instance_9464.graph,10,11,True,1.0765381,-1.2898414
instance_9465.graph,data/graph_coloring_graphs/instance_9465.graph,16,11,True,1.1221466,-0.1557402
instance_9466.graph,data/graph_coloring_graphs/instance_9466.graph,10,11,True,1.0058861,-0.67923
instance_9467.graph,data/graph_coloring_graphs/instance_9467.graph,18,5,False,-3.3014812,1.272091
instance_9468.graph,data/graph_coloring_graphs/instance_9468.graph,12,15,True,1.0820274,-1.3128698
instance_9469.graph,data/graph_coloring_graphs/instance_9469.graph,16,3,False,-3.945015,1.1422853
instance_947.graph,data/graph_coloring_graphs/instance_947.graph,12,7,True,0.14613056,0.6969962
instance_9470.graph,data/graph_coloring_graphs/instance_9470.graph,10,5,True,1.4920387,-0.3239685
instance_9471.graph,data/graph_coloring_graphs/instance_9471.graph,16,15,True,1.2829971,-1.3865266
instance_9472.graph,data/graph_coloring_graphs/instance_9472.graph,16,9,True,0.9143305,0.5780374
instance_9473.graph,data/graph_coloring_graphs/instance_9473.graph,20,7,True,2.7885742,0.035966344
instance_9474.graph,data/graph_coloring_graphs/instance_9474.graph,18,7,True,2.4209442,-0.19315013
instance_9475.graph,data/graph_coloring_graphs/instance_9475.graph,20,9,True,0.46073532,1.061806
instance_9476.graph,data/graph_coloring_graphs/instance_9476.graph,18,9,True,0.95066833,0.51017416
instance_9477.graph,data/graph_coloring_graphs/instance_9477.graph,10,13,True,0.90992165,-1.2709854
instance_9478.graph,data/graph_coloring_graphs/instance_9478.graph,18,5,False,-4.7467003,1.5178943
instance_9479.graph,data/graph_coloring_graphs/instance_9479.graph,20,9,True,1.1339836,0.3851725
instance_948.graph,data/graph_coloring_graphs/instance_948.graph,18,15,True,1.1279907,-1.0362173
instance_9480.graph,data/graph_coloring_graphs/instance_9480.graph,14,7,True,2.432953,-0.11443466
instance_9481.graph,data/graph_coloring_graphs/instance_9481.graph,18,9,True,0.7712984,0.74556756
instance_9482.graph,data/graph_coloring_graphs/instance_9482.graph,10,5,True,-1.175122,0.83245146
instance_9483.graph,data/graph_coloring_graphs/instance_9483.graph,18,5,True,-2.399866,1.118748
instance_9484.graph,data/graph_coloring_graphs/instance_9484.graph,16,7,False,-1.7590332,1.2425976
instance_9485.graph,data/graph_coloring_graphs/instance_9485.graph,12,7,True,0.9884701,0.1564151
instance_9486.graph,data/graph_coloring_graphs/instance_9486.graph,12,15,True,1.0495644,-1.1870928
instance_9487.graph,data/graph_coloring_graphs/instance_9487.graph,10,3,False,-3.6355133,1.1097298
instance_9488.graph,data/graph_coloring_graphs/instance_9488.graph,10,15,True,0.98478127,-1.2952116
instance_9489.graph,data/graph_coloring_graphs/instance_9489.graph,10,15,True,0.96212006,-1.4540057
instance_949.graph,data/graph_coloring_graphs/instance_949.graph,14,13,True,1.0899067,-0.79627264
instance_9490.graph,data/graph_coloring_graphs/instance_9490.graph,16,15,True,1.3086281,-1.4638221
instance_9491.graph,data/graph_coloring_graphs/instance_9491.graph,10,9,True,0.88901806,0.43209818
instance_9492.graph,data/graph_coloring_graphs/instance_9492.graph,10,15,True,0.8935623,-1.7056581
instance_9493.graph,data/graph_coloring_graphs/instance_9493.graph,14,5,True,3.1109238,-0.49295124
instance_9494.graph,data/graph_coloring_graphs/instance_9494.graph,18,15,True,1.1285057,-1.038731
instance_9495.graph,data/graph_coloring_graphs/instance_9495.graph,20,9,True,1.4055805,0.038954906
instance_9496.graph,data/graph_coloring_graphs/instance_9496.graph,10,5,True,0.5928993,-0.24518913
instance_9497.graph,data/graph_coloring_graphs/instance_9497.graph,14,9,True,1.1925755,0.11349408
instance_9498.graph,data/graph_coloring_graphs/instance_9498.graph,20,9,True,0.46074677,1.0618061
instance_9499.graph,data/graph_coloring_graphs/instance_9499.graph,12,13,True,1.0482264,-0.8702799
instance_95.graph,data/graph_coloring_graphs/instance_95.graph,18,9,True,1.0163593,0.44793668
instance_950.graph,data/graph_coloring_graphs/instance_950.graph,12,13,True,1.0823498,-1.1899658
instance_9500.graph,data/graph_coloring_graphs/instance_9500.graph,18,5,False,-2.8133755,1.1890787
instance_9501.graph,data/graph_coloring_graphs/instance_9501.graph,10,7,True,-0.36713743,0.758909
instance_9502.graph,data/graph_coloring_graphs/instance_9502.graph,10,13,True,1.0715351,-1.275204
instance_9503.graph,data/graph_coloring_graphs/instance_9503.graph,20,9,True,1.4060593,-0.3037324
instance_9504.graph,data/graph_coloring_graphs/instance_9504.graph,16,15,True,1.1066322,-1.0733881
instance_9505.graph,data/graph_coloring_graphs/instance_9505.graph,18,7,True,0.9716587,0.2674004
instance_9506.graph,data/graph_coloring_graphs/instance_9506.graph,10,7,True,1.5610809,0.24214485
instance_9507.graph,data/graph_coloring_graphs/instance_9507.graph,14,15,True,1.11619,-1.1393255
instance_9508.graph,data/graph_coloring_graphs/instance_9508.graph,10,15,True,0.8366127,-1.5833592
instance_9509.graph,data/graph_coloring_graphs/instance_9509.graph,20,3,False,-5.4860115,1.8291671
instance_951.graph,data/graph_coloring_graphs/instance_951.graph,12,15,True,1.0498734,-1.1789216
instance_9510.graph,data/graph_coloring_graphs/instance_9510.graph,12,13,True,1.1131706,-1.2984222
instance_9511.graph,data/graph_coloring_graphs/instance_9511.graph,20,5,False,-4.953991,1.5631789
instance_9512.graph,data/graph_coloring_graphs/instance_9512.graph,12,15,True,1.1233444,-1.4941264
instance_9513.graph,data/graph_coloring_graphs/instance_9513.graph,12,11,True,1.0682983,-0.34933832
instance_9514.graph,data/graph_coloring_graphs/instance_9514.graph,12,5,False,-2.5653067,1.0684273
instance_9515.graph,data/graph_coloring_graphs/instance_9515.graph,12,9,True,1.2415733,0.01359361
instance_9516.graph,data/graph_coloring_graphs/instance_9516.graph,12,3,False,-1.6176491,0.57286143
instance_9517.graph,data/graph_coloring_graphs/instance_9517.graph,10,3,False,-3.357355,0.9830152
instance_9518.graph,data/graph_coloring_graphs/instance_9518.graph,18,11,True,1.1156197,0.10482924
instance_9519.graph,data/graph_coloring_graphs/instance_9519.graph,16,11,True,1.1788845,-0.31601825
instance_952.graph,data/graph_coloring_graphs/instance_952.graph,10,9,True,0.76768494,-0.8243431
instance_9520.graph,data/graph_coloring_graphs/instance_9520.graph,12,11,True,1.1531334,-1.3168397
instance_9521.graph,data/graph_coloring_graphs/instance_9521.graph,18,9,True,0.7187977,0.792554
instance_9522.graph,data/graph_coloring_graphs/instance_9522.graph,18,7,True,-0.23526001,0.85829747
instance_9523.graph,data/graph_coloring_graphs/instance_9523.graph,14,7,True,1.551712,0.39855406
instance_9524.graph,data/graph_coloring_graphs/instance_9524.graph,12,11,True,1.0710316,-0.93432164
instance_9525.graph,data/graph_coloring_graphs/instance_9525.graph,12,7,True,0.8881769,0.58495927
instance_9526.graph,data/graph_coloring_graphs/instance_9526.graph,18,7,True,-0.4217205,0.8612375
instance_9527.graph,data/graph_coloring_graphs/instance_9527.graph,18,11,True,1.3856335,-0.85620487
instance_9528.graph,data/graph_coloring_graphs/instance_9528.graph,14,3,False,-4.6338997,1.4228187
instance_9529.graph,data/graph_coloring_graphs/instance_9529.graph,16,7,True,1.530304,-0.20081338
instance_953.graph,data/graph_coloring_graphs/instance_953.graph,10,9,True,1.2022896,-0.33128455
instance_9530.graph,data/graph_coloring_graphs/instance_9530.graph,18,15,True,1.287693,-1.4006557
instance_9531.graph,data/graph_coloring_graphs/instance_9531.graph,20,13,True,1.1435318,-0.66885257
instance_9532.graph,data/graph_coloring_graphs/instance_9532.graph,16,9,True,0.7931633,0.65071607
instance_9533.graph,data/graph_coloring_graphs/instance_9533.graph,14,13,True,1.1194477,-0.789014
instance_9534.graph,data/graph_coloring_graphs/instance_9534.graph,10,3,False,-4.372491,1.2170925
instance_9535.graph,data/graph_coloring_graphs/instance_9535.graph,16,5,True,1.5641823,0.069281004
instance_9536.graph,data/graph_coloring_graphs/instance_9536.graph,20,5,False,-5.0692787,1.5825665
instance_9537.graph,data/graph_coloring_graphs/instance_9537.graph,16,9,True,0.66786575,0.7702364
instance_9538.graph,data/graph_coloring_graphs/instance_9538.graph,12,7,True,0.819994,0.20733163
instance_9539.graph,data/graph_coloring_graphs/instance_9539.graph,18,15,True,1.1242847,-1.0534077
instance_954.graph,data/graph_coloring_graphs/instance_954.graph,12,13,True,0.9706383,-1.6569161
instance_9540.graph,data/graph_coloring_graphs/instance_9540.graph,14,3,False,-4.670189,1.4411159
instance_9541.graph,data/graph_coloring_graphs/instance_9541.graph,18,7,False,-1.855854,1.2836301
instance_9542.graph,data/graph_coloring_graphs/instance_9542.graph,10,15,True,0.9810238,-1.1279031
instance_9543.graph,data/graph_coloring_graphs/instance_9543.graph,20,9,True,1.4693336,-0.060593322
instance_9544.graph,data/graph_coloring_graphs/instance_9544.graph,10,15,True,0.66101074,-1.7083116
instance_9545.graph,data/graph_coloring_graphs/instance_9545.graph,10,3,True,0.50564957,-0.18017349
instance_9546.graph,data/graph_coloring_graphs/instance_9546.graph,14,7,True,-0.78679943,0.9776406
instance_9547.graph,data/graph_coloring_graphs/instance_9547.graph,12,3,False,-4.706215,1.4762506
instance_9548.graph,data/graph_coloring_graphs/instance_9548.graph,20,3,False,-2.2202263,0.5246228
instance_9549.graph,data/graph_coloring_graphs/instance_9549.graph,16,11,True,1.1194191,-0.111032106
instance_955.graph,data/graph_coloring_graphs/instance_955.graph,20,9,True,0.4206543,1.0960262
instance_9550.graph,data/graph_coloring_graphs/instance_9550.graph,14,9,True,0.6136379,0.8125839
instance_9551.graph,data/graph_coloring_graphs/instance_9551.graph,20,5,True,-2.3391275,1.0659704
instance_9552.graph,data/graph_coloring_graphs/instance_9552.graph,16,15,True,1.2390232,-1.3606819
instance_9553.graph,data/graph_coloring_graphs/instance_9553.graph,18,5,False,-3.1118011,1.2663863
instance_9554.graph,data/graph_coloring_graphs/instance_9554.graph,20,3,False,-5.2340355,1.6994735
instance_9555.graph,data/graph_coloring_graphs/instance_9555.graph,20,3,False,-4.263279,1.3210366
instance_9556.graph,data/graph_coloring_graphs/instance_9556.graph,14,13,True,1.0896416,-0.8603394
instance_9557.graph,data/graph_coloring_graphs/instance_9557.graph,16,7,False,-1.7590313,1.2425976
instance_9558.graph,data/graph_coloring_graphs/instance_9558.graph,20,11,True,1.1452599,0.05145531
instance_9559.graph,data/graph_coloring_graphs/instance_9559.graph,14,13,True,1.05233,-1.255683
instance_956.graph,data/graph_coloring_graphs/instance_956.graph,20,5,False,-4.80249,1.5376978
instance_9560.graph,data/graph_coloring_graphs/instance_9560.graph,16,11,True,1.102745,0.048876546
instance_9561.graph,data/graph_coloring_graphs/instance_9561.graph,12,9,True,0.96810913,0.45513353
instance_9562.graph,data/graph_coloring_graphs/instance_9562.graph,20,7,True,-1.4431629,1.2257369
instance_9563.graph,data/graph_coloring_graphs/instance_9563.graph,16,7,True,-0.81583786,1.0144081
instance_9564.graph,data/graph_coloring_graphs/instance_9564.graph,14,13,True,1.0762386,-0.7797576
instance_9565.graph,data/graph_coloring_graphs/instance_9565.graph,16,5,False,-2.2931023,1.1157161
instance_9566.graph,data/graph_coloring_graphs/instance_9566.graph,18,13,True,1.1572552,-0.86464095
instance_9567.graph,data/graph_coloring_graphs/instance_9567.graph,18,13,True,1.1417618,-0.69422925
instance_9568.graph,data/graph_coloring_graphs/instance_9568.graph,16,11,True,1.1748753,-0.40537325
instance_9569.graph,data/graph_coloring_graphs/instance_9569.graph,16,7,True,2.6640167,-0.16998252
instance_957.graph,data/graph_coloring_graphs/instance_957.graph,16,15,True,1.162569,-1.2275867
instance_9570.graph,data/graph_coloring_graphs/instance_9570.graph,20,11,True,1.140255,-0.02218315
instance_9571.graph,data/graph_coloring_graphs/instance_9571.graph,14,11,True,1.0981331,-0.2817743
instance_9572.graph,data/graph_coloring_graphs/instance_9572.graph,18,5,True,0.98719025,0.26636598
instance_9573.graph,data/graph_coloring_graphs/instance_9573.graph,10,15,True,0.9806757,-1.2063525
instance_9574.graph,data/graph_coloring_graphs/instance_9574.graph,14,15,True,1.1613998,-1.4029692
instance_9575.graph,data/graph_coloring_graphs/instance_9575.graph,16,3,False,-5.3456993,1.7175969
instance_9576.graph,data/graph_coloring_graphs/instance_9576.graph,10,7,True,-0.6802721,0.84282804
instance_9577.graph,data/graph_coloring_graphs/instance_9577.graph,18,15,True,1.1275482,-1.0337436
instance_9578.graph,data/graph_coloring_graphs/instance_9578.graph,12,7,True,0.22658348,0.7466701
instance_9579.graph,data/graph_coloring_graphs/instance_9579.graph,12,9,True,0.9992752,0.35516676
instance_958.graph,data/graph_coloring_graphs/instance_958.graph,14,5,False,-3.6249352,1.2895097
instance_9580.graph,data/graph_coloring_graphs/instance_9580.graph,20,11,True,1.1392517,-0.011685327
instance_9581.graph,data/graph_coloring_graphs/instance_9581.graph,20,13,True,1.1250534,-0.5487071
instance_9582.graph,data/graph_coloring_graphs/instance_9582.graph,20,15,True,1.1473694,-1.0297122
instance_9583.graph,data/graph_coloring_graphs/instance_9583.graph,12,7,True,2.7639008,-0.50588274
instance_9584.graph,data/graph_coloring_graphs/instance_9584.graph,10,15,True,0.9889507,-1.2658244
instance_9585.graph,data/graph_coloring_graphs/instance_9585.graph,14,7,True,-0.24612617,0.7853519
instance_9586.graph,data/graph_coloring_graphs/instance_9586.graph,20,15,True,1.1423607,-1.0113947
instance_9587.graph,data/graph_coloring_graphs/instance_9587.graph,18,3,False,-2.6091938,0.5622326
instance_9588.graph,data/graph_coloring_graphs/instance_9588.graph,16,15,True,1.1540775,-1.25244
instance_9589.graph,data/graph_coloring_graphs/instance_9589.graph,12,5,True,-1.4628897,0.8055347
instance_959.graph,data/graph_coloring_graphs/instance_959.graph,16,3,False,-3.6140919,1.0674855
instance_9590.graph,data/graph_coloring_graphs/instance_9590.graph,12,9,True,1.084404,0.08192445
instance_9591.graph,data/graph_coloring_graphs/instance_9591.graph,10,13,True,1.0134335,-0.844239
instance_9592.graph,data/graph_coloring_graphs/instance_9592.graph,12,9,True,0.79618835,-0.8436034
instance_9593.graph,data/graph_coloring_graphs/instance_9593.graph,14,13,True,1.2107124,-1.3322985
instance_9594.graph,data/graph_coloring_graphs/instance_9594.graph,10,7,True,-0.6802654,0.84282804
instance_9595.graph,data/graph_coloring_graphs/instance_9595.graph,20,11,True,1.3809109,-0.85550535
instance_9596.graph,data/graph_coloring_graphs/instance_9596.graph,16,5,True,0.40104675,0.5659338
instance_9597.graph,data/graph_coloring_graphs/instance_9597.graph,16,5,True,2.9426613,-0.11426959
instance_9598.graph,data/graph_coloring_graphs/instance_9598.graph,12,7,True,1.1654816,0.10292059
instance_9599.graph,data/graph_coloring_graphs/instance_9599.graph,16,3,True,-0.5324211,0.17826256
instance_96.graph,data/graph_coloring_graphs/instance_96.graph,14,13,True,1.1045647,-0.79691005
instance_960.graph,data/graph_coloring_graphs/instance_960.graph,16,3,False,-3.6315641,0.9901209
instance_9600.graph,data/graph_coloring_graphs/instance_9600.graph,20,11,True,1.1287842,0.1498493
instance_9601.graph,data/graph_coloring_graphs/instance_9601.graph,16,11,True,1.1027756,0.04887656
instance_9602.graph,data/graph_coloring_graphs/instance_9602.graph,16,15,True,1.1689415,-1.1977134
instance_9603.graph,data/graph_coloring_graphs/instance_9603.graph,14,15,True,1.186512,-1.421273
instance_9604.graph,data/graph_coloring_graphs/instance_9604.graph,16,13,True,1.1033916,-0.7212198
instance_9605.graph,data/graph_coloring_graphs/instance_9605.graph,12,15,True,1.0135498,-1.4835548
instance_9606.graph,data/graph_coloring_graphs/instance_9606.graph,18,3,False,-5.2431793,1.7108963
instance_9607.graph,data/graph_coloring_graphs/instance_9607.graph,16,13,True,1.1835938,-0.87951636
instance_9608.graph,data/graph_coloring_graphs/instance_9608.graph,10,15,True,0.9810333,-1.1279031
instance_9609.graph,data/graph_coloring_graphs/instance_9609.graph,16,7,False,-1.5210972,1.2184283
instance_961.graph,data/graph_coloring_graphs/instance_961.graph,20,3,True,-0.91544724,0.5334859
instance_9610.graph,data/graph_coloring_graphs/instance_9610.graph,20,11,True,1.192276,-0.20632786
instance_9611.graph,data/graph_coloring_graphs/instance_9611.graph,12,5,True,-1.4628808,0.8055347
instance_9612.graph,data/graph_coloring_graphs/instance_9612.graph,16,7,True,-0.22670555,0.9149244
instance_9613.graph,data/graph_coloring_graphs/instance_9613.graph,18,5,True,-2.023312,0.8559599
instance_9614.graph,data/graph_coloring_graphs/instance_9614.graph,20,15,True,1.1264725,-0.9717699
instance_9615.graph,data/graph_coloring_graphs/instance_9615.graph,18,7,False,-1.7141762,1.2772179
instance_9616.graph,data/graph_coloring_graphs/instance_9616.graph,16,15,True,1.1252308,-1.143572
instance_9617.graph,data/graph_coloring_graphs/instance_9617.graph,18,7,True,-0.6980562,0.9309511
instance_9618.graph,data/graph_coloring_graphs/instance_9618.graph,14,5,True,1.3542938,0.2727524
instance_9619.graph,data/graph_coloring_graphs/instance_9619.graph,10,7,True,0.8891773,0.14475353
instance_962.graph,data/graph_coloring_graphs/instance_962.graph,14,7,False,-1.2851753,1.1434509
instance_9620.graph,data/graph_coloring_graphs/instance_9620.graph,16,9,True,1.1413031,0.2630878
instance_9621.graph,data/graph_coloring_graphs/instance_9621.graph,20,11,True,1.1253014,0.13351478
instance_9622.graph,data/graph_coloring_graphs/instance_9622.graph,16,3,True,1.1119003,-0.08563769
instance_9623.graph,data/graph_coloring_graphs/instance_9623.graph,12,11,True,1.0683861,-0.2000533
instance_9624.graph,data/graph_coloring_graphs/instance_9624.graph,16,7,True,-1.2037048,1.1082432
instance_9625.graph,data/graph_coloring_graphs/instance_9625.graph,18,3,False,-5.559044,1.8290937
instance_9626.graph,data/graph_coloring_graphs/instance_9626.graph,16,7,True,1.0704727,-0.15952237
instance_9627.graph,data/graph_coloring_graphs/instance_9627.graph,16,5,True,-0.6139879,0.74584687
instance_9628.graph,data/graph_coloring_graphs/instance_9628.graph,14,9,True,0.673584,0.79539704
instance_9629.graph,data/graph_coloring_graphs/instance_9629.graph,18,7,False,-2.192257,1.3878076
instance_963.graph,data/graph_coloring_graphs/instance_963.graph,18,5,False,-3.5222855,1.3096441
instance_9630.graph,data/graph_coloring_graphs/instance_9630.graph,20,3,True,-1.679802,0.5542636
instance_9631.graph,data/graph_coloring_graphs/instance_9631.graph,20,13,True,1.1261597,-0.56207013
instance_9632.graph,data/graph_coloring_graphs/instance_9632.graph,10,11,True,1.0456657,-0.99790335
instance_9633.graph,data/graph_coloring_graphs/instance_9633.graph,12,7,True,-0.9466944,0.91041505
instance_9634.graph,data/graph_coloring_graphs/instance_9634.graph,10,9,True,1.4608688,-0.66899633
instance_9635.graph,data/graph_coloring_graphs/instance_9635.graph,18,5,False,-3.4073696,1.2325695
instance_9636.graph,data/graph_coloring_graphs/instance_9636.graph,20,7,True,-1.2615929,1.1294901
instance_9637.graph,data/graph_coloring_graphs/instance_9637.graph,16,15,True,1.1098099,-1.0372074
instance_9638.graph,data/graph_coloring_graphs/instance_9638.graph,12,13,True,1.0466537,-0.89535606
instance_9639.graph,data/graph_coloring_graphs/instance_9639.graph,14,13,True,1.2623329,-1.3096625
instance_964.graph,data/graph_coloring_graphs/instance_964.graph,18,11,True,1.1171875,0.08381516
instance_9640.graph,data/graph_coloring_graphs/instance_9640.graph,16,11,True,1.1109467,-0.113132305
instance_9641.graph,data/graph_coloring_graphs/instance_9641.graph,16,7,True,0.35720062,-0.30130875
instance_9642.graph,data/graph_coloring_graphs/instance_9642.graph,12,5,True,-1.5565867,0.88657916
instance_9643.graph,data/graph_coloring_graphs/instance_9643.graph,20,5,False,-3.817997,1.3930631
instance_9644.graph,data/graph_coloring_graphs/instance_9644.graph,18,5,True,-1.5435166,0.9380318
instance_9645.graph,data/graph_coloring_graphs/instance_9645.graph,12,7,True,-0.63273716,0.95670867
instance_9646.graph,data/graph_coloring_graphs/instance_9646.graph,14,5,True,-1.4143195,0.9010054
instance_9647.graph,data/graph_coloring_graphs/instance_9647.graph,16,7,True,2.3662186,-0.19767903
instance_9648.graph,data/graph_coloring_graphs/instance_9648.graph,12,5,True,1.7215118,-0.14373761
instance_9649.graph,data/graph_coloring_graphs/instance_9649.graph,12,3,False,-4.937133,1.5081878
instance_965.graph,data/graph_coloring_graphs/instance_965.graph,12,7,True,-0.8932409,0.96276283
instance_9650.graph,data/graph_coloring_graphs/instance_9650.graph,18,5,False,-3.7498455,1.2936919
instance_9651.graph,data/graph_coloring_graphs/instance_9651.graph,18,15,True,1.1312141,-1.0519458
instance_9652.graph,data/graph_coloring_graphs/instance_9652.graph,14,9,True,0.8485384,0.47386
instance_9653.graph,data/graph_coloring_graphs/instance_9653.graph,20,13,True,1.2709026,-1.0955167
instance_9654.graph,data/graph_coloring_graphs/instance_9654.graph,20,7,True,-1.5025616,1.2393363
instance_9655.graph,data/graph_coloring_graphs/instance_9655.graph,16,11,True,1.1088219,0.06332939
instance_9656.graph,data/graph_coloring_graphs/instance_9656.graph,16,5,True,0.5020218,-0.2525463
instance_9657.graph,data/graph_coloring_graphs/instance_9657.graph,20,5,True,0.17863464,0.43199685
instance_9658.graph,data/graph_coloring_graphs/instance_9658.graph,20,9,True,0.8698988,0.55779576
instance_9659.graph,data/graph_coloring_graphs/instance_9659.graph,10,3,False,-3.149044,0.8881097
instance_966.graph,data/graph_coloring_graphs/instance_966.graph,10,13,True,0.9686003,-0.88112235
instance_9660.graph,data/graph_coloring_graphs/instance_9660.graph,12,15,True,1.1407461,-1.3098123
instance_9661.graph,data/graph_coloring_graphs/instance_9661.graph,16,9,True,0.5180054,0.9439175
instance_9662.graph,data/graph_coloring_graphs/instance_9662.graph,18,11,True,1.1168633,0.08813192
instance_9663.graph,data/graph_coloring_graphs/instance_9663.graph,20,9,True,1.3888664,-0.06029591
instance_9664.graph,data/graph_coloring_graphs/instance_9664.graph,12,11,True,1.1959476,-1.0160135
instance_9665.graph,data/graph_coloring_graphs/instance_9665.graph,20,11,True,1.178196,-0.32184252
instance_9666.graph,data/graph_coloring_graphs/instance_9666.graph,18,15,True,1.1502571,-1.0394347
instance_9667.graph,data/graph_coloring_graphs/instance_9667.graph,20,5,False,-4.011814,1.3594319
instance_9668.graph,data/graph_coloring_graphs/instance_9668.graph,12,13,True,1.0667982,-0.8607837
instance_9669.graph,data/graph_coloring_graphs/instance_9669.graph,18,3,False,-5.544388,1.9068098
instance_967.graph,data/graph_coloring_graphs/instance_967.graph,18,5,True,0.7142925,0.3873051
instance_9670.graph,data/graph_coloring_graphs/instance_9670.graph,14,9,True,0.8293152,0.49400458
instance_9671.graph,data/graph_coloring_graphs/instance_9671.graph,20,5,True,-1.9691324,1.0010617
instance_9672.graph,data/graph_coloring_graphs/instance_9672.graph,12,3,False,-2.7325683,0.8926282
instance_9673.graph,data/graph_coloring_graphs/instance_9673.graph,14,9,True,1.1989079,0.18264998
instance_9674.graph,data/graph_coloring_graphs/instance_9674.graph,18,5,True,1.943737,0.2775289
instance_9675.graph,data/graph_coloring_graphs/instance_9675.graph,20,5,True,0.33852005,0.5532236
instance_9676.graph,data/graph_coloring_graphs/instance_9676.graph,12,15,True,1.04179,-1.5154796
instance_9677.graph,data/graph_coloring_graphs/instance_9677.graph,12,9,True,0.70370674,0.6569023
instance_9678.graph,data/graph_coloring_graphs/instance_9678.graph,10,13,True,1.0368595,-1.2133632
instance_9679.graph,data/graph_coloring_graphs/instance_9679.graph,16,13,True,1.1039429,-0.75052583
instance_968.graph,data/graph_coloring_graphs/instance_968.graph,10,15,True,0.9744787,-1.2412438
instance_9680.graph,data/graph_coloring_graphs/instance_9680.graph,10,9,True,0.88901997,0.43209818
instance_9681.graph,data/graph_coloring_graphs/instance_9681.graph,18,3,False,-5.5985107,1.8927573
instance_9682.graph,data/graph_coloring_graphs/instance_9682.graph,12,3,False,-4.7062254,1.4762506
instance_9683.graph,data/graph_coloring_graphs/instance_9683.graph,14,5,False,-3.4838276,1.2647111
instance_9684.graph,data/graph_coloring_graphs/instance_9684.graph,10,5,True,1.0672722,0.43181702
instance_9685.graph,data/graph_coloring_graphs/instance_9685.graph,10,7,True,-0.01488018,0.6645001
instance_9686.graph,data/graph_coloring_graphs/instance_9686.graph,12,5,False,-2.1334796,1.0427344
instance_9687.graph,data/graph_coloring_graphs/instance_9687.graph,14,3,True,-0.8208084,0.16283643
instance_9688.graph,data/graph_coloring_graphs/instance_9688.graph,18,7,True,-1.6728745,1.2401384
instance_9689.graph,data/graph_coloring_graphs/instance_9689.graph,12,3,True,2.6654892,-0.36058334
instance_969.graph,data/graph_coloring_graphs/instance_969.graph,16,15,True,1.2490864,-1.336072
instance_9690.graph,data/graph_coloring_graphs/instance_9690.graph,16,11,True,1.1123123,0.005679652
instance_9691.graph,data/graph_coloring_graphs/instance_9691.graph,20,3,False,-5.724655,1.9158604
instance_9692.graph,data/graph_coloring_graphs/instance_9692.graph,16,15,True,1.1112823,-1.1122444
instance_9693.graph,data/graph_coloring_graphs/instance_9693.graph,20,5,True,-1.3617501,0.9279424
instance_9694.graph,data/graph_coloring_graphs/instance_9694.graph,14,11,True,1.0822868,-0.024287522
instance_9695.graph,data/graph_coloring_graphs/instance_9695.graph,10,13,True,0.9719753,-1.2044466
instance_9696.graph,data/graph_coloring_graphs/instance_9696.graph,16,3,False,-4.6739807,1.4299114
instance_9697.graph,data/graph_coloring_graphs/instance_9697.graph,16,5,True,-2.090783,0.91787016
instance_9698.graph,data/graph_coloring_graphs/instance_9698.graph,20,7,False,-2.1969185,1.3982518
instance_9699.graph,data/graph_coloring_graphs/instance_9699.graph,18,11,True,1.2755604,-0.7757807
instance_97.graph,data/graph_coloring_graphs/instance_97.graph,12,15,True,1.0422306,-1.0861531
instance_970.graph,data/graph_coloring_graphs/instance_970.graph,14,15,True,1.2273369,-1.4880915
instance_9700.graph,data/graph_coloring_graphs/instance_9700.graph,10,3,True,3.760765,-0.762336
instance_9701.graph,data/graph_coloring_graphs/instance_9701.graph,14,3,False,-3.6747665,1.1342101
instance_9702.graph,data/graph_coloring_graphs/instance_9702.graph,14,5,False,-1.8797169,0.98279595
instance_9703.graph,data/graph_coloring_graphs/instance_9703.graph,16,11,True,1.2316513,-1.0202953
instance_9704.graph,data/graph_coloring_graphs/instance_9704.graph,20,3,False,-5.853035,1.9844317
instance_9705.graph,data/graph_coloring_graphs/instance_9705.graph,14,15,True,1.0896416,-1.0874741
instance_9706.graph,data/graph_coloring_graphs/instance_9706.graph,16,13,True,1.1386795,-0.7250979
instance_9707.graph,data/graph_coloring_graphs/instance_9707.graph,20,7,True,0.6434517,0.07388383
instance_9708.graph,data/graph_coloring_graphs/instance_9708.graph,18,11,True,1.1189232,0.061316244
instance_9709.graph,data/graph_coloring_graphs/instance_9709.graph,16,5,False,-4.0698547,1.4145248
instance_971.graph,data/graph_coloring_graphs/instance_971.graph,14,13,True,1.0893784,-0.9145496
instance_9710.graph,data/graph_coloring_graphs/instance_9710.graph,12,5,False,-3.155285,1.2203805
instance_9711.graph,data/graph_coloring_graphs/instance_9711.graph,16,5,False,-3.204589,1.205028
instance_9712.graph,data/graph_coloring_graphs/instance_9712.graph,18,7,True,-0.995554,1.0060067
instance_9713.graph,data/graph_coloring_graphs/instance_9713.graph,20,11,True,1.1855431,-0.22461122
instance_9714.graph,data/graph_coloring_graphs/instance_9714.graph,18,11,True,1.1489487,-0.039384685
instance_9715.graph,data/graph_coloring_graphs/instance_9715.graph,14,7,True,0.45684814,0.44395265
instance_9716.graph,data/graph_coloring_graphs/instance_9716.graph,18,11,True,1.2478437,-0.54646724
instance_9717.graph,data/graph_coloring_graphs/instance_9717.graph,16,13,True,1.1020203,-0.64839375
instance_9718.graph,data/graph_coloring_graphs/instance_9718.graph,12,9,True,1.2607422,-0.90994
instance_9719.graph,data/graph_coloring_graphs/instance_9719.graph,14,13,True,1.1477585,-1.3227061
instance_972.graph,data/graph_coloring_graphs/instance_972.graph,20,11,True,1.3487606,-0.8787503
instance_9720.graph,data/graph_coloring_graphs/instance_9720.graph,20,7,False,-2.1329346,1.3836095
instance_9721.graph,data/graph_coloring_graphs/instance_9721.graph,16,9,True,1.419426,-0.3366281
instance_9722.graph,data/graph_coloring_graphs/instance_9722.graph,12,7,True,-0.40091896,0.90004385
instance_9723.graph,data/graph_coloring_graphs/instance_9723.graph,14,7,True,2.296463,-0.20345354
instance_9724.graph,data/graph_coloring_graphs/instance_9724.graph,16,9,True,0.5180092,0.9439175
instance_9725.graph,data/graph_coloring_graphs/instance_9725.graph,20,13,True,1.1240311,-0.53619444
instance_9726.graph,data/graph_coloring_graphs/instance_9726.graph,12,13,True,1.2479591,-1.5667051
instance_9727.graph,data/graph_coloring_graphs/instance_9727.graph,16,5,False,-2.2105742,1.1018369
instance_9728.graph,data/graph_coloring_graphs/instance_9728.graph,12,9,True,0.9777031,-0.21325696
instance_9729.graph,data/graph_coloring_graphs/instance_9729.graph,18,13,True,1.1230049,-0.5744382
instance_973.graph,data/graph_coloring_graphs/instance_973.graph,12,9,True,0.8058548,-1.2089972
instance_9730.graph,data/graph_coloring_graphs/instance_9730.graph,14,9,True,0.7889271,0.6438631
instance_9731.graph,data/graph_coloring_graphs/instance_9731.graph,10,7,True,0.5295453,0.51859546
instance_9732.graph,data/graph_coloring_graphs/instance_9732.graph,14,3,False,-3.632536,1.0196178
instance_9733.graph,data/graph_coloring_graphs/instance_9733.graph,18,15,True,1.1114006,-0.9823867
instance_9734.graph,data/graph_coloring_graphs/instance_9734.graph,10,15,True,0.98477936,-1.2952116
instance_9735.graph,data/graph_coloring_graphs/instance_9735.graph,16,15,True,1.2284698,-1.3913145
instance_9736.graph,data/graph_coloring_graphs/instance_9736.graph,20,13,True,1.1768723,-0.88011587
instance_9737.graph,data/graph_coloring_graphs/instance_9737.graph,12,3,False,-4.747261,1.4077079
instance_9738.graph,data/graph_coloring_graphs/instance_9738.graph,18,3,True,-1.5511799,0.38732684
instance_9739.graph,data/graph_coloring_graphs/instance_9739.graph,20,15,True,1.2624493,-1.2770762
instance_974.graph,data/graph_coloring_graphs/instance_974.graph,14,9,True,1.1426296,-0.015726045
instance_9740.graph,data/graph_coloring_graphs/instance_9740.graph,18,15,True,1.2748833,-1.3792428
instance_9741.graph,data/graph_coloring_graphs/instance_9741.graph,12,7,True,-0.557642,0.93834865
instance_9742.graph,data/graph_coloring_graphs/instance_9742.graph,14,11,True,1.09898,-0.31082684
instance_9743.graph,data/graph_coloring_graphs/instance_9743.graph,20,7,True,0.183527,0.6977391
instance_9744.graph,data/graph_coloring_graphs/instance_9744.graph,20,5,False,-2.677475,1.1253309
instance_9745.graph,data/graph_coloring_graphs/instance_9745.graph,18,3,False,-4.5598383,1.3611503
instance_9746.graph,data/graph_coloring_graphs/instance_9746.graph,14,13,True,1.329586,-1.3761022
instance_9747.graph,data/graph_coloring_graphs/instance_9747.graph,20,13,True,1.3590775,-1.3166507
instance_9748.graph,data/graph_coloring_graphs/instance_9748.graph,16,13,True,1.1423955,-0.99145603
instance_9749.graph,data/graph_coloring_graphs/instance_9749.graph,16,9,True,1.0950193,0.3088237
instance_975.graph,data/graph_coloring_graphs/instance_975.graph,16,13,True,1.3117332,-1.3187077
instance_9750.graph,data/graph_coloring_graphs/instance_9750.graph,16,3,False,-5.505657,1.8027391
instance_9751.graph,data/graph_coloring_graphs/instance_9751.graph,20,3,False,-5.234047,1.6994735
instance_9752.graph,data/graph_coloring_graphs/instance_9752.graph,20,3,False,-4.415189,1.3936888
instance_9753.graph,data/graph_coloring_graphs/instance_9753.graph,16,3,False,-3.846242,1.0943239
instance_9754.graph,data/graph_coloring_graphs/instance_9754.graph,12,9,True,1.1046982,-0.06298593
instance_9755.graph,data/graph_coloring_graphs/instance_9755.graph,10,9,True,1.2022896,-0.33128455
instance_9756.graph,data/graph_coloring_graphs/instance_9756.graph,18,9,True,0.5094433,1.0024935
instance_9757.graph,data/graph_coloring_graphs/instance_9757.graph,10,7,True,-0.25441933,0.728698
instance_9758.graph,data/graph_coloring_graphs/instance_9758.graph,16,15,True,1.1031799,-1.044598
instance_9759.graph,data/graph_coloring_graphs/instance_9759.graph,20,13,True,1.2107811,-0.8481481
instance_976.graph,data/graph_coloring_graphs/instance_976.graph,14,15,True,1.1898165,-1.3124197
instance_9760.graph,data/graph_coloring_graphs/instance_9760.graph,10,3,False,-4.2007666,1.2519343
instance_9761.graph,data/graph_coloring_graphs/instance_9761.graph,10,15,True,0.9742241,-1.1600964
instance_9762.graph,data/graph_coloring_graphs/instance_9762.graph,18,11,True,1.115921,0.10073806
instance_9763.graph,data/graph_coloring_graphs/instance_9763.graph,12,7,True,-0.055475235,0.7485517
instance_9764.graph,data/graph_coloring_graphs/instance_9764.graph,18,11,True,1.1438408,0.009250373
instance_9765.graph,data/graph_coloring_graphs/instance_9765.graph,20,11,True,1.4047241,-0.9755844
instance_9766.graph,data/graph_coloring_graphs/instance_9766.graph,14,13,True,1.0904503,-0.6694747
instance_9767.graph,data/graph_coloring_graphs/instance_9767.graph,20,5,True,-2.073351,1.0501087
instance_9768.graph,data/graph_coloring_graphs/instance_9768.graph,18,3,False,-3.8060122,1.1267198
instance_9769.graph,data/graph_coloring_graphs/instance_9769.graph,18,3,False,-5.67733,1.8921676
instance_977.graph,data/graph_coloring_graphs/instance_977.graph,20,13,True,1.4165993,-1.3482205
instance_9770.graph,data/graph_coloring_graphs/instance_9770.graph,10,11,True,1.0465183,-0.9342575
instance_9771.graph,data/graph_coloring_graphs/instance_9771.graph,18,11,True,1.1804295,-0.3379258
instance_9772.graph,data/graph_coloring_graphs/instance_9772.graph,18,9,True,0.4580078,1.0024434
instance_9773.graph,data/graph_coloring_graphs/instance_9773.graph,16,13,True,1.3564091,-1.326891
instance_9774.graph,data/graph_coloring_graphs/instance_9774.graph,12,7,True,0.2998619,0.05629933
instance_9775.graph,data/graph_coloring_graphs/instance_9775.graph,16,15,True,1.2581024,-1.4300416
instance_9776.graph,data/graph_coloring_graphs/instance_9776.graph,14,7,True,0.43178558,-0.4935349
instance_9777.graph,data/graph_coloring_graphs/instance_9777.graph,16,9,True,0.8254261,0.66011024
instance_9778.graph,data/graph_coloring_graphs/instance_9778.graph,14,11,True,1.0916977,-0.061485752
instance_9779.graph,data/graph_coloring_graphs/instance_9779.graph,16,13,True,1.1523342,-0.89440596
instance_978.graph,data/graph_coloring_graphs/instance_978.graph,18,15,True,1.1732082,-1.1604289
instance_9780.graph,data/graph_coloring_graphs/instance_9780.graph,16,7,True,2.664013,-0.16998255
instance_9781.graph,data/graph_coloring_graphs/instance_9781.graph,10,5,True,-1.2191906,0.76436627
instance_9782.graph,data/graph_coloring_graphs/instance_9782.graph,16,11,True,1.1054268,-0.0039178953
instance_9783.graph,data/graph_coloring_graphs/instance_9783.graph,16,9,True,1.1719809,0.28935906
instance_9784.graph,data/graph_coloring_graphs/instance_9784.graph,10,9,True,0.753809,0.48828712
instance_9785.graph,data/graph_coloring_graphs/instance_9785.graph,14,9,True,1.0354786,0.19953528
instance_9786.graph,data/graph_coloring_graphs/instance_9786.graph,20,11,True,1.1359215,0.022830293
instance_9787.graph,data/graph_coloring_graphs/instance_9787.graph,12,7,True,0.6746445,-0.5977986
instance_9788.graph,data/graph_coloring_graphs/instance_9788.graph,16,11,True,1.3136024,-0.9168916
instance_9789.graph,data/graph_coloring_graphs/instance_9789.graph,20,11,True,1.1256256,0.13017002
instance_979.graph,data/graph_coloring_graphs/instance_979.graph,16,15,True,1.1633244,-1.1722326
instance_9790.graph,data/graph_coloring_graphs/instance_9790.graph,20,7,False,-2.1758423,1.3934245
instance_9791.graph,data/graph_coloring_graphs/instance_9791.graph,10,11,True,0.9997978,-0.8146914
instance_9792.graph,data/graph_coloring_graphs/instance_9792.graph,10,5,True,-0.1032753,0.45549372
instance_9793.graph,data/graph_coloring_graphs/instance_9793.graph,18,5,False,-2.9501457,1.1829269
instance_9794.graph,data/graph_coloring_graphs/instance_9794.graph,18,11,True,1.1198349,0.12428108
instance_9795.graph,data/graph_coloring_graphs/instance_9795.graph,12,5,True,-1.304436,0.7758144
instance_9796.graph,data/graph_coloring_graphs/instance_9796.graph,16,9,True,1.1903763,0.21458015
instance_9797.graph,data/graph_coloring_graphs/instance_9797.graph,14,3,False,-4.0354853,1.21227
instance_9798.graph,data/graph_coloring_graphs/instance_9798.graph,14,15,True,1.1002674,-1.0945424
instance_9799.graph,data/graph_coloring_graphs/instance_9799.graph,18,13,True,1.1468573,-0.90457594
instance_98.graph,data/graph_coloring_graphs/instance_98.graph,14,7,True,2.1104546,-0.41687092
instance_980.graph,data/graph_coloring_graphs/instance_980.graph,16,5,False,-2.9763508,1.1991069
instance_9800.graph,data/graph_coloring_graphs/instance_9800.graph,10,3,True,-2.302309,0.5463964
instance_9801.graph,data/graph_coloring_graphs/instance_9801.graph,10,5,True,0.552124,-0.10164946
instance_9802.graph,data/graph_coloring_graphs/instance_9802.graph,10,3,True,0.42819977,-0.36509642
instance_9803.graph,data/graph_coloring_graphs/instance_9803.graph,14,13,True,1.0788383,-0.68172336
instance_9804.graph,data/graph_coloring_graphs/instance_9804.graph,18,13,True,1.115612,-0.57905114
instance_9805.graph,data/graph_coloring_graphs/instance_9805.graph,18,7,True,0.28030872,0.73216057
instance_9806.graph,data/graph_coloring_graphs/instance_9806.graph,10,15,True,0.905941,-1.5393835
instance_9807.graph,data/graph_coloring_graphs/instance_9807.graph,10,11,True,0.99873066,-0.46135202
instance_9808.graph,data/graph_coloring_graphs/instance_9808.graph,20,5,False,-5.0685425,1.5993223
instance_9809.graph,data/graph_coloring_graphs/instance_9809.graph,20,7,False,-2.1969147,1.3982518
instance_981.graph,data/graph_coloring_graphs/instance_981.graph,12,5,True,2.4248352,-0.46708605
instance_9810.graph,data/graph_coloring_graphs/instance_9810.graph,18,13,True,1.170229,-0.85829616
instance_9811.graph,data/graph_coloring_graphs/instance_9811.graph,20,7,False,-2.392933,1.4231267
instance_9812.graph,data/graph_coloring_graphs/instance_9812.graph,12,9,True,1.2040825,-0.5474045
instance_9813.graph,data/graph_coloring_graphs/instance_9813.graph,14,3,True,-2.148203,0.44134843
instance_9814.graph,data/graph_coloring_graphs/instance_9814.graph,12,9,True,0.95219135,0.32485044
instance_9815.graph,data/graph_coloring_graphs/instance_9815.graph,18,9,True,0.92083836,0.49622622
instance_9816.graph,data/graph_coloring_graphs/instance_9816.graph,16,13,True,1.1828804,-1.4122355
instance_9817.graph,data/graph_coloring_graphs/instance_9817.graph,10,13,True,0.9668522,-1.0306108
instance_9818.graph,data/graph_coloring_graphs/instance_9818.graph,16,13,True,1.116787,-0.7764511
instance_9819.graph,data/graph_coloring_graphs/instance_9819.graph,10,11,True,0.9820156,-0.7435945
instance_982.graph,data/graph_coloring_graphs/instance_982.graph,18,15,True,1.2507935,-1.347095
instance_9820.graph,data/graph_coloring_graphs/instance_9820.graph,12,5,False,-2.9867506,1.1444055
instance_9821.graph,data/graph_coloring_graphs/instance_9821.graph,14,5,True,3.8134155,-0.43802872
instance_9822.graph,data/graph_coloring_graphs/instance_9822.graph,14,7,True,0.08264828,0.76233935
instance_9823.graph,data/graph_coloring_graphs/instance_9823.graph,20,11,True,1.1965218,-0.1713881
instance_9824.graph,data/graph_coloring_graphs/instance_9824.graph,12,13,True,0.992218,-1.3404078
instance_9825.graph,data/graph_coloring_graphs/instance_9825.graph,16,7,True,-0.8497677,0.9800296
instance_9826.graph,data/graph_coloring_graphs/instance_9826.graph,12,7,True,-0.66339874,0.7526072
instance_9827.graph,data/graph_coloring_graphs/instance_9827.graph,18,7,True,2.216259,-0.036704242
instance_9828.graph,data/graph_coloring_graphs/instance_9828.graph,16,13,True,1.1019249,-0.64419985
instance_9829.graph,data/graph_coloring_graphs/instance_9829.graph,10,13,True,1.1156883,-1.5083114
instance_983.graph,data/graph_coloring_graphs/instance_983.graph,20,11,True,1.1301727,0.13680503
instance_9830.graph,data/graph_coloring_graphs/instance_9830.graph,12,7,True,-0.8343773,-0.8605648
instance_9831.graph,data/graph_coloring_graphs/instance_9831.graph,10,5,True,-0.17713165,0.65414727
instance_9832.graph,data/graph_coloring_graphs/instance_9832.graph,14,9,True,0.8047886,0.62861323
instance_9833.graph,data/graph_coloring_graphs/instance_9833.graph,18,9,True,0.49070358,0.9966091
instance_9834.graph,data/graph_coloring_graphs/instance_9834.graph,20,5,True,0.8116474,0.41967362
instance_9835.graph,data/graph_coloring_graphs/instance_9835.graph,20,7,True,-1.531704,1.2460033
instance_9836.graph,data/graph_coloring_graphs/instance_9836.graph,14,3,True,-0.7764778,0.17845136
instance_9837.graph,data/graph_coloring_graphs/instance_9837.graph,10,9,True,0.82595825,-0.6658336
instance_9838.graph,data/graph_coloring_graphs/instance_9838.graph,12,5,False,-2.2487097,1.0627666
instance_9839.graph,data/graph_coloring_graphs/instance_9839.graph,20,3,False,-4.4081745,1.3336071
instance_984.graph,data/graph_coloring_graphs/instance_984.graph,20,9,True,1.4317436,0.013609186
instance_9840.graph,data/graph_coloring_graphs/instance_9840.graph,20,15,True,1.1690826,-1.0820316
instance_9841.graph,data/graph_coloring_graphs/instance_9841.graph,20,9,True,0.88478565,0.6136942
instance_9842.graph,data/graph_coloring_graphs/instance_9842.graph,14,13,True,1.1681662,-0.97131824
instance_9843.graph,data/graph_coloring_graphs/instance_9843.graph,10,11,True,0.99128056,-0.5874202
instance_9844.graph,data/graph_coloring_graphs/instance_9844.graph,10,13,True,1.0123043,-1.1034479
instance_9845.graph,data/graph_coloring_graphs/instance_9845.graph,16,3,False,-5.3263874,1.7073178
instance_9846.graph,data/graph_coloring_graphs/instance_9846.graph,20,13,True,1.3117332,-1.1102428
instance_9847.graph,data/graph_coloring_graphs/instance_9847.graph,12,7,True,0.7683039,0.61425436
instance_9848.graph,data/graph_coloring_graphs/instance_9848.graph,18,13,True,1.1660614,-0.8205172
instance_9849.graph,data/graph_coloring_graphs/instance_9849.graph,16,13,True,1.1016159,-0.6281146
instance_985.graph,data/graph_coloring_graphs/instance_985.graph,14,7,True,1.128025,0.34881923
instance_9850.graph,data/graph_coloring_graphs/instance_9850.graph,16,5,False,-3.1163864,1.2232587
instance_9851.graph,data/graph_coloring_graphs/instance_9851.graph,18,11,True,1.1460876,-0.29891446
instance_9852.graph,data/graph_coloring_graphs/instance_9852.graph,18,13,True,1.1228065,-0.5717006
instance_9853.graph,data/graph_coloring_graphs/instance_9853.graph,12,15,True,1.1029472,-1.3413622
instance_9854.graph,data/graph_coloring_graphs/instance_9854.graph,10,5,False,-0.81752205,0.6892259
instance_9855.graph,data/graph_coloring_graphs/instance_9855.graph,16,5,True,-1.4149704,0.79065776
instance_9856.graph,data/graph_coloring_graphs/instance_9856.graph,18,5,False,-4.2743473,1.459791
instance_9857.graph,data/graph_coloring_graphs/instance_9857.graph,20,11,True,1.1984005,-0.25244045
instance_9858.graph,data/graph_coloring_graphs/instance_9858.graph,12,9,True,0.7135496,0.50475264
instance_9859.graph,data/graph_coloring_graphs/instance_9859.graph,10,9,True,1.0543652,0.15278561
instance_986.graph,data/graph_coloring_graphs/instance_986.graph,10,7,True,-0.14382935,-0.16210806
instance_9860.graph,data/graph_coloring_graphs/instance_9860.graph,16,15,True,1.1374626,-1.0988704
instance_9861.graph,data/graph_coloring_graphs/instance_9861.graph,12,3,True,-0.47543335,0.2038131
instance_9862.graph,data/graph_coloring_graphs/instance_9862.graph,14,11,True,1.0857468,-0.21650054
instance_9863.graph,data/graph_coloring_graphs/instance_9863.graph,18,15,True,1.1196823,-0.9951787
instance_9864.graph,data/graph_coloring_graphs/instance_9864.graph,16,9,True,1.2946091,-0.10354218
instance_9865.graph,data/graph_coloring_graphs/instance_9865.graph,16,3,False,-5.0572643,1.6247156
instance_9866.graph,data/graph_coloring_graphs/instance_9866.graph,12,13,True,1.0594311,-1.0622628
instance_9867.graph,data/graph_coloring_graphs/instance_9867.graph,12,11,True,1.0565548,-0.21537673
instance_9868.graph,data/graph_coloring_graphs/instance_9868.graph,18,3,False,-5.2248096,1.7014943
instance_9869.graph,data/graph_coloring_graphs/instance_9869.graph,14,13,True,1.3195343,-1.561266
instance_987.graph,data/graph_coloring_graphs/instance_987.graph,18,3,False,-2.7450829,0.64437973
instance_9870.graph,data/graph_coloring_graphs/instance_9870.graph,16,3,False,-1.2511387,0.4564863
instance_9871.graph,data/graph_coloring_graphs/instance_9871.graph,16,5,True,-0.10957909,0.40708485
instance_9872.graph,data/graph_coloring_graphs/instance_9872.graph,12,13,True,1.1097279,-1.1056584
instance_9873.graph,data/graph_coloring_graphs/instance_9873.graph,18,3,False,-5.116537,1.593061
instance_9874.graph,data/graph_coloring_graphs/instance_9874.graph,20,15,True,1.2737885,-1.3085911
instance_9875.graph,data/graph_coloring_graphs/instance_9875.graph,12,9,True,1.3604889,-0.013620563
instance_9876.graph,data/graph_coloring_graphs/instance_9876.graph,14,11,True,1.1555023,-1.0921197
instance_9877.graph,data/graph_coloring_graphs/instance_9877.graph,12,13,True,1.0412235,-0.7497939
instance_9878.graph,data/graph_coloring_graphs/instance_9878.graph,12,3,False,-4.7461147,1.4960926
instance_9879.graph,data/graph_coloring_graphs/instance_9879.graph,12,13,True,1.041893,-0.7417097
instance_988.graph,data/graph_coloring_graphs/instance_988.graph,14,11,True,1.2050171,-1.140053
instance_9880.graph,data/graph_coloring_graphs/instance_9880.graph,18,9,True,0.9918833,0.37778887
instance_9881.graph,data/graph_coloring_graphs/instance_9881.graph,10,13,True,1.0050125,-1.5100431
instance_9882.graph,data/graph_coloring_graphs/instance_9882.graph,16,15,True,1.126255,-1.0884943
instance_9883.graph,data/graph_coloring_graphs/instance_9883.graph,16,7,True,-0.5750427,0.99660444
instance_9884.graph,data/graph_coloring_graphs/instance_9884.graph,20,15,True,1.137291,-1.0146188
instance_9885.graph,data/graph_coloring_graphs/instance_9885.graph,16,5,False,-3.0614147,1.1796472
instance_9886.graph,data/graph_coloring_graphs/instance_9886.graph,14,7,False,-1.2851772,1.1434509
instance_9887.graph,data/graph_coloring_graphs/instance_9887.graph,14,13,True,1.2313042,-1.3183854
instance_9888.graph,data/graph_coloring_graphs/instance_9888.graph,16,7,True,1.9649544,-0.41964206
instance_9889.graph,data/graph_coloring_graphs/instance_9889.graph,12,7,True,0.9322796,0.021370135
instance_989.graph,data/graph_coloring_graphs/instance_989.graph,10,7,True,0.8891792,0.14475355
instance_9890.graph,data/graph_coloring_graphs/instance_9890.graph,16,7,False,-1.4454556,1.2006893
instance_9891.graph,data/graph_coloring_graphs/instance_9891.graph,20,9,True,1.6535378,-0.15556444
instance_9892.graph,data/graph_coloring_graphs/instance_9892.graph,20,5,False,-5.1224556,1.608213
instance_9893.graph,data/graph_coloring_graphs/instance_9893.graph,10,9,True,1.2297859,-0.63248646
instance_9894.graph,data/graph_coloring_graphs/instance_9894.graph,12,13,True,1.0329552,-0.8448639
instance_9895.graph,data/graph_coloring_graphs/instance_9895.graph,14,5,True,0.6927147,-0.13501373
instance_9896.graph,data/graph_coloring_graphs/instance_9896.graph,10,13,True,-0.26974487,-1.655993
instance_9897.graph,data/graph_coloring_graphs/instance_9897.graph,16,11,True,1.1071091,-0.03699799
instance_9898.graph,data/graph_coloring_graphs/instance_9898.graph,14,5,True,0.08764267,0.5108181
instance_9899.graph,data/graph_coloring_graphs/instance_9899.graph,18,7,True,-0.852829,1.0779407
instance_99.graph,data/graph_coloring_graphs/instance_99.graph,16,5,False,-3.7993622,1.3410788
instance_990.graph,data/graph_coloring_graphs/instance_990.graph,18,13,True,1.4282265,-1.4302424
instance_9900.graph,data/graph_coloring_graphs/instance_9900.graph,18,15,True,1.1929111,-1.1576644
instance_9901.graph,data/graph_coloring_graphs/instance_9901.graph,18,13,True,1.2903233,-1.1764
instance_9902.graph,data/graph_coloring_graphs/instance_9902.graph,14,5,True,-0.9298496,0.70205116
instance_9903.graph,data/graph_coloring_graphs/instance_9903.graph,12,9,True,1.1675873,0.09317428
instance_9904.graph,data/graph_coloring_graphs/instance_9904.graph,16,11,True,1.1524491,-0.44789377
instance_9905.graph,data/graph_coloring_graphs/instance_9905.graph,16,7,True,0.05541706,0.6977229
instance_9906.graph,data/graph_coloring_graphs/instance_9906.graph,18,15,True,1.1388588,-1.0532504
instance_9907.graph,data/graph_coloring_graphs/instance_9907.graph,16,15,True,1.1409874,-1.1752288
instance_9908.graph,data/graph_coloring_graphs/instance_9908.graph,12,11,True,1.0681744,-0.6138022
instance_9909.graph,data/graph_coloring_graphs/instance_9909.graph,10,3,False,-1.0998878,0.52370036
instance_991.graph,data/graph_coloring_graphs/instance_991.graph,12,13,True,1.0425816,-0.7338426
instance_9910.graph,data/graph_coloring_graphs/instance_9910.graph,10,5,True,2.2985954,-0.45941177
instance_9911.graph,data/graph_coloring_graphs/instance_9911.graph,10,15,True,0.9794178,-1.1354917
instance_9912.graph,data/graph_coloring_graphs/instance_9912.graph,14,11,True,1.1425056,-0.82022107
instance_9913.graph,data/graph_coloring_graphs/instance_9913.graph,12,7,True,-0.53292847,-1.130938
instance_9914.graph,data/graph_coloring_graphs/instance_9914.graph,12,7,True,0.5793915,-0.49832913
instance_9915.graph,data/graph_coloring_graphs/instance_9915.graph,18,11,True,1.1251602,-0.022728086
instance_9916.graph,data/graph_coloring_graphs/instance_9916.graph,20,7,True,0.14766884,0.8275653
instance_9917.graph,data/graph_coloring_graphs/instance_9917.graph,12,15,True,1.2024269,-1.5569844
instance_9918.graph,data/graph_coloring_graphs/instance_9918.graph,18,13,True,1.158741,-0.8810346
instance_9919.graph,data/graph_coloring_graphs/instance_9919.graph,18,9,True,0.74975204,0.7648481
instance_992.graph,data/graph_coloring_graphs/instance_992.graph,12,15,True,1.0778713,-1.1670302
instance_9920.graph,data/graph_coloring_graphs/instance_9920.graph,12,5,False,-1.5037584,0.9332546
instance_9921.graph,data/graph_coloring_graphs/instance_9921.graph,12,11,True,1.0459461,-0.18881631
instance_9922.graph,data/graph_coloring_graphs/instance_9922.graph,20,7,True,-0.36588907,0.79341245
instance_9923.graph,data/graph_coloring_graphs/instance_9923.graph,16,9,True,0.55578804,0.8771659
instance_9924.graph,data/graph_coloring_graphs/instance_9924.graph,18,15,True,1.1208496,-1.0009128
instance_9925.graph,data/graph_coloring_graphs/instance_9925.graph,16,11,True,1.1038971,0.026394181
instance_9926.graph,data/graph_coloring_graphs/instance_9926.graph,12,11,True,1.2417412,-1.1904141
instance_9927.graph,data/graph_coloring_graphs/instance_9927.graph,18,11,True,1.1229973,0.08727208
instance_9928.graph,data/graph_coloring_graphs/instance_9928.graph,18,5,True,-2.0931158,0.95905924
instance_9929.graph,data/graph_coloring_graphs/instance_9929.graph,14,15,True,1.0985451,-1.2187271
instance_993.graph,data/graph_coloring_graphs/instance_993.graph,10,5,True,0.99368286,-0.8204682
instance_9930.graph,data/graph_coloring_graphs/instance_9930.graph,10,5,True,1.35396,0.3805967
instance_9931.graph,data/graph_coloring_graphs/instance_9931.graph,16,5,False,-3.7043686,1.3530612
instance_9932.graph,data/graph_coloring_graphs/instance_9932.graph,10,3,False,-3.3775434,0.84878194
instance_9933.graph,data/graph_coloring_graphs/instance_9933.graph,18,7,False,-1.9673347,1.3357757
instance_9934.graph,data/graph_coloring_graphs/instance_9934.graph,16,5,True,1.078392,0.5487107
instance_9935.graph,data/graph_coloring_graphs/instance_9935.graph,10,3,False,-4.063013,1.1844678
instance_9936.graph,data/graph_coloring_graphs/instance_9936.graph,10,9,True,1.2266846,0.0785809
instance_9937.graph,data/graph_coloring_graphs/instance_9937.graph,12,13,True,1.0835276,-1.0724251
instance_9938.graph,data/graph_coloring_graphs/instance_9938.graph,10,7,True,0.6071329,0.59710157
instance_9939.graph,data/graph_coloring_graphs/instance_9939.graph,10,5,True,-0.312294,0.23890272
instance_994.graph,data/graph_coloring_graphs/instance_994.graph,12,13,True,1.0425892,-0.7338426
instance_9940.graph,data/graph_coloring_graphs/instance_9940.graph,18,5,True,-0.2966175,0.30871704
instance_9941.graph,data/graph_coloring_graphs/instance_9941.graph,10,9,True,1.1291809,-0.45266834
instance_9942.graph,data/graph_coloring_graphs/instance_9942.graph,12,9,True,1.389267,-0.57996106
instance_9943.graph,data/graph_coloring_graphs/instance_9943.graph,10,15,True,0.94350433,-1.5073006
instance_9944.graph,data/graph_coloring_graphs/instance_9944.graph,18,11,True,1.1205177,0.11643559
instance_9945.graph,data/graph_coloring_graphs/instance_9945.graph,16,7,True,-1.3766594,1.1500883
instance_9946.graph,data/graph_coloring_graphs/instance_9946.graph,16,9,True,0.5558758,0.9377333
instance_9947.graph,data/graph_coloring_graphs/instance_9947.graph,12,5,False,-2.2487135,1.0627666
instance_9948.graph,data/graph_coloring_graphs/instance_9948.graph,12,15,True,1.10495,-1.3739945
instance_9949.graph,data/graph_coloring_graphs/instance_9949.graph,18,11,True,1.1226425,0.09160958
instance_995.graph,data/graph_coloring_graphs/instance_995.graph,12,15,True,1.0517864,-1.1227453
instance_9950.graph,data/graph_coloring_graphs/instance_9950.graph,18,13,True,1.1432695,-0.8551936
instance_9951.graph,data/graph_coloring_graphs/instance_9951.graph,18,15,True,1.3362865,-1.3667272
instance_9952.graph,data/graph_coloring_graphs/instance_9952.graph,18,15,True,1.1401863,-1.0589547
instance_9953.graph,data/graph_coloring_graphs/instance_9953.graph,20,9,True,1.1784887,0.416742
instance_9954.graph,data/graph_coloring_graphs/instance_9954.graph,12,13,True,1.0389557,-0.7754425
instance_9955.graph,data/graph_coloring_graphs/instance_9955.graph,14,3,False,-4.2763586,1.3274113
instance_9956.graph,data/graph_coloring_graphs/instance_9956.graph,18,11,True,1.1188698,0.1356745
instance_9957.graph,data/graph_coloring_graphs/instance_9957.graph,18,7,True,-0.49756145,0.83388805
instance_9958.graph,data/graph_coloring_graphs/instance_9958.graph,18,15,True,1.1515579,-1.1091244
instance_9959.graph,data/graph_coloring_graphs/instance_9959.graph,20,15,True,1.1413193,-1.0076238
instance_996.graph,data/graph_coloring_graphs/instance_996.graph,16,5,False,-3.648615,1.3436828
instance_9960.graph,data/graph_coloring_graphs/instance_9960.graph,12,13,True,1.0552292,-0.7579739
instance_9961.graph,data/graph_coloring_graphs/instance_9961.graph,18,15,True,1.3157234,-1.4380475
instance_9962.graph,data/graph_coloring_graphs/instance_9962.graph,14,9,True,0.87046623,0.5118346
instance_9963.graph,data/graph_coloring_graphs/instance_9963.graph,20,15,True,1.1211548,-0.9702163
instance_9964.graph,data/graph_coloring_graphs/instance_9964.graph,14,11,True,1.1384034,-0.5919914
instance_9965.graph,data/graph_coloring_graphs/instance_9965.graph,16,13,True,1.1745706,-0.9520253
instance_9966.graph,data/graph_coloring_graphs/instance_9966.graph,18,7,True,-0.7227402,0.9775497
instance_9967.graph,data/graph_coloring_graphs/instance_9967.graph,10,13,True,1.0680008,-1.4618028
instance_9968.graph,data/graph_coloring_graphs/instance_9968.graph,16,11,True,1.2119446,-0.48616588
instance_9969.graph,data/graph_coloring_graphs/instance_9969.graph,14,7,True,-0.32554102,0.80582225
instance_997.graph,data/graph_coloring_graphs/instance_997.graph,16,7,True,-1.3766594,1.1500884
instance_9970.graph,data/graph_coloring_graphs/instance_9970.graph,16,15,True,1.1794357,-1.1896123
instance_9971.graph,data/graph_coloring_graphs/instance_9971.graph,18,5,True,1.5564651,0.16071568
instance_9972.graph,data/graph_coloring_graphs/instance_9972.graph,12,9,True,0.90064144,0.38030955
instance_9973.graph,data/graph_coloring_graphs/instance_9973.graph,16,7,True,-1.5529633,1.0689135
instance_9974.graph,data/graph_coloring_graphs/instance_9974.graph,18,5,True,0.87088585,0.22323522
instance_9975.graph,data/graph_coloring_graphs/instance_9975.graph,14,13,True,1.0764313,-0.77209926
instance_9976.graph,data/graph_coloring_graphs/instance_9976.graph,18,9,True,1.3940773,-0.09808242
instance_9977.graph,data/graph_coloring_graphs/instance_9977.graph,10,5,False,-1.9932876,0.9786291
instance_9978.graph,data/graph_coloring_graphs/instance_9978.graph,18,15,True,1.1790047,-1.1444938
instance_9979.graph,data/graph_coloring_graphs/instance_9979.graph,12,7,True,0.93005943,0.4060309
instance_998.graph,data/graph_coloring_graphs/instance_998.graph,12,11,True,1.047226,-0.13864507
instance_9980.graph,data/graph_coloring_graphs/instance_9980.graph,14,7,True,0.63594913,0.62532914
instance_9981.graph,data/graph_coloring_graphs/instance_9981.graph,14,3,True,0.82858276,-0.19433661
instance_9982.graph,data/graph_coloring_graphs/instance_9982.graph,18,9,True,0.76574516,0.779047
instance_9983.graph,data/graph_coloring_graphs/instance_9983.graph,16,5,True,-0.10697651,0.7480638
instance_9984.graph,data/graph_coloring_graphs/instance_9984.graph,20,3,False,-3.9108534,1.1525449
instance_9985.graph,data/graph_coloring_graphs/instance_9985.graph,18,15,True,1.1301155,-1.0465271
instance_9986.graph,data/graph_coloring_graphs/instance_9986.graph,10,11,True,0.54236794,-1.0749747
instance_9987.graph,data/graph_coloring_graphs/instance_9987.graph,14,13,True,1.1079979,-0.9832717
instance_9988.graph,data/graph_coloring_graphs/instance_9988.graph,16,3,False,-4.7357655,1.4612938
instance_9989.graph,data/graph_coloring_graphs/instance_9989.graph,10,7,True,1.3199883,0.011960015
instance_999.graph,data/graph_coloring_graphs/instance_999.graph,20,15,True,1.3351898,-1.3947238
instance_9990.graph,data/graph_coloring_graphs/instance_9990.graph,20,5,False,-2.5456629,1.1022067
instance_9991.graph,data/graph_coloring_graphs/instance_9991.graph,10,3,True,2.9989014,-0.41361907
instance_9992.graph,data/graph_coloring_graphs/instance_9992.graph,16,7,True,-0.4555912,0.8302784
instance_9993.graph,data/graph_coloring_graphs/instance_9993.graph,14,13,True,1.0892787,-0.938643
instance_9994.graph,data/graph_coloring_graphs/instance_9994.graph,10,9,True,0.9166279,0.4031739
instance_9995.graph,data/graph_coloring_graphs/instance_9995.graph,10,11,True,1.0189705,-0.95712745
instance_9996.graph,data/graph_coloring_graphs/instance_9996.graph,14,15,True,1.1312466,-1.2607527
instance_9997.graph,data/graph_coloring_graphs/instance_9997.graph,14,5,True,-0.12567616,0.6161951
instance_9998.graph,data/graph_coloring_graphs/instance_9998.graph,10,15,True,1.1098671,-1.5923871
instance_9999.graph,data/graph_coloring_graphs/instance_9999.graph,10,15,True,0.96730614,-1.2816436
